204006.400000095,24.977026696295,121.551179603816,23.6560000730678,-0,0,341.00639
204006.5,24.977026696295,121.551179603816,23.6560000730678,-0,0,341.00639
204006.600000143,24.9770267477691,121.551179537103,23.6491667637601,0.0145662091898206,-0.00710281950492785,341.029309214369
204006.700000048,24.9770266818955,121.551179531797,23.6496733622625,0.0325035421276215,0.0111950851013203,341.029305136048
204006.800000191,24.9770269277435,121.551179562392,23.6446529934183,0.0216690285226815,0.00746338974757646,341.029306900188
204006.900000095,24.9770268699508,121.551179494555,23.6394336791709,0.0216690285226815,0.00746338974757646,341.029306900188
204007,24.9770268047026,121.551179442818,23.6525218868628,0.0325046619609472,0.0111918348593893,341.017845981226
204007.100000143,24.9770267656825,121.551179553784,23.6521710408852,0.0145662091898206,-0.00710281950492785,341.029309214369
204007.200000048,24.9770267243597,121.551179492529,23.6467521600425,0.0216690285226815,0.00746338974757646,341.029306900188
204007.300000191,24.9770267686354,121.551179397336,23.6484085777774,0.0216690285226815,0.00746338974757646,341.029306900188
204007.400000095,24.9770268098765,121.551179444857,23.6468219654635,0.0362352732447872,0.000356948490082384,341.017849042993
204007.5,24.9770268048559,121.551179448237,23.6428239354864,0.0216697750782773,0.00746122291946818,341.017847744914
204007.600000143,24.9770268876392,121.55117930213,23.6421550605446,0.0145654990535411,-0.00710427619688062,341.017850058874
204007.700000048,24.977026749048,121.551179526753,23.6379623962566,0.03623523682524,0.000360572010026008,341.029308197482
204007.800000191,24.9770267675082,121.551179349459,23.6405896758661,0.00746338921451759,-0.0216690287062812,341.029309722811
204007.900000095,24.977026700683,121.551179456977,23.6428411537781,0.0287718482178628,0.0220295980639512,341.02930278027
204008,24.9770268641121,121.551179448419,23.6445161961019,0.0108345143926209,0.00373169477779712,341.029307958672
204008.100000143,24.9770267694555,121.551179488933,23.6377447023988,0.0287718482178628,0.0220295980639512,341.02930278027
204008.200000048,24.9770268448629,121.551179273421,23.6426493274048,0.0108345143926209,0.00373169477779712,341.029307958672
204008.300000191,24.9770267752011,121.551179409662,23.6411125380546,0.0325024216443147,0.0111983351190895,341.040764290413
204008.400000095,24.9770268134764,121.551179444805,23.6373213883489,-0,0,341.0293083115
204008.5,24.9770266884362,121.55117940392,23.6459217565134,0.0325035421276215,0.0111950851013203,341.029305136048
204008.600000143,24.9770269384141,121.551179507625,23.6301297442988,0.0145662091898206,-0.00710281950492785,341.029309214369
204008.700000048,24.9770266801564,121.551179397544,23.647920338437,0.0216690285226815,0.00746338974757646,341.029306900188
204008.800000191,24.9770268623394,121.551179638003,23.6497916541994,0.0362352732447872,0.000356948490082384,341.017849042993
204008.900000095,24.9770267047814,121.551179355356,23.6483003608882,-0.00373277805057318,0.0108341409210966,341.040767819595
204009,24.9770269145795,121.551179515773,23.6334361489862,0.05080077109543,-0.00674732329302739,341.01785214709
204009.100000143,24.9770266667466,121.551179304273,23.6513851517811,0.0179373342552373,0.0182979035031003,341.029305447278
204009.200000048,24.9770268186809,121.551179503372,23.6439439821988,0.0108348876704324,0.00373061136369669,341.017848803127
204009.300000191,24.9770267366817,121.551179573374,23.6494826134294,0.0433380549448805,0.0149267810310109,341.029302666252
204009.400000095,24.9770267307038,121.551179408492,23.6466179955751,0.0216690285226815,0.00746338974757646,341.029306900188
204009.5,24.9770269216344,121.551179524769,23.6361388089135,0.0216690285226815,0.00746338974757646,341.029306900188
204009.600000143,24.9770267917939,121.551179246927,23.6475458694622,0.0254003864569874,-0.00337366419974986,341.017849903672
204009.700000048,24.9770269187458,121.551179441444,23.632206114009,0.00373169471116476,-0.0108345144155709,341.029308664328
204009.800000191,24.9770267738649,121.551179321493,23.6392777366564,0.0108345143926209,0.00373169477779712,341.029307958672
204009.900000095,24.9770268029966,121.551179399115,23.638204661198,0.0216690285226815,0.00746338974757646,341.029306900188
204010,24.9770267739849,121.551179271436,23.6406578822061,0.0108345143926209,0.00373169477779712,341.029307958672
204010.100000143,24.9770267413025,121.551179452711,23.6331340176985,0.0145662091898206,-0.00710281950492785,341.029309214369
204010.200000048,24.97702679953,121.551179306454,23.6402683909982,0.03623523682524,0.000360572010026008,341.029308197482
204010.300000191,24.977026800067,121.551179463767,23.6361306691542,0.0254007233153657,-0.00337112409372297,341.029309058754
204010.400000095,24.9770269299913,121.551179263788,23.6406342508271,0.0108345143926209,0.00373169477779712,341.029307958672
204010.5,24.9770268306121,121.551179355186,23.643683642149,0.0216690285226815,0.00746338974757646,341.029306900188
204010.600000143,24.9770268831097,121.551179365305,23.6456807395443,0.0216690285226815,0.00746338974757646,341.029306900188
204010.700000048,24.9770268237187,121.551179366131,23.6432888880372,0.0254003864569874,-0.00337366419974986,341.017849903672
204010.800000191,24.9770268553734,121.551179417205,23.6405049394816,0.0108345143926209,0.00373169477779712,341.029307958672
204010.900000095,24.9770268013796,121.551179362626,23.6436904519796,0.0254007233153657,-0.00337112409372297,341.029309058754
204011,24.9770268223267,121.551179390919,23.6433989033103,0.0216690285226815,0.00746338974757646,341.029306900188
204011.100000143,24.9770267958876,121.551179390836,23.6423023510724,0.0254007233153657,-0.00337112409372297,341.029309058754
204011.200000048,24.9770268261648,121.55117938247,23.6444950560108,0.0254007233153657,-0.00337112409372297,341.029309058754
204011.300000191,24.9770268071257,121.551179381558,23.6429971940815,0.0216690285226815,0.00746338974757646,341.029306900188
204011.400000095,24.9770268262973,121.5511793955,23.6444002026692,0.0216690285226815,0.00746338974757646,341.029306900188
204011.5,24.9770267985851,121.551179377166,23.6443965928629,0.0216690285226815,0.00746338974757646,341.029306900188
204011.600000143,24.9770267865999,121.551179378239,23.645798612386,0.0254007233153657,-0.00337112409372297,341.029309058754
204011.700000048,24.977026846198,121.551179368608,23.6440869085491,0.0108345143926209,0.00373169477779712,341.029307958672
204011.800000191,24.977026791974,121.551179400078,23.6460065646097,0.0145662091898206,-0.00710281950492785,341.029309214369
204011.900000095,24.9770268312715,121.551179413332,23.6432066075504,0.0216690285226815,0.00746338974757646,341.029306900188
204012,24.9770268451758,121.551179397512,23.6427984964103,0.0108345143926209,0.00373169477779712,341.029307958672
204012.100000143,24.9770268344434,121.55117940288,23.6418020324782,0.0254010596657027,-0.00336858392047686,341.040768213377
204012.200000048,24.9770268192704,121.551179379388,23.6445947447792,0.0216690285226815,0.00746338974757646,341.029306900188
204012.300000191,24.977026792332,121.551179397222,23.6438053678721,0.0254007233153657,-0.00337112409372297,341.029309058754
204012.400000095,24.9770268084012,121.551179364727,23.6435903571546,0.0216690285226815,0.00746338974757646,341.029306900188
204012.5,24.9770268063807,121.551179387375,23.644699614495,0.0254007233153657,-0.00337112409372297,341.029309058754
204012.600000143,24.9770267933293,121.551179389452,23.6419021366164,0.0108345143926209,0.00373169477779712,341.029307958672
204012.700000048,24.9770268378729,121.55117938344,23.6409938642755,0.0108345143926209,0.00373169477779712,341.029307958672
204012.800000191,24.9770268352474,121.551179431923,23.6441134633496,0.0216690285226815,0.00746338974757646,341.029306900188
204012.900000095,24.9770268312726,121.551179413328,23.6433066073805,0.0216690285226815,0.00746338974757646,341.029306900188
204013,24.9770268278595,121.551179383605,23.6476953094825,0.0325035421276215,0.0111950851013203,341.029305136048
204013.100000143,24.9770268467163,121.551179399725,23.6434991769493,0.0216690285226815,0.00746338974757646,341.029306900188
204013.200000048,24.977026866771,121.551179399816,23.6444965722039,0.0325035421276215,0.0111950851013203,341.029305136048
204013.300000191,24.9770268213047,121.551179398778,23.6430021515116,0.0254007233153657,-0.00337112409372297,341.029309058754
204013.400000095,24.9770268025309,121.551179374822,23.6433951333165,0.0254007233153657,-0.00337112409372297,341.029309058754
204013.5,24.9770268177179,121.551179384233,23.6424968540668,0.0108345143926209,0.00373169477779712,341.029307958672
204013.600000143,24.9770268306227,121.551179390222,23.6431975299492,0.03623523682524,0.000360572010026008,341.029308197482
204013.700000048,24.9770268403073,121.551179378778,23.6419917009771,0.021668281533765,0.00746555642624359,341.040766055004
204013.800000191,24.9770267984622,121.551179371117,23.6450942168012,0.03623523682524,0.000360572010026008,341.029308197482
204013.900000095,24.9770268381424,121.551179388439,23.642095820047,0.0108341408981491,0.00373277811717698,341.040767113758
204014,24.9770268159498,121.551179383884,23.6442969627678,0.0216690285226815,0.00746338974757646,341.029306900188
204014.100000143,24.9770268142756,121.55117937566,23.6432939143851,0.0362352732447872,0.000356948490082384,341.017849042993
204014.200000048,24.9770268230015,121.551179392891,23.6466996241361,0.0325035421276215,0.0111950851013203,341.029305136048
204014.300000191,24.9770268250315,121.551179412296,23.644707034342,0.0216690285226815,0.00746338974757646,341.029306900188
204014.400000095,24.9770268207807,121.55117939574,23.6419010059908,0.0216690285226815,0.00746338974757646,341.029306900188
204014.5,24.9770268185881,121.551179370429,23.6408912502229,0.0108345143926209,0.00373169477779712,341.029307958672
204014.600000143,24.9770267845311,121.551179365988,23.6438940120861,0.0145662091898206,-0.00710281950492785,341.029309214369
204014.700000048,24.9770268161977,121.551179410005,23.6425072727725,0.0325035421276215,0.0111950851013203,341.029305136048
204014.800000191,24.9770268220316,121.551179364968,23.6407886296511,0.00373169471116476,-0.0108345144155709,341.029308664328
204014.900000095,24.9770268103169,121.551179371036,23.6433926038444,0.0254007233153657,-0.00337112409372297,341.029309058754
204015,24.977026824746,121.551179386311,23.6429967544973,0.0216690285226815,0.00746338974757646,341.029306900188
204015.100000143,24.9770267840155,121.551179412023,23.6415123138577,0.0254007233153657,-0.00337112409372297,341.029309058754
204015.200000048,24.9770267853287,121.551179395055,23.6456054467708,0.0216690285226815,0.00746338974757646,341.029306900188
204015.300000191,24.9770267988137,121.551179368284,23.6422930220142,0.0254007233153657,-0.00337112409372297,341.029309058754
204015.400000095,24.9770267568101,121.55117938276,23.6416043033823,0.0145662091898206,-0.00710281950492785,341.029309214369
204015.5,24.9770267961529,121.551179381821,23.6435987520963,0.0216690285226815,0.00746338974757646,341.029306900188
204015.600000143,24.9770267852858,121.551179367151,23.6427943632007,0.0216697750782773,0.00746122291946818,341.017847744914
204015.700000048,24.9770268641157,121.551179385274,23.6474911822006,0.0325035421276215,0.0111950851013203,341.029305136048
204015.800000191,24.9770268209122,121.551179401759,23.6420033760369,0.0108345143926209,0.00373169477779712,341.029307958672
204015.900000095,24.9770268299757,121.551179416207,23.641307904385,0.0108341408981491,0.00373277811717698,341.040767113758
204016,24.9770267616444,121.551179359531,23.6409944482148,0.0145662091898206,-0.00710281950492785,341.029309214369
204016.100000143,24.9770268296243,121.551179383966,23.6455952012911,0.0216690285226815,0.00746338974757646,341.029306900188
204016.200000048,24.9770268285678,121.551179398965,23.6417012549937,0.0108345143926209,0.00373169477779712,341.029307958672
204016.300000191,24.9770268449429,121.551179392381,23.6450965106487,0.0325035421276215,0.0111950851013203,341.029305136048
204016.400000095,24.9770268278658,121.551179397611,23.6477008620277,0.0325024216443147,0.0111983351190895,341.040764290413
204016.5,24.9770268308695,121.551179395303,23.6421995023265,0.0108345143926209,0.00373169477779712,341.029307958672
204016.600000143,24.9770268072873,121.551179394483,23.6456023203209,0.03623523682524,0.000360572010026008,341.029308197482
204016.700000048,24.9770268545228,121.551179388851,23.6456938525662,0.0325035421276215,0.0111950851013203,341.029305136048
204016.800000191,24.9770268506999,121.55117939023,23.6462949085981,0.0179373342552373,0.0182979035031003,341.029305447278
204016.900000095,24.9770268231169,121.551179398968,23.6453020069748,0.03623523682524,0.000360572010026008,341.029308197482
204017,24.9770267908002,121.551179366919,23.6450935630128,0.0362352732447872,0.000356948490082384,341.017849042993
204017.100000143,24.9770268189101,121.551179410311,23.6454070601612,0.03623523682524,0.000360572010026008,341.029308197482
204017.200000048,24.9770267871141,121.551179388327,23.6457025445998,0.03623523682524,0.000360572010026008,341.029308197482
204017.300000191,24.9770268103308,121.55117939203,23.6438009310514,0.0254007233153657,-0.00337112409372297,341.029309058754
204017.400000095,24.9770267849375,121.551179362957,23.6461927751079,0.0145662091898206,-0.00710281950492785,341.029309214369
204017.5,24.9770268169686,121.551179390066,23.6437992760912,0.0254007233153657,-0.00337112409372297,341.029309058754
204017.600000143,24.9770268387819,121.551179355466,23.6435826737434,0.0108345143926209,0.00373169477779712,341.029307958672
204017.700000048,24.9770267993612,121.551179392281,23.6447024866939,0.0325035421276215,0.0111950851013203,341.029305136048
204017.800000191,24.9770268293687,121.55117941399,23.6443071300164,0.0216690285226815,0.00746338974757646,341.029306900188
204017.900000095,24.9770268336919,121.55117939469,23.6434988994151,0.0216690285226815,0.00746338974757646,341.029306900188
204018,24.9770267865954,121.551179406314,23.6442097332329,0.0108345143926209,0.00373169477779712,341.029307958672
204018.100000143,24.9770268256495,121.551179379401,23.6441939035431,0.0325035421276215,0.0111950851013203,341.029305136048
204018.200000048,24.9770268071245,121.551179395592,23.6423027534038,0.0108345143926209,0.00373169477779712,341.029307958672
204018.300000191,24.9770268397109,121.551179397566,23.6450992580503,0.0325035421276215,0.0111950851013203,341.029305136048
204018.400000095,24.9770268390394,121.551179381553,23.6426929766312,0.0108345143926209,0.00373169477779712,341.029307958672
204018.5,24.9770268375235,121.551179386265,23.6439950568601,0.0325035421276215,0.0111950851013203,341.029305136048
204018.600000143,24.9770268112148,121.551179392205,23.6429008776322,0.0216690285226815,0.00746338974757646,341.029306900188
204018.700000048,24.9770268168135,121.551179377118,23.6417941451073,0.0254007233153657,-0.00337112409372297,341.029309058754
204018.800000191,24.977026793255,121.551179362183,23.6479913862422,0.0108345143926209,0.00373169477779712,341.029307958672
204018.900000095,24.9770267826409,121.551179422719,23.6438167579472,0.03623523682524,0.000360572010026008,341.029308197482
204019,24.9770268234502,121.551179382172,23.6413952698931,0.021668281533765,0.00746555642624359,341.040766055004
204019.100000143,24.9770268165613,121.551179358026,23.6428866162896,0.0108345143926209,0.00373169477779712,341.029307958672
204019.200000048,24.9770268266467,121.551179392675,23.6413990119472,0.0216690285226815,0.00746338974757646,341.029306900188
204019.300000191,24.9770267651512,121.5511793819,23.6456028930843,0.0254007233153657,-0.00337112409372297,341.029309058754
204019.400000095,24.977026830597,121.551179369271,23.6416892111301,0.0108345143926209,0.00373169477779712,341.029307958672
204019.5,24.977026882855,121.55117940234,23.6441954476759,0.0179355039270725,0.0182996966872869,341.040764602467
204019.600000143,24.9770268126187,121.551179367374,23.6438908530399,0.0216690285226815,0.00746338974757646,341.029306900188
204019.700000048,24.9770267970487,121.551179388968,23.6435014670715,0.0216690285226815,0.00746338974757646,341.029306900188
204019.800000191,24.9770267845149,121.551179380076,23.6417995821685,0.0216690285226815,0.00746338974757646,341.029306900188
204019.900000095,24.977026819002,121.551179374385,23.6435927869752,0.0254007233153657,-0.00337112409372297,341.029309058754
204020,24.9770268210815,121.551179393612,23.6462001586333,0.03623523682524,0.000360572010026008,341.029308197482
204020.100000143,24.9770267891398,121.551179386704,23.6442016186193,0.0216690285226815,0.00746338974757646,341.029306900188
204020.200000048,24.9770268132655,121.551179369447,23.6445915950462,0.0470701591543531,0.00408756206469095,341.017847476838
204020.300000191,24.977026774082,121.551179397349,23.6444078311324,0.0216690285226815,0.00746338974757646,341.029306900188
204020.400000095,24.9770267513483,121.551179410862,23.6430161790922,0.0254007233153657,-0.00337112409372297,341.029309058754
204020.5,24.9770268159435,121.551179369878,23.6442914092913,0.0216690285226815,0.00746338974757646,341.029306900188
204020.600000143,24.9770267990927,121.551179401308,23.6431060880423,0.0254007233153657,-0.00337112409372297,341.029309058754
204020.700000048,24.9770267956526,121.551179378697,23.6446975888684,0.0325035421276215,0.0111950851013203,341.029305136048
204020.800000191,24.9770268142939,121.551179389624,23.6443994576111,0.0216690285226815,0.00746338974757646,341.029306900188
204020.900000095,24.9770268024369,121.551179403741,23.6453066300601,0.0325035421276215,0.0111950851013203,341.029305136048
204021,24.9770268234846,121.551179389062,23.6442980226129,0.0216690285226815,0.00746338974757646,341.029306900188
204021.100000143,24.9770268146648,121.551179386721,23.6433982504532,0.021668281533765,0.00746555642624359,341.040766055004
204021.200000048,24.977026806123,121.551179396363,23.6441032066941,0.03623523682524,0.000360572010026008,341.029308197482
204021.300000191,24.9770268027063,121.551179408741,23.6464085858315,0.0325035421276215,0.0111950851013203,341.029305136048
204021.400000095,24.9770268054655,121.551179373284,23.6432941360399,0.0325035421276215,0.0111950851013203,341.029305136048
204021.5,24.9770268645579,121.551179367564,23.6418840521947,0.00710281985804131,0.0145662090176343,341.029307408631
204021.600000143,24.9770268065336,121.551179407346,23.6462075244635,0.0325035421276215,0.0111950851013203,341.029305136048
204021.700000048,24.9770267846518,121.551179379061,23.6426991699263,0.0145662091898206,-0.00710281950492785,341.029309214369
204021.800000191,24.9770268299866,121.551179388109,23.6434967787936,0.0108345143926209,0.00373169477779712,341.029307958672
204021.900000095,24.9770267941141,121.551179390506,23.6436024652794,0.0254007233153657,-0.00337112409372297,341.029309058754
204022,24.9770267902581,121.551179349917,23.6428868733346,0.0145662091898206,-0.00710281950492785,341.029309214369
204022.100000143,24.9770268014961,121.551179361684,23.642690054141,0.0108345143926209,0.00373169477779712,341.029307958672
204022.200000048,24.9770268371408,121.551179396225,23.6435990538448,0.0325035421276215,0.0111950851013203,341.029305136048
204022.300000191,24.9770267840093,121.551179376972,23.6423984244466,0.0254007233153657,-0.00337112409372297,341.029309058754
204022.400000095,24.977026791543,121.551179382154,23.6422994825989,0.0108345143926209,0.00373169477779712,341.029307958672
204022.5,24.977026804684,121.551179358188,23.642488244921,0.014566919034719,-0.00710136267103524,341.040768369404
204022.600000143,24.977026823848,121.551179386187,23.6425968185067,0.0216690285226815,0.00746338974757646,341.029306900188
204022.700000048,24.9770268321718,121.551179392403,23.6446982035413,0.0216690285226815,0.00746338974757646,341.029306900188
204022.800000191,24.9770267930727,121.551179398436,23.6414057305083,0.0254007233153657,-0.00337112409372297,341.029309058754
204022.900000095,24.9770267945537,121.551179422428,23.6475150994956,0.0541725667118985,0.0186584777286307,341.0292994908
204023,24.9770268233797,121.55117943205,23.6446150848642,0.0325035421276215,0.0111950851013203,341.029305136048
204023.100000143,24.9770268082749,121.551179386748,23.642799098976,0.0108345143926209,0.00373169477779712,341.029307958672
204023.200000048,24.9770268026699,121.551179380814,23.6441974975169,0.0216690285226815,0.00746338974757646,341.029306900188
204023.300000191,24.977026818796,121.551179376171,23.6480935607105,0.0325035421276215,0.0111950851013203,341.029305136048
204023.400000095,24.977026826475,121.551179408366,23.6485053179786,0.0396063614833577,0.0257612928921695,341.029299407605
204023.5,24.9770268832518,121.551179399344,23.6455942187458,0.0433380549448805,0.0149267810310109,341.029302666252
204023.600000143,24.9770267877609,121.5511793904,23.6464032875374,0.047069749456883,0.00409226899830135,341.029306630555
204023.700000048,24.977026837406,121.551179380196,23.6451926743612,0.0216690285226815,0.00746338974757646,341.029306900188
204023.800000191,24.9770268270694,121.551179361526,23.6463866466656,0.0325035421276215,0.0111950851013203,341.029305136048
204023.900000095,24.9770267992146,121.551179386317,23.6432001292706,0.0108345143926209,0.00373169477779712,341.029307958672
204024,24.9770267834119,121.551179381735,23.6460004206747,0.0254007233153657,-0.00337112409372297,341.029309058754
204024.100000143,24.977026777533,121.551179398876,23.644707984291,0.03623523682524,0.000360572010026008,341.029308197482
204024.200000048,24.9770268151781,121.551179361739,23.6446882858872,0.0108345143926209,0.00373169477779712,341.029307958672
204024.300000191,24.9770268171152,121.551179389015,23.6455988539383,0.0325035421276215,0.0111950851013203,341.029305136048
204024.400000095,24.9770267970531,121.551179374922,23.644495905377,0.0325035421276215,0.0111950851013203,341.029305136048
204024.5,24.9770268497761,121.55117937617,23.6440894361585,0.0325035421276215,0.0111950851013203,341.029305136048
204024.600000143,24.9770267740832,121.5511793763,23.645399492234,0.0254007233153657,-0.00337112409372297,341.029309058754
204024.700000048,24.9770268025256,121.551179360812,23.6434895796701,0.0216690285226815,0.00746338974757646,341.029306900188
204024.800000191,24.9770268340898,121.551179384676,23.645294890739,0.0145662091898206,-0.00710281950492785,341.029309214369
204024.900000095,24.9770268335776,121.551179409654,23.6441048523411,0.0216690285226815,0.00746338974757646,341.029306900188
204025,24.9770267939923,121.551179384452,23.6444000881165,0.0216690285226815,0.00746338974757646,341.029306900188
204025.100000143,24.9770268245347,121.551179367072,23.6478891940787,0.0254007233153657,-0.00337112409372297,341.029309058754
204025.200000048,24.9770268118755,121.551179429301,23.6434155032039,0.0325035421276215,0.0111950851013203,341.029305136048
204025.300000191,24.9770267942404,121.5511793755,23.6440965021029,0.0145662091898206,-0.00710281950492785,341.029309214369
204025.400000095,24.9770267725674,121.551179381013,23.6467015733942,0.047069749456883,0.00409226899830135,341.029306630555
204025.5,24.9770268181018,121.551179374269,23.6429928550497,0.021668281533765,0.00746555642624359,341.040766055004
204025.600000143,24.9770268334173,121.551179361651,23.6430858299136,0.0216697750782773,0.00746122291946818,341.017847744914
204025.700000048,24.9770267867475,121.551179391214,23.6471037501469,0.0216690285226815,0.00746338974757646,341.029306900188
204025.800000191,24.9770267716123,121.551179381095,23.6410016845912,0.0362352732447872,0.000356948490082384,341.017849042993
204025.900000095,24.9770268156998,121.5511793718,23.645292211324,0.0433380549448805,0.0149267810310109,341.029302666252
204026,24.977026810335,121.551179413059,23.6433092644438,0.0254007233153657,-0.00337112409372297,341.029309058754
204026.100000143,24.9770267918092,121.55117938015,23.6433986611664,0.0254007233153657,-0.00337112409372297,341.029309058754
204026.200000048,24.9770268280514,121.551179395899,23.6413001054898,0.0254007233153657,-0.00337112409372297,341.029309058754
204026.300000191,24.9770268085025,121.551179377869,23.6405955301598,0.0216690285226815,0.00746338974757646,341.029306900188
204026.400000095,24.9770268038503,121.551179392905,23.6466021575034,0.0216690285226815,0.00746338974757646,341.029306900188
204026.5,24.9770267848187,121.551179398981,23.6455070711672,0.0216690285226815,0.00746338974757646,341.029306900188
204026.600000143,24.9770267989689,121.551179374217,23.6445953734219,0.0216690285226815,0.00746338974757646,341.029306900188
204026.700000048,24.9770267909607,121.551179372833,23.6478959098458,0.0325035421276215,0.0111950851013203,341.029305136048
204026.800000191,24.9770268398028,121.55117936164,23.643284983933,0.0108345143926209,0.00373169477779712,341.029307958672
204026.900000095,24.9770267907957,121.551179394994,23.6435046829283,0.0216690285226815,0.00746338974757646,341.029306900188
204027,24.9770267920659,121.551179371167,23.6438950709999,-0,0,341.0293083115
204027.100000143,24.977026786865,121.551179383254,23.6465005725622,0.0254007233153657,-0.00337112409372297,341.029309058754
204027.200000048,24.9770267675768,121.551179405328,23.6446118550375,0.03623523682524,0.000360572010026008,341.029308197482
204027.300000191,24.9770268024359,121.551179389716,23.6458010729402,0.0325035421276215,0.0111950851013203,341.029305136048
204027.400000095,24.9770268159294,121.551179390973,23.6420997586101,0.0254010596657027,-0.00336858392047686,341.040768213377
204027.5,24.977026801263,121.551179384612,23.6437991857529,0.0254010596657027,-0.00336858392047686,341.040768213377
204027.600000143,24.9770268104742,121.551179376962,23.645894953981,0.03623523682524,0.000360572010026008,341.029308197482
204027.700000048,24.9770267955062,121.551179358703,23.6437896713614,0.0216697750782773,0.00746122291946818,341.017847744914
204027.800000191,24.9770268112471,121.551179392088,23.6459008511156,0.0433380549448805,0.0149267810310109,341.029302666252
204027.900000095,24.9770268176124,121.551179357077,23.6456861244515,0.0108345143926209,0.00373169477779712,341.029307958672
204028,24.9770267663965,121.551179372192,23.6430988591164,0.0216690285226815,0.00746338974757646,341.029306900188
204028.100000143,24.9770268081265,121.551179338702,23.6428800681606,0.0216690285226815,0.00746338974757646,341.029306900188
204028.200000048,24.9770268638096,121.551179380407,23.6429892545566,0.0325035421276215,0.0111950851013203,341.029305136048
204028.300000191,24.9770268043302,121.551179375059,23.6444949973375,0.0254007233153657,-0.00337112409372297,341.029309058754
204028.400000095,24.9770268077983,121.551179390553,23.6458006957546,0.0325035421276215,0.0111950851013203,341.029305136048
204028.5,24.977026798214,121.551179401113,23.6445061387494,0.0216690285226815,0.00746338974757646,341.029306900188
204028.600000143,24.9770268157212,121.551179385752,23.6466977540404,0.0179373342552373,0.0182979035031003,341.029305447278
204028.700000048,24.9770267650195,121.55117941797,23.643717199564,0.043336560967265,0.0149311143876044,341.040761819985
204028.800000191,24.9770267800763,121.551179393299,23.6440054308623,0.0325046619609472,0.0111918348593893,341.017845981226
204028.900000095,24.9770267878451,121.551179382561,23.6427001357079,0.0254010596657027,-0.00336858392047686,341.040768213377
204029,24.9770268092906,121.551179371897,23.6428930768743,0.00710281985804131,0.0145662090176343,341.029307408631
204029.100000143,24.9770268214438,121.551179383725,23.6446961779147,0.0108345143926209,0.00373169477779712,341.029307958672
204029.200000048,24.977026767053,121.551179374231,23.6446995930746,0.0108345143926209,0.00373169477779712,341.029307958672
204029.300000191,24.9770268297387,121.551179369003,23.6449892465025,0.0325035421276215,0.0111950851013203,341.029305136048
204029.400000095,24.9770267886707,121.551179404511,23.6473087687045,0.0433380549448805,0.0149267810310109,341.029302666252
204029.5,24.9770268075407,121.551179378496,23.6460959520191,0.0216690285226815,0.00746338974757646,341.029306900188
204029.600000143,24.9770267924958,121.551179403124,23.6469077104703,0.047069749456883,0.00409226899830135,341.029306630555
204029.700000048,24.9770268154442,121.551179387794,23.6445985827595,0.0216690285226815,0.00746338974757646,341.029306900188
204029.800000191,24.9770268297279,121.551179376056,23.643692035228,0.0254007233153657,-0.00337112409372297,341.029309058754
204029.900000095,24.9770268100464,121.551179366041,23.6421906482428,0.0216690285226815,0.00746338974757646,341.029306900188
204030,24.9770268027907,121.551179379856,23.6435970971361,0.0254007233153657,-0.00337112409372297,341.029309058754
204030.100000143,24.9770267986163,121.551179377054,23.6472965674475,0.0254007233153657,-0.00337112409372297,341.029309058754
204030.200000048,24.9770267605822,121.5511793891,23.6478063706309,0.0325035421276215,0.0111950851013203,341.029305136048
204030.300000191,24.9770267809281,121.551179379561,23.6406998420134,0.0108345143926209,0.00373169477779712,341.029307958672
204030.400000095,24.9770267825118,121.551179367589,23.6459949314594,0.0216690285226815,0.00746338974757646,341.029306900188
204030.5,24.9770268047322,121.551179400102,23.6452048840001,0.0216690285226815,0.00746338974757646,341.029306900188
204030.600000143,24.9770268057392,121.551179385282,23.6444988660514,0.0216690285226815,0.00746338974757646,341.029306900188
204030.700000048,24.977026809424,121.551179412982,23.6417093416676,0.0108345143926209,0.00373169477779712,341.029307958672
204030.800000191,24.977026803429,121.551179374946,23.6437950665131,0.00710281985804131,0.0145662090176343,341.029307408631
204030.900000095,24.9770268156611,121.551179364925,23.6419894648716,0.00710281985804131,0.0145662090176343,341.029307408631
204031,24.9770267674518,121.551179392271,23.645406701602,0.021668281533765,0.00746555642624359,341.040766055004
204031.100000143,24.9770267599193,121.551179366041,23.64649730362,0.0216690285226815,0.00746338974757646,341.029306900188
204031.200000048,24.9770267807231,121.551179388358,23.6450033942237,0.0216690285226815,0.00746338974757646,341.029306900188
204031.300000191,24.9770268028003,121.551179393851,23.6439026482403,0.0325035421276215,0.0111950851013203,341.029305136048
204031.400000095,24.9770268071224,121.551179388585,23.64239997603,0.0108345143926209,0.00373169477779712,341.029307958672
204031.5,24.9770267501725,121.551179342636,23.6433892827481,0.00373169471116476,-0.0108345144155709,341.029308664328
204031.600000143,24.977026781605,121.55117938854,23.643903340213,0.0216697750782773,0.00746122291946818,341.017847744914
204031.700000048,24.9770267971813,121.551179394982,23.6437038360164,0.0216690285226815,0.00746338974757646,341.029306900188
204031.800000191,24.9770267764928,121.551179371728,23.6440973505378,0.0108345143926209,0.00373169477779712,341.029307958672
204031.900000095,24.9770267858075,121.551179377212,23.6433982895687,0.0108345143926209,0.00373169477779712,341.029307958672
204032,24.9770267486887,121.551179389321,23.6459080129862,0.0325035421276215,0.0111950851013203,341.029305136048
204032.100000143,24.9770267745781,121.551179386459,23.6435034396127,0.0108345143926209,0.00373169477779712,341.029307958672
204032.200000048,24.9770267665601,121.551179413168,23.6447150995955,0.0216690285226815,0.00746338974757646,341.029306900188
204032.300000191,24.9770267966672,121.551179370865,23.6443943465129,0.00710427654994103,0.014565498881337,341.017848252854
204032.400000095,24.9770267923074,121.551179369252,23.642694269307,0.0216690285226815,0.00746338974757646,341.029306900188
204032.5,24.9770268140374,121.551179370548,23.6450919341296,0.0216690285226815,0.00746338974757646,341.029306900188
204032.600000143,24.9770267903212,121.551179405806,23.6464090580121,0.0216690285226815,0.00746338974757646,341.029306900188
204032.700000048,24.9770267935179,121.551179381235,23.6478989040479,0.0287718482178628,0.0220295980639512,341.02930278027
204032.800000191,24.9770267979619,121.551179382022,23.6455986117944,0.00710281985804131,0.0145662090176343,341.029307408631
204032.900000095,24.9770267838745,121.55117937798,23.6416988344863,0.00710281985804131,0.0145662090176343,341.029307408631
204033,24.9770267375609,121.551179355591,23.6453961022198,0.0325046619609472,0.0111918348593893,341.017845981226
204033.100000143,24.9770267793184,121.551179385133,23.6451023016125,0.0179373342552373,0.0182979035031003,341.029305447278
204033.200000048,24.9770268335412,121.551179367697,23.6424882058054,0.0179373342552373,0.0182979035031003,341.029305447278
204033.300000191,24.9770267862118,121.551179374189,23.6454970538616,0.0216690285226815,0.00746338974757646,341.029306900188
204033.400000095,24.9770268056013,121.551179379287,23.6437965026125,0.0108345143926209,0.00373169477779712,341.029307958672
204033.5,24.9770267521075,121.55117936992,23.6440998530015,0.0325035421276215,0.0111950851013203,341.029305136048
204033.600000143,24.9770267789624,121.551179416041,23.6463146144524,0.0325035421276215,0.0111950851013203,341.029305136048
204033.700000048,24.9770267952752,121.551179395653,23.6445043608546,0.0216690285226815,0.00746338974757646,341.029306900188
204033.800000191,24.9770267628387,121.551179392616,23.6438074326143,0.00710281985804131,0.0145662090176343,341.029307408631
204033.900000095,24.9770267843399,121.551179409809,23.6480114487931,0.0325035421276215,0.0111950851013203,341.029305136048
204034,24.9770267522496,121.551179403959,23.644013332203,0.0325035421276215,0.0111950851013203,341.029305136048
204034.100000143,24.9770268700657,121.551179402428,23.6420971537009,0.00710281985804131,0.0145662090176343,341.029307408631
204034.200000048,24.9770267664299,121.551179365057,23.6464960537851,0.0216697750782773,0.00746122291946818,341.017847744914
204034.300000191,24.9770267512319,121.551179390759,23.6449082391337,0.0216690285226815,0.00746338974757646,341.029306900188
204034.400000095,24.9770267698646,121.551179387687,23.6444045566022,0.0108345143926209,0.00373169477779712,341.029307958672
204034.5,24.9770268065305,121.551179386313,23.6467991918325,0.0216690285226815,0.00746338974757646,341.029306900188
204034.600000143,24.9770268035733,121.551179394948,23.6445029852912,0.0108345143926209,0.00373169477779712,341.029307958672
204034.700000048,24.9770267669084,121.551179410347,23.6416139090434,0.0108345143926209,0.00373169477779712,341.029307958672
204034.800000191,24.9770267406043,121.551179360153,23.6432974915951,0.0216697750782773,0.00746122291946818,341.017847744914
204034.900000095,24.9770268009977,121.551179400641,23.6422055652365,0.0216690285226815,0.00746338974757646,341.029306900188
204035,24.9770267755255,121.551179407448,23.6476116711274,0.0287718482178628,0.0220295980639512,341.02930278027
204035.100000143,24.977026777795,121.551179396888,23.645407166332,0.0216690285226815,0.00746338974757646,341.029306900188
204035.200000048,24.9770267700133,121.551179400658,23.6458096913993,0.0325035421276215,0.0111950851013203,341.029305136048
204035.300000191,24.9770268239071,121.551179392988,23.6477995533496,0.0325035421276215,0.0111950851013203,341.029305136048
204035.400000095,24.9770268155411,121.551179414982,23.6406093174592,-0,0,341.0293083115
204035.5,24.9770267490745,121.551179407408,23.6454151300713,0.0108345143926209,0.00373169477779712,341.029307958672
204035.600000143,24.977026760828,121.551179380156,23.6473027868196,0.0216697750782773,0.00746122291946818,341.017847744914
204035.700000048,24.9770267650218,121.551179396918,23.6448088604957,0.0145662091898206,-0.00710281950492785,341.029309214369
204035.800000191,24.9770268086967,121.551179334559,23.6485783969983,0.0216690285226815,0.00746338974757646,341.029306900188
204035.900000095,24.9770267845183,121.551179352006,23.6432884633541,0.0108345143926209,0.00373169477779712,341.029307958672
204036,24.9770267789474,121.55117940908,23.645211847499,-0,0,341.0293083115
204036.100000143,24.9770267895645,121.551179390621,23.6479031490162,0.0325035421276215,0.0111950851013203,341.029305136048
204036.200000048,24.9770268378946,121.551179355303,23.6441827304661,0.00710427654994103,0.014565498881337,341.017848252854
204036.300000191,24.9770267564789,121.551179399549,23.6457110373303,0.0287740514649591,0.0220267210998852,341.017843624933
204036.400000095,24.9770266934948,121.551179378838,23.6425111135468,-0.00373169471116476,0.0108345144155709,341.029308664328
204036.5,24.9770266751457,121.551179372829,23.6460111839697,-0.0220267217760477,0.0287740509473523,341.017854686796
204036.600000143,24.9770267802606,121.551179378083,23.6498994221911,-0.0298448729134747,0.0866790910577045,341.017871731061
204036.700000048,24.9770268936643,121.551179354086,23.6422748686746,-0.0884637975245791,0.151331404276194,341.01796598263
204036.800000191,24.9770271747885,121.551179394058,23.6405535889789,-0.103045151882981,0.158425347173206,341.029450773815
204036.900000095,24.977027368697,121.551179459537,23.6360539160669,-0.124699131853893,0.150974387387932,341.01801344714
204037,24.9770276572051,121.551179484708,23.6330257812515,-0.128413558262595,0.161822099804512,341.006571341229
204037.100000143,24.9770279906996,121.551179535779,23.6333020050079,-0.0996372004800665,0.1838459840737,341.006549854004
204037.200000048,24.9770283528812,121.55117956242,23.6310647344217,-0.114163812345017,0.190974515507668,340.983661950386
204037.300000191,24.9770286711148,121.551179675013,23.6342673962936,-0.0816152289587168,0.202172935064058,340.960697372078
204037.400000095,24.9770292381619,121.55117972484,23.6272122301161,-0.121219565671565,0.176447504697913,340.949280878755
204037.5,24.9770296824764,121.551179821289,23.6259918073192,-0.088651784215136,0.187646441003272,340.914861941929
204037.600000143,24.977030240931,121.551179867432,23.6273363884538,-0.106539691163764,0.169409048302755,340.869037700719
204037.700000048,24.9770308343361,121.551179953229,23.6241920422763,-0.156951751474629,0.140064981599619,340.811776379274
204037.800000191,24.9770314782924,121.551180071525,23.6310539962724,-0.160279055378916,0.114798808104166,340.720072268356
204037.900000095,24.9770321212502,121.551180077825,23.6328716278076,-0.210721604125346,0.0856313769985486,340.616937667741
204038,24.9770328560497,121.551180240607,23.6326391715556,-0.217797446003229,0.0713301826256801,340.490867038328
204038.100000143,24.9770335310674,121.551180315999,23.6329799583182,-0.224892985906801,0.0570896450408043,340.341878452322
204038.200000048,24.9770342543631,121.551180391855,23.6351145720109,-0.224720545317195,0.0211455282519782,340.192845069328
204038.300000191,24.9770348832882,121.551180436004,23.636349064298,-0.224645427278798,-0.0147308035266656,340.00943970997
204038.400000095,24.9770357031652,121.551180603887,23.6406074389815,-0.199319546046351,-0.0180499419342447,339.848907472843
204038.5,24.9770363823318,121.551180619042,23.6375237656757,-0.217505631671604,-0.0357708966760312,339.642610555538
204038.600000143,24.9770371347763,121.551180666718,23.6327433027327,-0.210261851566235,-0.0208913204620508,339.424930403749
204038.700000048,24.9770376226542,121.551180778892,23.6335233887658,-0.184954156907977,-0.0242470637919467,339.195773843359
204038.800000191,24.977038498456,121.551180810678,23.6322203716263,-0.246864893889959,-0.056070674988514,339.000720571235
204038.900000095,24.9770391189463,121.551180828488,23.6337455380708,-0.348631404225127,-0.0763628489222775,338.782915721626
204039,24.977039912332,121.551180905286,23.635871280916,-0.359688441646571,-0.0791232122271933,338.542310020499
204039.100000143,24.9770406139926,121.551181000027,23.6317161954939,-0.378240735524854,-0.0962375168208222,338.301402353611
204039.200000048,24.9770412194388,121.551180936721,23.6267111301422,-0.392885150769545,-0.0877319412045539,337.991820623482
204039.300000191,24.9770420015498,121.551181029944,23.6244448404759,-0.367792545437851,-0.09081260051264,337.693999894678
204039.400000095,24.9770428080972,121.5511810336,23.6307398807257,-0.372251295362986,-0.114988016444677,337.349958127972
204039.5,24.9770436618498,121.551181073821,23.6325431531295,-0.453608777985007,-0.1624432517481,336.971370164082
204039.600000143,24.9770444593563,121.551181132572,23.626861137338,-0.559553385832816,-0.168746945840935,336.580990523627
204039.700000048,24.9770453081239,121.551181147985,23.629155238159,-0.585393745761118,-0.162160804727787,336.145419040349
204039.800000191,24.9770462181299,121.551181084954,23.6308101424947,-0.560877068659226,-0.164198474411889,335.652165499798
204039.900000095,24.9770471819169,121.551180993615,23.6248466642573,-0.597855329107976,-0.159924114264881,335.090194307252
204040,24.9770480896865,121.551180842299,23.624066837132,-0.543655376154484,-0.141004663785858,334.435651986709
204040.100000143,24.9770490537198,121.551180798652,23.6271223165095,-0.495312151969769,-0.100246647957666,333.701754438231
204040.200000048,24.9770499930992,121.551180656484,23.621141904965,-0.518903823835076,-0.0554915517990837,332.909200736352
204040.300000191,24.9770509371215,121.551180555951,23.6177774174139,-0.500011543306711,-0.0346492752378987,332.024258329776
204040.400000095,24.9770519671002,121.551180277811,23.6133311456069,-0.54753600742131,-0.0304215372950454,331.058324924791
204040.5,24.9770528307783,121.551180100731,23.6093469057232,-0.56158942741732,-0.0169500002766307,330.011567403398
204040.600000143,24.977053912491,121.551179894711,23.6045224070549,-0.572911253786365,-0.0140963824771537,328.905532789895
204040.700000048,24.9770549826655,121.551179728673,23.6054153367877,-0.592945414905202,-0.0243753527482019,327.741234640164
204040.800000191,24.9770561440195,121.551179428978,23.6023431997746,-0.678710628134446,-0.000723383199197975,326.517564686424
204040.900000095,24.9770571443631,121.551179070104,23.5997688518837,-0.80898077534094,0.016478731919672,325.211413521289
204041,24.9770581738942,121.55117866888,23.5944738378748,-0.842515021423554,0.0199881111287783,323.833949325846
204041.100000143,24.9770591934704,121.551178379844,23.5966246882454,-0.815765995821069,0.0115018942953967,322.441649845055
204041.200000048,24.9770602881756,121.551178094798,23.5923671582714,-0.834592553300187,-0.0048845708186756,321.058766468959
204041.300000191,24.9770613158394,121.551177497693,23.5996948275715,-0.863708375465995,-0.0329853082252392,319.566200764874
204041.400000095,24.9770625680194,121.551177053151,23.5958532756194,-0.893580012555252,-0.0605833745899576,318.107383753121
204041.5,24.9770635354604,121.551176540685,23.6030224598944,-0.888930392649734,-0.0939492865396265,316.54962945555
204041.600000143,24.9770646444427,121.551175948788,23.5977413663641,-0.922008497971035,-0.107916564533678,314.951007471531
204041.700000048,24.9770656519206,121.551175352068,23.5918717514724,-0.94413283175103,-0.11981605245687,313.338685737834
204041.800000191,24.9770668765151,121.551174782994,23.5923845069483,-1.01607953882248,-0.0890306182949691,311.740710650061
204041.900000095,24.9770679422419,121.551174123595,23.580282304436,-1.01719951218993,-0.0743036665822748,310.08141500578
204042,24.9770691041953,121.551173320568,23.5828105770051,-0.981155053177885,-0.115094868785393,308.412571500646
204042.100000143,24.9770700953045,121.551172555042,23.5814762329683,-0.878897236585662,-0.120201390495277,306.726713858525
204042.200000048,24.9770711290356,121.551171671996,23.5832896959037,-0.846240178994302,-0.106577486213221,305.030792073574
204042.300000191,24.9770722445057,121.551170798091,23.575795921497,-0.859221852456193,-0.0937492846275581,303.291434378282
204042.400000095,24.9770732617533,121.551169893962,23.565303100273,-0.861968864840061,-0.183383932575869,301.493084497805
204042.5,24.9770743079358,121.551168949959,23.5640907334164,-0.912796681840394,-0.249008656199834,299.734047875899
204042.600000143,24.9770752724785,121.551168002949,23.5692880004644,-0.975400482269996,-0.266399254268084,297.926939289433
204042.700000048,24.9770762527909,121.55116686371,23.5650068884715,-0.945914394760847,-0.264205756365156,296.086235915433
204042.800000191,24.9770772885107,121.551165754185,23.5594302397221,-0.937745464569126,-0.238224804475659,294.222058952644
204042.900000095,24.9770783295843,121.551164638514,23.5533504476771,-0.897077434874017,-0.238272995472417,292.313892196084
204043,24.9770792764086,121.55116339197,23.5499312235042,-0.87183494300676,-0.272272390941737,290.359932440241
204043.100000143,24.9770801626956,121.551162000758,23.5504626585171,-0.859579971663542,-0.305498344232431,288.3711251649
204043.200000048,24.9770811795477,121.551160537927,23.5503484690562,-0.822824916444435,-0.319462852208227,286.331370221986
204043.300000191,24.9770822099981,121.551159012321,23.5471075735986,-0.800037616317575,-0.344224094691514,284.28605981094
204043.400000095,24.9770832575557,121.551157361606,23.5372147653252,-0.734421050935535,-0.319513039437767,282.203940006189
204043.5,24.9770841424691,121.55115557969,23.521391345188,-0.731395249555115,-0.377918457822885,280.098453509853
204043.600000143,24.9770853910792,121.551153693961,23.5190789075568,-0.708484637306774,-0.441261913360034,277.959828266729
204043.700000048,24.9770862221066,121.551151708726,23.4989819563925,-0.740692524706375,-0.575200184432225,275.780787750349
204043.800000191,24.9770872474567,121.551149519353,23.4885785216466,-0.735375850704833,-0.636511610577178,273.65077351767
204043.900000095,24.9770882190502,121.551147287531,23.4791653631255,-0.688580334155834,-0.710747824224858,271.524112311386
204044,24.9770891598949,121.551144948613,23.4760138625279,-0.744580262728611,-0.840582011926084,269.418008797717
204044.100000143,24.9770901562669,121.551142420478,23.4681799868122,-0.747687283029196,-0.903208413337379,267.384467507788
204044.200000048,24.9770910446425,121.551139663446,23.4590696021914,-0.793005210369506,-1.01322321031547,265.405208002413
204044.300000191,24.9770918845,121.551136844727,23.4521411899477,-0.812438921506401,-1.14511955657895,263.558747551826
204044.400000095,24.9770925210127,121.551133864814,23.4547757869586,-0.7849011465064,-1.17384852718433,261.75109570879
204044.5,24.9770932636629,121.551130698869,23.4457225417718,-0.873899284781244,-1.05960705907952,259.953581307968
204044.600000143,24.9770941461888,121.551127459269,23.4234215533361,-0.935600417888516,-0.977979827673207,258.25570576699
204044.700000048,24.9770950062654,121.551123970529,23.389724672772,-0.914692734339188,-1.02939840625317,256.640431444068
204044.800000191,24.9770955576109,121.551120191617,23.3772536739707,-0.830636455971195,-1.223837936615,255.220515431578
204044.900000095,24.9770962259612,121.55111645984,23.3684859825298,-0.767403859199113,-1.40062912245842,253.817454502845
204045,24.9770968015996,121.551112437557,23.3577153561637,-0.802292424679551,-1.45886832018661,252.511655309432
204045.100000143,24.9770975647062,121.551108312088,23.3323790030554,-0.912903855919683,-1.51893019750951,251.399490186428
204045.200000048,24.9770982224261,121.551103979964,23.3100746786222,-0.906192114445262,-1.67407204343332,250.312416263243
204045.300000191,24.9770986046667,121.55109957157,23.2935765329748,-1.07536245277608,-1.84483234903676,249.319518948368
204045.400000095,24.9770992737486,121.55109496264,23.2828611396253,-1.08967788575635,-1.83640953967731,248.427740725625
204045.5,24.9770994059183,121.551090296032,23.2681936966255,-1.20097760343939,-1.84170314304031,247.57459117262
204045.600000143,24.9770999200858,121.551085538288,23.2469397243112,-1.16313021771755,-1.80812989847918,246.691851761004
204045.700000048,24.9771003209624,121.551080473401,23.2339790537953,-1.16263164171433,-1.72887418291709,245.913991362156
204045.800000191,24.9771002350345,121.551075512763,23.2160239070654,-1.17960148400577,-1.61330968493824,245.16865402082
204045.900000095,24.9771004747725,121.551070261854,23.173310582526,-1.16234933422539,-1.55537670724152,244.398549152303
204046,24.9771005925486,121.551064820173,23.1468379097059,-1.08454769261209,-1.5584766081947,243.741912264738
204046.100000143,24.9771006409085,121.551059366535,23.1478699315339,-1.14592622054581,-1.4823735583552,243.075543305488
204046.200000048,24.9771007126416,121.551053843805,23.1171712661162,-1.2764198790292,-1.3914468491016,242.481880757628
204046.300000191,24.9771007694289,121.551048113339,23.0943923546001,-1.29978031686943,-1.3882099835174,241.840215103494
204046.400000095,24.9771005204365,121.551042160729,23.0795658472925,-1.27331966181652,-1.34830394969659,241.271654690421
204046.5,24.9771003350684,121.551036166753,23.0470144627616,-1.11301366867036,-1.30909908793931,240.695795550056
204046.600000143,24.9771000772141,121.551030084647,23.0090377237648,-0.950045807722548,-1.42057385381732,240.086287303769
204046.700000048,24.9770998423586,121.551023699425,22.9855380058289,-0.906138051678481,-1.66276732693795,239.605114104568
204046.800000191,24.9770994672445,121.55101736976,22.9760789871216,-0.841975521058785,-1.78431887607116,239.164874171409
204046.900000095,24.9770991303865,121.551010843301,22.958936936222,-0.829441092392728,-1.79330246461058,238.724701432101
204047,24.9770986744934,121.5510042012,22.9421648299322,-0.77098931134756,-1.70925205110652,238.310925731986
204047.100000143,24.9770982286218,121.550997474207,22.9111577179283,-0.593531706029476,-1.59215582856657,238.004546101942
204047.200000048,24.9770976854036,121.550990625482,22.8675151709467,-0.552552361964199,-1.52371059027334,237.842583772366
204047.300000191,24.9770972162291,121.550983523316,22.8460626984015,-0.409279861218504,-1.42525106054791,237.755363103229
204047.400000095,24.9770967744163,121.55097646985,22.8145259115845,-0.331933271065783,-1.36631463200986,237.667021788347
204047.5,24.9770961136924,121.550969142968,22.786309774965,-0.314219739906266,-1.33717753867082,237.593937473874
204047.600000143,24.9770955927112,121.550961680818,22.7588217053562,-0.344948355587089,-1.27705158411416,237.495291639329
204047.700000048,24.9770949123957,121.550954188228,22.7203425867483,-0.336766274905075,-1.2417240754223,237.422109279851
204047.800000191,24.9770943221484,121.550946529114,22.6946858149022,-0.261144154446479,-1.24990109247268,237.349533483722
204047.900000095,24.9770935388097,121.550938727774,22.6696982672438,-0.173835249079634,-1.19757456807104,237.261099207203
204048,24.9770928453291,121.550931034762,22.6383418263867,-0.14923712854068,-1.20035364306839,237.178959520395
204048.100000143,24.9770922814388,121.550922968649,22.6115206247196,-0.192322414144973,-1.15932381125483,237.056938228223
204048.200000048,24.9770916296772,121.550915059801,22.5866734329611,-0.214366077780953,-1.02262813637695,236.910227940732
204048.300000191,24.9770908853105,121.550906950729,22.5541591793299,-0.24214325670252,-0.936772880535613,236.738296428791
204048.400000095,24.9770900404633,121.550898751803,22.5249227238819,-0.30143082061729,-0.898581837000142,236.517805516643
204048.5,24.9770893932705,121.550890462931,22.4899246282876,-0.312716575415397,-0.891671334084335,236.297642503823
204048.600000143,24.9770884392773,121.550882079018,22.4576294934377,-0.386485468454616,-1.02189135000889,236.140826092753
204048.700000048,24.9770875265209,121.55087363742,22.4278062060475,-0.334423915218689,-1.12581679556243,235.895744012426
204048.800000191,24.9770867155943,121.550865058132,22.411115180701,-0.428350877162333,-1.24301415362632,235.713387799389
204048.900000095,24.9770857868652,121.550856542936,22.383165102452,-0.545148050849407,-1.24833689821577,235.492016265383
204049,24.9770847999828,121.550847920678,22.353780400008,-0.582121285253108,-1.19650694135115,235.294792179441
204049.100000143,24.9770838939115,121.550839280004,22.3249778728932,-0.641333130731398,-1.11548607183834,235.058518458924
204049.200000048,24.9770828851327,121.550830503245,22.2961351247504,-0.632439526688353,-0.997111986665105,234.912569169679
204049.300000191,24.9770818427666,121.550821676176,22.2684770207852,-0.686569351955307,-0.891335764720579,234.814184782879
204049.400000095,24.977080721954,121.550812799975,22.2375099109486,-0.731382716967237,-0.87476263969624,234.75664505793
204049.5,24.977079655205,121.550803851835,22.2152073858306,-0.585082095101275,-0.821668147162746,234.716778755402
204049.600000143,24.9770784410625,121.55079466138,22.1734283287078,-0.49678044166453,-0.853914135395013,234.659974079593
204049.700000048,24.9770772095682,121.550785606015,22.162605445832,-0.424101373136582,-0.889418651581627,234.644342800068
204049.800000191,24.9770762557947,121.550776207521,22.1110098678619,-0.237777554491562,-0.960881813898592,234.57916647883
204049.900000095,24.9770748494,121.550766995985,22.0954484641552,-0.267353764100209,-1.10687703949695,234.619836488351
204050,24.9770737826677,121.550757612862,22.0932745719329,-0.291851568019001,-0.938014442014538,234.546691046527
204050.100000143,24.9770727559889,121.5507483634,22.0823483774439,-0.444463300902789,-0.612379613527418,234.546704864927
204050.200000048,24.9770714920955,121.550739204563,22.0313891535625,-0.733602492675444,-0.262877418912042,234.499281695997
204050.300000191,24.977070333645,121.550729514591,21.9900059970096,-0.663059474251059,-0.200011298369372,234.499807297551
204050.400000095,24.9770692029299,121.550719984203,21.9685826674104,-0.585618621236375,-0.391354628457393,234.473744267906
204050.5,24.9770680468508,121.550710305905,21.9692044733092,-0.450215143602562,-0.497393255673786,234.425680105307
204050.600000143,24.977066722553,121.550700777961,21.9561080206186,-0.467848700588861,-0.360605453609479,234.433012276835
204050.700000048,24.9770653614792,121.550691188655,21.9330922001973,-0.646873814366082,-0.155124667542343,234.401535951301
204050.800000191,24.9770643469974,121.55068147982,21.9245836129412,-0.469030157077862,0.125942338383136,234.377702479714
204050.900000095,24.9770630591739,121.550671810372,21.8903266191483,-0.224139196964145,0.139116850140685,234.386648285768
204051,24.9770618662525,121.550661852964,21.8724434385076,-0.134789274637659,-0.116099040757166,234.361014839094
204051.100000143,24.9770605698415,121.550652033022,21.8652285626158,-0.632236182374006,-0.276243522077635,234.432960414611
204051.200000048,24.9770594109957,121.550642243406,21.8867079298943,-0.726923575585703,0.0929134307320032,234.517591893343
204051.300000191,24.9770582523883,121.550632379131,21.8505573971197,-0.855600410878052,0.596223231599463,234.537492811665
204051.400000095,24.9770568930685,121.550622361789,21.8310730885714,-0.663205819873229,0.756660325472639,234.512200222356
204051.5,24.9770556671331,121.550612216105,21.8144205836579,-0.674317793655093,0.597754352160418,234.520520056841
204051.600000143,24.9770544528093,121.550602045763,21.8338572643697,-0.967950477145535,0.4518038268668,234.454338465694
204051.700000048,24.9770533219167,121.550592215918,21.8449177341536,-1.04120886092019,0.669868326662281,234.325976442336
204051.800000191,24.9770519376552,121.55058220891,21.8446416202933,-1.05650305140406,0.931607822091038,234.229917733689
204051.900000095,24.9770505551973,121.550572194064,21.8225621487945,-0.969240476002907,0.95720234684094,234.089591842641
204052,24.9770492991159,121.550562295805,21.8298125257716,-0.824158143423018,0.803719556867136,233.947433785667
204052.100000143,24.9770480213146,121.550552270468,21.8528157938272,-0.941855775711438,0.733397131890124,233.810254400842
204052.200000048,24.9770466936958,121.550542487964,21.8631217423826,-0.966862726115497,0.919020709579227,233.720207303999
204052.300000191,24.9770452872594,121.550532652217,21.8714171769097,-0.9189575074281,1.249498994382,233.633132527404
204052.400000095,24.9770438329232,121.550522686288,21.8711675303057,-0.877584358416796,1.38923702717172,233.56721731987
204052.5,24.977042597206,121.55051286259,21.8697454323992,-0.702748081663159,1.37965173148087,233.558258586741
204052.600000143,24.9770412130646,121.550502995949,21.8870262568817,-0.699810767601293,1.22362173451025,233.605328575455
204052.700000048,24.9770398950881,121.550493237738,21.9028413714841,-0.879439237521082,1.12518137382721,233.59047111082
204052.800000191,24.9770384275979,121.55048349327,21.9167817980051,-1.0766002868296,1.12232926115902,233.592380451396
204052.900000095,24.9770371789482,121.550473776432,21.9194043232128,-1.15044374535712,1.25731601944066,233.585221282011
204053,24.9770360049659,121.550464201658,21.9380734516308,-1.19552758653271,1.41374629283419,233.603369222787
204053.100000143,24.9770345564546,121.55045443779,21.9608042370528,-1.0223862129552,1.68396292180916,233.619665780995
204053.200000048,24.9770330481689,121.550444719783,21.9792611664161,-0.97973755917231,1.98788346393816,233.678941131018
204053.300000191,24.9770318481107,121.550435367038,21.9976219711825,-0.614681405652035,2.27652766273533,233.804789925372
204053.400000095,24.9770306547762,121.550425455764,22.0001610843465,-0.402624976170061,2.18349732120214,233.940108970602
204053.5,24.9770293082226,121.55041589694,22.0217600800097,-0.466691421338603,1.85012694914224,234.04776112096
204053.600000143,24.9770279901632,121.550406393108,22.0551772983745,-0.592298607999083,1.62879246948101,234.163246645772
204053.700000048,24.9770267534659,121.550396866264,22.0812747655436,-0.803967100847679,1.60544084794795,234.271497115357
204053.800000191,24.977025591743,121.550387281353,22.1011394783854,-0.946694360379115,1.66090207715915,234.299187966186
204053.900000095,24.9770243593496,121.550377938181,22.1043090810999,-1.0968157726946,1.58330942082019,234.284586056158
204054,24.9770233220067,121.550368800026,22.1201342139393,-1.06641485752907,1.50642524503983,234.315521469976
204054.100000143,24.9770218163634,121.550359131663,22.1334117334336,-1.11626408616917,1.47298095301724,234.210444932227
204054.200000048,24.9770205513802,121.550349948907,22.1504495861009,-1.1522938543908,1.50033444501541,234.071344076715
204054.300000191,24.9770193245782,121.550340781108,22.1676884470508,-1.03391005006862,1.58958919668689,233.873448152125
204054.400000095,24.9770179839443,121.55033147154,22.1835864372551,-1.06864819612907,1.57663048841576,233.612560099662
204054.5,24.9770166240032,121.550322345974,22.2008598456159,-0.987728532797439,1.56884131155596,233.258345389661
204054.600000143,24.9770150261181,121.550313016203,22.2176841096953,-0.941273561234337,1.57118154516055,232.879395412009
204054.700000048,24.9770135418204,121.550303794529,22.2265361677855,-1.03283688215283,1.47610828272644,232.396144393841
204054.800000191,24.9770120551443,121.550294922081,22.2487267814577,-0.95371320885579,1.48415535427084,231.943553630776
204054.900000095,24.9770103927424,121.550285618456,22.2604702766985,-0.970451810972353,1.43592902426462,231.358450588315
204055,24.9770086960359,121.55027672672,22.2701811715961,-0.850087659918399,1.34336583766613,230.822003286246
204055.100000143,24.9770069331113,121.550267699204,22.2895473754033,-0.990550369166845,1.24388731542862,230.164633387186
204055.200000048,24.9770051383186,121.550258966671,22.3128344975412,-1.16898139534056,1.28838350564359,229.489985438719
204055.300000191,24.9770034819322,121.550250038232,22.3221259573475,-1.3522062909364,1.48036354831708,228.925296042536
204055.400000095,24.9770012731265,121.550241382656,22.3316983068362,-1.28959177397571,1.63438218208631,228.265058076669
204055.5,24.9769992790562,121.550232146821,22.330213105306,-1.31106625382423,1.56427185905403,227.60340878269
204055.600000143,24.9769971917006,121.550223265583,22.3529806453735,-1.48514382485316,1.39381982281976,226.990031055394
204055.700000048,24.9769947145657,121.550214331421,22.3771789129823,-1.65374612590507,1.38214785458268,226.295715304954
204055.800000191,24.9769925916463,121.550205583179,22.387703852728,-1.63448307196466,1.49779253729246,225.731035423509
204055.900000095,24.976989787785,121.550196650585,22.3978460533544,-1.64033047341456,1.56221400328248,225.108772387923
204056,24.9769872484632,121.550187534855,22.4168811943382,-1.67790364794275,1.55087634265177,224.434829112905
204056.100000143,24.9769847551775,121.550178521242,22.4386507505551,-1.66138784269172,1.5695126735323,223.760599503835
204056.200000048,24.9769822546207,121.550169921863,22.4552849624306,-1.65120260698614,1.54499740111523,223.225462231414
204056.300000191,24.9769794496598,121.55016149702,22.4723284542561,-1.62289408170616,1.50633655507742,222.632889761173
204056.400000095,24.9769766396972,121.550152801387,22.4869657764211,-1.74405464982036,1.38136150735177,222.129356362854
204056.5,24.9769735090867,121.550144124537,22.5058530531824,-1.75752211076375,1.33103171854467,221.594130008546
204056.600000143,24.9769705641005,121.550135373524,22.5274866810068,-1.67537946039144,1.40914886905697,221.091075195521
204056.700000048,24.9769675726559,121.550126923844,22.5375454751775,-1.68030123296642,1.43844815488949,220.706312061566
204056.800000191,24.9769645955871,121.55011867306,22.5581811256707,-1.55559135053669,1.49375981051745,220.22356776914
204056.900000095,24.9769615916704,121.550110811567,22.5706740887836,-1.4274132523611,1.48203234284771,219.820896524584
204057,24.976958276028,121.550102358976,22.5882750237361,-1.45316937763499,1.46940764503196,219.384688916529
204057.100000143,24.9769552389256,121.550094381025,22.6065266821533,-1.27804512453351,1.49202191583684,218.941879922252
204057.200000048,24.976951516627,121.550085829349,22.6134424209595,-1.3827133462031,1.27303457530715,218.453043667407
204057.300000191,24.9769482713116,121.550077558705,22.6336063137278,-1.52956073890671,1.06218504229482,217.903067421698
204057.400000095,24.9769448802328,121.550070130523,22.6566222133115,-1.53856385190479,1.00354927597806,217.394724458
204057.5,24.9769414864063,121.55006203471,22.6781750144437,-1.78358525069659,0.996298180322234,216.725277140029
204057.600000143,24.9769381719696,121.550054598273,22.6817775880918,-1.87818308828887,1.13396588669417,216.041359781341
204057.700000048,24.9769360534498,121.550047579727,22.6842871205881,-2.00072780150242,1.07583252968899,215.462349828936
204057.800000191,24.9769322146206,121.550039898141,22.6927625015378,-2.00903696720775,1.00711445394512,214.743635425242
204057.900000095,24.9769287088114,121.550032187244,22.7082824660465,-2.0667322657276,0.904943425522389,214.06055198321
204058,24.9769248711857,121.55002462341,22.7287045074627,-2.06839658455446,0.894893590380558,213.265908104323
204058.100000143,24.9769208965852,121.550017440471,22.745995093137,-2.11856306694553,0.902438830334346,212.415445176308
204058.200000048,24.9769166734052,121.550010029764,22.7602287400514,-2.24923512558083,0.944114072515717,211.566261733517
204058.300000191,24.9769126867056,121.550002714501,22.7622688021511,-2.48510603293917,0.935735262357625,210.598583638229
204058.400000095,24.9769084896138,121.549995461031,22.7739612739533,-2.59204024423925,0.881278837329038,209.526243445681
204058.5,24.9769043889992,121.549988321532,22.7889861101285,-2.63544346961634,0.840464773557793,208.545695246586
204058.600000143,24.9769000193994,121.549981329836,22.8106050211936,-2.58996276813847,0.792072292505011,207.394385618657
204058.700000048,24.9768958674687,121.54997462827,22.8313097395003,-2.57796853789396,0.758559637585115,206.350481077808
204058.800000191,24.9768912116234,121.549967873921,22.8297602077946,-2.63229076675575,0.70077926978993,205.131877755709
204058.900000095,24.9768860870146,121.549961113784,22.8433706499636,-2.68177324709706,0.725746097462517,203.887607057034
204059,24.9768808146244,121.549954740176,22.8459531962872,-2.66723152679547,0.82160718176051,202.550809764839
204059.100000143,24.9768765045583,121.549948884582,22.8586130142212,-2.62542111809967,0.849284548794544,201.22025266549
204059.200000048,24.9768714770187,121.549942606502,22.8793012294918,-2.56109867301925,0.850970000898392,199.805657132158
204059.300000191,24.9768657661597,121.549936576956,22.8974780216813,-2.76616942569326,0.919473600459438,198.344367261142
204059.400000095,24.9768604171843,121.549930906384,22.9071486052126,-2.80668151636024,0.986942185218513,196.871011304203
204059.5,24.9768550204769,121.549925055922,22.9259547144175,-2.74280964683197,1.08873863564578,195.408157839952
204059.600000143,24.9768494918003,121.54991937154,22.929543800652,-2.81319772081578,1.10675161620273,193.875395545547
204059.700000048,24.976843446097,121.549913997044,22.9462238084525,-2.84977651466035,0.859146024476136,192.258829534593
204059.800000191,24.9768375616109,121.549908884413,22.9728859839961,-2.81784287491928,0.705418423464732,190.639220480322
204059.900000095,24.9768313876161,121.549903971329,22.9831651868299,-2.81893586472481,0.613276963073891,189.08562665184
204060,24.9768253638956,121.549899102286,23.0042420672253,-2.86926902941589,0.57522339062733,187.458516663604
204060.100000143,24.976819212139,121.549894495753,23.0155394878238,-2.9125689964909,0.677327804969494,185.873597978654
204060.200000048,24.9768127626385,121.549890096788,23.0277583403513,-2.98715512674922,0.748571778802342,184.248265940426
204060.300000191,24.9768063441019,121.549885817653,23.0412204843014,-3.00385799568597,0.813747262683497,182.674080125868
204060.400000095,24.976799924763,121.549881938417,23.057940620929,-2.95127730811877,0.969017247269384,181.126335212183
204060.5,24.9767929187818,121.549877864706,23.0703618247062,-3.08917431730642,0.955888451964108,179.464923093597
204060.600000143,24.9767861041112,121.549874235602,23.0934332739562,-3.04064659344841,1.05595062971879,177.866933981095
204060.700000048,24.9767789329737,121.549870655024,23.112771179527,-2.97420137620781,1.14990442935741,176.258861744067
204060.800000191,24.9767716057012,121.549867448374,23.1282773595303,-3.00384005723619,1.18206934818108,174.641893665123
204060.900000095,24.9767644418859,121.549864352315,23.1430056123063,-2.939563667016,1.06983434142395,173.000251634651
204061,24.9767570608617,121.549861539164,23.1650744229555,-2.90956736931482,0.966857740257819,171.384517808018
204061.100000143,24.9767490949821,121.549858700697,23.187410896644,-2.9162535320996,1.00001375910192,169.717602089131
204061.200000048,24.9767415352256,121.54985621733,23.1957336096093,-2.95779613103306,0.906034314189207,168.107366813558
204061.300000191,24.9767335625553,121.549854056368,23.2106384150684,-2.94286240239589,0.848624346780694,166.532609307643
204061.400000095,24.9767255534187,121.549851860467,23.2313344506547,-2.88543050199644,0.772395984770554,164.912505537532
204061.5,24.9767173081245,121.549850029889,23.2509060250595,-2.82822966729307,0.718763921661815,163.351186017007
204061.600000143,24.9767092598215,121.549848465099,23.2473562471569,-2.78033281532739,0.647996307009107,161.835946114775
204061.700000048,24.9767007747041,121.54984692245,23.2606734158471,-2.71644381907239,0.485335958311161,160.33014990585
204061.800000191,24.9766924199709,121.549845696213,23.2755982428789,-2.65067544048668,0.260697590836771,158.926250984688
204061.900000095,24.9766838796395,121.549844818145,23.2903851559386,-2.6503831055941,0.146529753955146,157.59357159351
204062,24.9766754170819,121.54984385991,23.2872301228344,-2.68600160560401,0.0212045271029084,156.317550586144
204062.100000143,24.9766668875359,121.549843319484,23.2815488884225,-2.78735982246628,-0.219526761730267,155.152597275933
204062.200000048,24.9766578493602,121.549842898488,23.3060826659203,-2.85705597166173,-0.376287767781188,153.977333978943
204062.300000191,24.976649144592,121.549842613048,23.319225711748,-2.99723291296974,-0.326367908212861,152.88624117669
204062.400000095,24.9766404849196,121.549842344527,23.3107694080099,-3.0645482713742,-0.187718608541365,151.924372480783
204062.5,24.9766313599262,121.549842548782,23.2966614617035,-3.07411415373607,-0.177938019528185,151.039294338768
204062.600000143,24.9766225724881,121.549842675083,23.2977782292292,-3.1098819409966,-0.307110522262779,150.263575439272
204062.700000048,24.9766135885213,121.549842988327,23.3100950745866,-3.05334954367882,-0.285047128906891,149.527416776618
204062.800000191,24.976604406485,121.549843309881,23.3168416209519,-3.06149282953148,-0.187440499874527,148.896969622097
204062.900000095,24.9765954228967,121.549843970931,23.3139957869425,-3.10707437274257,-0.184319631537473,148.400759974378
204063,24.976586363668,121.549844505135,23.310910128057,-3.06687270221128,-0.196053959589975,147.870101027417
204063.100000143,24.9765773786235,121.549845177699,23.3145693978295,-3.08532105816353,-0.211884203462289,147.44170705952
204063.200000048,24.9765683136205,121.54984600277,23.3199996175244,-3.01617167163614,-0.199648154998152,147.107985579339
204063.300000191,24.9765592663537,121.549846789039,23.3144122455269,-2.84315280474824,-0.236963144570816,146.807349533257
204063.400000095,24.9765498699225,121.54984772261,23.3150296024978,-2.81352842727074,-0.318596183343847,146.575080060956
204063.5,24.9765406506254,121.549848626551,23.3223119480535,-2.63839545994477,-0.37168275294801,146.412257843632
204063.600000143,24.9765315944755,121.549849713915,23.3324451344088,-2.57111008568471,-0.355865063193237,146.333248151337
204063.700000048,24.9765225186128,121.549850783833,23.3267740895972,-2.55356565389142,-0.327232029032483,146.264268495645
204063.800000191,24.9765135010776,121.549851945636,23.3274317439646,-2.51790853949035,-0.272062129620197,146.220115744221
204063.900000095,24.9765045253942,121.549852981268,23.3195341508836,-2.4775672268566,-0.297785109488763,146.172714131077
204064,24.9764956388238,121.54985392762,23.3154896786436,-2.52906584731196,-0.38918064103808,146.123617110536
204064.100000143,24.9764865017657,121.549854935538,23.3203030470759,-2.51351318312389,-0.350645734248739,146.113149441
204064.200000048,24.9764774251469,121.549855955721,23.3294134093449,-2.54079947278522,-0.273868683330919,146.092037620404
204064.300000191,24.9764684230784,121.549857047194,23.3230420015752,-2.54767308541143,-0.239939525065843,146.08141062603
204064.400000095,24.9764595153035,121.549858079985,23.326035130769,-2.55224801419939,-0.217234420363603,146.070542102188
204064.5,24.9764506768795,121.549859147046,23.3183326106519,-2.58364738486501,-0.235876451015888,146.092791908613
204064.600000143,24.9764417606468,121.549860111491,23.3213002150878,-2.62828803747647,-0.303242977617385,146.079789542938
204064.700000048,24.9764326185728,121.54986126359,23.3283721068874,-2.524980154382,-0.29350773555746,146.068912886965
204064.800000191,24.9764237343397,121.549862248239,23.3263436919078,-2.48878812325442,-0.355754959524866,146.044924908346
204064.900000095,24.9764148139949,121.549863223163,23.3264164235443,-2.52245371976878,-0.363153936606323,146.067386009603
204065,24.9764059604083,121.549864393487,23.3288575131446,-2.55407205838696,-0.323884050780765,146.113621852622
204065.100000143,24.9763968529186,121.549865489391,23.3253031810746,-2.54514727203641,-0.310612577539338,146.125307814302
204065.200000048,24.9763878541259,121.549866534437,23.3169144243002,-2.45022702253029,-0.374284409615906,146.182515487256
204065.300000191,24.9763787680442,121.549867718541,23.3176923887804,-2.40042911131491,-0.446159570625839,146.192538914443
204065.400000095,24.9763697514212,121.549868753623,23.3137024343014,-2.34174794398694,-0.446294091324336,146.216973104817
204065.5,24.9763605604769,121.549869698507,23.3085002880543,-2.24961261325717,-0.439936936498521,146.262923975845
204065.600000143,24.9763514262825,121.549870802813,23.290853522718,-2.12751439531084,-0.520939789652514,146.308825745445
204065.700000048,24.9763420831837,121.549871859083,23.2833159128204,-1.95787577583149,-0.661787655477981,146.331388495163
204065.800000191,24.976332693484,121.549873063924,23.281043337658,-1.99303119390074,-0.774777110485432,146.351954299788
204065.900000095,24.976323340155,121.549874128676,23.2716107666492,-1.93229962251709,-0.785603584432062,146.352182458049
204066,24.9763136716304,121.549875359513,23.2566858809441,-1.92611904833039,-0.760091403010107,146.305721293465
204066.100000143,24.9763043830919,121.549876423617,23.241344708018,-1.98897851095547,-0.795816741876943,146.270583123232
204066.200000048,24.9762947675393,121.549877569582,23.2290796553716,-1.97367765326723,-0.814762180847513,146.200693922336
204066.300000191,24.9762852719923,121.549878725836,23.2279029199854,-1.90484241882458,-0.694310112963693,146.146360239462
204066.400000095,24.9762759460177,121.549879818792,23.2203787062317,-1.94854752263348,-0.538713386372315,146.101800698109
204066.5,24.9762665218113,121.549880747748,23.203002997674,-1.8975404710168,-0.387344101609038,146.070455637907
204066.600000143,24.976257026243,121.54988214959,23.1895235665143,-1.84603868789582,-0.410917542896986,146.011941708848
204066.700000048,24.9762476563356,121.549883412624,23.1851728530601,-1.8369627608672,-0.455262719447518,145.97717535309
204066.800000191,24.9762381134846,121.54988443446,23.1835502823815,-1.82349831052826,-0.463831344238753,145.95436867045
204066.900000095,24.9762286487833,121.549885542083,23.1681511774659,-1.84618692102211,-0.468041311333922,145.92998369247
204067,24.9762193803849,121.549886690147,23.1581420237198,-1.83713342653737,-0.51257927133516,145.906582918236
204067.100000143,24.9762097988317,121.549888003145,23.1542399907485,-1.9048101573733,-0.525494597649352,145.859112084731
204067.200000048,24.9762003990615,121.549889025444,23.1493991632015,-1.88026577583068,-0.473172903376331,145.82600030898
204067.300000191,24.9761910907132,121.54989018626,23.1398008950055,-1.86918669496733,-0.411905358348435,145.79296528031
204067.400000095,24.9761816916609,121.54989149798,23.1300744479522,-1.82900314607493,-0.380014320199727,145.769381407332
204067.5,24.9761723771513,121.549892601364,23.1315547795966,-1.89202780701846,-0.299024039909247,145.759149720597
204067.600000143,24.9761631525089,121.549893679235,23.1214131051674,-1.88757994085888,-0.262489789804448,145.725685017154
204067.700000048,24.9761537400074,121.549894898353,23.1232525380328,-1.88554277109926,-0.214154514401049,145.656806809252
204067.800000191,24.9761442419575,121.549896270474,23.1176638826728,-1.99584324194045,-0.304750621779401,145.562627196297
204067.900000095,24.976135037086,121.549897463264,23.1127654518932,-2.05264809293875,-0.430764788957387,145.44356336901
204068,24.9761255386154,121.54989876832,23.1065507391468,-2.18889072288373,-0.570016713661265,145.208610806214
204068.100000143,24.9761161758189,121.549900314247,23.1102131633088,-2.2925090780915,-0.640725532017644,144.824140990709
204068.200000048,24.9761068076524,121.549901746601,23.1062316056341,-2.36668439079561,-0.621698697496447,144.362162373335
204068.300000191,24.9760975763267,121.549903100695,23.0921009518206,-2.41550363654901,-0.677911705186418,143.850087877921
204068.400000095,24.9760883316294,121.549904670555,23.0836574258283,-2.38593110314864,-0.719235932547597,143.327414503474
204068.5,24.9760791393381,121.549906440783,23.0724860802293,-2.37396607042132,-0.728705037019861,142.793987146297
204068.600000143,24.9760700060395,121.549908298419,23.0819416614249,-2.34229195406267,-0.65182094789854,142.179597201988
204068.700000048,24.9760608241811,121.549910170619,23.0632094219327,-2.38019377023203,-0.64211323236094,141.43719420384
204068.800000191,24.9760515786119,121.549912352118,23.0661080926657,-2.29433561380343,-0.610632295984323,140.599751116692
204068.900000095,24.9760425423949,121.549914683165,23.0489377295598,-2.32000826887346,-0.60732638076202,139.702680958338
204069,24.9760334050913,121.549917154683,23.0516366614029,-2.31714261937222,-0.562248321645219,138.676355381677
204069.100000143,24.9760245090619,121.549919727141,23.0484432177618,-2.17911811332065,-0.395009966396785,137.605819990139
204069.200000048,24.9760156195081,121.549922685069,23.0375010920689,-2.17184095494023,-0.371581921231171,136.443989887432
204069.300000191,24.9760067033404,121.549925736311,23.0405996330082,-2.22159028014741,-0.456399582201186,135.187843420303
204069.400000095,24.9759977853906,121.54992903978,23.0335980141535,-2.13422522724292,-0.559164874886823,133.81860729634
204069.5,24.9759891670463,121.549932417342,23.0439857905731,-2.09795325080884,-0.495137751357706,132.427256484801
204069.600000143,24.9759805726582,121.54993613652,23.0359051544219,-2.23800410907104,-0.523997083503353,130.980493420314
204069.700000048,24.9759721631337,121.549939871585,23.0272061629221,-2.35434854301868,-0.581809673177885,129.505098118539
204069.800000191,24.9759634829389,121.549944076485,23.02082902845,-2.48204786505609,-0.693025905128537,127.960674177605
204069.900000095,24.9759554902556,121.549948260587,23.0171516910195,-2.44223338059332,-0.760917736036921,126.40382608026
204070,24.9759471174906,121.549952851843,23.0300862779841,-2.48729722267076,-0.715862697777095,124.802388676429
204070.100000143,24.9759392122456,121.549957521711,23.0280892215669,-2.58878994979036,-0.601483486486792,123.220339035535
204070.200000048,24.9759312511373,121.549962502299,23.0181223638356,-2.62963894037309,-0.415340284152976,121.596683272082
204070.300000191,24.9759235323964,121.549967863841,23.0087734861299,-2.60147476810168,-0.401313892120235,119.950921893067
204070.400000095,24.9759158991077,121.549973425566,23.0298925582319,-2.31330491569213,-0.1908501568019,118.240409667197
204070.5,24.9759087304085,121.54997919316,23.0196304321289,-2.31014904420726,-0.0544444917820368,116.58729020372
204070.600000143,24.9759014816273,121.54998518437,23.0085674468428,-2.28448807084286,-0.136874247434039,114.88490277849
204070.700000048,24.9758943334971,121.549991489822,23.0121152531356,-1.94598675990711,-0.292679195188303,113.162551357184
204070.800000191,24.9758875596956,121.549998066301,23.0282200463116,-1.71776742781805,-0.355398696411479,111.402755937594
204070.900000095,24.9758809435699,121.550004762087,23.0282507864758,-1.72379335994296,-0.432141574039475,109.602162372655
204071,24.9758744303786,121.550011479329,23.0188762508333,-1.95769772130036,-0.548327942098955,107.805409803174
204071.100000143,24.9758682888492,121.550018487643,23.0108668655157,-2.25554049037661,-0.671054325001029,105.986963807038
204071.200000048,24.9758620097962,121.550025776751,23.0237871073186,-2.56574589507665,-0.759026956493575,104.121592993646
204071.300000191,24.9758564032332,121.550032836005,23.0055262129754,-2.83984679813751,-0.752011318424292,102.298468128224
204071.400000095,24.975850589873,121.550040576414,23.0076622767374,-3.01586506849784,-0.824688542273392,100.41569456308
204071.5,24.9758451872495,121.550048425526,22.9962861342356,-3.15053998208692,-0.961915927486046,98.6061153595675
204071.600000143,24.9758399722035,121.550056179655,23.0152477091178,-3.15446990825987,-0.869079072960529,96.8586789371051
204071.700000048,24.9758350794453,121.550064428387,23.0068611670285,-3.13091363867316,-0.724952357686617,95.1675992912152
204071.800000191,24.9758301773734,121.550072911185,23.0125685557723,-3.14473238746896,-0.512723496435808,93.5104345811813
204071.900000095,24.9758256319405,121.550081379391,23.024622483179,-3.21136703316094,-0.214675655433302,91.9319629589367
204072,24.9758210619866,121.550090063717,23.0152650112286,-3.25383455530803,0.0179240940012952,90.4405990685673
204072.100000143,24.9758167451799,121.5500990598,23.0028967466205,-3.32642731211204,-0.0635311512662505,89.0256534424887
204072.200000048,24.9758126692427,121.550108315222,22.999398755841,-3.27487048264547,-0.389477202860305,87.6635765407611
204072.300000191,24.9758085998628,121.550117908311,23.0326336910948,-3.21724754385259,-0.529397946302661,86.3506238166699
204072.400000095,24.9758047399546,121.550127467613,23.0528272045776,-3.16336666184538,-0.358125577975416,85.1449857637401
204072.5,24.9758012719937,121.550137251475,23.0410566264763,-3.14110571193876,-0.117037173527877,84.0165537011085
204072.600000143,24.9757975902667,121.550146940484,23.0403775889426,-2.90697066991153,0.019721111699371,83.041023800601
204072.700000048,24.9757943671971,121.550156966509,23.0324701154605,-2.77398588494198,0.00590894579754917,82.120430587081
204072.800000191,24.9757910659428,121.550167377904,23.0387256452814,-2.65891963841887,-0.0892534044340505,81.2053336386246
204072.900000095,24.975788014033,121.550177835811,23.0555663108826,-2.608646759767,-0.0632463930542571,80.287230385043
204073,24.9757848477633,121.55018830324,23.0632262295112,-2.66217212024612,0.0402457779148653,79.3870149097457
204073.100000143,24.9757818448081,121.550198931393,23.066727835685,-2.59298246215336,0.169222887868038,78.4884864949429
204073.200000048,24.975779041183,121.550209744891,23.0662760203704,-2.59923645247121,0.229976862104442,77.5960448098031
204073.300000191,24.9757767559184,121.550220836301,23.0685645230114,-2.64238488257514,0.233962821274701,76.6224630330885
204073.400000095,24.9757743170398,121.550231868243,23.0823504878208,-2.59402487766175,0.247806716638852,75.6819845351204
204073.5,24.9757717373012,121.550242931414,23.0910678943619,-2.59648584336069,0.258072534631248,74.765470355287
204073.600000143,24.9757696387483,121.550254088399,23.1080579441041,-2.60385866517527,0.258716270673532,73.8169084352431
204073.700000048,24.9757675760575,121.550265333678,23.1086781239137,-2.64653238356641,0.238023402984347,72.8679518940746
204073.800000191,24.9757655103262,121.550276940197,23.1197417415679,-2.59728518834839,0.200034491510877,71.8862710985723
204073.900000095,24.9757637739777,121.550288474984,23.1338329734281,-2.66191821725899,0.190292439369332,70.9297590628943
204074,24.9757623451199,121.550299733893,23.1422740165144,-2.55254972360189,0.196940698983295,69.9895473085595
204074.100000143,24.9757608884938,121.550311255774,23.1456228736788,-2.43845160850667,0.16059921189978,69.0565017070657
204074.200000048,24.975759645472,121.550322973931,23.1772210244089,-2.36458952598601,0.220870088849699,68.101183340758
204074.300000191,24.9757587024964,121.550334507855,23.1841060314327,-2.33531587608703,0.316874431790691,67.1462130782925
204074.400000095,24.9757577858383,121.55034596513,23.1842573639005,-2.50293217829614,0.309384898119298,66.2621807826494
204074.5,24.9757570194208,121.550357889026,23.2093733418733,-2.60476871372524,0.282154006816183,65.3450635975941
204074.600000143,24.9757564028553,121.550369254682,23.220148623921,-2.80290599698878,0.295964711111507,64.4691869068808
204074.700000048,24.9757561689067,121.550381002923,23.2380239460617,-2.80794247934939,0.280496517780612,63.6482359979911
204074.800000191,24.9757557754218,121.550392785621,23.2473344923928,-2.76019298231775,0.288125271863082,62.8039854457299
204074.900000095,24.9757558580515,121.550404068396,23.257983612828,-2.55500339481024,0.19849176633017,62.1189197984486
204075,24.9757560787701,121.550415727206,23.2603629585356,-2.47829546841114,-0.0166621508224171,61.3744221823409
204075.100000143,24.9757561333986,121.550427648722,23.2989690219983,-2.42378099861865,-0.155482810368813,60.6964232403332
204075.200000048,24.9757565372608,121.550439162094,23.3253668760881,-2.37843170925567,-0.023732409049926,60.1210070387295
204075.300000191,24.9757568362446,121.55045076598,23.3307146560401,-2.53118724186955,0.176352066315397,59.5721649307633
204075.400000095,24.9757574716458,121.550462109208,23.3132141539827,-2.55002539773358,0.19819072782657,59.1323574760275
204075.5,24.975757747666,121.550473812647,23.3161047939211,-2.53387109351994,0.102791838745051,58.7221067698421
204075.600000143,24.9757584710553,121.550485358576,23.3507734723389,-2.43761872091332,0.0892503554979736,58.4370963924079
204075.700000048,24.975759115443,121.550496774222,23.3583012400195,-2.48840205279956,0.100345818576917,58.1599217360414
204075.800000191,24.9757596936483,121.550508298945,23.3567811753601,-2.60419809790279,0.0299441421819769,57.9221448282182
204075.900000095,24.9757604756822,121.550519820215,23.3619326045737,-2.7699149758359,-0.117374260244474,57.6894693964401
204076,24.9757610963504,121.550531159422,23.3869341043755,-2.8073319407875,-0.17068850050715,57.5001430146028
204076.100000143,24.9757620718893,121.550542622919,23.391037077643,-2.88686180312394,-0.183632892453567,57.3278047546238
204076.200000048,24.9757630445551,121.550553996547,23.4047051789239,-2.99513574404174,-0.178764280131548,57.197062363276
204076.300000191,24.9757638961043,121.550565390157,23.4212977038696,-3.07336164650503,-0.041405024643421,57.0126241971585
204076.400000095,24.9757646176031,121.550576584364,23.4385290490463,-3.05019933445116,0.165113681577435,56.9125594464525
204076.5,24.9757656425467,121.550587912765,23.4366727182642,-3.09621063749642,0.30774747823358,56.7928262552387
204076.600000143,24.9757665330426,121.550599125516,23.4500890485942,-3.01080791087357,0.376715785961159,56.7461502332696
204076.700000048,24.9757676903122,121.550610502968,23.463634875603,-2.89053218521386,0.435637087430533,56.7311559587265
204076.800000191,24.9757685950446,121.550621837946,23.478098067455,-2.81682173057403,0.403258133079556,56.6566900711436
204076.900000095,24.9757696184074,121.550632996448,23.4907756727189,-2.70172846663451,0.328119374375652,56.6545129157444
204077,24.9757707117649,121.550644466452,23.5168674429879,-2.60915363117226,0.324113564512217,56.5898270782124
204077.100000143,24.9757716791456,121.550655466646,23.5420904438943,-2.50180089994545,0.404564037787729,56.5912800055782
204077.200000048,24.975772675049,121.550666717081,23.5502086905763,-2.40391312045885,0.492157179762422,56.551550539434
204077.300000191,24.9757738435017,121.550678036333,23.5619312068447,-2.38463155757904,0.479937062219638,56.5351327496736
204077.400000095,24.9757747668324,121.550688925903,23.5799168813974,-2.38079898855232,0.423948576695073,56.4766502256701
204077.5,24.9757757583449,121.550700049097,23.6005860697478,-2.42231768932218,0.465814495576674,56.4364639266229
204077.600000143,24.9757769534567,121.550711296441,23.6133771575987,-2.54643815536645,0.505929999790768,56.4469277533967
204077.700000048,24.975777869128,121.550722519018,23.6294962437823,-2.59103624323056,0.522647931851082,56.3972082132086
204077.800000191,24.9757789504219,121.55073337149,23.6411467250437,-2.60982485398998,0.536287191730723,56.3493710140173
204077.900000095,24.9757800929388,121.550744406691,23.6749616870657,-2.58780177818523,0.590830162644872,56.3344231493155
204078,24.975781046569,121.550755245714,23.6993244970217,-2.50641989970085,0.798585209630813,56.3133968566556
204078.100000143,24.9757822492676,121.550766371778,23.7224676422775,-2.14835757445493,1.11360731557052,56.2525055996869
204078.200000048,24.9757834541225,121.550777474708,23.7570016346872,-2.00266402655411,1.33480529431185,56.1976532800131
204078.300000191,24.9757844825734,121.550788038753,23.7703460017219,-1.99064291160544,1.47815859960702,56.1909207933615
204078.400000095,24.9757856524684,121.550799081017,23.809461100027,-1.93086100863147,1.67287868302155,56.1682721802504
204078.5,24.9757865802379,121.550809978904,23.836851676926,-1.98219937672712,1.84452449502292,56.1559179048125
204078.600000143,24.9757878289139,121.550820772384,23.8756580613554,-2.10265289438939,1.91176286579768,56.108766616543
204078.700000048,24.9757888948206,121.550831533018,23.8972760504112,-2.15973692744159,1.86670675571292,56.1179597652714
204078.800000191,24.975789863665,121.550842473049,23.9316784255207,-2.14259315962887,1.62200916342831,56.1061199276512
204078.900000095,24.9757910317639,121.550853008954,23.9679941786453,-2.06127534834947,1.39163427301922,56.027446886202
204079,24.975792007865,121.550863774357,24.0195269389078,-2.0414637403615,1.29711484033922,55.9842865003089
204079.100000143,24.9757932410073,121.550874363768,24.0476554371417,-2.11068505517978,1.35859499581139,55.9128273500171
204079.200000048,24.9757942197375,121.550884806048,24.0846601119265,-2.19388174121771,1.48203616804973,55.9322469389552
204079.300000191,24.9757952761774,121.550895337788,24.1143898889422,-2.24142836684361,1.63876508238848,55.8855868534532
204079.400000095,24.9757963285038,121.550905479129,24.1344656748697,-2.29825513840735,1.71866029830581,55.8558649006333
204079.5,24.9757974565126,121.550915845892,24.166320852004,-2.23726086446256,1.70694248234204,55.8134780051714
204079.600000143,24.9757985192575,121.550926055765,24.2140229558572,-2.21844511969245,1.69398776262846,55.8290149925597
204079.700000048,24.975799376979,121.550935940336,24.2413237383589,-2.18929874657436,1.71685519970434,55.7968850242855
204079.800000191,24.9758006564663,121.550945779889,24.2893503326923,-2.05500641028775,1.83549010961436,55.7488010192674
204079.900000095,24.9758015693298,121.550955738254,24.3127732221037,-2.12525194605323,1.85447814171425,55.7572340229217
204080,24.9758026279869,121.550965550615,24.353618979454,-2.17899384001339,1.83559074721171,55.7416781781186
204080.100000143,24.9758037738223,121.550975006866,24.384211987257,-2.10526879075183,1.84257394360465,55.7084935206563
204080.200000048,24.9758047568564,121.550984516428,24.4220482036471,-2.1020652634419,1.82696169029069,55.6990411859787
204080.300000191,24.9758055586813,121.550993862015,24.4506438663229,-2.04134600548686,1.77323316697448,55.6810496103952
204080.400000095,24.9758066073692,121.551003146713,24.4891824498773,-1.99944667932927,1.69111245935448,55.6468381567016
204080.5,24.9758074913328,121.551012309035,24.5181947331876,-2.04689583759967,1.51625402020998,55.6374679923917
204080.600000143,24.9758084821841,121.551021448886,24.5508839134127,-2.03077796563271,1.39573351019124,55.6190558065981
204080.700000048,24.9758093459221,121.551030415846,24.5831217868254,-2.04352376486324,1.33558022103261,55.6090198092325
204080.800000191,24.9758103686439,121.551039240192,24.6246819822118,-2.0905229375203,1.36840457737926,55.5528589538464
204080.900000095,24.9758113433953,121.551048060863,24.6461471254006,-2.17567924230531,1.3856623756006,55.4877693807279
204081,24.9758122571571,121.551056550673,24.6728894943371,-2.23106245373107,1.3853368479964,55.3416907542124
204081.100000143,24.9758132012149,121.551065088165,24.7012468250468,-2.24815933830785,1.35988791768698,55.1786111474965
204081.200000048,24.9758142211585,121.551073426849,24.7192151835188,-2.39581540315868,1.28536740857878,54.9725170048198
204081.300000191,24.9758151556316,121.551081602607,24.7500306637958,-2.41484960410338,1.23811345905539,54.6530730443301
204081.400000095,24.9758161823352,121.551089587641,24.7820582659915,-2.62084142740879,1.22342301039913,54.2606207069042
204081.5,24.9758174684702,121.551097385695,24.7994768666103,-2.73586814299962,1.22216825768014,53.7047102853966
204081.600000143,24.9758184348141,121.551105070058,24.8347936151549,-2.81880991293237,1.22838807953012,53.1233863720978
204081.700000048,24.9758197018584,121.551112783736,24.8611816046759,-2.91601114947218,1.27605589226048,52.4673798908316
204081.800000191,24.9758210414295,121.55112001512,24.8735686214641,-2.980438607274,1.292193101335,51.6795853512769
204081.900000095,24.9758223888993,121.55112736209,24.903000632301,-2.96565716937822,1.28238537271187,50.8235884834198
204082,24.9758236986166,121.551134262055,24.9309605620801,-2.97092755032433,1.30416484930266,49.8860461677887
204082.100000143,24.9758254314547,121.551141196506,24.9485773127526,-2.98571749512009,1.29694154292513,48.7541705682223
204082.200000048,24.9758271059462,121.55114794901,24.9851300017908,-3.10134704442327,1.31033931399125,47.6048187900475
204082.300000191,24.9758287625146,121.551154698365,25.0056837946177,-3.00313434289412,1.31985547795124,46.4115658251433
204082.400000095,24.9758305984186,121.55116104951,25.0275556826964,-2.89417371191188,1.32452496639834,45.0494026890251
204082.5,24.9758325932539,121.551167202114,25.0562276216224,-2.79517800350274,1.26239694418798,43.6213476378859
204082.600000143,24.9758347932433,121.551173284101,25.075443985872,-2.79358586095509,1.1931537804647,42.066540351725
204082.700000048,24.9758369528957,121.55117920644,25.1018025912344,-2.92434172776502,1.13399065170936,40.4284080033349
204082.800000191,24.9758393472454,121.551184879689,25.1191308777779,-2.91224474987954,1.15679873686096,38.5604553932812
204082.900000095,24.9758419071925,121.551190450533,25.1417964203283,-2.77733545377998,1.14357339735859,36.6713227843403
204083,24.9758446798894,121.551195702148,25.1477067060769,-2.71487798667378,1.12050287358889,34.6295493384415
204083.100000143,24.9758475391257,121.551201053604,25.1710451720282,-2.7340059105805,1.03450296756359,32.4387447422788
204083.200000048,24.9758504767255,121.551205962948,25.1986978724599,-2.66730975039143,0.989118366631294,30.211419114088
204083.300000191,24.9758535609477,121.551210810306,25.2227063216269,-2.54962107915858,1.02363293942258,27.8357229380595
204083.400000095,24.9758570005031,121.551215293681,25.229822607711,-2.42468149834368,1.01700011137359,25.2607470239577
204083.5,24.9758606347084,121.551219555622,25.2304249312729,-2.34223315151354,0.911855498379985,22.6589704754177
204083.600000143,24.9758639426336,121.551223767381,25.2366512631997,-2.27413744746844,0.725497430796028,19.931376894197
204083.700000048,24.9758678644872,121.551227865899,25.2684505162761,-2.02270509056879,0.696199528506122,17.3014173739771
204083.800000191,24.9758714755388,121.551231723037,25.2698955582455,-1.84830473294502,0.7016700363126,14.6072067184815
204083.900000095,24.9758761703818,121.551235225568,25.2876546299085,-1.75679257676109,0.614375117412314,11.9904175505101
204084,24.9758803812843,121.551238621152,25.3142363848165,-1.53808751505857,0.720028576614965,9.32481303680261
204084.100000143,24.9758848572116,121.551241820121,25.289404194802,-1.6449969187173,0.86668506796621,6.7340413801146
204084.200000048,24.9758892975766,121.551244998812,25.2822689386085,-1.77024495477653,0.793012609616202,3.99139942107302
204084.300000191,24.9758941496068,121.551248048793,25.2979276236147,-1.91069415888106,0.717511465943159,1.41073724617267
204084.400000095,24.9758988878905,121.551250766261,25.3044696589932,-1.73797846098458,0.661745508193857,358.818085985484
204084.5,24.9759044133746,121.551253115808,25.3028600951657,-1.31755405783665,0.583270512367891,356.231161392728
204084.600000143,24.9759097889137,121.55125534947,25.3119248440489,-1.15383916705467,0.455466230613207,353.677438493543
204084.700000048,24.9759156114115,121.551257447597,25.3026757668704,-1.26067464216045,0.514669106046437,351.3282840893
204084.800000191,24.9759215026795,121.551259416882,25.3064665338024,-1.59202967072331,0.407328923885607,349.006105373595
204084.900000095,24.975927325785,121.551261160017,25.3206768976524,-1.62601682673743,0.42240376187777,346.687405830037
204085,24.9759334989748,121.551262705747,25.3097618510947,-1.66840662460018,0.459965865964861,344.406042058836
204085.100000143,24.9759396188309,121.551263995509,25.3122526099905,-1.52078931558411,0.44311054127446,342.272979501438
204085.200000048,24.9759460895413,121.551264886085,25.3099379949272,-1.53408639417801,0.426833975472202,340.209896547373
204085.300000191,24.9759526862409,121.55126572524,25.2846859740093,-1.57239302892335,0.294043406002438,338.2596555962
204085.400000095,24.9759591576655,121.551266456846,25.307508578524,-1.610282402649,0.102447717246198,336.456841014279
204085.5,24.9759658948877,121.55126666326,25.2929869741201,-1.36341668390249,-0.14900308502401,334.721241001843
204085.600000143,24.9759725116422,121.551266731448,25.3121270565316,-1.08949420504083,-0.317168623623504,333.158732573487
204085.700000048,24.9759791121484,121.551266832769,25.3150824103504,-0.982903270645722,-0.180174526307969,331.678353340383
204085.800000191,24.9759857011757,121.551266558433,25.311190309003,-0.981700350579288,-0.085463375091239,330.355336976994
204085.900000095,24.9759924056362,121.551266202342,25.3009503353387,-0.955931344825144,0.0139711351708391,329.07906328644
204086,24.9759989632122,121.551265685237,25.2912662662566,-0.882434105874987,0.0629236730299962,327.972150551575
204086.100000143,24.9760057242985,121.551265054113,25.2753097247332,-0.843441349648561,0.0557951389265618,326.910278707909
204086.200000048,24.976012308249,121.551264362488,25.2796531803906,-0.863138770886116,0.04671266952508,325.997685153383
204086.300000191,24.9760189027594,121.551263427622,25.2789987716824,-0.867122296110849,0.0758184658971323,325.11949224123
204086.400000095,24.9760254710651,121.551262504811,25.2748527117074,-0.904017975052915,0.155903149162322,324.390887715025
204086.5,24.976032074385,121.551261494636,25.2656673491001,-0.915546532086414,0.228674079006541,323.741555372365
204086.600000143,24.9760386097569,121.551260312608,25.2609230391681,-0.884636076537637,0.261523391115918,323.208523508337
204086.700000048,24.9760451950824,121.551259259036,25.2658231612295,-0.835371821331354,0.318973588246532,322.896055284102
204086.800000191,24.9760514821218,121.551258093343,25.2587187364697,-0.842357798914063,0.366255958590695,322.606289883845
204086.900000095,24.9760582438276,121.551256762419,25.2581853447482,-0.828468916366332,0.358428937323504,322.39707273407
204087,24.9760648907967,121.55125564842,25.2637535044923,-0.862121444932043,0.423394664573601,322.258254760197
204087.100000143,24.9760713483475,121.551254433966,25.2655072342604,-0.920054877081687,0.496020026879933,322.108335323222
204087.200000048,24.9760780285581,121.551253154586,25.2589054126292,-0.978502632227338,0.567763514816878,322.084709852557
204087.300000191,24.9760845780806,121.551252011447,25.2623753007501,-1.03641624125668,0.570384071684044,321.992705296236
204087.400000095,24.9760910997774,121.551250759193,25.2592056589201,-1.15106508223256,0.563376288199848,321.934799622145
204087.5,24.9760975892004,121.551249453693,25.2606193404645,-1.20739539992391,0.554464460036041,321.887875812824
204087.600000143,24.9761040946621,121.551248221549,25.2663600938395,-1.27887289599489,0.496315366238979,321.86497114916
204087.700000048,24.9761105134424,121.551246954784,25.2739988127723,-1.35045403213469,0.507651079366904,321.865414821276
204087.800000191,24.9761168530423,121.551245749882,25.276672703214,-1.45790068931082,0.524515264284759,321.87740605795
204087.900000095,24.9761230365251,121.551244532507,25.2817626306787,-1.51825675519155,0.537578461045445,321.889156431066
204088,24.9761291800169,121.551243398174,25.280590871349,-1.53898572947986,0.522509736813892,321.889051301795
204088.100000143,24.9761353513241,121.551242225691,25.2912004338577,-1.54675527283129,0.497586204344725,321.922655445258
204088.200000048,24.9761413966555,121.551241018824,25.2945132190362,-1.5996487931899,0.464875938755323,321.969536632956
204088.300000191,24.9761476344099,121.551239860995,25.2983198007569,-1.54694530637206,0.426721665209584,322.004609822804
204088.400000095,24.9761534546432,121.551238758803,25.3072043992579,-1.48881160881108,0.424328106244283,322.049576116561
204088.5,24.9761593452394,121.551237542768,25.3107344582677,-1.44950746089071,0.464738837153241,322.132840228276
204088.600000143,24.9761650784585,121.551236401179,25.3146151574329,-1.38978622043823,0.520269614475722,322.225591284288
204088.700000048,24.9761709870467,121.551235292208,25.3128853682429,-1.38264209911736,0.54394018671932,322.295554079556
204088.800000191,24.9761768251961,121.55123417372,25.3731618151069,-1.44435259737827,0.764547515661168,322.415427577836
204088.900000095,24.9761826359557,121.551233148153,25.3062777705491,-1.53206821620974,0.864824120651361,322.498370976277
204089,24.9761885790266,121.551232047535,25.3053469015285,-1.38255454895929,0.59872889571473,322.597676011554
204089.100000143,24.9761942518675,121.551230985176,25.3184675071388,-1.39690540684584,0.408801356399339,322.712226940497
204089.200000048,24.9762002885892,121.551230041765,25.3291867114604,-1.41447015477097,0.439250524130296,322.829447876873
204089.300000191,24.9762060386085,121.551228911014,25.3278698893264,-1.34085731469731,0.148381911438921,322.940735882805
204089.400000095,24.9762118256547,121.551227953487,25.3665172280744,-1.39601832266831,0.195576664414841,323.046838306492
204089.5,24.9762175825045,121.551226973349,25.3531592618674,-1.43438790015568,0.408553662703916,323.164556661025
204089.600000143,24.9762233628163,121.55122592484,25.3399711092934,-1.54628492672264,0.445806197687435,323.246487783014
204089.700000048,24.9762291876903,121.551224961966,25.3355111097917,-1.61029057168627,0.409488049959654,323.362989959971
204089.800000191,24.976234990211,121.551224010192,25.3412586525083,-1.51545012783875,0.332240360176307,323.453983403403
204089.900000095,24.9762408335911,121.551222989634,25.3503735512495,-1.51171991612395,0.308330261207711,323.557343252711
204090,24.976246717072,121.551222052935,25.3455163044855,-1.56521788075154,0.343784450385156,323.663393898345
204090.100000143,24.9762526704248,121.551221091478,25.3568401150405,-1.60038746299549,0.406178550968316,323.74540139349
204090.200000048,24.9762585495324,121.55122008307,25.3519551493227,-1.68100835043459,0.459590229030522,323.87283058406
204090.300000191,24.9762646070219,121.551219134044,25.3590700924397,-1.72679346399759,0.578183195660642,323.955839017499
204090.400000095,24.9762707939137,121.551218227504,25.3595846258104,-1.69387713636074,0.711376570431088,324.038680247498
204090.5,24.9762769384551,121.551217233039,25.3669700743631,-1.66545420136115,0.866998089859131,324.133141485582
204090.600000143,24.9762834009057,121.551216198535,25.365797217004,-1.62601108364904,1.02478457579988,324.227461335116
204090.700000048,24.9762899589775,121.551215186012,25.3635203875601,-1.62749865315869,1.15177054831132,324.310321100684
204090.800000191,24.976296640343,121.551214151338,25.3708184892312,-1.57363095648404,1.23082477681873,324.403249417981
204090.900000095,24.976303534761,121.551213090964,25.3768780464306,-1.40699013404824,1.33131678185129,324.48538624657
204091,24.9763105195428,121.551211987176,25.3707083202899,-1.27735419373254,1.32035279869716,324.542110381004
204091.100000143,24.9763178589399,121.551210884445,25.3719918681309,-1.2296300904748,1.24700161026036,324.633151044028
204091.200000048,24.9763251708004,121.551209797299,25.3762854002416,-1.26067325441591,1.10050154197556,324.690224855738
204091.300000191,24.9763326609622,121.551208770349,25.3968792706728,-1.17649613886799,1.02288930965049,324.745342268314
204091.400000095,24.9763402962503,121.551207614859,25.3964027417824,-1.19323622255076,0.983739393374293,324.839082865926
204091.5,24.976348030217,121.551206465343,25.4066156279296,-1.21158239404561,1.01479589552463,324.896301464169
204091.600000143,24.9763558788758,121.551205428743,25.3929579202086,-1.12918645139265,0.948588477562423,324.941913488359
204091.700000048,24.9763638309837,121.551204340568,25.3966662352905,-1.02937225607498,0.792367382605937,324.998021739175
204091.800000191,24.9763720256464,121.551203111495,25.3931864053011,-1.04415441064551,0.625491303171762,325.066286538099
204091.900000095,24.9763803417085,121.551202058356,25.4164605271071,-1.00873088409363,0.620015923819114,325.158425747832
204092,24.976388656924,121.55120091162,25.4009974496439,-1.07422355327852,0.65322914188886,325.240122956258
204092.100000143,24.9763970493938,121.551199830547,25.3959503434598,-1.25501993091195,0.558077166792456,325.366554316879
204092.200000048,24.976405652484,121.551198728428,25.3888669507578,-1.34320017755908,0.469662724363519,325.446982014538
204092.300000191,24.9764143710152,121.551197636241,25.3840722832829,-1.4695918650477,0.279874384767863,325.537455753682
204092.400000095,24.9764230536566,121.551196546513,25.37778350804,-1.44500378569877,0.155512494126001,325.594148155255
204092.5,24.9764320749419,121.551195454913,25.3896491900086,-1.27202565575444,0.107519979534379,325.663054603142
204092.600000143,24.9764407316609,121.551194333093,25.3841514475644,-1.1710474515074,0.185389931564509,325.744784982445
204092.700000048,24.9764497945369,121.551193151861,25.3735761716962,-1.1018412604986,0.3034796684889,325.860915612793
204092.800000191,24.9764589859714,121.551191942652,25.3638728521764,-0.949580743823679,0.415407393466384,325.953831259717
204092.900000095,24.9764681862713,121.551190763154,25.3463802365586,-0.902469102347816,0.354003504976191,326.058423009871
204093,24.9764775353598,121.551189702445,25.3408151939511,-0.884339227332936,0.263552833664509,326.138691523529
204093.100000143,24.9764869630316,121.551188625672,25.3186333533376,-0.962232753501661,0.0713164880496654,326.241005546781
204093.200000048,24.9764965492681,121.551187549649,25.2965308865532,-0.884259530023196,-0.19433933198748,326.354025468902
204093.300000191,24.9765063095283,121.551186453705,25.2763975644484,-0.755428871214672,-0.589746193845363,326.455394518141
204093.400000095,24.9765156575847,121.55118535828,25.259519492276,-0.534007266704654,-0.977310441350898,326.535750799928
204093.5,24.9765254600887,121.551184310129,25.2596000414342,-0.423748990251639,-1.16556278157345,326.628385548845
204093.600000143,24.9765350014936,121.551183340927,25.2429466648027,-0.310321531548721,-1.1425138765249,326.756106087513
204093.700000048,24.9765445689238,121.551182324715,25.2029711669311,-0.360871184467795,-1.11868019166597,326.894972043687
204093.800000191,24.9765541523812,121.551181318771,25.1688978374004,-0.372545187261665,-1.16871301603756,327.021207687489
204093.900000095,24.9765639949162,121.551180431368,25.1335372487083,-0.44178598097873,-1.27796099244549,327.14660128826
204094,24.9765738200735,121.551179495732,25.1105601340532,-0.464323759159551,-1.33039448069643,327.274036540801
204094.100000143,24.9765834350589,121.551178541316,25.0620034728199,-0.419180322737205,-1.42686575799241,327.365235798498
204094.200000048,24.9765932548117,121.551177660586,25.0210490711033,-0.503302067537209,-1.68036696477479,327.502342955077
204094.300000191,24.9766030043802,121.551176856936,24.9799347445369,-0.447839821789485,-1.92722972485082,327.628728170781
204094.400000095,24.9766128400051,121.551176037179,24.952002895996,-0.487171273017639,-2.11287012222899,327.765205593463
204094.5,24.9766228473457,121.551175165066,24.9029274890199,-0.572706608473529,-2.2500346327415,327.865413151279
204094.600000143,24.976632828487,121.551174431776,24.8573108371347,-0.612382512428618,-2.3772835826558,328.003207545395
204094.700000048,24.9766424807488,121.551173660571,24.8008229164407,-0.722057664557926,-2.50863326474183,328.113993460664
204094.800000191,24.9766524193519,121.551172945773,24.7521195970476,-0.767420701009933,-2.55537485286081,328.251931592586
204094.900000095,24.9766625699661,121.551172086942,24.705231230706,-0.904031828159237,-2.45846510564503,328.376225313905
204095,24.9766724363266,121.551171493052,24.6530858017504,-0.891879074577415,-2.29299256569441,328.504355868965
204095.100000143,24.9766824286914,121.551170721958,24.5961535358801,-0.970515555119716,-2.08942424539,328.655116904686
204095.200000048,24.9766924371914,121.551170065438,24.5389647521079,-0.995401395097082,-1.96798412489554,328.829103505926
204095.300000191,24.9767023965109,121.551169289098,24.4841351937503,-1.09082564176705,-2.00366580696012,328.976501300645
204095.400000095,24.9767124314123,121.551168795701,24.4531082017347,-1.09217230987028,-1.98342611130732,329.195643975572
204095.5,24.9767223453466,121.551168250558,24.4181768931448,-1.25917337206443,-1.86045482351285,329.390270347158
204095.600000143,24.9767324171516,121.551167676205,24.3794132294133,-1.31750360570826,-1.65292492245066,329.553653143412
204095.700000048,24.9767423479485,121.551167253389,24.3285284414887,-1.44185836540322,-1.56735044148197,329.725140243341
204095.800000191,24.9767519979523,121.551166718743,24.3011369220912,-1.40641566892379,-1.56128492486798,329.875104512332
204095.900000095,24.9767618851803,121.551166379471,24.267191555351,-1.35052245465707,-1.53923973471159,330.083677521637
204096,24.9767716224197,121.551165909913,24.2288145562634,-1.38103222193567,-1.50220794803931,330.268432360199
204096.100000143,24.9767812538261,121.551165785582,24.1999887358397,-1.31732518803787,-1.46592537009083,330.45333263529
204096.200000048,24.9767908495554,121.551165310647,24.1686287773773,-1.26028132416924,-1.50096501589572,330.580269968779
204096.300000191,24.9768003866976,121.551165047961,24.129560854286,-1.23873251095089,-1.62799060997745,330.763871047361
204096.400000095,24.9768098929555,121.551164876644,24.111333604902,-1.14240944711883,-1.77146639278977,330.913227130169
204096.5,24.9768194043106,121.551164672048,24.0699924621731,-0.984649472093099,-2.01750851749035,331.062974013776
204096.600000143,24.9768286514836,121.551164311024,24.0317244762555,-0.915980479029154,-2.28533572772762,331.176230590704
204096.700000048,24.9768380454728,121.551164217005,23.9939430961385,-0.793930920940053,-2.62242499173939,331.290537113468
204096.800000191,24.9768471604106,121.551164186441,23.9563239859417,-0.799204045257304,-2.87320728554665,331.403851740376
204096.900000095,24.9768563028581,121.551164147925,23.924698296003,-0.782646739308348,-2.929648696489,331.50669250867
204097,24.9768649213838,121.551163852944,23.8826403180137,-0.798832332968002,-2.86296295302482,331.530537698098
204097.100000143,24.9768735447699,121.551163681425,23.8244306631386,-0.782082647175997,-2.78800675783786,331.542891838268
204097.200000048,24.9768822341777,121.55116362639,23.7629585759714,-0.769580215109584,-2.88003348831153,331.588274213076
204097.300000191,24.9768908562692,121.551163627137,23.7195178130642,-0.818049200997047,-3.01120671704219,331.631818206621
204097.400000095,24.9768991311429,121.551163479225,23.6858642548323,-0.924134867163073,-3.06142668571909,331.605774272174
204097.5,24.9769073066523,121.551163295872,23.6501099020243,-1.1641519054714,-2.91950638315968,331.474190941238
204097.600000143,24.9769153864146,121.551163090472,23.591959410347,-1.42637432865914,-2.7922227747205,331.215863511314
204097.700000048,24.9769236048366,121.551162906758,23.557699508965,-1.60696463666642,-2.71268263679364,330.866979550234
204097.800000191,24.9769312986224,121.551162578025,23.5249516125768,-1.62191788846847,-2.59926285551863,330.316078951534
204097.900000095,24.9769391240611,121.551162155025,23.4868489997461,-1.6443949343872,-2.45172231067608,329.731363492109
204098,24.976946739703,121.551161626679,23.4377323742956,-1.81798604065538,-2.37106250400296,328.956752713022
204098.100000143,24.9769542445866,121.551160983106,23.4105849936604,-1.90816420473894,-2.40711562181946,328.020081830094
204098.200000048,24.9769615705379,121.551160235645,23.3813201608136,-1.92566052471875,-2.4117805846068,326.95752758643
204098.300000191,24.9769688429595,121.55115934619,23.3664063233882,-2.05702048939671,-2.3306386875581,325.730561694731
204098.400000095,24.9769757982753,121.551158166506,23.3419193252921,-2.19620984232336,-2.15091512946557,324.307769799467
204098.5,24.9769826561935,121.55115691542,23.3216170137748,-2.29771988162777,-1.97982850566095,322.639432916303
204098.600000143,24.976989866241,121.551155234285,23.2975977305323,-2.40684349230187,-1.81619690202021,320.81481359405
204098.700000048,24.9769961439857,121.551153576931,23.2659110622481,-2.41864427933936,-1.66617590010455,318.778475457242
204098.800000191,24.9770030753508,121.551151556,23.2457940839231,-2.40626952125285,-1.49051450046498,316.723125576322
204098.900000095,24.9770094417264,121.551149257993,23.219941909425,-2.36720333334523,-1.42554745000585,314.516898234126
204099,24.9770153893589,121.551146484073,23.2028564931825,-2.19357377260811,-1.46387602477843,312.169168348543
204099.100000143,24.9770214754389,121.551143422397,23.1674386318773,-1.87365655344512,-1.52250755845332,309.73938434453
204099.200000048,24.9770278146725,121.551140231052,23.1600362556055,-1.73168392363438,-1.54400627648832,307.270577847604
204099.300000191,24.9770336797586,121.55113674451,23.1541795413941,-1.70979171815498,-1.45711062315479,304.643885232457
204099.400000095,24.9770396362047,121.551133059484,23.1401320900768,-1.52477333268445,-1.30405052703811,301.958931203905
204099.5,24.9770449613206,121.55112868042,23.106592733413,-1.50775914942892,-1.17576026194786,299.114206851918
204099.600000143,24.9770505829831,121.55112432728,23.057724471204,-1.47511778868579,-1.2556824996529,296.216863047677
204099.700000048,24.9770558468375,121.551119803314,23.0557361925021,-1.27454035597993,-1.46765072985165,293.325748951491
204099.800000191,24.9770611825078,121.551114500081,23.0333294132724,-1.211049446193,-1.45667847030882,290.341706114417
204099.900000095,24.9770660444505,121.551109116546,23.0187534736469,-1.22532380669528,-1.42835580738681,287.404842812623
204100,24.9770705884635,121.551103645814,22.9925849111751,-1.23564270192808,-1.37719398267983,284.431943795096
204100.100000143,24.9770747439771,121.551097332135,22.9656335255131,-1.02548062585503,-1.40304930273629,281.458580219828
204100.200000048,24.9770790024375,121.551091474785,22.9120493270457,-0.904575812184457,-1.52803836510544,278.644244200381
204100.300000191,24.9770830952641,121.551084744934,22.8905414780602,-0.982608237626004,-1.76638071484115,275.763181141235
204100.400000095,24.9770866654085,121.551078284645,22.8924097325653,-0.926722071407361,-1.76818595528136,272.909454015453
204100.5,24.977089791922,121.551071433149,22.8646812774241,-0.960438695366909,-1.54392057355726,269.954064918071
204100.600000143,24.9770928694554,121.551064094259,22.8259661011398,-1.19983679351251,-1.35753793209837,267.04150581795
204100.700000048,24.977095382068,121.551056709007,22.7664069868624,-1.74510075731923,-1.53532667420583,264.125218248011
204100.800000191,24.9770979231206,121.551049205135,22.7564976243302,-1.75400270855458,-1.6136274169391,261.361740027241
204100.900000095,24.9771001734198,121.551041355831,22.7442897902802,-1.57117433467506,-1.36440953031427,258.643862865572
204101,24.9771023088219,121.551033393819,22.7253524903208,-1.75952266080812,-1.32381266377006,256.182721139057
204101.100000143,24.9771038054284,121.551025026434,22.6692385803908,-1.99469142300414,-1.37986471140246,253.713887560825
204101.200000048,24.9771053755981,121.551016605317,22.6178938327357,-1.75100599484681,-1.64885413382056,251.443153328455
204101.300000191,24.9771062131536,121.551007921531,22.5961419744417,-1.64181872182215,-1.99431673467027,249.202785325719
204101.400000095,24.9771070402932,121.550999263009,22.6020018570125,-1.5735341608516,-1.96808233100858,247.226128796511
204101.5,24.9771074395286,121.550990316341,22.5643037417904,-1.49381858580698,-1.7155212729753,245.34946011119
204101.600000143,24.9771078489216,121.550981340405,22.522692790255,-1.48414177313792,-1.54197324780854,243.720515208673
204101.700000048,24.9771079613331,121.55097209564,22.4900146871805,-1.39449385443425,-1.40036310462707,242.131024930798
204101.800000191,24.9771082068703,121.550962836745,22.4550135489553,-1.29077913707423,-1.29575210349454,240.783426720553
204101.900000095,24.9771081931199,121.550953383943,22.4287699908018,-1.09304602721384,-1.1164051815813,239.648734858574
204102,24.9771075659325,121.550943998973,22.3885342236608,-0.938527572359252,-1.06132541255548,238.664532567693
204102.100000143,24.9771070452026,121.55093421533,22.3516266504303,-0.811718633603223,-1.05897249912603,237.931910820149
204102.200000048,24.9771062713003,121.550924521415,22.3340883255005,-0.617770031951458,-1.01969798033324,237.29861167256
204102.300000191,24.9771055721599,121.550914876466,22.3097596326843,-0.556751587873004,-0.895561702919609,236.793214079165
204102.400000095,24.977104679106,121.550904927032,22.2877360703424,-0.481648348238637,-0.670822860236419,236.434918693731
204102.5,24.9771034172025,121.55089514892,22.2451289976016,-0.481060698570818,-0.561170909260912,236.059466922096
204102.600000143,24.9771024759093,121.55088500844,22.2093363292515,-0.492011400964257,-0.553561650098367,235.765999407295
204102.700000048,24.9771014498796,121.550874832523,22.1783410068601,-0.509628875730146,-0.720672251036605,235.462634461807
204102.800000191,24.9771005005976,121.550864592376,22.1519103320315,-0.505508214862018,-0.875226444539877,235.200688016686
204102.900000095,24.9770995391956,121.550854389903,22.1365964366123,-0.615650045091306,-0.994659697939661,235.018168908084
204103,24.97709828346,121.550844108536,22.1191902691498,-0.678542260844271,-0.979816854317631,234.715172045618
204103.100000143,24.9770965812386,121.550833669215,22.0818804427981,-0.832441625365506,-0.874823001059593,234.428129231727
204103.200000048,24.9770953204418,121.550823180927,22.0656933644786,-0.873136797049494,-0.707700707710888,234.241166729695
204103.300000191,24.9770943947937,121.550812715889,22.0267712725326,-1.05157770083627,-0.639887861280011,234.011505912249
204103.400000095,24.9770927928922,121.550802059386,22.0081629147753,-0.953109129747219,-0.553381438893311,233.758351987408
204103.5,24.9770911118397,121.550791513225,21.9734087362885,-0.854877736903467,-0.508784800213304,233.529983351981
204103.600000143,24.9770895578489,121.550780670152,21.9542205603793,-0.695065761645986,-0.577299004729817,233.333137515322
204103.700000048,24.9770880095067,121.550770007179,21.9067028947175,-0.527249220342258,-0.693971969611222,233.088272707004
204103.800000191,24.9770865186946,121.550759387535,21.9003953244537,-0.4552243916593,-0.968449936311893,232.93849108455
204103.900000095,24.9770847045586,121.55074873713,21.9009184697643,-0.527932701489494,-0.889569586793585,232.750367447853
204104,24.9770830782898,121.550738192017,21.903358714655,-0.796908223251196,-0.433340302358608,232.570298044958
204104.100000143,24.9770813615495,121.550727308778,21.8531767977402,-0.991218171083521,0.0281854213714516,232.376397360181
204104.200000048,24.9770799699138,121.550716576892,21.8143121860921,-0.79156183100376,0.112629430119655,232.221067156518
204104.300000191,24.9770779770204,121.550705820393,21.7938174996525,-0.639257687841113,-0.107482816769139,232.105124122024
204104.400000095,24.977076176792,121.550695119592,21.8079199166968,-0.522114956446708,-0.12025975892979,232.022583035824
204104.5,24.9770744397126,121.550684402266,21.8066075257957,-0.596774032079337,0.0321439369112536,231.908737619831
204104.600000143,24.9770725989327,121.550673653773,21.7797964559868,-0.617936304806318,0.258832594777063,231.868667921346
204104.700000048,24.9770707318945,121.550663086403,21.7492606872693,-0.418001389460205,0.242928830522885,231.810879922696
204104.800000191,24.9770689082846,121.55065218555,21.74668764323,-0.395484292341402,0.0581873583920812,231.679666759889
204104.900000095,24.9770673049527,121.550641590573,21.7597068939358,-0.719076657835112,0.0794189091217958,231.597366727688
204105,24.9770655101042,121.550630982245,21.7838464109227,-0.751267805849359,0.623878454255198,231.680835640608
204105.100000143,24.9770635737921,121.550620217408,21.7428423091769,-0.826818819528119,1.02984317717548,231.750803566259
204105.200000048,24.9770615948512,121.550609213407,21.7368496973068,-0.664081334306048,1.13880822587452,231.749972468643
204105.300000191,24.9770599995955,121.550598288823,21.7434381777421,-0.883034644411077,0.971219570466137,231.766835576161
204105.400000095,24.9770581322525,121.550587466119,21.7670032074675,-0.899706021906556,1.16496736054972,231.867081376476
204105.5,24.9770562799986,121.550576484301,21.775903372094,-0.872079096235797,1.48098813361928,232.015743548949
204105.600000143,24.9770544186694,121.550565311664,21.7682293131948,-0.693128537465882,1.57594461333423,232.179206725915
204105.700000048,24.977052674298,121.550554123716,21.7744340840727,-0.671911348086675,1.38985303963353,232.327017920368
204105.800000191,24.9770510866056,121.550543345533,21.801780635491,-0.790148794181022,1.30358711069802,232.433124243753
204105.900000095,24.977049214979,121.550532345039,21.8266769023612,-0.861046615447706,1.56198741438328,232.57575254123
204106,24.9770475569802,121.550520962377,21.8358938954771,-0.724676923397215,1.89734425394793,232.763895245506
204106.100000143,24.9770458993986,121.550509639776,21.8458348046988,-0.5812356575631,2.00419029074102,232.901940427956
204106.200000048,24.9770441761626,121.550498338092,21.851892830804,-0.640635923468574,1.763030281637,233.073521919686
204106.300000191,24.9770423222794,121.550487166005,21.8841197760776,-0.848144346315754,1.52813578620165,233.214848008208
204106.400000095,24.9770410658777,121.550475977647,21.9048615302891,-1.1402378879018,1.49155155286102,233.36500912846
204106.5,24.9770394321362,121.550464900441,21.9252972453833,-1.19016334842735,1.66240776320582,233.539343547939
204106.600000143,24.9770377835183,121.550453748525,21.9546056604013,-1.06935345949371,1.93866927896197,233.664013737852
204106.700000048,24.9770362011598,121.550442788876,21.9876815797761,-1.10755925392822,2.22790530779323,233.763604316915
204106.800000191,24.9770346888464,121.550431781224,22.0187294548377,-0.928399042168134,2.54871578702843,233.820030643451
204106.900000095,24.9770331302498,121.550420475409,22.0206655180082,-0.670554917014722,2.53825939072496,233.798205717897
204107,24.9770315888198,121.550409488282,22.050225738436,-0.78791069157968,2.10497588400382,233.733721770207
204107.100000143,24.9770300266397,121.55039844409,22.0996665041894,-0.983910419672589,1.79843317128615,233.53074114463
204107.200000048,24.9770283465057,121.550387591844,22.1420988561586,-1.24407232810629,1.76204918711882,233.238681722545
204107.300000191,24.977026782866,121.550376585665,22.1612549815327,-1.42133912679339,1.8247008151846,232.86383712745
204107.400000095,24.9770251606387,121.550365721591,22.175575167872,-1.57936645622765,1.73592691674553,232.438757542077
204107.5,24.977023474216,121.550355022803,22.2086695060134,-1.47488924957229,1.7012703836402,231.959749611384
204107.600000143,24.9770214887947,121.550344259684,22.2326780082658,-1.45147314792819,1.71039487250404,231.457184326287
204107.700000048,24.9770195458677,121.550333633076,22.2610350791365,-1.1741868693193,1.87351761136853,231.012446894735
204107.800000191,24.9770173336898,121.550322797471,22.2865452738479,-1.08002895289092,1.89972006480676,230.566100619229
204107.900000095,24.9770153827705,121.550312070687,22.3121641706675,-1.00543212208177,1.89790647739186,230.078458817121
204108,24.977013171143,121.550301476523,22.331270034425,-0.957999291423996,1.85879682477606,229.575025056478
204108.100000143,24.9770107686392,121.550291243411,22.3576440168545,-0.932147740127061,1.84876555030202,229.113561823705
204108.200000048,24.9770085945085,121.550280514954,22.3790922593325,-0.855515144654314,1.82949804446033,228.616329354164
204108.300000191,24.9770061398832,121.550270036788,22.4010766316205,-0.772681546881678,1.76137069556777,228.118687067137
204108.400000095,24.9770035317531,121.550259174507,22.4231297085062,-0.922230614582779,1.65488005990742,227.598829380672
204108.5,24.9770012250541,121.55024898375,22.464808633551,-1.08952515803437,1.82572999844429,227.030645863275
204108.600000143,24.9769986315619,121.550238774333,22.4789180113003,-1.14045134731776,2.05211342261173,226.534457409822
204108.700000048,24.9769961611486,121.550228318537,22.4805138809606,-1.08056074435815,2.04665021674482,225.996204837885
204108.800000191,24.9769930813307,121.55021778867,22.504761361517,-1.24187198109631,1.7651782138734,225.347301569126
204108.900000095,24.9769899528371,121.550207465809,22.5407973332331,-1.46956616000688,1.62545000404955,224.710000318946
204109,24.9769870379129,121.550197113294,22.576393562369,-1.56372815458093,1.76142075188048,224.143310280325
204109.100000143,24.9769841466384,121.550187076494,22.5897113671526,-1.64211662549689,1.84302159810105,223.522480009985
204109.200000048,24.9769809049605,121.550176831388,22.6160934790969,-1.65695608650423,1.87528761110435,222.813604724437
204109.300000191,24.9769778529593,121.550166804011,22.6416367013007,-1.70008242762998,1.82207693710217,222.269027063634
204109.400000095,24.9769743469598,121.550156621477,22.6727788588032,-1.69728697335749,1.80570620868888,221.698647482632
204109.5,24.9769710269652,121.550146473556,22.6900101769716,-1.7286320010502,1.71484375644125,221.045179792775
204109.600000143,24.976967220015,121.550137043854,22.7331898603588,-1.71512980068526,1.65949601522108,220.422903480755
204109.700000048,24.9769636326007,121.550127122495,22.7450463017449,-1.83569898830888,1.6613009645273,219.799091289043
204109.800000191,24.9769600206807,121.550117685871,22.7724976902828,-1.78721192142264,1.71479239158194,219.111175816844
204109.900000095,24.9769560470741,121.55010797971,22.7992906179279,-1.71204549063801,1.7116885395699,218.468765329664
204110,24.9769517380415,121.550098806513,22.8232384640723,-1.65134266836967,1.69200722739163,217.749505632667
204110.100000143,24.9769480882316,121.550089753198,22.8489466886967,-1.56660142306351,1.66418077803481,217.04534475282
204110.200000048,24.9769438057379,121.550079841078,22.8673995900899,-1.62036533882472,1.45579477060382,216.135693715249
204110.300000191,24.9769397412392,121.550071221551,22.88443414215,-1.88112157481307,1.23454247385757,215.335697706835
204110.400000095,24.9769355008046,121.550062236825,22.9161480572075,-1.91221530354981,1.24001715744994,214.474984024973
204110.5,24.9769303266022,121.550052675575,22.936457910575,-2.1599554284439,1.32224059069709,213.382245861588
204110.600000143,24.9769262836216,121.550043946388,22.9529468063265,-2.23786209400389,1.33302804672471,212.404137578224
204110.700000048,24.9769234969338,121.550037552775,22.9804917396978,-2.1085196944593,1.32053078471855,211.725769840755
204110.800000191,24.9769203074861,121.550029434359,22.9897090513259,-2.22278921837678,1.13793618437762,210.759664359556
204110.900000095,24.976914883628,121.550020897623,23.0079569285735,-2.26064018185032,1.09922495430569,209.487227696294
204111,24.9769099203531,121.550012430613,23.0311716273427,-2.30518790073686,1.13383010605088,208.26170493025
204111.100000143,24.9769049925159,121.550005074765,23.0495203053579,-2.39752459415857,1.17214573212945,207.02625786072
204111.200000048,24.9769000220844,121.549997161875,23.0722549445927,-2.40800820936487,1.20900196429931,205.726603566673
204111.300000191,24.9768949018171,121.549989250903,23.087410246022,-2.32805645872133,1.23363932527179,204.312886832187
204111.400000095,24.9768890409825,121.549981657915,23.1158892661333,-2.0623628110175,1.24701785466679,202.967261830378
204111.5,24.9768827514455,121.549974185237,23.1398726012558,-2.08599159527874,1.21056185642858,201.585134209333
204111.600000143,24.9768762598944,121.549966857014,23.1655398495495,-1.87780730459478,1.27402737792816,200.035768577019
204111.700000048,24.976870980317,121.549959653635,23.1761960284784,-1.9023386838898,1.36696963377854,198.6528648794
204111.800000191,24.9768649257489,121.549952745121,23.1936713075265,-1.95797457707997,1.33583875637795,197.192328790096
204111.900000095,24.9768580652275,121.549946180516,23.2214891891927,-1.89171432570354,1.4111990746112,195.699450518887
204112,24.9768506798626,121.549939591936,23.2502672486007,-2.1185368852926,1.58515255080262,194.113617691832
204112.100000143,24.9768436605532,121.549933955429,23.265172556974,-2.26942009516776,1.61925786405438,192.603328591728
204112.200000048,24.9768372674165,121.549926859121,23.2795191444457,-2.22701736884111,1.55077359544213,191.244175657133
204112.300000191,24.9768306956919,121.549920647818,23.3053387990221,-2.45757906767758,1.12560545486077,189.781366372203
204112.400000095,24.9768240613511,121.549914806787,23.3336129942909,-2.64241971904231,0.813136980489971,188.205204485535
204112.5,24.9768167695577,121.549909323744,23.3501155301929,-2.75002663234913,0.695938708072389,186.554401140325
204112.600000143,24.9768094314822,121.549904064242,23.3746126042679,-2.85750279739652,0.799275740431837,184.869173431847
204112.700000048,24.9768019213695,121.549899160413,23.3894728468731,-2.89565022357349,0.905133010120918,183.17700973897
204112.800000191,24.9767944542362,121.549894438366,23.4042992554605,-2.6943208853365,0.986140781507494,181.542898774094
204112.900000095,24.9767867630767,121.549889841019,23.4285047585145,-2.56624926819466,1.00871051304228,179.866942457395
204113,24.9767791194955,121.549885825528,23.4477335978299,-2.6688735376493,0.996075771536566,178.265698171438
204113.100000143,24.976771466589,121.549881882277,23.4751923773438,-2.55687393882106,1.07089025449777,176.609663850714
204113.200000048,24.9767637433053,121.549878361573,23.4935272270814,-2.48509115261814,1.12150787699096,175.003511779195
204113.300000191,24.9767560970732,121.54987506211,23.5087392460555,-2.60565619664115,1.01633933816047,173.375707072125
204113.400000095,24.9767479346042,121.549871679695,23.5322871766984,-2.60172375789836,0.886979645880046,171.633327229032
204113.5,24.9767398686828,121.549868888528,23.557155687362,-2.60157613613462,0.869237414595779,169.952768429053
204113.600000143,24.9767320697319,121.549866379566,23.5716001680121,-2.60365181343345,0.764164113470353,168.284391613526
204113.700000048,24.9767240769955,121.54986410632,23.5891634756699,-2.56894868950189,0.712299549137416,166.629826467589
204113.800000191,24.9767160493736,121.549862066765,23.6056237118319,-2.4339630285816,0.649875621937395,164.963743969287
204113.900000095,24.9767080201213,121.549860320988,23.6241001905873,-2.35434120048289,0.527500938710284,163.30967178258
204114,24.9766997644535,121.549858738436,23.6300711128861,-2.33660739632946,0.394797036264972,161.656275740735
204114.100000143,24.976691795077,121.549857423437,23.642009771429,-2.3087537449424,0.253811381291184,160.037304784763
204114.200000048,24.9766839963206,121.549856508754,23.6656839130446,-2.2051833117062,0.160161079924755,158.510772967998
204114.300000191,24.9766757014558,121.549855614591,23.6657319040969,-2.21238593554556,0.102070942514898,157.018994347955
204114.400000095,24.9766674882633,121.549854983384,23.6631728895009,-2.20991318941892,-0.0379823495632666,155.628268223171
204114.5,24.9766595606843,121.549854527102,23.6786452401429,-2.31517912494162,-0.231941516681,154.281569449597
204114.600000143,24.9766514854064,121.549854386904,23.6936619905755,-2.37163370678452,-0.314088646447385,152.935631577709
204114.700000048,24.9766435968842,121.549854409284,23.6997181260958,-2.39731401009688,-0.246351023205992,151.672880676184
204114.800000191,24.976635669049,121.549854516148,23.6912128012627,-2.47717464922442,-0.146426282912497,150.501259721731
204114.900000095,24.9766274829174,121.549854849784,23.6826313463971,-2.43466431800705,-0.157801662230747,149.3263843988
204115,24.9766193077672,121.549855303427,23.6926960516721,-2.38496466014739,-0.205503220784133,148.241988732248
204115.100000143,24.9766112583841,121.549855841828,23.700477595441,-2.29708364496832,-0.166228824125516,147.284735229369
204115.200000048,24.9766032721652,121.549856518495,23.6995053365827,-2.22234411015712,-0.0644690713753536,146.502057898676
204115.300000191,24.9765952950586,121.549857370775,23.695501236245,-2.08362554199863,0.0693722451384736,145.880471168332
204115.400000095,24.9765872811782,121.549858239369,23.6903085708618,-2.06737418148972,0.116358826308533,145.396603512848
204115.5,24.9765790644522,121.549859209968,23.6942832991481,-2.08036902002752,0.132931014053564,144.980371699592
204115.600000143,24.9765709185589,121.549860154655,23.6972385151312,-1.91342201863595,0.181261908248126,144.726521487211
204115.700000048,24.9765627283528,121.549861285862,23.691173247993,-1.85952431679432,0.147715446142875,144.55247254586
204115.800000191,24.9765547067487,121.549862502266,23.688919336535,-1.72773196509745,0.0685774199639122,144.504097578109
204115.900000095,24.9765463997351,121.54986348041,23.7019096435979,-1.57974274447104,0.0271815817715703,144.469413121029
204116,24.9765381755966,121.549864831203,23.7008359394968,-1.58450830861374,-0.0092221665232607,144.504580725221
204116.100000143,24.9765295451352,121.549866081194,23.7080767126754,-1.53689824123945,0.0466825812990541,144.492347633509
204116.200000048,24.9765211971578,121.549867254763,23.7026498103514,-1.52231131747871,0.153941182261734,144.529436303102
204116.300000191,24.9765126013382,121.549868553576,23.7001054389402,-1.55998133456968,0.227851973849378,144.575862802077
204116.400000095,24.9765038910507,121.549869785668,23.6932500889525,-1.5778069508817,0.258512568662217,144.646015831034
204116.5,24.9764951894996,121.549870978312,23.6813781214878,-1.61000917943168,0.181382901892229,144.714698236256
204116.600000143,24.9764864100078,121.549872224186,23.6849378012121,-1.67111350053036,0.133638184497631,144.783790197714
204116.700000048,24.9764773006328,121.549873475538,23.6892437012866,-1.73177866249653,0.144963523335873,144.806723891353
204116.800000191,24.9764682578306,121.549874775643,23.685060063377,-1.69549308513656,0.197784050448309,144.865803889686
204116.900000095,24.9764590948804,121.549876017919,23.6821697810665,-1.65744125905921,0.180961400931438,144.923835820334
204117,24.9764497991117,121.549877447543,23.679071248509,-1.66225504839823,0.143856677509017,145.004338686561
204117.100000143,24.9764407736234,121.549878509032,23.6804917147383,-1.6085939538612,0.106485081800469,145.084779947
204117.200000048,24.9764314480636,121.5498798099,23.6787467058748,-1.58208962601603,0.0293338155900008,145.129090203761
204117.300000191,24.9764222837239,121.549881041354,23.6659529171884,-1.55559802180716,-0.106249053699409,145.174226215217
204117.400000095,24.9764130299574,121.549882428973,23.6763330055401,-1.55128133682815,-0.187948355697376,145.231454594078
204117.5,24.9764036700212,121.54988373461,23.6712949359789,-1.50174766189179,-0.202803678946026,145.323724611302
204117.600000143,24.9763946338821,121.549884765573,23.6690055653453,-1.37351623361496,-0.201565054573981,145.382291083085
204117.700000048,24.9763854494698,121.549886109761,23.6605596244335,-1.27021475720249,-0.251984372613876,145.450038011038
204117.800000191,24.9763762618241,121.549887324327,23.6537631591782,-1.1465151093557,-0.345113571264445,145.530413203446
204117.900000095,24.9763671274353,121.549888487026,23.6509393323213,-1.02496280228042,-0.368192834308858,145.588893636338
204118,24.9763579877088,121.549889789093,23.6444713305682,-0.979766230562314,-0.418234500347773,145.658284987648
204118.100000143,24.9763489145317,121.549890774705,23.6310697207227,-0.842415926744906,-0.461308409860307,145.716783319072
204118.200000048,24.9763397208178,121.549892028657,23.6163901956752,-0.826353157898031,-0.598822007051087,145.772647721609
204118.300000191,24.9763303305277,121.549893385544,23.6120777474716,-0.771990873339276,-0.693425193288332,145.819247031898
204118.400000095,24.9763213754543,121.549894444705,23.5965898735449,-0.834336679077739,-0.730066915605836,145.899630190678
204118.5,24.9763122863092,121.549895447895,23.581597966142,-0.840770809947013,-0.696780618785219,145.958137922142
204118.600000143,24.9763030559563,121.549896583873,23.5720774913207,-0.854182701075472,-0.629872513927842,146.015361384861
204118.700000048,24.9762940094038,121.549897659042,23.5496085593477,-0.887515153647969,-0.637157377602877,146.073424162265
204118.800000191,24.9762847483536,121.549898897653,23.5305329216644,-0.99523235595032,-0.624521321686081,146.118386746301
204118.900000095,24.9762757298069,121.549900024655,23.5218811398372,-0.892138628402209,-0.498574423996254,146.166865376497
204119,24.9762667959192,121.549900822601,23.5167884286493,-0.944239353560732,-0.357812429887588,146.237458217393
204119.100000143,24.9762576017092,121.54990194662,23.4972591502592,-0.920035378486638,-0.248042005475679,146.295240094724
204119.200000048,24.9762484775348,121.549903058272,23.4850158654153,-0.88854011286169,-0.230232643568183,146.342373971026
204119.300000191,24.9762394185664,121.549904138156,23.4711514897645,-0.87252685906968,-0.250794279694251,146.400538629193
204119.400000095,24.9762302456999,121.549905098606,23.4723554933444,-0.873924622015775,-0.356970636302621,146.467927649821
204119.5,24.9762211917871,121.549906195503,23.4530974309891,-0.987804234246172,-0.427859455207179,146.513880620649
204119.600000143,24.9762121220657,121.549907225236,23.4504152853042,-1.05726876489253,-0.431309427232763,146.581801823368
204119.700000048,24.9762030906761,121.549908106473,23.4334694705904,-1.07291744156629,-0.41174684889369,146.640210324023
204119.800000191,24.9761940095129,121.549909195838,23.4210126176476,-1.17142440542528,-0.444451347332068,146.673632999251
204119.900000095,24.9761850323781,121.549910186313,23.4108030265197,-1.23219804878099,-0.433774760667702,146.673512068306
204120,24.9761758370619,121.549911347602,23.4053901871666,-1.24457050170336,-0.31850830883452,146.606497740891
204120.100000143,24.97616689663,121.549912315,23.3901668600738,-1.34449083294886,-0.232764627212421,146.502023801228
204120.200000048,24.9761578908464,121.549913371857,23.3841878008097,-1.35824298507996,-0.222097429019443,146.352892516358
204120.300000191,24.9761488123246,121.549914413736,23.3935128422454,-1.34304017394418,-0.181627909769829,146.168618248562
204120.400000095,24.9761401031159,121.549915700358,23.3780850097537,-1.40158879015897,-0.295654297813217,145.912689832453
204120.5,24.9761309848933,121.54991699803,23.3653164142743,-1.50128445290032,-0.440609605033478,145.6318422174
204120.600000143,24.9761219543697,121.549918189731,23.3678945684806,-1.4553530122504,-0.497289375419484,145.32006642438
204120.700000048,24.9761128482526,121.549919584106,23.360662878491,-1.56761420692177,-0.584426806762379,144.969962582669
204120.800000191,24.9761040234065,121.549920946724,23.3447811147198,-1.63502633973254,-0.603180254711731,144.57549696845
204120.900000095,24.9760951291042,121.549922423283,23.3353538066149,-1.61995615249803,-0.628092792607528,144.100322996739
204121,24.9760861923972,121.549923819123,23.3276004949585,-1.64111779189815,-0.647327991323934,143.579724665297
204121.100000143,24.9760772195829,121.549925493881,23.3335623405874,-1.62914813686275,-0.659599101785045,142.999329138553
204121.200000048,24.976068500562,121.549927235375,23.3124164706096,-1.69135321929659,-0.717711401854275,142.301012459058
204121.300000191,24.9760594864866,121.549929185354,23.3045926298946,-1.74543247215153,-0.690085860814141,141.464555721061
204121.400000095,24.9760507119962,121.54993120057,23.3013626467437,-1.71520844709704,-0.682140867100495,140.545370222039
204121.5,24.9760419311377,121.549933510349,23.2871498027816,-1.68549742466788,-0.673327771626381,139.53189219898
204121.600000143,24.9760333143711,121.549935939847,23.2714623650536,-1.65615278915538,-0.664231770575717,138.45783789086
204121.700000048,24.9760245874371,121.549938460358,23.2762259189039,-1.5249215336732,-0.549314456371332,137.302625494841
204121.800000191,24.9760159641073,121.549941165654,23.2675485480577,-1.45985238367477,-0.444974521286884,136.144472345633
204121.900000095,24.9760075046235,121.549944055731,23.2555222613737,-1.48146565285887,-0.488443924679198,134.898317311258
204122,24.9759990027464,121.549947181237,23.2445947146043,-1.48047141783135,-0.540583795895845,133.635723251507
204122.100000143,24.9759908046389,121.549950566052,23.238828971982,-1.35525227735376,-0.581862913601659,132.326663330162
204122.200000048,24.975982345921,121.549954174326,23.2316864766181,-1.37183132318636,-0.58981040971439,130.997704715499
204122.300000191,24.9759742587448,121.549957849632,23.2243207804859,-1.51526625597023,-0.592968758083263,129.642984661546
204122.400000095,24.9759662650805,121.549961850993,23.2086712885648,-1.55677130027536,-0.576064837296736,128.246646923771
204122.5,24.9759580530036,121.549965968931,23.2022973140702,-1.51617540538667,-0.611916484766193,126.788622398001
204122.600000143,24.975950357272,121.549970323752,23.1911476925015,-1.65797646613139,-0.778233854007958,125.292273663706
204122.700000048,24.9759424481442,121.549974904021,23.1881158715114,-1.79347380441111,-0.84869440037836,123.771668002943
204122.800000191,24.9759347859855,121.549979471594,23.1910461178049,-1.79272404664904,-0.70986027646493,122.218844153934
204122.900000095,24.975927257309,121.549984534777,23.1795540740713,-1.83409841346903,-0.582210918592539,120.701867731596
204123,24.975919986537,121.549989585133,23.1700225332752,-1.71271485374203,-0.470243802086218,119.173656400931
204123.100000143,24.9759127147699,121.549995107803,23.1780778206885,-1.50576429076171,-0.308055269603352,117.642120875
204123.200000048,24.9759057317003,121.550000716509,23.1629282794893,-1.50564987439151,-0.219561169771726,116.132275079732
204123.300000191,24.9758987393834,121.550006698806,23.1504275938496,-1.42558646867987,-0.319511189129655,114.528489373412
204123.400000095,24.9758921609759,121.550012744808,23.1361966384575,-1.21989259566094,-0.524858942472858,112.900118776762
204123.5,24.9758855870277,121.550019318691,23.1223735809326,-1.21199874760309,-0.692865952290094,111.226274227476
204123.600000143,24.9758791889777,121.550025718302,23.1249584155157,-1.20620820197823,-0.734276141415428,109.513741454672
204123.700000048,24.975873028321,121.55003230514,23.1250854050741,-1.34166924654648,-0.70012620558946,107.852714674713
204123.800000191,24.9758669134766,121.55003924741,23.0968464491889,-1.57895065991768,-0.72782503796697,106.164629964347
204123.900000095,24.9758609479561,121.550046445811,23.1001889621839,-1.72884481904521,-0.774349040880054,104.450634159585
204124,24.9758550323824,121.550053609772,23.0843111621216,-1.94408591999557,-0.781906338152245,102.735862542697
204124.100000143,24.9758493269282,121.550061192537,23.0722706550732,-2.21782129932139,-0.842466592117002,101.043986090646
204124.200000048,24.9758437887584,121.550068687556,23.0558731602505,-2.32610513995785,-0.988893359006116,99.3595645942778
204124.300000191,24.9758384573401,121.550077077608,23.0539015140384,-2.47234388738868,-1.01834250167975,97.6455147980738
204124.400000095,24.975833151399,121.550084997339,23.054840952158,-2.53912107255393,-1.00655234829735,96.0425771495254
204124.5,24.9758283289718,121.550093392398,23.0392031166703,-2.65743604106469,-0.875095108938264,94.5183719115935
204124.600000143,24.9758234633336,121.55010184711,23.0389949306846,-2.75374334540249,-0.629634676236559,93.1024362901584
204124.700000048,24.9758188472766,121.550110457607,23.0198147185147,-2.82126442017737,-0.474371013243638,91.802321610949
204124.800000191,24.9758142055909,121.550119406211,23.0011716224253,-2.81599442560992,-0.613746558329261,90.5555676892263
204124.900000095,24.97580981009,121.550128587631,22.9998876899481,-2.73216317119916,-0.957943037173736,89.3232108178602
204125,24.9758053604078,121.550137913663,23.022968522273,-2.77114864008088,-1.10134777898167,88.1707344459227
204125.100000143,24.9758013833174,121.550147538681,23.0188038628548,-2.82364341209621,-0.938158651566814,86.954598292012
204125.200000048,24.9757974648863,121.550157034307,23.0022802939638,-2.87224743231817,-0.702483466479866,85.7817042845844
204125.300000191,24.975793711147,121.550166581745,22.9836552059278,-2.75588844262232,-0.668267039202545,84.6481772278937
204125.400000095,24.9757901937653,121.550176542826,22.9751619780436,-2.61077948603039,-0.696634141145155,83.5867641342131
204125.5,24.9757867892626,121.550186674332,22.9731211224571,-2.50388544432793,-0.763511804585464,82.5512221661938
204125.600000143,24.9757834508053,121.550196746871,22.9773483369499,-2.42047064380245,-0.664646316303127,81.5191571769336
204125.700000048,24.9757802641684,121.550207033463,22.9748398205265,-2.45494422780408,-0.557091641884142,80.4470280525756
204125.800000191,24.9757772572522,121.550217381836,22.9549315888435,-2.47280250503936,-0.443527375269463,79.4175167316916
204125.900000095,24.975774410851,121.550227815364,22.9581357995048,-2.38881930594037,-0.357588320157338,78.3629220570102
204126,24.9757716767066,121.550238465725,22.9557107184082,-2.39203543754824,-0.335233633052672,77.2916181503848
204126.100000143,24.9757692474386,121.550249232895,22.9489909522235,-2.4102312405456,-0.318861990002763,76.2209996406482
204126.200000048,24.9757669417498,121.550260074048,22.9505840633065,-2.41775737392193,-0.306112662448591,75.1179382232059
204126.300000191,24.9757645443543,121.550270841883,22.9515607329085,-2.42542164168948,-0.294153190307601,74.0561862327639
204126.400000095,24.9757627213285,121.550281933072,22.9383880086243,-2.50213176053695,-0.374640858675941,72.9191006910756
204126.5,24.9757606179845,121.550293252882,22.9427436646074,-2.50945875563161,-0.437233206837947,71.791111935292
204126.600000143,24.9757589714602,121.550304319859,22.9482382051647,-2.53888785541741,-0.414160773352494,70.7297595614921
204126.700000048,24.9757577328356,121.550315531273,22.9362350227311,-2.53274376904947,-0.368554096986554,69.5960109830166
204126.800000191,24.9757562258042,121.550326737955,22.920066235587,-2.42383430511316,-0.402301291236391,68.5177192522303
204126.900000095,24.9757554234538,121.550337870771,22.9493740713224,-2.51987622739041,-0.382901898996623,67.4475127996171
204127,24.9757545187919,121.550349263272,22.940198181197,-2.37815524081959,-0.306939049319914,66.3630858473294
204127.100000143,24.9757537144052,121.550360458751,22.9211310567334,-2.4184459308673,-0.331097313382119,65.3725342627446
204127.200000048,24.9757532001152,121.550371935551,22.9285365371034,-2.59457207416367,-0.502260073499835,64.3858383238932
204127.300000191,24.9757526021772,121.550383368823,22.9471363676712,-2.62273694475328,-0.453736652673792,63.4368611438176
204127.400000095,24.9757526063472,121.55039489064,22.952890323475,-2.72361807527269,-0.349725033988826,62.528878852349
204127.5,24.9757525869843,121.550406164896,22.9535497482866,-2.73469820910572,-0.231238305453731,61.6775403731193
204127.600000143,24.9757527291038,121.550417620794,22.9451593924314,-2.73043327585903,-0.200647976508475,60.8079457423662
204127.700000048,24.9757530709911,121.550428886072,22.9301669606939,-2.55949904626358,-0.274220842296327,60.0419899591353
204127.800000191,24.9757536897725,121.550440456853,22.9358584545553,-2.48413409683392,-0.587730072099804,59.2369647340619
204127.900000095,24.9757541261208,121.550451874351,22.9600142482668,-2.42705488369158,-0.692769300983166,58.5834176666178
204128,24.9757547512712,121.550463375559,22.9790779137984,-2.4972666018878,-0.529201643047019,57.9994246030172
204128.100000143,24.9757555075149,121.550474834633,22.96310720779,-2.50999130201292,-0.279274383804439,57.4660123830266
204128.200000048,24.9757563649305,121.550486159947,22.9348701070994,-2.44741920699319,-0.257307025479805,57.083598048046
204128.300000191,24.9757572847096,121.550497792988,22.9344467548653,-2.34198255362363,-0.401089403678556,56.7210160764205
204128.400000095,24.9757583223603,121.550509220877,22.9457267327234,-2.36474629185795,-0.44960521005951,56.4424821160188
204128.5,24.9757593356255,121.550520702542,22.9431313537061,-2.403587981187,-0.460814414613917,56.2058834251134
204128.600000143,24.9757600884414,121.550532138949,22.930253223516,-2.50607115144236,-0.567449705171751,55.9648332515426
204128.700000048,24.9757612227204,121.550543503313,22.9312956267968,-2.6398549778687,-0.682882774205942,55.846894428207
204128.800000191,24.9757624334041,121.550554855358,22.9383231429383,-2.71992166960649,-0.73758350271657,55.7304999245437
204128.900000095,24.9757635321998,121.550566296305,22.9371010120958,-2.81910797003854,-0.738537771613337,55.6312822365784
204129,24.9757647416992,121.550577685365,22.9395437100902,-2.89275828015258,-0.66072472345515,55.5663404217772
204129.100000143,24.9757658612258,121.550589009121,22.9477729294449,-2.94700549497678,-0.512690248103732,55.4964558031228
204129.200000048,24.9757672041684,121.550600177383,22.9390106564388,-2.97876957602788,-0.311006095213817,55.444242353196
204129.300000191,24.9757682785524,121.550611792495,22.9400615710765,-2.92145746140224,-0.181630882487244,55.3582600067415
204129.400000095,24.9757695393242,121.550622744303,22.9447252256796,-2.90238506289215,-0.151193315259094,55.2856888190053
204129.5,24.9757708417966,121.550634140764,22.9500594176352,-2.76235559468083,-0.105807897449966,55.238795376841
204129.600000143,24.9757721091062,121.550645259834,22.9503887407482,-2.72768302445727,-0.155760101054529,55.1963842440166
204129.700000048,24.9757734514356,121.55065665141,22.9583160774782,-2.5628691928525,-0.237219142966372,55.1214204514557
204129.800000191,24.9757746991472,121.55066783785,22.9733752245083,-2.4803978913755,-0.236631389522522,55.0803474899233
204129.900000095,24.9757761877582,121.55067898031,22.9777846932411,-2.47983001201245,-0.153840622422218,55.0752366320492
204130,24.9757775207946,121.550690175868,22.9732362208888,-2.43211104267105,-0.101442393634497,54.9939011082513
204130.100000143,24.9757786939335,121.550701416295,22.9733272427693,-2.34649602181358,-0.116904887588304,54.9524017358685
204130.200000048,24.9757799605122,121.550712513587,22.9898493941873,-2.32436620271153,-0.14496752651859,54.9197540702935
204130.300000191,24.9757813600624,121.550723499092,22.9941095178947,-2.41310989836854,-0.112359224451591,54.90427901033
204130.400000095,24.9757827518509,121.550734593511,22.9963139742613,-2.49558111878268,-0.0700411475986706,54.8799101273986
204130.5,24.9757839639394,121.55074572374,23.0022569969296,-2.56236015247559,-0.0655599172557678,54.8387085688506
204130.600000143,24.9757852525661,121.550756685799,23.0095233693719,-2.48892426058782,-0.0167403673038858,54.7664530663084
204130.700000048,24.9757865890811,121.550767623762,23.0306740757078,-2.47867287582996,0.10098791357439,54.759832646845
204130.800000191,24.9757879324604,121.55077864207,23.0458558099344,-2.26346040320589,0.357708739889425,54.7257449214392
204130.900000095,24.9757896323512,121.550789744442,23.0517230285332,-2.05759082956113,0.621327902326993,54.6564863985512
204131,24.9757908685999,121.550800456926,23.0664984676987,-1.86203727541453,0.807735732665456,54.6332359581613
204131.100000143,24.9757924963145,121.550811448488,23.0847320100293,-1.80604756579075,0.992108240081772,54.603661778529
204131.200000048,24.9757936403448,121.550822099128,23.1099958233535,-1.7503795287158,1.21665747592776,54.6478720934
204131.300000191,24.9757949824573,121.55083298639,23.1202267697081,-1.92748207642847,1.32323790906466,54.642369963641
204131.400000095,24.9757961757119,121.550843643929,23.1402870258316,-2.09910872434265,1.35640800882719,54.6518275998085
204131.5,24.9757973915952,121.550854415115,23.1585894180462,-2.01651195080824,1.27386236057863,54.6012648052748
204131.600000143,24.975798861156,121.550865269594,23.1852909624577,-2.02248298811916,0.999783694366247,54.6377573684869
204131.700000048,24.9758001107203,121.550875760542,23.2131782937795,-1.99523649171451,0.774930535790965,54.5694350943502
204131.800000191,24.9758013795568,121.550886490064,23.2540578180924,-1.93866807180063,0.735775146305486,54.6004729893685
204131.900000095,24.9758027167141,121.550897036749,23.2809558082372,-1.98877627483471,0.825411387900858,54.5931719068234
204132,24.9758039698292,121.550907437146,23.3106073485687,-2.01231114806565,1.03541443685089,54.5970299144122
204132.100000143,24.9758053236181,121.55091777027,23.3147186730057,-2.14160030213586,1.15095073529138,54.6003582522092
204132.200000048,24.9758066519658,121.550928025919,23.3305029943585,-2.15377363583323,1.21487452248913,54.5925023838665
204132.300000191,24.9758078770396,121.550938164168,23.352054904215,-2.14467069774302,1.16711206517013,54.5915117262363
204132.400000095,24.9758090355077,121.550948282367,23.3895081225783,-2.08359386788847,1.19573979904851,54.5593238860818
204132.5,24.9758103689143,121.550958429281,23.4172492939979,-2.01648148835836,1.23329116532832,54.559284270701
204132.600000143,24.9758114713261,121.550968255104,23.4426944330335,-1.94919926252972,1.31191577363919,54.5759403656982
204132.700000048,24.9758128594785,121.550978007781,23.4613722926006,-1.99030159290558,1.31253080056073,54.5603790070667
204132.800000191,24.9758141610418,121.550987992054,23.4794537061825,-1.99932769454804,1.31947955484686,54.5285201084971
204132.900000095,24.9758152891139,121.550997479129,23.4956615576521,-1.97392864511645,1.31606740333661,54.528168756421
204133,24.9758165243897,121.551006997668,23.518867678009,-1.95860961666241,1.27729729837467,54.5525536548118
204133.100000143,24.9758176665048,121.551016468427,23.5474675754085,-1.875950004447,1.23593258891743,54.5096901555484
204133.200000048,24.9758188914744,121.551025672522,23.563650698401,-1.90278818289924,1.07431525862384,54.4912553764749
204133.300000191,24.9758200297501,121.551034828538,23.5928266644478,-1.9453402033738,0.910616295381961,54.4223813319716
204133.400000095,24.9758211726024,121.551043759348,23.6179128587246,-1.94273933243639,0.812816456657555,54.3725870324906
204133.5,24.9758221576355,121.551052810375,23.6477680746466,-1.96519419961793,0.760001465374887,54.3145362806555
204133.600000143,24.9758235292457,121.551061495946,23.6693265633658,-2.04657638990236,0.764457466627442,54.1180055770435
204133.700000048,24.9758245764778,121.551069919186,23.6808246895671,-2.19495171579909,0.732591077749076,53.8891663787645
204133.800000191,24.9758256385269,121.551078320193,23.7056122366339,-2.25367460822284,0.750907099144783,53.6514554141526
204133.900000095,24.9758267920345,121.551086556904,23.7183223851025,-2.27421630544106,0.744991313982864,53.3304293891952
204134,24.975828028642,121.551094617268,23.737251624465,-2.30395162229382,0.745833006826838,53.0028183450754
204134.100000143,24.9758292695915,121.551102461332,23.753594616428,-2.36774120967842,0.759294994309483,52.5771085729244
204134.200000048,24.9758306623042,121.551110204532,23.782677443698,-2.45371567965327,0.762640104480621,52.0847542217462
204134.300000191,24.9758320010166,121.55111776586,23.7962953904644,-2.55956140378544,0.739967848610739,51.541286975615
204134.400000095,24.9758332659913,121.551125319459,23.815220316872,-2.65562087746575,0.713582948452858,50.9083726203317
204134.5,24.9758347941181,121.551132601947,23.8363025179133,-2.65617991850143,0.761462835239247,50.2258661318401
204134.600000143,24.9758363102691,121.551139772715,23.8526420788839,-2.70619592211712,0.762914641660329,49.4664313928719
204134.700000048,24.9758377863288,121.551146767876,23.8759175445884,-2.70949813106398,0.790079920143959,48.6086795650657
204134.800000191,24.9758395203264,121.551153587708,23.8875888250768,-2.72351581304705,0.841250119381738,47.7166232418972
204134.900000095,24.9758412382319,121.551160243712,23.9054974410683,-2.76443546670291,0.858790161801994,46.7317352544182
204135,24.975843050888,121.551166584253,23.9266683412716,-2.93859000287058,0.914195375073142,45.6214264125881
204135.100000143,24.9758450287581,121.551173119414,23.9292941391468,-2.86656412111529,0.895238352267438,44.3797274312007
204135.200000048,24.9758470424913,121.551179330077,23.9558867188171,-2.80004134368475,0.852412544058285,43.0294374058746
204135.300000191,24.9758491799405,121.551185346103,23.979385541752,-2.80104022926177,0.840352857333648,41.4878261836527
204135.400000095,24.9758515391037,121.551191086287,23.9868451273069,-2.8573423789431,0.802442511847281,39.8749160798975
204135.5,24.9758538984662,121.551196741061,24.0043709613383,-2.82198596142353,0.700863118719388,38.127473737595
204135.600000143,24.9758564232507,121.551202435398,24.0286903930828,-2.81663035956865,0.672105679015772,36.3216340039351
204135.700000048,24.9758592361146,121.551207658934,24.0429843980819,-2.92487463188576,0.647329308630795,34.2965529077838
204135.800000191,24.9758621388879,121.551212863825,24.0492589268833,-2.95386364270145,0.612034390837185,32.1938085424154
204135.900000095,24.975865230147,121.551218120066,24.0578285921365,-2.81557506208912,0.519628290702294,29.9858085763206
204136,24.9758684461346,121.551222992001,24.0819292804226,-2.56967084349938,0.572489302546981,27.7279681621057
204136.100000143,24.9758717924652,121.551227842206,24.0831037135795,-2.47438207727144,0.651307532779911,25.4129032838753
204136.200000048,24.9758753214255,121.551232120928,24.0787269696593,-2.36869259520302,0.540574974764812,23.0070054146802
204136.300000191,24.9758786578665,121.55123652737,24.0811268379912,-2.41877028033571,0.31956385590385,20.6052812642509
204136.400000095,24.9758825659842,121.551240914673,24.1174427140504,-2.4645760719118,0.212867604363977,18.2360645040451
204136.5,24.9758864825087,121.551244771635,24.1155468346551,-2.31177001286267,0.102692744337378,15.8450468466326
204136.600000143,24.9758903133385,121.551248777215,24.1398216830567,-1.95780997708471,0.0918289578383599,13.3789154637851
204136.700000048,24.9758946981359,121.551252040581,24.1495276978239,-1.86683153505254,0.248383016623,10.9397104694276
204136.800000191,24.9758989939605,121.551255370097,24.1342717362568,-1.88435845372254,0.410543581171489,8.42407643889478
204136.900000095,24.9759033149923,121.551258589585,24.1170687833801,-2.08406536762399,0.310013731361111,5.92917234864041
204137,24.9759079807833,121.551261620352,24.1360450619832,-2.17507670450137,0.206076547875264,3.38740767214517
204137.100000143,24.9759125096685,121.551264623333,24.1403286205605,-1.99445493450796,0.0997484367495785,1.00483316504237
204137.200000048,24.9759175835546,121.55126706624,24.1431169202551,-1.69299761314281,0.065421599163249,358.645186967769
204137.300000191,24.9759226316252,121.551269307274,24.1401286097243,-1.5271968221227,0.0545940415381704,356.270617278274
204137.400000095,24.9759275869453,121.551271596217,24.1526719387621,-1.52583934284819,0.0842843313941171,354.042236364964
204137.5,24.9759328030919,121.551273532569,24.1448402861133,-1.63976272187192,0.173794152993179,351.878132423469
204137.600000143,24.9759380785185,121.551275433948,24.1422869125381,-1.75647660688689,0.164515444415805,349.761496096521
204137.700000048,24.9759436416597,121.551277050838,24.1469822125509,-1.77574041619386,0.0993113348121629,347.750271728139
204137.800000191,24.9759493032821,121.551278491505,24.1400943603367,-1.92642260804011,0.207152156053243,345.675837413956
204137.900000095,24.9759548147747,121.551279825013,24.1499843373895,-1.94665856609628,0.20779202400881,343.646115639213
204138,24.9759606019849,121.551280747307,24.1376740811393,-1.78905834816829,0.149484223238001,341.6734140676
204138.100000143,24.975966321654,121.551281465603,24.1099918903783,-2.00031718110869,0.0246690268961673,339.700272194222
204138.200000048,24.9759723260083,121.551282290771,24.146614536643,-1.99125265606661,-0.0844063632289126,337.841417860284
204138.300000191,24.9759783537971,121.551282623637,24.1283383453265,-1.81947111104279,-0.192803375768887,336.027707413596
204138.400000095,24.9759842836868,121.551282890055,24.1381492204964,-1.59170038509915,-0.350399751317387,334.282060411871
204138.5,24.9759902888983,121.551283082086,24.1508205840364,-1.41620665198225,-0.292707964423387,332.721310624962
204138.600000143,24.9759962169824,121.551282855697,24.1442361949012,-1.42835693864778,-0.146816642125921,331.263140274355
204138.700000048,24.9760022072903,121.551282662381,24.1291565857828,-1.41513849426775,-0.0443011300218902,329.941563902111
204138.800000191,24.9760083137034,121.551282277591,24.1269856356084,-1.38105006347067,0.0258099893090033,328.709768674026
204138.900000095,24.9760143734429,121.551281598662,24.1184042692184,-1.2400994762205,0.0932957912962079,327.60312446448
204139,24.9760205356072,121.551281437183,24.1034144740552,-1.20979209253535,0.0747077969587048,326.644854378646
204139.100000143,24.9760266572442,121.551280612222,24.1105671599507,-1.20036312107176,0.0962742037671676,325.88172663471
204139.200000048,24.9760328673962,121.551279849528,24.1072326758876,-1.21974470886034,0.146044320706346,325.212851780916
204139.300000191,24.9760386498602,121.55127889014,24.1002774899825,-1.26572286659416,0.213031715891446,324.657783132274
204139.400000095,24.9760448809163,121.551278092762,24.0953265782446,-1.29812538403597,0.269338389972848,324.276001694639
204139.5,24.9760510302891,121.55127720135,24.0964494291693,-1.2994499547055,0.284568878590879,323.927685346264
204139.600000143,24.976056945275,121.551276317321,24.0983066735789,-1.31392899052882,0.308861024043458,323.59253770016
204139.700000048,24.9760630315957,121.551275307236,24.0940909888595,-1.39825955856661,0.331299327526314,323.349953962472
204139.800000191,24.9760692368027,121.551274175358,24.0974112097174,-1.41085199505313,0.343402327879566,323.118387100137
204139.900000095,24.976075264153,121.551273078845,24.0978693207726,-1.49113894881966,0.344016062290529,322.862451016657
204140,24.9760812370817,121.551271902802,24.0984032414854,-1.54139195675967,0.37357634271156,322.59547725696
204140.100000143,24.976087388187,121.551270780388,24.1040347004309,-1.58974927308775,0.461561744737855,322.342487038655
204140.200000048,24.9760933812841,121.551269736777,24.098818551749,-1.65096876906132,0.48952272865852,322.086914826778
204140.300000191,24.976099411991,121.551268628625,24.1031719194725,-1.77070631264942,0.519175383974712,321.865548903699
204140.400000095,24.9761054817635,121.55126752859,24.1071233479306,-1.7851024480934,0.542074682662071,321.726540835287
204140.5,24.9761114438105,121.551266281813,24.1078310254961,-1.75448060036285,0.571108983351426,321.670349645518
204140.600000143,24.9761174602823,121.551265016352,24.1128241168335,-1.8524488637548,0.532341148940635,321.634392378625
204140.700000048,24.9761234988606,121.551263840451,24.1159498346969,-1.94663058740889,0.540535127931559,321.610444218416
204140.800000191,24.9761295299313,121.551262673305,24.1209801193327,-2.0897282414046,0.562994044744351,321.636054077784
204140.900000095,24.9761354930469,121.551261439545,24.1254931353033,-2.1632457409558,0.586049006125976,321.623623349076
204141,24.9761415940645,121.551260316464,24.1273316619918,-2.1954803097541,0.568239997878241,321.67056756914
204141.100000143,24.9761474583929,121.551259176899,24.1421954836696,-2.20526970692148,0.553727529969231,321.740052653605
204141.200000048,24.97615359587,121.551257948491,24.1434874972329,-2.24123746301662,0.558994836567364,321.762929319688
204141.300000191,24.9761595632838,121.551256688506,24.1451897993684,-2.20772126178109,0.493564697048632,321.831223477101
204141.400000095,24.9761655131889,121.551255578214,24.1624540258199,-2.19471420056684,0.482513237264397,321.913879007061
204141.5,24.9761715082928,121.551254470441,24.1683131819591,-2.18932332335274,0.517687547280211,321.948435818905
204141.600000143,24.9761775223816,121.551253244002,24.1639227140695,-2.08422664558798,0.510642374096712,322.028853661136
204141.700000048,24.97618342288,121.551252099398,24.1709800586104,-2.07130629407502,0.499504105584533,322.122805832345
204141.800000191,24.9761893929881,121.551250934127,24.2402204982936,-2.12122106100558,0.722097740042888,322.208164414234
204141.900000095,24.9761953150823,121.55124983777,24.1768936384469,-2.21458891460803,0.856242861172605,322.279193832056
204142,24.9762013190693,121.551248681958,24.1681327857077,-2.11615749327459,0.545413329478693,322.389536981665
204142.100000143,24.976207488544,121.551247825536,24.173168765381,-2.05142064050262,0.369165776825239,322.457639372473
204142.200000048,24.9762134558483,121.551246721311,24.1818335689604,-2.11570655625911,0.333709645561355,322.525062073252
204142.300000191,24.9762194762499,121.551245594374,24.1902823355049,-2.08566807287783,0.0233922718871605,322.602190680842
204142.400000095,24.9762252714146,121.551244539111,24.2280899416655,-2.21239175797432,0.0808659442546513,322.706982246783
204142.5,24.9762311432475,121.551243614737,24.2198389023542,-2.23854693213733,0.295960996259216,322.780917485488
204142.600000143,24.976237049113,121.551242497958,24.2028069924563,-2.31235929136195,0.316568149239494,322.851237924323
204142.700000048,24.9762429870697,121.551241373525,24.2020679702982,-2.31267642036739,0.314712941714558,322.943552328773
204142.800000191,24.9762489051079,121.551240409846,24.2061954811215,-2.27821967569256,0.250038843968248,322.989246621666
204142.900000095,24.9762548124477,121.551239318137,24.2179737715051,-2.30627328854508,0.2085731278191,323.069505935105
204143,24.9762606363587,121.551238334858,24.2196061909199,-2.32385885268443,0.238324482533694,323.17382110662
204143.100000143,24.9762668740471,121.551237318082,24.2231701724231,-2.37924284922071,0.284993776450073,323.255944210607
204143.200000048,24.9762726319613,121.551236267332,24.2282848088071,-2.39674620673032,0.315350247826136,323.326337473335
204143.300000191,24.976278823347,121.551235256187,24.2353573795408,-2.42662124100171,0.412879908881439,323.420852562651
204143.400000095,24.9762848548783,121.551234169986,24.2442216062918,-2.45530878368845,0.569495213402315,323.482699193999
204143.5,24.976291155887,121.551233178156,24.2464873176068,-2.37152147399102,0.746362288231797,323.555656349537
204143.600000143,24.97629732954,121.551232100056,24.2575359586626,-2.34636340465805,0.92431259722356,323.628848495527
204143.700000048,24.9763037859973,121.551230907744,24.2517014993355,-2.34927888431191,1.06241906638975,323.699687967457
204143.800000191,24.9763103655635,121.551229891401,24.2537205582485,-2.3129276923029,1.11457161824508,323.758787495962
204143.900000095,24.9763171008869,121.551228693989,24.2634471729398,-2.14464214711403,1.14411934827191,323.838750633703
204144,24.9763238730015,121.551227585419,24.2716041961685,-1.96285923442812,1.16455602054926,323.920038346416
204144.100000143,24.9763308480051,121.551226437825,24.2719187028706,-1.8742325117678,1.12164619024024,323.988141860775
204144.200000048,24.9763380277248,121.551225286941,24.2783047528937,-1.88568066214067,0.990266927678848,324.055796678935
204144.300000191,24.9763453026456,121.551224189699,24.290599534288,-1.849033918232,0.914459277813806,324.123960074844
204144.400000095,24.9763525522071,121.55122306274,24.2966859629378,-1.81650880221628,0.861225106090578,324.19255854683
204144.5,24.9763598652951,121.551221896333,24.3113484540954,-1.76503472352212,0.893059959036994,324.27370099125
204144.600000143,24.9763676546544,121.551220656292,24.3003181386739,-1.73890265060383,0.873543227208504,324.354240555789
204144.700000048,24.9763751840844,121.551219522931,24.3085650624707,-1.68849824756514,0.788948622297085,324.410968064041
204144.800000191,24.9763830202632,121.551218336963,24.3038502447307,-1.66266260342881,0.711393573088155,324.468020107332
204144.900000095,24.9763910412835,121.551217175028,24.3196206204593,-1.65293070345983,0.595657381405421,324.535983881367
204145,24.9763991506562,121.551215977741,24.3139651482925,-1.67817969482393,0.601126542658276,324.639916546549
204145.100000143,24.9764073097769,121.551214783909,24.3160046134144,-1.75367729967852,0.503534255599659,324.742546352507
204145.200000048,24.9764157575084,121.551213754645,24.3069709390402,-1.90281257376448,0.427050870875103,324.811624882691
204145.300000191,24.9764241847604,121.551212588096,24.2987856911495,-1.95332442729604,0.322246569192658,324.913760148988
204145.400000095,24.9764327353799,121.551211419652,24.2943834317848,-2.02390545360907,0.201911322985744,325.004222804735
204145.5,24.9764414403382,121.551210291952,24.2989770006388,-1.9883119859226,0.136774458150379,325.119708134104
204145.600000143,24.9764502299334,121.55120905975,24.2955179372802,-1.8760971700394,0.156918841266561,325.234995924668
204145.700000048,24.9764591269318,121.551207801132,24.2963342862204,-1.82659157586721,0.258500417816086,325.340293969461
204145.800000191,24.9764681096201,121.55120659839,24.2853614455089,-1.68732595838629,0.319390168487047,325.457534580343
204145.900000095,24.9764773706332,121.551205373017,24.2761427611113,-1.61584928725212,0.308546449206266,325.583643739396
204146,24.9764865006336,121.551204222442,24.261471294798,-1.58231707397272,0.255222677569421,325.699458183533
204146.100000143,24.9764957971403,121.55120303969,24.2506651114672,-1.61833067402108,0.0826124842619126,325.82357145671
204146.200000048,24.976505477168,121.551201922921,24.2377342246473,-1.628889688385,-0.15486547671504,325.925465267629
204146.300000191,24.9765150985593,121.551200794112,24.2219065204263,-1.54187640413635,-0.583130924410002,326.034934452918
204146.400000095,24.9765247574963,121.551199551886,24.2118290765211,-1.40275870518018,-0.976822971422634,326.111852382331
204146.5,24.9765340754138,121.551198555525,24.2015946637839,-1.19485792734812,-1.19203235787152,326.145472539334
204146.600000143,24.9765439170976,121.551197401808,24.1928283907473,-1.11343906495608,-1.18757179702372,326.193299298288
204146.700000048,24.9765535626104,121.551196226651,24.1546796346083,-1.11919720003628,-1.21310006297573,326.274017083464
204146.800000191,24.9765631780816,121.551195051475,24.1246351161972,-1.09576712072835,-1.26764504457814,326.341941286321
204146.900000095,24.9765729479564,121.551193993448,24.094616714865,-1.08542967565147,-1.37144888865453,326.399367470696
204147,24.9765825823712,121.551192932283,24.0643152548,-1.1039976556443,-1.50491081281427,326.466069407536
204147.100000143,24.976592217546,121.551191886292,24.0328198811039,-1.06514664827722,-1.52059848668034,326.501988337867
204147.200000048,24.9766020370247,121.551190789626,23.9871799899265,-1.14149304719794,-1.71295988138417,326.567277534622
204147.300000191,24.9766118901796,121.551189763992,23.9477640362456,-1.13111056087385,-1.98115635564904,326.657189079659
204147.400000095,24.9766218110827,121.551188820791,23.9126719990745,-1.12503919705085,-2.22688978653262,326.747285118435
204147.5,24.9766316483388,121.551187868605,23.8756876830012,-1.19604319361452,-2.38376161585826,326.835260085556
204147.600000143,24.9766415290862,121.551186728458,23.830723175779,-1.24790422480888,-2.46571894434323,326.891573632044
204147.700000048,24.9766513831083,121.551185765668,23.7744326433167,-1.35259309972666,-2.57168410358707,326.990460219479
204147.800000191,24.9766615798043,121.551184867981,23.7284227209166,-1.4030204627887,-2.65463425515679,327.103490729063
204147.900000095,24.9766712650688,121.551183948386,23.6838721996173,-1.38639453451228,-2.60693654176612,327.266532819637
204148,24.9766814156502,121.551182977448,23.6384397475049,-1.43735439988114,-2.46744390035979,327.383663658863
204148.100000143,24.9766909647576,121.55118212297,23.5853334143758,-1.55910559890226,-2.27345592906273,327.51024169919
204148.200000048,24.9767009647206,121.551181180946,23.5296327127144,-1.56630208589837,-2.12452073803154,327.615932520263
204148.300000191,24.9767111244062,121.551180448777,23.4778942726552,-1.62036304866409,-2.1382028371282,327.718534527901
204148.400000095,24.9767210702793,121.551179622439,23.4447471993044,-1.77630866946939,-2.22153834991291,327.829517965652
204148.5,24.9767306595022,121.551178825283,23.4153592158109,-1.93019126507099,-2.15282950127942,327.965660329327
204148.600000143,24.9767403739712,121.551178074762,23.384373286739,-1.97636477017876,-1.88359951822705,328.074530812455
204148.700000048,24.9767497696569,121.551177271311,23.332308630459,-2.13397181525195,-1.69777731602844,328.167805326352
204148.800000191,24.9767593556789,121.551176674107,23.2937008189037,-2.12361420705891,-1.68625427435165,328.283358765128
204148.900000095,24.9767691284488,121.551175994519,23.2675358727574,-2.02106179133125,-1.66615294998278,328.423199387481
204149,24.9767783859439,121.551175413725,23.2365785241127,-1.97673629949124,-1.64717563724847,328.56339609494
204149.100000143,24.9767877428981,121.551174741246,23.2099718460813,-1.97182874196046,-1.61269767672117,328.656455771658
204149.200000048,24.9767970115589,121.551174060768,23.1885739061981,-1.99766128993684,-1.59747297425193,328.771543939078
204149.300000191,24.9768061844611,121.551173569765,23.1585638783872,-1.92820872742688,-1.64176939704759,328.840152377207
204149.400000095,24.9768154041447,121.551172949548,23.1153964670375,-1.88490182460373,-1.77466986749104,328.930983289002
204149.5,24.976824569503,121.551172418849,23.09777212888,-1.81605365761024,-1.97083914370697,328.951738589115
204149.600000143,24.976833351142,121.551171787808,23.0653588445857,-1.71138305616374,-2.21781985578086,328.996645456139
204149.700000048,24.9768423746429,121.55117123194,23.0234434204176,-1.62412791468445,-2.49260869190176,329.038846376968
204149.800000191,24.9768510550807,121.551170713187,22.9899883512408,-1.56282373352216,-2.80797291832136,329.058680210643
204149.900000095,24.9768595944085,121.551170165004,22.9661405188963,-1.52171229813339,-2.98647586008898,329.05731592151
204150,24.9768680855371,121.551169748829,22.9304514490068,-1.47421386679548,-3.03523507554294,329.103536287569
204150.100000143,24.9768763850265,121.551169312733,22.8946799775586,-1.5088188604067,-2.93723638584469,329.092507827969
204150.200000048,24.9768847185082,121.551168698408,22.8457333566621,-1.49988572075111,-2.87593467806334,329.070734968995
204150.300000191,24.9768929232586,121.551168211411,22.7875543124974,-1.48016015334279,-2.96465263508456,329.035877929864
204150.400000095,24.9769009612497,121.551167899883,22.7433671532199,-1.52002031272606,-3.10256443830719,328.997617139034
204150.5,24.9769089957433,121.551167306932,22.7180691482499,-1.56125110791373,-3.13452046427739,328.937857254122
204150.600000143,24.976916620928,121.551166762206,22.6902444958687,-1.65081166734424,-3.01177237015857,328.821957472916
204150.700000048,24.9769241997577,121.551166145096,22.6406972026452,-1.80721587628217,-2.85607751020321,328.659490000292
204150.800000191,24.9769317406563,121.551165609807,22.5982875386253,-1.994288710882,-2.77619344487062,328.437193886279
204150.900000095,24.9769390107686,121.551165039704,22.568900086917,-2.0557089354403,-2.68836930981367,328.103059355766
204151,24.9769460477837,121.551164270185,22.5382644673809,-2.04615881615601,-2.55853607237749,327.643491382399
204151.100000143,24.9769532247721,121.551163454715,22.5022921776399,-2.20394132185826,-2.41534866763984,327.078153997478
204151.200000048,24.9769600950891,121.551162585308,22.4673391394317,-2.38466953348524,-2.34093968397858,326.300949050218
204151.300000191,24.9769670172676,121.551161723908,22.4346825350076,-2.49566884696927,-2.38694901001754,325.383265988796
204151.400000095,24.9769737853834,121.551160715027,22.4111879784614,-2.54325415796649,-2.4236393038976,324.201128406581
204151.5,24.9769804673352,121.55115945713,22.3992062537,-2.61380761958124,-2.34483051038513,322.925386253484
204151.600000143,24.976986874857,121.551158142544,22.3829383561388,-2.5909158461112,-2.12990683291726,321.513392831522
204151.700000048,24.9769929394459,121.551156399552,22.3593459110707,-2.76645898287292,-1.96529080184596,319.930887089931
204151.800000191,24.9769991726346,121.551154804895,22.3367900978774,-2.77353953478524,-1.81956191033671,318.322237489205
204151.900000095,24.977005348396,121.5511529296,22.3281307900324,-2.72624265489032,-1.62004298758043,316.655023443937
204152,24.9770110205593,121.551150718233,22.3028046749532,-2.64745937307955,-1.46317705051333,314.887976489926
204152.100000143,24.9770168903541,121.551148319319,22.2854782352224,-2.60041400707147,-1.43676195464779,313.026397448426
204152.200000048,24.9770225989747,121.551145834279,22.2664389908314,-2.3095415101045,-1.45147684647101,311.136447253457
204152.300000191,24.9770283469138,121.551143116384,22.2450022827834,-2.0876292808745,-1.51280114655228,309.166752534221
204152.400000095,24.9770333696398,121.551140155511,22.2400651890785,-1.81434907593769,-1.53309907353379,307.113737343595
204152.5,24.977038405689,121.55113712039,22.2424970250577,-1.69389606164129,-1.46236389472815,305.00288080344
204152.600000143,24.9770436884203,121.551133870184,22.2328109862283,-1.66331292786125,-1.28161201342543,302.867451978369
204152.700000048,24.9770481884645,121.551130508835,22.1963840303943,-1.6064519305543,-1.20501394174891,300.658067771194
204152.800000191,24.9770528758056,121.55112702648,22.1894846884534,-1.35359078349209,-1.16204428038531,298.466728117545
204152.900000095,24.9770573972633,121.551123297353,22.1771094175056,-1.13414931913415,-1.13902877751489,296.323984279703
204153,24.9770615689168,121.55111924889,22.1549536865205,-1.0272686326065,-1.09276178059772,294.147970472345
204153.100000143,24.9770656025616,121.551115322655,22.1395647376776,-0.997441400240028,-1.1469223195086,291.967181416947
204153.200000048,24.9770695805324,121.551111214389,22.1308110840619,-0.963264405586377,-1.14600402184914,289.814343225655
204153.300000191,24.977073339606,121.551107120781,22.126392214559,-0.955103410999786,-1.08596075033524,287.733977987631
204153.400000095,24.9770770138185,121.551102704066,22.1153564527631,-0.773148763399802,-0.959674924011458,285.589047097222
204153.5,24.9770804850588,121.551098136236,22.0887874886394,-0.545937827672117,-0.940822532864493,283.458139312276
204153.600000143,24.9770838012372,121.551093365048,22.0639584390447,-0.358586079980195,-0.958079283745305,281.330266995376
204153.700000048,24.9770868461846,121.551088469981,22.0265160128474,-0.411486295859308,-1.06083660507626,279.167434023614
204153.800000191,24.9770901072663,121.551083464008,22.0286015029997,-0.487115766121702,-1.19301953452369,277.025779895981
204153.900000095,24.9770929044424,121.551078449448,22.0347448745742,-0.44285301779508,-1.15314696747507,274.861471093378
204154,24.9770954619028,121.551073193715,22.0077240420505,-0.416707761370542,-0.96749061919097,272.678741179412
204154.100000143,24.9770980230784,121.551068001165,21.9911279091612,-0.405405704065494,-0.77705956713294,270.537065086573
204154.200000048,24.9771000848012,121.551062503509,21.9502765676007,-0.678725915458726,-0.712448191869946,268.328152121213
204154.300000191,24.9771025331988,121.551057181219,21.9110438041389,-1.12287931855422,-0.9429273235781,266.212141216791
204154.400000095,24.9771047855441,121.551051383193,21.9197488026693,-1.27359678903066,-1.05667230085696,264.029417724702
204154.5,24.977106254432,121.551045818198,21.9224494891241,-1.10777553356717,-0.833053690652682,261.913957112469
204154.600000143,24.9771077799169,121.551039794328,21.8888605972752,-1.07002726097097,-0.648909352392944,259.849947400524
204154.700000048,24.9771092690939,121.551033952919,21.8785490626469,-1.16148184960083,-0.733097816892081,257.826098865229
204154.800000191,24.9771109999657,121.551028160268,21.8680250365287,-1.34825788566717,-0.823747862286308,255.770946844771
204154.900000095,24.977111974014,121.551021987146,21.8371499162167,-1.4672971449995,-1.02970702582584,253.797445921206
204155,24.9771130834636,121.551015852965,21.8114724811167,-1.2018282095389,-1.24249244077733,252.030650548787
204155.100000143,24.9771138254464,121.551009502149,21.8150579594076,-0.958201101465673,-1.39260352660115,250.33021802467
204155.200000048,24.977114352898,121.551003427124,21.8143810424954,-0.895469446407551,-1.36958569749924,248.726522585474
204155.300000191,24.9771149097496,121.550997258836,21.809163316153,-0.973755375579167,-1.27366247084837,247.145675187047
204155.400000095,24.9771153430137,121.550990903323,21.775787519291,-1.11723770690698,-1.20417288891373,245.571320931261
204155.5,24.9771154885333,121.550984679132,21.7624019328505,-1.09344183115779,-1.14643799688074,244.200666934238
204155.600000143,24.9771154582181,121.550978270721,21.7415665369481,-1.05007457703651,-1.06081978668273,242.951298762398
204155.700000048,24.9771157523651,121.550971863745,21.7260890360922,-0.918211113177179,-0.921253631894536,241.767808557686
204155.800000191,24.9771155661812,121.550965370771,21.7101408606395,-0.762082303574618,-0.798462065996843,240.874867762625
204155.900000095,24.9771156765355,121.550958904792,21.701764411293,-0.560040715770029,-0.651461776135967,240.071452113489
204156,24.9771150611542,121.550952409207,21.6761718448251,-0.560415432090813,-0.555867440154467,239.413171539997
204156.100000143,24.9771146918261,121.550945760571,21.6604863516986,-0.528950878997363,-0.520596532746429,238.890963470912
204156.200000048,24.9771144125888,121.550939050029,21.643464515917,-0.451839041350307,-0.500732503816561,238.460047857637
204156.300000191,24.9771139851854,121.550932195321,21.625905171968,-0.413015502098229,-0.457090752668067,238.093490341172
204156.400000095,24.9771135682376,121.55092516192,21.6146737886593,-0.370336134240527,-0.429590314690774,237.751951458132
204156.5,24.9771129903026,121.550918259172,21.6100155245513,-0.335524732485034,-0.288257437005854,237.466104307363
204156.600000143,24.9771123684139,121.550911160246,21.586585264653,-0.392222141087656,-0.141988324505562,237.189056350958
204156.700000048,24.9771119409508,121.550903891362,21.569162176922,-0.425188059607507,-0.0651178125944355,236.911899402515
204156.800000191,24.9771111095361,121.550896573352,21.552872993052,-0.42603544492114,0.0186612419146123,236.602661165464
204156.900000095,24.9771105093162,121.550889153263,21.5398130025715,-0.422969985937076,0.0453241298292938,236.275096746048
204157,24.9771096811038,121.550881606712,21.5223330399022,-0.451226916750206,-0.0174053576694649,236.022639447675
204157.100000143,24.9771088308885,121.550873990745,21.5037285713479,-0.556118323438785,-0.152750554456291,235.678217323836
204157.200000048,24.9771079961965,121.550866051718,21.4938942724839,-0.553595363206562,-0.249861856049546,235.382151665853
204157.300000191,24.9771071331512,121.550858134351,21.4821723783389,-0.593115734142859,-0.346261515079875,234.989623517939
204157.400000095,24.9771060863169,121.550850087822,21.4808237589896,-0.682973639140404,-0.353623392541315,234.711993287782
204157.5,24.9771049995806,121.550841975667,21.463954388164,-0.801109764827637,-0.299386171662948,234.359058353621
204157.600000143,24.9771039663257,121.55083394307,21.4427095400169,-0.896409028703792,-0.232211897592327,234.031589925093
204157.700000048,24.9771029341727,121.550825375698,21.4396530427039,-0.942169453354459,-0.073071397654383,233.6958291982
204157.800000191,24.9771018371753,121.550816913862,21.4213468749076,-1.09938429249839,0.024658099070984,233.394169011934
204157.900000095,24.9771004046534,121.550808247749,21.3986041536555,-1.15943356616548,0.0415333977714623,233.09862884838
204158,24.9770991466945,121.550799445965,21.3972849966958,-1.00323389124084,0.186706938418115,232.829391131848
204158.100000143,24.9770977208051,121.550790545897,21.3720489982516,-0.947062648893888,0.248333409002933,232.518076911835
204158.200000048,24.9770964133792,121.550781506593,21.3634425224736,-0.750571207986056,0.209704883149718,232.262957202549
204158.300000191,24.9770946171795,121.550772248718,21.3347139451653,-0.636939616614912,0.172492765228083,232.065386618175
204158.400000095,24.9770932306021,121.550762919917,21.3268035780638,-0.451615556653451,-0.0997731187055407,231.908177001068
204158.5,24.977091397441,121.5507535694,21.3434438677505,-0.402335713126284,-0.0503549407273808,231.867095348666
204158.600000143,24.977089965997,121.550744270902,21.3529518488795,-0.479464676553333,0.314463052596295,231.919220317181
204158.700000048,24.9770883458339,121.550734549071,21.3305170247331,-0.718181692424212,0.808440186511074,231.970916806363
204158.800000191,24.977086855912,121.550724771337,21.2886428860947,-0.693055743116679,1.00152868507619,231.98789070976
204158.900000095,24.9770852448971,121.550714747461,21.2749876892194,-0.689168276101535,0.829504437987614,232.012135811455
204159,24.9770834136145,121.550704665789,21.2956391274929,-0.525234147690561,0.684407264893794,232.01028398079
204159.100000143,24.9770815997165,121.550694723519,21.3006434822455,-0.53221453446262,0.773453109101799,232.052035334786
204159.200000048,24.9770802515367,121.550684403689,21.3084371630102,-0.538349056258928,1.0023562026911,232.117096024481
204159.300000191,24.9770784700865,121.550674098081,21.2951936274767,-0.460214627530743,1.1715155645311,232.14240233655
204159.400000095,24.9770766269195,121.550663487355,21.2662375355139,-0.374764241170895,1.05443553155565,232.14114576068
204159.5,24.977075046464,121.550652969021,21.2781838737428,-0.405149339925951,0.794501098093447,232.16581487783
204159.600000143,24.977073255863,121.550642397784,21.292037201114,-0.736497125679533,0.664818597939537,232.141970183778
204159.700000048,24.9770715794672,121.550631860702,21.3228893019259,-0.766104709096177,1.03793403997749,232.112663156363
204159.800000191,24.9770697639999,121.550621423712,21.3101991713047,-0.844007638870877,1.40286347383441,232.122720110662
204159.900000095,24.9770680593151,121.550610674481,21.3076711539179,-0.753825923570408,1.54946834705651,232.13856838014
204160,24.9770663378312,121.550599985073,21.319469329901,-0.876872898648077,1.45509676512003,232.082223087576
204160.100000143,24.9770647582863,121.550589460311,21.3455142183229,-1.04265623300493,1.51817396070945,232.018286792164
204160.200000048,24.9770628787977,121.550579026629,21.3748349277303,-1.00532011713791,1.82801846575769,232.093787640775
204160.300000191,24.9770612411193,121.550568393687,21.3777448646724,-1.00430884324709,1.86922100390618,232.110121215653
204160.400000095,24.9770594521737,121.550557809679,21.3922944013029,-0.935390920208908,1.70839319229277,232.059720425268
204160.5,24.9770575661148,121.550547005409,21.4319700282067,-1.00989044853409,1.62259314685879,231.961485567377
204160.600000143,24.9770559519514,121.550536944845,21.4724041251466,-1.01012657849446,1.87770479040159,231.897114618402
204160.700000048,24.9770539972953,121.550526408053,21.4853947414085,-0.989265054034513,2.20190492584238,231.864909539328
204160.800000191,24.9770524836492,121.55051593707,21.4998533781618,-0.956791504784997,2.3058692907164,231.849170068563
204160.900000095,24.9770507090696,121.55050539012,21.5194166349247,-0.775016644222916,2.20456720351727,231.81286089428
204161,24.9770489391366,121.550495103812,21.5682827765122,-0.739935904151273,2.09540049012127,231.779518440624
204161.100000143,24.9770472081109,121.550484909847,21.58668022044,-1.04532032281517,1.96343970040977,231.701287100793
204161.200000048,24.9770456405048,121.550474441315,21.6290478957817,-1.14840551525136,2.0947470090925,231.669689141239
204161.300000191,24.977043648161,121.550464223434,21.6502707451582,-1.26753548440501,2.28117316343422,231.591306240906
204161.400000095,24.977041989258,121.550454113977,21.6880927653983,-1.09982964083721,2.57158351659871,231.533465747183
204161.5,24.9770400614741,121.55044390486,21.7172109689564,-1.00164482946371,2.88348074286013,231.499289333764
204161.600000143,24.9770383356254,121.550433910891,21.7576878452674,-0.807172913279993,3.15327226601509,231.502910176295
204161.700000048,24.9770366697267,121.550423453944,21.7772737657651,-0.371424545977731,3.1909962961677,231.55769787837
204161.800000191,24.9770349717609,121.550413258665,21.8074676292017,-0.600777042972677,2.7758493275818,231.596603319757
204161.900000095,24.9770331173302,121.550403195069,21.8610345711932,-0.649547880125287,2.51314262395086,231.646961958046
204162,24.9770314967025,121.550393177904,21.9166891891509,-0.705712034730846,2.53659235668495,231.778901708878
204162.100000143,24.9770298812947,121.550383273803,21.9425877230242,-0.870570447706474,2.62380469941653,231.89115937113
204162.200000048,24.9770282390925,121.550373155005,21.9791051838547,-0.890536832692082,2.61991367525141,232.063468151433
204162.300000191,24.9770266213832,121.550362812109,22.0115309730172,-0.886034996442789,2.52991086358943,232.161272102949
204162.400000095,24.9770249985115,121.550353218754,22.0426538456231,-0.962405532026649,2.48373669878143,232.245180671967
204162.5,24.9770232834551,121.550343358958,22.0724837332964,-1.02473877557007,2.51430177930617,232.230813250004
204162.600000143,24.9770214705341,121.550333508689,22.107230505906,-0.95982232629372,2.58343925687391,232.122043594711
204162.700000048,24.9770198736093,121.550323582043,22.1436187531799,-0.901079443243094,2.60231819612109,231.939645026158
204162.800000191,24.9770179821406,121.550313985163,22.1647762404755,-1.04620112372893,2.53052458669209,231.630489155803
204162.900000095,24.9770161593672,121.550303993135,22.2036688132212,-1.06767097081242,2.47205324042582,231.194699620869
204163,24.9770143571995,121.550294523751,22.2370653012767,-1.11706870977043,2.39367672879703,230.660706593954
204163.100000143,24.9770122632177,121.550284878792,22.2693310901523,-1.10398643096924,2.34238197690943,230.049548580928
204163.200000048,24.977010450251,121.55027510584,22.2969093155116,-1.0265238447457,2.2430678681805,229.404814100125
204163.300000191,24.9770081730635,121.550265551478,22.3252353733405,-1.13678496949039,2.08541604711418,228.661538533021
204163.400000095,24.9770060447208,121.550256270027,22.3642498422414,-1.27711017520267,2.08058614203539,227.929711351155
204163.5,24.977004026591,121.550246904947,22.3983168192208,-1.39945650332112,2.25112221311246,227.253648785457
204163.600000143,24.9770016260141,121.550237191216,22.4277966851369,-1.37650355653443,2.39985996152706,226.501543830512
204163.700000048,24.9769989991841,121.55022788512,22.4376674583182,-1.43558385959395,2.27849155550446,225.728535682383
204163.800000191,24.9769965494674,121.550218585584,22.4745178064331,-1.59972635184173,2.12206395338813,225.013980553241
204163.900000095,24.9769938642927,121.550209673773,22.503252488561,-1.66885498813653,2.06733814251207,224.257514923891
204164,24.9769909807474,121.550200246293,22.5444099372253,-1.54662905928006,2.20929900839612,223.582922519646
204164.100000143,24.9769883749355,121.55019140419,22.5659618964419,-1.54092858220586,2.29916806534322,222.921576794342
204164.200000048,24.976985354658,121.550182460904,22.5985288769007,-1.60640939189865,2.3747565231619,222.271261337779
204164.300000191,24.9769824806858,121.550173457815,22.6216529766098,-1.5547116195431,2.41073665839942,221.643566048414
204164.400000095,24.9769779078954,121.550165298661,22.64993500337,-1.56502774640102,2.35862095795347,221.175252840333
204164.5,24.9769753125942,121.550158519555,22.6827009404078,-1.58046945803356,2.28671322117845,220.989757815449
204164.600000143,24.9769722732889,121.550150362012,22.7052811896428,-1.63266051084483,2.16964026279506,220.34224572139
204164.700000048,24.9769691267558,121.550141829892,22.7450279584154,-1.58033514105874,2.18922795894547,219.694651556378
204164.800000191,24.9769660962533,121.550133323488,22.7700695609674,-1.64356860750396,2.23433052443462,219.080852055009
204164.900000095,24.9769628321556,121.550124910198,22.8064790274948,-1.52864214482695,2.32170767588818,218.412887976347
204165,24.9769592750063,121.550116428697,22.8290003091097,-1.42649498180637,2.32566199226651,217.785138765042
204165.100000143,24.9769555390129,121.550108201788,22.8661460084841,-1.26088308573238,2.33017007866309,217.222858332383
204165.200000048,24.9769520101421,121.550099931427,22.8975472645834,-1.07321784269251,2.39026095859253,216.686265252065
204165.300000191,24.9769487132313,121.55009172794,22.9131442653015,-1.00547906128744,2.3064080559076,216.278936096464
204165.400000095,24.9769450127155,121.550083395875,22.9417440881953,-1.08923286797859,2.09695620876054,215.863333042803
204165.5,24.9769408404749,121.5500753548,22.9824213860556,-1.1345674299446,1.94613070218236,215.411581264087
204165.600000143,24.9769374389827,121.550067556964,23.00259278249,-1.2486449564824,1.90742353321893,215.01326581415
204165.700000048,24.9769339285334,121.55005932742,23.0359083907679,-1.35660043005556,2.04028765213695,214.580960813753
204165.800000191,24.9769299019746,121.550051610196,23.0522944629192,-1.41352977437112,2.07753047324403,214.121117475247
204165.900000095,24.9769254358703,121.550043549578,23.0847033597529,-1.49299431950794,2.02684110747594,213.599049369255
204166,24.9769219495729,121.550035864386,23.1089309640229,-1.47540938067099,1.91199832014905,213.069359197833
204166.100000143,24.9769179119948,121.55002819774,23.1432389877737,-1.51586877948319,1.83795439443022,212.551209401972
204166.200000048,24.9769136531725,121.550020563086,23.1647889139131,-1.65219494779854,1.78287231393557,211.916902807363
204166.300000191,24.9769096397429,121.550012835963,23.1798699665815,-1.8855417750849,1.77959630979627,211.274428138881
204166.400000095,24.9769054483547,121.550005342035,23.1978667406365,-1.89846457093788,1.83158132540198,210.60383157467
204166.5,24.9769011195244,121.549997762261,23.2247480126098,-2.00155827958842,1.81419662552435,209.891841742889
204166.600000143,24.9768971825345,121.549990697679,23.2559809377417,-1.94382743571986,1.79139385000476,209.249237238938
204166.700000048,24.9768927859343,121.54998366091,23.2736856341362,-1.96946907450483,1.67578275201471,208.49347754085
204166.800000191,24.9768879788066,121.549976267588,23.2996041178703,-2.05939108229684,1.56618889133274,207.589746704386
204166.900000095,24.9768841659938,121.549969278188,23.3118504658341,-2.26391702294911,1.48051273245794,206.696837338189
204167,24.9768784814447,121.549962364806,23.3447747388855,-2.40162892445533,1.53640332875404,205.594993104001
204167.100000143,24.9768741111555,121.549955567604,23.3534708870575,-2.32709728194849,1.59591299874245,204.484110862242
204167.200000048,24.9768692739322,121.549949200708,23.3862989265472,-2.26604017516536,1.5814828806174,203.397429614575
204167.300000191,24.9768641636043,121.549942942495,23.4124060478061,-2.2532678432491,1.48268375696066,202.230818844369
204167.400000095,24.9768592068292,121.549936238908,23.4427172625437,-2.45112983344244,1.40756923712415,200.973337820528
204167.5,24.9768538605445,121.549930168357,23.4584297994152,-2.59495139374449,1.39623349309142,199.69871311891
204167.600000143,24.976848635988,121.549924108078,23.467530333437,-2.69183512815586,1.43960623225463,198.41763318913
204167.700000048,24.9768434985317,121.549918157558,23.498462934047,-2.64415169635612,1.50916522581969,197.015749252081
204167.800000191,24.9768381288457,121.549912344561,23.5115804951638,-2.62661857658391,1.42693917437687,195.606966650063
204167.900000095,24.9768322923525,121.549906665222,23.5377128077671,-2.31210534077492,1.36204785752876,194.137032673438
204168,24.9768261688177,121.549901419679,23.5531542943791,-2.16114840788355,1.21826785189307,192.721791914607
204168.100000143,24.9768202162353,121.549896402807,23.5711634913459,-2.10228475025792,0.99794935526839,191.265538558671
204168.200000048,24.9768149647095,121.549891057032,23.5943502439186,-2.09754516903007,1.03050377764291,190.00951863496
204168.300000191,24.9768088359883,121.549886139714,23.6121222507209,-2.18865981681518,1.11226400868941,188.583060289062
204168.400000095,24.9768026065604,121.549881309773,23.6283421646804,-2.29485252350643,1.15888342496618,187.1477021821
204168.5,24.9767956506582,121.54987779145,23.6319757141173,-2.4145079622276,1.2150256297742,185.576152784377
204168.600000143,24.9767901341448,121.549873693843,23.654090330936,-2.31648320297757,1.21197622055165,184.298162505348
204168.700000048,24.9767832941902,121.54986952864,23.6757537098601,-2.3476366746229,1.16113299926342,182.858812021909
204168.800000191,24.9767771454491,121.549865531616,23.6920919120312,-2.39313595764035,1.24758096840405,181.509888206112
204168.900000095,24.9767706392122,121.549861900177,23.702321738936,-2.30726272648697,1.31504354435864,180.113921280863
204169,24.9767640244843,121.549858438107,23.7314330125228,-2.24624827345581,1.35276759147393,178.802370182116
204169.100000143,24.9767576705519,121.549854905186,23.7489817775786,-2.2337174775593,1.31339578076653,177.3975612554
204169.200000048,24.9767510249947,121.549851679506,23.7505903514102,-2.16700026537192,1.13467817682997,176.039901396481
204169.300000191,24.9767447417567,121.549848881387,23.7810198757797,-2.1513303521875,0.969174147449591,174.754289660936
204169.400000095,24.9767380553386,121.549845964053,23.7924557616934,-2.23157175599034,0.787057231702618,173.366689263411
204169.5,24.9767312131401,121.549843256987,23.8161954404786,-2.19992103216951,0.572334852209888,171.968678051155
204169.600000143,24.9767247047465,121.549840928522,23.831340209581,-2.28180347309169,0.457992956916156,170.654153665874
204169.700000048,24.9767180894025,121.549838503504,23.8420611321926,-2.29896107515975,0.449683268274549,169.331995642161
204169.800000191,24.9767112953274,121.549836072082,23.8652034355327,-2.25179810635244,0.491472862979573,168.126537046886
204169.900000095,24.976704520375,121.549834194914,23.8622616780922,-2.38733309310667,0.494098472064229,166.991054159823
204170,24.9766978620904,121.549832388183,23.854432282038,-2.30466736189134,0.350584969995751,165.886007519649
204170.100000143,24.9766910333311,121.549830736357,23.8600867968053,-2.16275585255689,0.106472567811843,164.791195447938
204170.200000048,24.9766842252657,121.549829319259,23.8804313605651,-2.0740120530961,-0.108044684317405,163.6291719313
204170.300000191,24.9766774781475,121.549827930502,23.8805789360777,-2.10871255938596,-0.366752836042962,162.455311452696
204170.400000095,24.9766708732481,121.549826759414,23.871193498373,-2.06945532557682,-0.573579738560041,161.316949989071
204170.5,24.9766641522253,121.549825697275,23.8857667241246,-1.94786075276299,-0.607595250305685,160.216694367263
204170.600000143,24.9766573533133,121.549824819886,23.8796230703592,-1.87407796685936,-0.61091193463581,159.105241497523
204170.700000048,24.9766508169028,121.549824090723,23.8687030784786,-1.85536007711255,-0.670494982268877,158.0726204323
204170.800000191,24.9766441949764,121.549823360654,23.8715942800045,-1.87937994433214,-0.672531365239205,157.109474091341
204170.900000095,24.9766374420403,121.549822803581,23.8650711094961,-1.87944477966592,-0.715252765032099,156.168379728313
204171,24.9766310607468,121.549822404372,23.8637609826401,-1.91607263711499,-0.75813368209666,155.318122967119
204171.100000143,24.9766244388677,121.549822144647,23.862837895751,-1.95326100882817,-0.716263894762403,154.423453849939
204171.200000048,24.9766181421027,121.54982188736,23.8448725342751,-2.1050021295954,-0.731138774309745,153.629372070081
204171.300000191,24.9766112953772,121.549821653202,23.852489634417,-2.06040690540527,-0.679617713620431,152.838449961139
204171.400000095,24.9766048566058,121.549821682547,23.8422564044595,-2.17320502449369,-0.659079375687149,152.102420448425
204171.5,24.9765983981374,121.549821561637,23.8350666379556,-2.23274006294004,-0.659852480958485,151.400572465032
204171.600000143,24.9765921044851,121.549821639408,23.8309334367514,-2.26396893563968,-0.631720923920838,150.813633521587
204171.700000048,24.9765856509062,121.549822036255,23.8288474176079,-2.35608402351356,-0.641713713935027,150.226626950192
204171.800000191,24.9765791759713,121.549822351731,23.826932227239,-2.29488472080492,-0.554478343278164,149.594627187906
204171.900000095,24.9765729119645,121.549822734671,23.812315586023,-2.35863810767927,-0.533057917416706,148.996002473069
204172,24.9765666107965,121.549823158457,23.8068201439455,-2.40112437774607,-0.55342425126108,148.406811740269
204172.100000143,24.9765602362456,121.549823684431,23.8111749198288,-2.55320582265762,-0.609499787056959,147.827604193072
204172.200000048,24.9765540049012,121.549824279516,23.7974378401414,-2.4838156200668,-0.606048493525687,147.320451221328
204172.300000191,24.9765479086972,121.549824986729,23.8087273007259,-2.43923956337203,-0.596248984540736,146.790578096095
204172.400000095,24.9765419581789,121.549825568308,23.8033477766439,-2.48464274106705,-0.604917634766693,146.235709298811
204172.5,24.9765358207572,121.54982631104,23.7913566762581,-2.6018530195495,-0.663730575032381,145.724772881715
204172.600000143,24.976529846402,121.549827076672,23.7933531105518,-2.55766721915252,-0.714019555367194,145.260330538622
204172.700000048,24.9765239339429,121.549827857607,23.8043474964797,-2.51233465203771,-0.649576843697443,144.881068839664
204172.800000191,24.976518293456,121.54982870594,23.7926321662962,-2.56342964907752,-0.62882809164521,144.56839750324
204172.900000095,24.9765124558999,121.549829549365,23.8092414159328,-2.45122150363808,-0.483042834817591,144.225261730616
204173,24.9765067828522,121.549830212196,23.7813572483137,-2.42911046258208,-0.414747899202444,143.959303234267
204173.100000143,24.9765013414564,121.549831325475,23.7754201637581,-2.41206174178279,-0.570150197324226,143.748667877481
204173.200000048,24.9764958322779,121.549832230705,23.7791101839393,-2.38796908751443,-0.641417362320002,143.479782402721
204173.300000191,24.9764903978394,121.549833297738,23.7809541197494,-2.47548092886572,-0.742494934113178,143.12852017197
204173.400000095,24.9764850859768,121.549834340801,23.7851723674685,-2.40975093418105,-0.791568916224083,142.722719722969
204173.5,24.9764799547304,121.549835559602,23.8023360557854,-2.40385417292418,-0.699158793155187,142.270593695609
204173.600000143,24.9764749413523,121.549836444886,23.7894523181021,-2.23278022610947,-0.545562420162254,141.869497930132
204173.700000048,24.9764700968168,121.549837287192,23.7844292726368,-2.14335551686476,-0.526140667937159,141.638538703364
204173.800000191,24.9764609688387,121.549838822103,23.7800496313721,-1.83581585255685,-0.418842842172816,141.722684303085
204173.900000095,24.9764563995942,121.54983972837,23.7759153060615,-1.89724334907266,-0.467037052931348,141.908205301613
204174,24.9764520822329,121.54984055581,23.7746164193377,-1.90574239721026,-0.552807246320068,142.081971465673
204174.100000143,24.9764480394157,121.549841333787,23.780761571601,-2.00837206712354,-0.63139235594143,142.253442840961
204174.200000048,24.9764438815599,121.549842035157,23.7774917790666,-2.04894226577272,-0.663941129197793,142.380755125104
204174.300000191,24.9764401201847,121.5498428083,23.7777975639328,-2.09321921482385,-0.674651439084309,142.542352565474
204174.400000095,24.9764363696716,121.549843462324,23.7723548999056,-2.03936778839424,-0.714705642591474,142.692699782284
204174.5,24.9764329300739,121.549844096202,23.7835630532354,-2.03658964550199,-0.728040245992028,142.809274082569
204174.600000143,24.9764296086425,121.54984473922,23.7776589551941,-2.06578232497944,-0.759083750614091,142.946153121613
204174.700000048,24.976426697656,121.549845198951,23.7788279792294,-2.08739923330677,-0.765592912156223,143.085324198775
204174.800000191,24.976423753189,121.549845761788,23.7727420870215,-2.16779769352538,-0.770097094754554,143.177063701995
204174.900000095,24.9764211197995,121.549846281803,23.7756979642436,-2.14239138790378,-0.779277983193165,143.282519508802
204175,24.9764187906491,121.549846656454,23.7736559519544,-2.21876213834388,-0.806285971975927,143.362514554601
204175.100000143,24.9764167660692,121.549846974697,23.7698511201888,-2.19764982918642,-0.792739548249921,143.455289518295
204175.200000048,24.9764148560833,121.549847435846,23.7669874029234,-2.24428134689806,-0.790983215713804,143.524713965471
204175.300000191,24.9764133230597,121.549847704587,23.7684976244345,-2.21197315710482,-0.775140670271012,143.606284418264
204175.400000095,24.976411783695,121.54984798721,23.7733141984791,-2.18012394430304,-0.758160157520074,143.629483690607
204175.5,24.9764108152256,121.54984808617,23.7708822246641,-2.1929718096262,-0.750272992861869,143.699263041034
204175.600000143,24.9764097891455,121.549848355139,23.7700249953195,-2.21924045122601,-0.732743127796858,143.74647830337
204175.700000048,24.9764091588822,121.549848475886,23.7679565651342,-2.2303912053576,-0.735506009952681,143.780350364684
204175.800000191,24.9764086322262,121.549848578514,23.7729672472924,-2.20992025982214,-0.720094033461211,143.780779080372
204175.900000095,24.9764083401203,121.549848651075,23.7697347532958,-2.20665389366452,-0.673142643048144,143.794750819919
204176,24.9764081933982,121.549848629244,23.7677456727251,-2.22406259322345,-0.64187234973368,143.817920494493
204176.100000143,24.9764082546499,121.549848592836,23.7666231449693,-2.22817398957675,-0.619567072307301,143.829664230606
204176.200000048,24.9764081019095,121.549848701932,23.7691865433007,-2.27533999565476,-0.616373248127408,143.81813955007
204176.300000191,24.9764082645961,121.549848600976,23.7769251139835,-2.28475796148853,-0.50185652654821,143.831705486595
204176.400000095,24.9764083162263,121.549848582803,23.7825111160055,-2.28501532813959,-0.373525137582938,143.822930738375
204176.5,24.9764082765214,121.549848614145,23.7694286582991,-2.30962048206667,-0.366411065488602,143.822993909103
204176.600000143,24.9764081253859,121.549848633507,23.7707564402372,-2.30134365362145,-0.411248412978808,143.810787131352
204176.700000048,24.9764082281789,121.549848642496,23.7722463039681,-2.33306768359274,-0.428980275450581,143.821644813164
204176.800000191,24.9764081520219,121.549848576244,23.7806303882971,-2.29628808170776,-0.375136655749662,143.800196712469
204176.900000095,24.9764082366435,121.549848612085,23.7653331244364,-2.33721432825252,-0.406207985823452,143.810761165009
204177,24.9764081985323,121.549848603891,23.77133501973,-2.310533761564,-0.424826565047189,143.82181296992
204177.100000143,24.9764082253901,121.549848607915,23.7755330642685,-2.30340808213387,-0.400214374845384,143.822334201229
204177.200000048,24.9764081952562,121.549848678374,23.7721648411825,-2.33927985548564,-0.395177549064988,143.822311703701
204177.300000191,24.9764082109088,121.549848571782,23.7720207106322,-2.31467513953925,-0.402291232688821,143.822252877158
204177.400000095,24.9764081681865,121.549848606013,23.774839926511,-2.31261074202658,-0.413324075921969,143.810704783358
204177.5,24.9764082423407,121.549848596646,23.7733263438568,-2.31261074202658,-0.413324075921969,143.810704783358
204177.600000143,24.9764081976842,121.549848617618,23.7749405764043,-2.30548282568584,-0.388712861812813,143.811225733005
204177.700000048,24.9764081524786,121.54984863564,23.7731536924839,-2.32594734780775,-0.404132140501317,143.810843262525
204177.800000191,24.976408188463,121.549848618288,23.7722420459613,-2.3013373751876,-0.411482102182739,143.822115113632
204177.900000095,24.9764082041514,121.54984858873,23.772128297016,-2.30341321629378,-0.399980648063826,143.811006228539
204178,24.9764082818925,121.549848607937,23.7705255029723,-2.314680310396,-0.402056361354469,143.81092495036
204178.100000143,24.9764082466626,121.549848633467,23.7700402624905,-2.31260442691056,-0.413558909665655,143.822032719796
204178.200000048,24.9764082141249,121.549848638333,23.7714465279132,-2.32594734780775,-0.404132140501317,143.810843262525
204178.300000191,24.9764081951008,121.549848651397,23.770754207857,-2.32387777371527,-0.415399804474451,143.810622025727
204178.400000095,24.9764082182011,121.549848585894,23.7728253128007,-2.314680310396,-0.402056361354469,143.81092495036
204178.5,24.9764081814436,121.549848623194,23.7722449172288,-2.314680310396,-0.402056361354469,143.81092495036
204178.600000143,24.9764082159037,121.549848575511,23.7733215279877,-2.32594734780775,-0.404132140501317,143.810843262525
204178.700000048,24.9764082003231,121.549848590129,23.7722293604165,-2.33721432825252,-0.406207985823452,143.810761165009
204178.800000191,24.9764082077024,121.549848610417,23.7690363526344,-2.32594214024989,-0.4043681563765,143.822171143207
204178.900000095,24.9764082234276,121.549848608787,23.7711336314678,-2.314680310396,-0.402056361354469,143.81092495036
204179,24.976408241061,121.549848613493,23.7723331488669,-2.314680310396,-0.402056361354469,143.81092495036
204179.100000143,24.9764082206463,121.549848623281,23.773039733991,-2.30341321629378,-0.399980648063826,143.811006228539
204179.200000048,24.9764081971384,121.549848635701,23.7709477478638,-2.314680310396,-0.402056361354469,143.81092495036
204179.300000191,24.9764082503605,121.549848626046,23.7699368419126,-2.31261074202658,-0.413324075921969,143.810704783358
204179.400000095,24.9764082416819,121.5498485876,23.7718228502199,-2.32594214024989,-0.4043681563765,143.822171143207
204179.5,24.976408237249,121.549848607819,23.7742314347997,-2.31467513953925,-0.402291232688821,143.822252877158
204179.600000143,24.97640823163,121.54984860895,23.7740326281637,-2.31467513953925,-0.402291232688821,143.822252877158
204179.700000048,24.976408239691,121.54984860313,23.7759292731062,-2.30340808213387,-0.400214374845384,143.822334201229
204179.800000191,24.9764082498669,121.549848580811,23.7734190933406,-2.314680310396,-0.402056361354469,143.81092495036
204179.900000095,24.9764081833409,121.549848622554,23.7706443974748,-2.32594734780775,-0.404132140501317,143.810843262525
204180,24.9764082330141,121.549848598219,23.7726281974465,-2.314680310396,-0.402056361354469,143.81092495036
204180.100000143,24.9764082021322,121.549848632419,23.7724458007142,-2.32594734780775,-0.404132140501317,143.810843262525
204180.200000048,24.9764082335381,121.549848643345,23.7719459226355,-2.31467513953925,-0.402291232688821,143.822252877158
204180.300000191,24.9764081696826,121.54984860137,23.7717378716916,-2.314680310396,-0.402056361354469,143.81092495036
204180.400000095,24.976408241559,121.549848588565,23.7722232500091,-2.314680310396,-0.402056361354469,143.81092495036
204180.5,24.9764082428441,121.549848599758,23.7725274953991,-2.31467513953925,-0.402291232688821,143.822252877158
204180.600000143,24.9764082383722,121.549848571013,23.7734167613089,-2.31467513953925,-0.402291232688821,143.822252877158
204180.700000048,24.9764081958706,121.549848610417,23.7728379592299,-2.30341321629378,-0.399980648063826,143.811006228539
204180.800000191,24.9764082615017,121.549848589582,23.7746210144833,-2.31467513953925,-0.402291232688821,143.822252877158
204180.900000095,24.9764082333914,121.549848595293,23.7722269920632,-2.314680310396,-0.402056361354469,143.81092495036
204181,24.9764082205017,121.549848610294,23.7720346236601,-2.30340808213387,-0.400214374845384,143.822334201229
204181.100000143,24.9764082031239,121.549848610638,23.7706370633096,-2.30341321629378,-0.399980648063826,143.811006228539
204181.200000048,24.9764082157873,121.549848604512,23.7731329808012,-2.314680310396,-0.402056361354469,143.81092495036
204181.300000191,24.9764082185708,121.549848604039,23.770832403563,-2.33721432825252,-0.406207985823452,143.810761165009
204181.400000095,24.976408217939,121.54984862997,23.7703427113593,-2.32594214024989,-0.4043681563765,143.822171143207
204181.5,24.9764082114393,121.549848595842,23.7728301361203,-2.30134365362145,-0.411248412978808,143.810787131352
204181.600000143,24.9764082033837,121.549848622687,23.7705417806283,-2.32387777371527,-0.415399804474451,143.810622025727
204181.700000048,24.9764082180815,121.549848579832,23.7738229455426,-2.31260442691056,-0.413558909665655,143.822032719796
204181.800000191,24.9764082440173,121.549848590833,23.7751238401979,-2.32594734780775,-0.404132140501317,143.810843262525
204181.900000095,24.9764082119406,121.549848591947,23.772128527984,-2.32387777371527,-0.415399804474451,143.810622025727
204182,24.9764082434639,121.549848615957,23.7701337821782,-2.31467513953925,-0.402291232688821,143.822252877158
204182.100000143,24.9764082372251,121.549848628948,23.7711397456005,-2.31261074202658,-0.413324075921969,143.810704783358
204182.200000048,24.976408256136,121.549848616815,23.7731324573979,-2.32387777371527,-0.415399804474451,143.810622025727
204182.300000191,24.9764082114404,121.549848609867,23.7723356643692,-2.314680310396,-0.402056361354469,143.81092495036
204182.400000095,24.9764081909921,121.549848598732,23.7708339849487,-2.30340808213387,-0.400214374845384,143.822334201229
204182.5,24.9764082155014,121.549848606585,23.7702338108793,-2.32387142191288,-0.415635782745865,143.821949916098
204182.600000143,24.9764082701782,121.549848571918,23.7749128928408,-2.30340808213387,-0.400214374845384,143.822334201229
204182.700000048,24.9764082322497,121.54984861112,23.7722333855927,-2.32594734780775,-0.404132140501317,143.810843262525
204182.800000191,24.9764082064607,121.549848613099,23.7721376018599,-2.30341321629378,-0.399980648063826,143.811006228539
204182.900000095,24.9764082183294,121.549848626998,23.771141493693,-2.30341321629378,-0.399980648063826,143.811006228539
204183,24.9764082471607,121.549848601525,23.7702275970951,-2.32387142191288,-0.415635782745865,143.821949916098
204183.100000143,24.976408243615,121.549848593848,23.7732250681147,-2.31467513953925,-0.402291232688821,143.822252877158
204183.200000048,24.9764082237876,121.549848577864,23.770321380347,-2.30340808213387,-0.400214374845384,143.822334201229
204183.300000191,24.9764081982735,121.549848619896,23.7703413581476,-2.314680310396,-0.402056361354469,143.81092495036
204183.400000095,24.9764082332501,121.549848596323,23.7709274049848,-2.31260442691056,-0.413558909665655,143.822032719796
204183.5,24.9764082554642,121.549848600801,23.770726211369,-2.31467513953925,-0.402291232688821,143.822252877158
204183.600000143,24.9764082516446,121.549848581125,23.7725189728662,-2.30341321629378,-0.399980648063826,143.811006228539
204183.700000048,24.9764082142521,121.549848609294,23.7726350678131,-2.30340808213387,-0.400214374845384,143.822334201229
204183.800000191,24.9764082413067,121.549848632607,23.7706406405196,-2.3013373751876,-0.411482102182739,143.822115113632
204183.900000095,24.9764082114176,121.54984858189,23.7714246250689,-2.31467513953925,-0.402291232688821,143.822252877158
204184,24.976408250853,121.549848601138,23.7693269448355,-2.32387142191288,-0.415635782745865,143.821949916098
204184.100000143,24.976408178221,121.54984857771,23.7713273987174,-2.30341321629378,-0.399980648063826,143.811006228539
204184.200000048,24.9764082055582,121.54984864105,23.7701487299055,-2.31261074202658,-0.413324075921969,143.810704783358
204184.300000191,24.9764082013592,121.549848617292,23.7724399380386,-2.314680310396,-0.402056361354469,143.81092495036
204184.400000095,24.9764082151241,121.549848602496,23.7709322553128,-2.31467513953925,-0.402291232688821,143.822252877158
204184.5,24.9764081948453,121.549848632317,23.7715467233211,-2.314680310396,-0.402056361354469,143.81092495036
204184.600000143,24.9764082343928,121.549848594521,23.7704265387729,-2.30341321629378,-0.399980648063826,143.811006228539
204184.700000048,24.9764081887197,121.549848595275,23.7733329450712,-2.29214606577761,-0.39790500031031,143.811087097088
204184.800000191,24.9764082383635,121.549848585073,23.7720222957432,-2.30341321629378,-0.399980648063826,143.811006228539
204184.900000095,24.976408215771,121.549848625614,23.7707412848249,-2.32594734780775,-0.404132140501317,143.810843262525
204185,24.9764082150208,121.549848610406,23.7728354046121,-2.314680310396,-0.402056361354469,143.81092495036
204185.100000143,24.9764082093952,121.54984862559,23.771442133002,-2.32387777371527,-0.415399804474451,143.810622025727
204185.200000048,24.9764081842585,121.549848615594,23.7731415526941,-2.30341321629378,-0.399980648063826,143.811006228539
204185.300000191,24.9764082280431,121.54984860142,23.7732301289216,-2.30340808213387,-0.400214374845384,143.822334201229
204185.400000095,24.9764082194743,121.549848611158,23.7714350959286,-2.31261074202658,-0.413324075921969,143.810704783358
204185.5,24.9764082425561,121.549848587809,23.7700227992609,-2.32594734780775,-0.404132140501317,143.810843262525
204185.600000143,24.9764082059823,121.549848602884,23.7755336640403,-2.30341321629378,-0.399980648063826,143.811006228539
204185.700000048,24.9764081904974,121.549848609618,23.7718383530155,-2.31261074202658,-0.413324075921969,143.810704783358
204185.800000191,24.9764082432084,121.549848610908,23.770331826061,-2.31260442691056,-0.413558909665655,143.822032719796
204185.900000095,24.9764082190764,121.549848586099,23.7711252626032,-2.314680310396,-0.402056361354469,143.81092495036
204186,24.9764081843879,121.54984862162,23.7730439100415,-2.314680310396,-0.402056361354469,143.81092495036
204186.100000143,24.976408173027,121.549848624848,23.7730466974899,-2.314680310396,-0.402056361354469,143.81092495036
204186.200000048,24.976408268618,121.549848569774,23.7724122349173,-2.30340808213387,-0.400214374845384,143.822334201229
204186.300000191,24.9764082580312,121.549848588124,23.7725208830088,-2.30134365362145,-0.411248412978808,143.810787131352
