204006.400000095,24.977026696295,121.551179603816,23.6560000730678,-0,0,341.00639
204006.5,24.977026696295,121.551179603816,23.6560000730678,-0,0,341.00639
204006.600000143,24.9770267477691,121.551179537103,23.6491667637601,0.0145662091898206,-0.00710281950492785,341.029309214369
204006.700000048,24.9770266818955,121.551179531797,23.6496733622625,0.0325035421276215,0.0111950851013203,341.029305136048
204006.800000191,24.9770269277435,121.551179562392,23.6446529934183,0.0216690285226815,0.00746338974757646,341.029306900188
204006.900000095,24.9770268699508,121.551179494555,23.6394336791709,0.0216690285226815,0.00746338974757646,341.029306900188
204007,24.9770268047026,121.551179442818,23.6525218868628,0.0325046619609472,0.0111918348593893,341.017845981226
204007.100000143,24.9770267656825,121.551179553784,23.6521710408852,0.0145662091898206,-0.00710281950492785,341.029309214369
204007.200000048,24.9770267243597,121.551179492529,23.6467521600425,0.0216690285226815,0.00746338974757646,341.029306900188
204007.300000191,24.9770267686354,121.551179397336,23.6484085777774,0.0216690285226815,0.00746338974757646,341.029306900188
204007.400000095,24.9770268098765,121.551179444857,23.6468219654635,0.0362352732447872,0.000356948490082384,341.017849042993
204007.5,24.9770268048559,121.551179448237,23.6428239354864,0.0216697750782773,0.00746122291946818,341.017847744914
204007.600000143,24.9770268876392,121.55117930213,23.6421550605446,0.0145654990535411,-0.00710427619688062,341.017850058874
204007.700000048,24.977026749048,121.551179526753,23.6379623962566,0.03623523682524,0.000360572010026008,341.029308197482
204007.800000191,24.9770267675082,121.551179349459,23.6405896758661,0.00746338921451759,-0.0216690287062812,341.029309722811
204007.900000095,24.977026700683,121.551179456977,23.6428411537781,0.0287718482178628,0.0220295980639512,341.02930278027
204008,24.9770268641121,121.551179448419,23.6445161961019,0.0108345143926209,0.00373169477779712,341.029307958672
204008.100000143,24.9770267694555,121.551179488933,23.6377447023988,0.0287718482178628,0.0220295980639512,341.02930278027
204008.200000048,24.9770268448629,121.551179273421,23.6426493274048,0.0108345143926209,0.00373169477779712,341.029307958672
204008.300000191,24.9770267752011,121.551179409662,23.6411125380546,0.0325024216443147,0.0111983351190895,341.040764290413
204008.400000095,24.9770268134764,121.551179444805,23.6373213883489,-0,0,341.0293083115
204008.5,24.9770266884362,121.55117940392,23.6459217565134,0.0325035421276215,0.0111950851013203,341.029305136048
204008.600000143,24.9770269384141,121.551179507625,23.6301297442988,0.0145662091898206,-0.00710281950492785,341.029309214369
204008.700000048,24.9770266801564,121.551179397544,23.647920338437,0.0216690285226815,0.00746338974757646,341.029306900188
204008.800000191,24.9770268623394,121.551179638003,23.6497916541994,0.0362352732447872,0.000356948490082384,341.017849042993
204008.900000095,24.9770267047814,121.551179355356,23.6483003608882,-0.00373277805057318,0.0108341409210966,341.040767819595
204009,24.9770269145795,121.551179515773,23.6334361489862,0.05080077109543,-0.00674732329302739,341.01785214709
204009.100000143,24.9770266667466,121.551179304273,23.6513851517811,0.0179373342552373,0.0182979035031003,341.029305447278
204009.200000048,24.9770268314467,121.551179496354,23.644139515236,0.0108348876704324,0.00373061136369669,341.017848803127
204009.300000191,24.9770267622132,121.551179559338,23.6498736804351,0.0433380549448805,0.0149267810310109,341.029302666252
204009.400000095,24.9770267681062,121.551179387303,23.6471046591178,0.0216690285226815,0.00746338974757646,341.029306900188
204009.5,24.9770269718025,121.551179496561,23.6368210054934,0.0216690285226815,0.00746338974757646,341.029306900188
204009.600000143,24.9770268547267,121.551179211706,23.6483236011118,0.0216697750782773,0.00746122291946818,341.017847744914
204009.700000048,24.9770269944443,121.551179399205,23.6331793796271,0.0145662091898206,-0.00710281950492785,341.029309214369
204009.800000191,24.9770268623291,121.551179272236,23.640446533449,0.0108345143926209,0.00373169477779712,341.029307958672
204009.900000095,24.9770269042266,121.55117934284,23.6395689919591,0.0216690285226815,0.00746338974757646,341.029306900188
204010,24.9770268881067,121.551179207167,23.642117341049,0.0216690285226815,0.00746338974757646,341.029306900188
204010.100000143,24.9770268672963,121.551179381284,23.6347890729085,0.0254007233153657,-0.00337112409372297,341.029309058754
204010.200000048,24.9770269382896,121.551179228009,23.6421189811081,0.0362352732447872,0.000356948490082384,341.017849042993
204010.300000191,24.9770269515923,121.551179378305,23.6381767913699,0.0254003864569874,-0.00337366419974986,341.017849903672
204010.400000095,24.9770270942823,121.551179171308,23.64287590608,0.0108345143926209,0.00373169477779712,341.029307958672
204010.5,24.9770270067751,121.551179255549,23.6461208928376,0.0325046619609472,0.0111918348593893,341.017845981226
204010.600000143,24.9770270729311,121.551179258793,23.6482134619728,0.0325046619609472,0.0111918348593893,341.017845981226
204010.700000048,24.9770270254121,121.551179252461,23.6460172077641,0.0254003864569874,-0.00337366419974986,341.017849903672
204010.800000191,24.9770270698325,121.551179296518,23.6434287913144,0.0216697750782773,0.00746122291946818,341.017847744914
204010.900000095,24.9770270286034,121.551179234925,23.6467098379508,0.0254003864569874,-0.00337366419974986,341.017849903672
204011,24.9770270624435,121.551179255219,23.646613416262,0.0216697750782773,0.00746122291946818,341.017847744914
204011.100000143,24.9770270486429,121.551179249099,23.6457128049806,0.0325046619609472,0.0111918348593893,341.017845981226
204011.200000048,24.9770270909181,121.551179232599,23.648000699468,0.0362352732447872,0.000356948490082384,341.017849042993
204011.300000191,24.9770270845176,121.55117922565,23.6466987775639,0.0216697750782773,0.00746122291946818,341.017847744914
204011.400000095,24.9770271155612,121.551179232434,23.6482973815873,0.0325046619609472,0.0111918348593893,341.017845981226
204011.5,24.9770271016356,121.551179206242,23.648488836363,0.0216705212005074,0.00745905594204876,341.006388589411
204011.600000143,24.9770271024151,121.551179200301,23.6499863900244,0.0254003864569874,-0.00337366419974986,341.017849903672
204011.700000048,24.9770271747789,121.551179183652,23.6484702210873,0.0108348876704324,0.00373061136369669,341.017848803127
204011.800000191,24.977027132427,121.551179207965,23.6505854716524,0.0216697750782773,0.00746122291946818,341.017847744914
204011.900000095,24.9770271844902,121.5511792142,23.6479810476303,0.0325046619609472,0.0111918348593893,341.017845981226
204012,24.9770272111591,121.551179191367,23.6476684706286,0.0108348876704324,0.00373061136369669,341.017848803127
204012.100000143,24.9770272124259,121.551179188596,23.6468671979383,0.0362352732447872,0.000356948490082384,341.017849042993
204012.200000048,24.9770272100176,121.551179158091,23.6497554443777,0.0216697750782773,0.00746122291946818,341.017847744914
204012.300000191,24.9770271958449,121.551179168907,23.6491615977138,0.0362353089396305,0.000353324962854714,341.006389888274
204012.400000095,24.9770272246798,121.551179129394,23.6491421228275,0.0216705212005074,0.00745905594204876,341.006388589411
204012.5,24.9770272345313,121.551179144885,23.6504469746724,0.0216697750782773,0.00746122291946818,341.017847744914
204012.600000143,24.9770272341185,121.551179140924,23.6478454377502,0.0216697750782773,0.00746122291946818,341.017847744914
204012.700000048,24.977027291554,121.551179126918,23.6470322944224,0.0216697750782773,0.00746122291946818,341.017847744914
204012.800000191,24.9770273016941,121.551179168383,23.6503474246711,0.0325046619609472,0.0111918348593893,341.017845981226
204012.900000095,24.9770273095913,121.55117914263,23.6497361660004,0.0325046619609472,0.0111918348593893,341.017845981226
204013,24.9770273198377,121.55117910603,23.6543203387409,0.043341040300098,0.0149181134214366,341.006384357642
204013.100000143,24.9770273505655,121.551179114996,23.6502198018134,0.0325057811442246,0.0111885843934916,341.006386826174
204013.200000048,24.9770273833859,121.551179108069,23.6514127319679,0.043341040300098,0.0149181134214366,341.006384357642
204013.300000191,24.9770273506842,121.551179100017,23.6500138454139,0.0325057811442246,0.0111885843934916,341.006386826174
204013.400000095,24.9770273448034,121.551179068063,23.6506019551307,0.0325057811442246,0.0111885843934916,341.006386826174
204013.5,24.9770273726289,121.551179071437,23.6498996131122,0.0216705212005074,0.00745905594204876,341.006388589411
204013.600000143,24.9770273974056,121.551179070268,23.6507958853617,0.0325057811442246,0.0111885843934916,341.006386826174
204013.700000048,24.9770274198549,121.55117905181,23.6496855923906,0.0216697750782773,0.00746122291946818,341.017847744914
204013.800000191,24.9770273909038,121.551179036146,23.6530832322314,0.0362353439097678,0.000349701428560417,340.994930733555
204013.900000095,24.9770274433487,121.551179046455,23.6501803724095,0.0216705212005074,0.00745905594204876,341.006388589411
204014,24.9770274339219,121.551179034882,23.6525770481676,0.0325057811442246,0.0111885843934916,341.006386826174
204014.100000143,24.9770274450134,121.55117901964,23.6517695309594,0.0433425316775207,0.0149137791689759,340.994925203223
204014.200000048,24.977027466504,121.551179029857,23.6552707757801,0.0433425316775207,0.0149137791689759,340.994925203223
204014.300000191,24.9770274804059,121.551179042105,23.6534737814218,0.0325057811442246,0.0111885843934916,341.006386826174
204014.400000095,24.9770274889209,121.551179018531,23.6508632870391,0.0325057811442246,0.0111885843934916,341.006386826174
204014.5,24.977027499494,121.551178986202,23.6500490652397,0.0216705212005074,0.00745905594204876,341.006388589411
204014.600000143,24.9770274774352,121.551178973628,23.6531470185146,0.0325068996773865,0.0111853337038221,340.994927671122
204014.700000048,24.9770275217402,121.551179011607,23.6519562182948,0.043341040300098,0.0149181134214366,341.006384357642
204014.800000191,24.9770275404671,121.551178958572,23.6504327012226,0.0216705212005074,0.00745905594204876,341.006388589411
204014.900000095,24.9770275413909,121.551178958602,23.6532326145098,0.0362353439097678,0.000349701428560417,340.994930733555
204015,24.977027568713,121.551178965878,23.6530318930745,0.0325057811442246,0.0111885843934916,341.006386826174
204015.100000143,24.9770275407471,121.551178984576,23.6516429865733,0.0325068996773865,0.0111853337038221,340.994927671122
204015.200000048,24.9770275539312,121.551178960455,23.6558317160234,0.0325068996773865,0.0111853337038221,340.994927671122
204015.300000191,24.977027580182,121.551178926666,23.6527148252353,0.0325068996773865,0.0111853337038221,340.994927671122
204015.400000095,24.9770275509441,121.551178934125,23.6522216396406,0.0362353439097678,0.000349701428560417,340.994930733555
204015.5,24.9770276030526,121.551178926168,23.6544116232544,0.0325068996773865,0.0111853337038221,340.994927671122
204015.600000143,24.9770276049513,121.55117890448,23.6538027664647,0.0325068996773865,0.0111853337038221,340.994927671122
204015.700000048,24.977027695652,121.551178915449,23.6585951810703,0.0396140886803795,0.0257494102138771,340.994921942612
204015.800000191,24.9770276652143,121.551178924916,23.6533029098064,0.0287784562328408,0.0220209658499776,340.994925313803
204015.900000095,24.9770276870435,121.551178932347,23.6528029693291,0.0325057811442246,0.0111885843934916,341.006386826174
204016,24.9770276314769,121.551178868656,23.6525850482285,0.0362353439097678,0.000349701428560417,340.994930733555
204016.100000143,24.9770277114571,121.55117888495,23.6574809905142,0.0433425316775207,0.0149137791689759,340.994925203223
204016.200000048,24.9770277240589,121.551178893074,23.6536825178191,0.0325068996773865,0.0111853337038221,340.994927671122
204016.300000191,24.9770277521788,121.551178880313,23.6572737749666,0.0541781626270882,0.0186422254031697,340.994922030209
204016.400000095,24.9770277479936,121.55117887755,23.659973253496,0.0396140886803795,0.0257494102138771,340.994921942612
204016.5,24.9770277636358,121.551178869203,23.65466783382,0.0216712668893272,0.00745688881544821,340.994929433908
204016.600000143,24.9770277529465,121.551178860385,23.6582657797262,0.0433440221880335,0.0149094446184129,340.983466049033
204016.700000048,24.977027812053,121.5511788476,23.6584529075772,0.0433425316775207,0.0149137791689759,340.994925203223
204016.800000191,24.9770278218895,121.551178842101,23.6592494342476,0.0287784562328408,0.0220209658499776,340.994925313803
204016.900000095,24.9770278061785,121.551178843681,23.6584521299228,0.0541800257650261,0.0186368072156599,340.983462876832
204017,24.9770277866276,121.551178804614,23.6584392180666,0.0579073859005851,0.00780080473716288,340.983467746463
204017.100000143,24.9770278275021,121.551178840993,23.6588482521474,0.0433440221880335,0.0149094446184129,340.983466049033
204017.200000048,24.9770278084718,121.551178811991,23.6593392668292,0.0541800257650261,0.0186368072156599,340.983462876832
204017.300000191,24.9770278435595,121.55117880854,23.6575332498178,0.0433440221880335,0.0149094446184129,340.983466049033
204017.400000095,24.977027830932,121.55117877245,23.6601206287742,0.0325080175603658,0.011182082790576,340.9834685163
204017.5,24.9770278766236,121.551178792676,23.6580225992948,0.0433425316775207,0.0149137791689759,340.994925203223
204017.600000143,24.9770279103077,121.551178750922,23.6579015925527,0.0216720121446919,0.00745472153979656,340.983470278634
204017.700000048,24.9770278836528,121.55117878072,23.659216937609,0.0433440221880335,0.0149094446184129,340.983466049033
204017.800000191,24.9770279265532,121.55117879443,23.6590167107061,0.0396166628281571,0.0257454482911367,340.983462787768
204017.900000095,24.9770279426202,121.551178768958,23.6583044826984,0.0433440221880335,0.0149094446184129,340.983466049033
204018,24.9770279082894,121.551178773563,23.659210848622,0.0325080175603658,0.011182082790576,340.9834685163
204018.100000143,24.9770279593427,121.551178738512,23.6593902092427,0.0541800257650261,0.0186368072156599,340.983462876832
204018.200000048,24.9770279544761,121.551178747829,23.6575945317745,0.0325080175603658,0.011182082790576,340.9834685163
204018.300000191,24.9770279989345,121.551178742646,23.6605866327882,0.0541800257650261,0.0186368072156599,340.983462876832
204018.400000095,24.9770280110287,121.551178719614,23.6583758844063,0.0216720121446919,0.00745472153979656,340.983470278634
204018.5,24.9770280222786,121.551178717309,23.6598734976724,0.0541800257650261,0.0186368072156599,340.983462876832
204018.600000143,24.9770280087345,121.551178716235,23.6588748507202,0.0287806577533621,0.0220180875644812,340.983466158468
204018.700000048,24.9770280270989,121.55117869413,23.6579636530951,0.0433440221880335,0.0149094446184129,340.983466049033
204018.800000191,24.9770280163061,121.551178672177,23.6643564272672,0.0325080175603658,0.011182082790576,340.9834685163
204018.900000095,24.9770280176912,121.551178724575,23.6603769892827,0.0541800257650261,0.0186368072156599,340.983462876832
204019,24.9770280711391,121.551178677991,23.6581514412537,0.0396166628281571,0.0257454482911367,340.983462787768
204019.100000143,24.9770280771421,121.551178645851,23.6597379166633,0.0325091347930955,0.0111788316539483,340.972009361937
204019.200000048,24.9770280998659,121.551178674462,23.6584462514147,0.0433455118315469,0.0149051097700077,340.972006895302
204019.300000191,24.9770280512623,121.551178655693,23.6627452624962,0.0433455118315469,0.0149051097700077,340.972006895302
204019.400000095,24.9770281294738,121.551178636045,23.6590271135792,0.0325091347930955,0.0111788316539483,340.972009361937
204019.5,24.9770281936039,121.551178661957,23.6617289446294,0.0396166628281571,0.0257454482911367,340.983462787768
204019.600000143,24.9770281361332,121.551178619974,23.6616198820993,0.0433455118315469,0.0149051097700077,340.972006895302
204019.700000048,24.977028133328,121.551178634553,23.6613260312006,0.0433455118315469,0.0149051097700077,340.972006895302
204019.800000191,24.9770281326672,121.551178618501,23.6599197424948,0.0433455118315469,0.0149051097700077,340.972006895302
204019.900000095,24.977028179919,121.551178605796,23.6618084805086,0.0433455118315469,0.0149051097700077,340.972006895302
204020,24.9770281948914,121.551178617024,23.6646109800786,0.0541818878192151,0.0186313886558473,340.972003723915
204020.100000143,24.977028176482,121.551178604218,23.6628083176911,0.0433455118315469,0.0149051097700077,340.972006895302
204020.200000048,24.9770282126058,121.551178578828,23.6632934836671,0.0650204956575017,0.0223511657867816,340.960540696538
204020.300000191,24.977028186187,121.551178599715,23.6632052538916,0.0433455118315469,0.0149051097700077,340.972006895302
204020.400000095,24.9770281753263,121.551178606067,23.6621091971174,0.0541818878192151,0.0186313886558473,340.972003723915
204020.5,24.9770282535799,121.551178558208,23.6634799009189,0.0396192361833957,0.0257414858538045,340.972003633383
204020.600000143,24.9770282493676,121.551178583601,23.6624905159697,0.0433455118315469,0.0149051097700077,340.972006895302
204020.700000048,24.9770282579268,121.551178552853,23.6642772080377,0.0541837487895436,0.018625969724057,340.960544571685
204020.800000191,24.9770282892054,121.551178557746,23.6640750169754,0.0433455118315469,0.0149051097700077,340.972006895302
204020.900000095,24.9770282902414,121.551178563865,23.6651773173362,0.0504556127080703,0.0294677633300954,340.971999558422
204021,24.9770283240548,121.551178542168,23.6643642419949,0.0396192361833957,0.0257414858538045,340.972003633383
204021.100000143,24.9770283280007,121.551178532809,23.6636600028723,0.0433455118315469,0.0149051097700077,340.972006895302
204021.200000048,24.9770283322236,121.551178535437,23.6644604960456,0.0541818878192151,0.0186313886558473,340.972003723915
204021.300000191,24.977028340679,121.551178540657,23.6669614696875,0.0650204956575017,0.0223511657867816,340.960540696538
204021.400000095,24.9770283563311,121.551178497202,23.6640421459451,0.0541837487895436,0.018625969724057,340.960544571685
204021.5,24.9770284271672,121.551178485309,23.6627280674875,0.0287850590669051,0.0220123296732671,340.960547849402
204021.600000143,24.9770283829296,121.551178517232,23.6672466052696,0.0504585574641633,0.0294627165927071,340.960540405398
204021.700000048,24.9770283727926,121.55117848277,23.6639342494309,0.0433455118315469,0.0149051097700077,340.972006895302
204021.800000191,24.9770284308931,121.551178484801,23.6649273922667,0.0433455118315469,0.0149051097700077,340.972006895302
204021.900000095,24.9770284079136,121.551178479199,23.6652282075956,0.0433470006079718,0.0149007746240204,340.960547742259
204022,24.9770284159284,121.551178431457,23.6646082121879,0.0325102513755087,0.011175580294134,340.960550208261
204022.100000143,24.9770284399332,121.551178436202,23.6647069249302,0.0396218087459411,0.0257375229021182,340.960544479686
204022.200000048,24.9770284883425,121.551178463729,23.6657114587724,0.0612953049588491,0.0331879109375718,340.960535626537
204022.300000191,24.9770284479757,121.551178437462,23.6646063625813,0.0433470006079718,0.0149007746240204,340.960547742259
204022.400000095,24.9770284673814,121.551178435487,23.664703018032,0.0287850590669051,0.0220123296732671,340.960547849402
204022.5,24.9770284932882,121.551178404503,23.6650873133913,0.0433455118315469,0.0149051097700077,340.972006895302
204022.600000143,24.9770285253451,121.551178424503,23.6653910148889,0.0504585574641633,0.0294627165927071,340.960540405398
204022.700000048,24.9770285463064,121.551178424687,23.6675883391872,0.0504585574641633,0.0294627165927071,340.960540405398
204022.800000191,24.977028519973,121.551178423701,23.6644913991913,0.0541837487895436,0.018625969724057,340.960544571685
204022.900000095,24.9770285342197,121.551178440676,23.6707963030785,0.0721320509672759,0.0369131061292501,340.960530143104
204023,24.9770285759387,121.551178442299,23.6680914163589,0.0612953049588491,0.0331879109375718,340.960535626537
204023.100000143,24.9770285734713,121.551178390963,23.6663713697344,0.0396218087459411,0.0257375229021182,340.960544479686
204023.200000048,24.9770285798655,121.551178376891,23.6679649595171,0.0504615012106148,0.0294576692668722,340.949081253291
204023.300000191,24.9770286087573,121.551178365231,23.6720565548167,0.0504585574641633,0.0294627165927071,340.960540405398
204023.400000095,24.977028629201,121.551178390412,23.6725638452917,0.0721357386665661,0.036905891084914,340.949070992886
204023.5,24.9770286987435,121.551178374372,23.6698482809588,0.0721320509672759,0.0369131061292501,340.960530143104
204023.600000143,24.9770286160183,121.551178358411,23.6708528818563,0.0758598447892674,0.0260687759825019,340.949076967676
204023.700000048,24.9770286775355,121.551178341048,23.6698378669098,0.0396243805156392,0.0257335594363157,340.949085326906
204023.800000191,24.9770286799635,121.551178315365,23.67112737149,0.0612986206818403,0.0331817797521948,340.949076475284
204023.900000095,24.9770286648755,121.551178333134,23.6682363850996,0.0396243805156392,0.0257335594363157,340.949085326906
204024,24.9770286619647,121.551178320557,23.6711318064481,0.0541856086759002,0.0186205504206142,340.949085420373
204024.100000143,24.9770286687232,121.551178331665,23.6699353102595,0.0650227275208329,0.0223446626236676,340.94908154622
204024.200000048,24.9770287192623,121.551178286526,23.6702107395977,0.0396243805156392,0.0257335594363157,340.949085326906
204024.300000191,24.9770287330704,121.551178306648,23.671216905117,0.0612986206818403,0.0331817797521948,340.949076475284
204024.400000095,24.977028725774,121.551178285538,23.6703094895929,0.0612986206818403,0.0331817797521948,340.949076475284
204024.5,24.9770287912627,121.551178279768,23.6700985534117,0.0612986206818403,0.0331817797521948,340.949076475284
204024.600000143,24.9770287273146,121.551178273721,23.6716046100482,0.0541874674781736,0.0186151307458442,340.937626270207
204024.700000048,24.9770287694154,121.551178251358,23.6697901692241,0.0504615012106148,0.0294576692668722,340.949081253291
204024.800000191,24.9770288129788,121.551178267084,23.6717906706035,0.0433484885172189,0.0148964391807112,340.949088590133
204024.900000095,24.977028826126,121.551178285184,23.6707961037755,0.0504615012106148,0.0294576692668722,340.949081253291
204025,24.9770287984117,121.551178252829,23.6711869370192,0.0504615012106148,0.0294576692668722,340.949081253291
204025.100000143,24.9770288417198,121.551178228431,23.674871574156,0.0541874674781736,0.0186151307458442,340.937626270207
204025.200000048,24.9770288418252,121.551178283646,23.6704934192821,0.0612986206818403,0.0331817797521948,340.949076475284
204025.300000191,24.9770288360632,121.551178222683,23.6714700125158,0.0433484885172189,0.0148964391807112,340.949088590133
204025.400000095,24.9770288271549,121.551178221183,23.6741706160828,0.0758624471116956,0.0260611884404133,340.937617819681
204025.5,24.977028885455,121.551178207421,23.6706574326381,0.0504615012106148,0.0294576692668722,340.949081253291
204025.600000143,24.9770289135362,121.551178187785,23.6709459414706,0.0504644439472483,0.0294526213528937,340.937622102331
204025.700000048,24.9770288796311,121.551178210334,23.6750593949109,0.0613019351781972,0.0331756479044087,340.937617325178
204025.800000191,24.9770288763679,121.551178193058,23.669152924791,0.0650249580832645,0.0223381590149609,340.937622397049
204025.900000095,24.9770289333483,121.551178175764,23.6736385812983,0.0721357386665661,0.036905891084914,340.949070992886
204026,24.9770289407492,121.551178210005,23.671851169318,0.0541874674781736,0.0186151307458442,340.937626270207
204026.100000143,24.9770289349893,121.551178170079,23.6721360990778,0.0504644439472483,0.0294526213528937,340.937622102331
204026.200000048,24.9770289839961,121.551178178814,23.6701330747455,0.0504644439472483,0.0294526213528937,340.937622102331
204026.300000191,24.9770289772129,121.551178153766,23.6696240343153,0.0613019351781972,0.0331756479044087,340.937617325178
204026.400000095,24.9770289851981,121.551178162768,23.675726601854,0.0504644439472483,0.0294526213528937,340.937622102331
204026.5,24.9770289781669,121.551178160702,23.6749267019331,0.0504644439472483,0.0294526213528937,340.937622102331
204026.600000143,24.9770290050806,121.551178128929,23.67401054129,0.0613019351781972,0.0331756479044087,340.937617325178
204026.700000048,24.9770290098392,121.551178120522,23.6776066115126,0.0613019351781972,0.0331756479044087,340.937617325178
204026.800000191,24.977029071447,121.551178102312,23.6731912177056,0.0396269514923357,0.025729595456635,340.937626175273
204026.900000095,24.9770290344381,121.551178127531,23.6735061081126,0.0613019351781972,0.0331756479044087,340.937617325178
204027,24.9770290483468,121.551178097667,23.6740924343467,0.0287894580762361,0.0220065700229101,340.937629544005
204027.100000143,24.9770290560389,121.551178101756,23.6768930628896,0.0613019351781972,0.0331756479044087,340.937617325178
204027.200000048,24.9770290495164,121.551178116812,23.6751998802647,0.0758624471116956,0.0260611884404133,340.937617819681
204027.300000191,24.9770290970129,121.551178095166,23.6764850374311,0.0613019351781972,0.0331756479044087,340.937617325178
204027.400000095,24.9770291225056,121.551178088286,23.6729789143428,0.0613019351781972,0.0331756479044087,340.937617325178
204027.5,24.9770291206039,121.551178074911,23.6747738774866,0.0613019351781972,0.0331756479044087,340.937617325178
204027.600000143,24.9770291424547,121.551178061219,23.6771655809134,0.0758624471116956,0.0260611884404133,340.937617819681
204027.700000048,24.9770291402513,121.551178035947,23.6751558333635,0.0613052484477213,0.0331695153945818,340.926158176448
204027.800000191,24.9770291688852,121.551178061333,23.6774621410295,0.0721431097345745,0.0368914587866512,340.92615269612
204027.900000095,24.9770291880151,121.551178019308,23.6773429494351,0.0504673856738876,0.0294475728510745,340.926162952746
204028,24.977029149565,121.551178027406,23.6749512171373,0.0613052484477213,0.0331695153945818,340.926158176448
204028.100000143,24.9770292031669,121.551177986759,23.6749280216172,0.0504673856738876,0.0294475728510745,340.926162952746
204028.200000048,24.9770292725095,121.551178021585,23.6752326777205,0.0721431097345745,0.0368914587866512,340.92615269612
204028.300000191,24.9770292250283,121.551178008102,23.676833614707,0.0613052484477213,0.0331695153945818,340.926158176448
204028.400000095,24.9770292402411,121.55117801742,23.6783353136852,0.0613019351781972,0.0331756479044087,340.937617325178
204028.5,24.9770292435498,121.551178019982,23.6772358827293,0.0613052484477213,0.0331695153945818,340.926158176448
204028.600000143,24.9770292738216,121.551177997606,23.6795230321586,0.0575833113348678,0.0440073754431524,340.92615380767
204028.700000048,24.9770292357595,121.551178023784,23.6768384166062,0.0721394249224059,0.0368986753039033,340.937611843815
204028.800000191,24.977029263582,121.551177992095,23.6773221800104,0.0613085604902143,0.033163382223082,340.914699029323
204028.900000095,24.9770292842427,121.551177973362,23.6761120148003,0.0613019351781972,0.0331756479044087,340.937617325178
204029,24.9770293175602,121.55117795554,23.6765005514026,0.0467454476730168,0.0402854346604476,340.926159488105
204029.100000143,24.9770293424781,121.551177960355,23.6783991875127,0.0504673856738876,0.0294475728510745,340.926162952746
204029.200000048,24.9770293016195,121.551177944963,23.6785984784365,0.0504673856738876,0.0294475728510745,340.926162952746
204029.300000191,24.9770293763044,121.551177931597,23.6790833240375,0.0613052484477213,0.0331695153945818,340.926158176448
204029.400000095,24.9770293480021,121.551177960088,23.6815983783454,0.0829809692716441,0.0406134032200986,340.926146511761
204029.5,24.9770293787431,121.551177926919,23.6804811581969,0.0613085604902143,0.033163382223082,340.914699029323
204029.600000143,24.9770293765911,121.551177943549,23.6814880454913,0.0829850239654379,0.0406051018861532,340.914687366888
204029.700000048,24.9770294130717,121.551177922321,23.6793747944757,0.0613052484477213,0.0331695153945818,340.926158176448
204029.800000191,24.9770294392264,121.551177903429,23.6785638416186,0.0613052484477213,0.0331695153945818,340.926158176448
204029.900000095,24.9770294324378,121.551177885415,23.6772575853392,0.0613085604902143,0.033163382223082,340.914699029323
204030,24.9770294379468,121.551177892217,23.6787595665082,0.0613085604902143,0.033163382223082,340.914699029323
204030.100000143,24.9770294455182,121.551177883234,23.6827550381422,0.0613052484477213,0.0331695153945818,340.926158176448
204030.200000048,24.977029420376,121.551177887286,23.6833599703386,0.0721467931028515,0.0368842415335911,340.914693550031
204030.300000191,24.9770294534877,121.551177870729,23.6764489738271,0.0504703263903566,0.029442523761718,340.914703804767
204030.400000095,24.977029467836,121.551177851742,23.6818395964801,0.0613085604902143,0.033163382223082,340.914699029323
204030.5,24.9770295019284,121.551177877099,23.6812451463193,0.0613085604902143,0.033163382223082,340.914699029323
204030.600000143,24.9770295165949,121.5511778554,23.6807346008718,0.0613085604902143,0.033163382223082,340.914699029323
204030.700000048,24.9770295330454,121.551177876082,23.6781406085938,0.0467494724722451,0.0402807568979243,340.914700339151
204030.800000191,24.977029539815,121.551177831032,23.6803218685091,0.0467494724722451,0.0402807568979243,340.914700339151
204030.900000095,24.9770295639191,121.551177813854,23.6787118595093,0.0467494724722451,0.0402807568979243,340.914700339151
204031,24.9770295286028,121.551177833202,23.6823242260143,0.0613052484477213,0.0331695153945818,340.926158176448
204031.100000143,24.977029532814,121.551177800798,23.6835108296946,0.0613085604902143,0.033163382223082,340.914699029323
204031.200000048,24.9770295663846,121.551177816094,23.6823124531657,0.0721467931028515,0.0368842415335911,340.914693550031
204031.300000191,24.9770296012264,121.551177814573,23.6813072422519,0.0829850239654379,0.0406051018861532,340.914687366888
204031.400000095,24.977029619208,121.551177802428,23.6800000416115,0.0467494724722451,0.0402807568979243,340.914700339151
204031.5,24.9770295742573,121.551177748342,23.6811845367774,0.0504703263903566,0.029442523761718,340.914703804767
204031.600000143,24.9770296184545,121.551177787232,23.6817941302434,0.061311871305478,0.0331572483902779,340.903239884033
204031.700000048,24.9770296459027,121.551177786517,23.6817902224138,0.0613085604902143,0.033163382223082,340.914699029323
204031.800000191,24.97702963798,121.551177756244,23.6823792690411,0.061311871305478,0.0331572483902779,340.903239884033
204031.900000095,24.9770296600594,121.551177754715,23.6817757403478,0.0575877074596822,0.0440016135985663,340.91469465943
204032,24.9770296355791,121.551177760786,23.6844814037904,0.0721467931028515,0.0368842415335911,340.914693550031
204032.100000143,24.9770296743614,121.551177749925,23.6822719592601,0.0467494724722451,0.0402807568979243,340.914700339151
204032.200000048,24.9770296791091,121.551177769617,23.6836791522801,0.0684307071296998,0.0477156239617578,340.903229130351
204032.300000191,24.9770297219819,121.551177720296,23.683553933166,0.0575921024313372,0.043995850875793,340.903235513025
204032.400000095,24.9770297303879,121.551177711666,23.6820493871346,0.0575921024313372,0.043995850875793,340.903235513025
204032.5,24.9770297639888,121.551177705808,23.6845426503569,0.0613085604902143,0.033163382223082,340.914699029323
204032.600000143,24.9770297531656,121.551177733067,23.6860549021512,0.0721467931028515,0.0368842415335911,340.914693550031
204032.700000048,24.977029769128,121.551177701478,23.6877402821556,0.0684307071296998,0.0477156239617578,340.903229130351
204032.800000191,24.9770297862105,121.551177696228,23.6856359262019,0.0575921024313372,0.043995850875793,340.903235513025
204032.900000095,24.9770297839941,121.551177685032,23.6818317482248,0.0575921024313372,0.043995850875793,340.903235513025
204033,24.9770297505733,121.551177654645,23.6857241420075,0.0792744457682735,0.0514274657232135,340.89176290164
204033.100000143,24.9770298050966,121.55117767717,23.6856258763,0.0575921024313372,0.043995850875793,340.903235513025
204033.200000048,24.9770298720841,121.55117765272,23.6831073174253,0.0575921024313372,0.043995850875793,340.903235513025
204033.300000191,24.9770298375204,121.551177652194,23.686311696656,0.0684307071296998,0.0477156239617578,340.903229130351
204033.400000095,24.9770298687808,121.551177650138,23.6847067410126,0.061311871305478,0.0331572483902779,340.903239884033
204033.5,24.9770298280538,121.551177633749,23.6853056252003,0.0721504750270163,0.0368770235451562,340.903234405776
204033.600000143,24.9770298678006,121.551177671876,23.6876155156642,0.0792693101674279,0.051435397782179,340.903222044009
204033.700000048,24.9770298967519,121.55117764545,23.6860012011603,0.0575921024313372,0.043995850875793,340.903235513025
204033.800000191,24.9770298761874,121.551177635256,23.6854998683557,0.0575921024313372,0.043995850875793,340.903235513025
204033.900000095,24.9770299104543,121.551177645431,23.689899418503,0.0792693101674279,0.051435397782179,340.903222044009
204034,24.9770298920224,121.551177632707,23.6859967717901,0.0792693101674279,0.051435397782179,340.903222044009
204034.100000143,24.9770300217105,121.551177624019,23.6842761905864,0.0538723355500849,0.0548344528507299,340.903231845681
204034.200000048,24.9770299308405,121.551177579629,23.6888706246391,0.0684354718394115,0.0477087761316163,340.891769986905
204034.300000191,24.9770299284071,121.551177598317,23.6873783422634,0.0721504750270163,0.0368770235451562,340.903234405776
204034.400000095,24.9770299598055,121.551177588228,23.6870701946318,0.0575964962495695,0.0439900872751786,340.891776368684
204034.5,24.9770300084706,121.551177578716,23.6896600192413,0.0684307071296998,0.0477156239617578,340.903229130351
204034.600000143,24.9770300182791,121.551177580333,23.6875593466684,0.0575921024313372,0.043995850875793,340.903235513025
204034.700000048,24.9770299943789,121.551177588718,23.6847658036277,0.0575964962495695,0.0439900872751786,340.891776368684
204034.800000191,24.9770299808406,121.551177531506,23.6866449210793,0.072154155506849,0.03686980482178,340.891775263586
204034.900000095,24.9770300539986,121.55117756498,23.6856485279277,0.072154155506849,0.03686980482178,340.891775263586
204035,24.9770300403994,121.551177564626,23.6913502318785,0.0792744457682735,0.0514274657232135,340.89176290164
204035.100000143,24.9770300563273,121.551177547191,23.6892411969602,0.0684354718394115,0.0477087761316163,340.891769986905
204035.200000048,24.9770300604176,121.551177543804,23.6898393174633,0.0829931283697996,0.0405884967904256,340.891769082878
204035.300000191,24.9770301270761,121.55117752912,23.6919247126207,0.0792744457682735,0.0514274657232135,340.89176290164
204035.400000095,24.9770301316031,121.551177543116,23.6849296055734,0.0504762047920797,0.0294324238216056,340.891785514541
204035.5,24.9770300779022,121.551177528524,23.6899309521541,0.0613151808933145,0.0331511138965377,340.891780740807
204035.600000143,24.9770301014005,121.551177495095,23.6920146085322,0.0684402351785105,0.0477019273500402,340.880310845753
204035.700000048,24.9770301193798,121.551177504002,23.6896157488227,0.0613151808933145,0.0331511138965377,340.891780740807
204035.800000191,24.9770301749267,121.551177434485,23.6935808816925,0.0792744457682735,0.0514274657232135,340.89176290164
204035.900000095,24.9770301624931,121.551177445755,23.6884869486094,0.0575964962495695,0.0439900872751786,340.891776368684
204036,24.9770301707089,121.551177494971,23.6906053991988,0.0467575192616316,0.0402713989608072,340.891782046976
204036.100000143,24.9770301931969,121.551177469359,23.6933922981843,0.0792744457682735,0.0514274657232135,340.89176290164
204036.200000048,24.9770302542928,121.551177427023,23.6898674145341,0.0538832905678741,0.0548236663406893,340.880313556701
204036.300000191,24.9770301856428,121.551177464251,23.6915912544355,0.0901189224604127,0.0551371388567549,340.880295974071
204036.400000095,24.9770301354234,121.551177436526,23.688486863859,0.0467575192616316,0.0402713989608072,340.891782046976
204036.5,24.977030129841,121.551177423495,23.6922824662179,0.0356087487931361,0.0727847529264598,340.880316718413
204036.600000143,24.9770302477206,121.551177421735,23.6962662385777,0.0315897362080952,0.119856537714944,340.868847154015
204036.700000048,24.9770303729964,121.551177390581,23.6888372832909,-0.0415011521882433,0.191708165345873,340.868949625396
204036.800000191,24.9770306670134,121.551177422554,23.6873111333698,-0.0415203276200876,0.191704036322377,340.880408796719
204036.900000095,24.9770308738149,121.551177480035,23.6830065883696,-0.0669166790519003,0.195108180998063,340.880453271054
204037,24.9770311750877,121.551177498192,23.6800739886239,-0.0705930398583301,0.205961583034975,340.857547938012
204037.100000143,24.9770315207096,121.55117754014,23.6806450001895,-0.0526281459012777,0.224232492026347,340.857524039955
204037.200000048,24.9770318957832,121.551177558787,23.6785028586164,-0.0671373862473254,0.231370504870067,340.834638346904
204037.300000191,24.9770322269097,121.551177663382,23.6819006511942,-0.0308551643583887,0.231675532420578,340.811646918846
204037.400000095,24.9770328060833,121.55117770409,23.6750402748585,-0.0633579757248112,0.220548609655232,340.80024735859
204037.5,24.9770332641834,121.551177792684,23.6739149196073,-0.0416055702434138,0.22798095153399,340.765830854562
204037.600000143,24.9770338356592,121.551177829845,23.6755542261526,-0.0595011094735969,0.209748082057317,340.720020610066
204037.700000048,24.9770344410635,121.551177907504,23.6726050768048,-0.106234181087658,0.169599903649915,340.662773585063
204037.800000191,24.97703509804,121.551178016821,23.6796617545187,-0.109570897589078,0.144297534776036,340.571082147103
204037.900000095,24.9770357541452,121.551178013162,23.6816737065092,-0.163690699740145,0.126019065506118,340.456534755674
204038,24.9770365018365,121.551178167949,23.6815363848582,-0.159897163922696,0.115325515373932,340.341927331688
204038.100000143,24.9770371891079,121.551178233243,23.6820715554059,-0.177815721071934,0.0973662042995843,340.192954688389
204038.200000048,24.9770379254237,121.55117830012,23.6844008946791,-0.166765758655,0.0650155120366938,340.032479822635
204038.300000191,24.9770385673701,121.551178335285,23.6859301123768,-0.163070176586924,0.0181599992574091,339.860423855783
204038.400000095,24.9770393993735,121.55117849405,23.6903832806274,-0.137681386940084,0.0147224050002988,339.699989871969
204038.5,24.9770400925813,121.551178499385,23.6874938653782,-0.159418950342172,0.00779735488962723,339.493728861979
204038.600000143,24.9770408571511,121.551178537947,23.6828081933782,-0.148509398190045,0.0116654653901083,339.276031058973
204038.700000048,24.977041357923,121.551178642119,23.6838834090158,-0.134040516490384,0.00460867513300441,339.046874778153
204038.800000191,24.9770422468723,121.551178663946,23.6827747151256,-0.188561161799198,-0.0127704396909228,338.840413256761
204038.900000095,24.9770428794879,121.55117867264,23.6843946734443,-0.290270816691332,-0.0330608913731504,338.634125393207
204039,24.9770436851283,121.551178739336,23.6868148008361,-0.297795604128722,-0.0468222112185527,338.381793116405
204039.100000143,24.9770443996818,121.551178826079,23.6828548479825,-0.330652864507474,-0.0565672525481765,338.141175249463
204039.200000048,24.9770450182744,121.551178752817,23.6779441041872,-0.330814016921162,-0.0556753308676077,337.831585344163
204039.300000191,24.9770458134055,121.551178837061,23.6758725419641,-0.309078621733099,-0.0480162522972756,337.533462903448
204039.400000095,24.9770466320794,121.551178831598,23.6823623720556,-0.313443052864543,-0.0723630323086838,337.189414307032
204039.5,24.9770474982128,121.55117886074,23.6843596268445,-0.394731922409693,-0.119901419871588,336.810863179774
204039.600000143,24.9770483086122,121.551178911493,23.6788727445528,-0.500491542512086,-0.126243456092023,336.42095452979
204039.700000048,24.9770491696335,121.551178916807,23.6813612282276,-0.526216797217319,-0.119858347296561,335.984920734589
204039.800000191,24.9770500927869,121.551178843816,23.6832104604691,-0.501530109360035,-0.122135001290261,335.480193141566
204039.900000095,24.9770510688275,121.551178742379,23.6774413669482,-0.53514138538116,-0.129169967212468,334.929620531712
204040,24.9770519888508,121.551178580963,23.6768559282646,-0.483772118733105,-0.099639687752933,334.275739574694
204040.100000143,24.9770529651367,121.551178527221,23.680005794391,-0.435161962218681,-0.0593444536437691,333.541133431253
204040.200000048,24.9770539167707,121.551178374951,23.6743197729811,-0.455467412478844,-0.0260018804320893,332.737081604663
204040.300000191,24.9770548730467,121.551178264319,23.6711496701464,-0.425219069667256,-0.0028256277384589,331.852140234976
204040.400000095,24.977055915278,121.551177976084,23.6667977888137,-0.486352174509995,0.00920416882660155,330.886275217435
204040.5,24.9770567912097,121.551177788905,23.6630079345778,-0.497376649642465,0.0109385559084284,329.850915423131
204040.600000143,24.9770578841551,121.551177573626,23.6583782928064,-0.508426810933908,0.0131873916294189,328.744922477255
204040.700000048,24.9770589667094,121.551177396513,23.6593652060255,-0.528255219137352,0.00228620898877637,327.579362642805
204040.800000191,24.9770601404443,121.551177085738,23.6564870551229,-0.613698229169046,0.0254288982670428,326.344295413893
204040.900000095,24.9770611530405,121.551176716769,23.6540070958436,-0.743649469890954,0.0420863151799494,325.038163071258
204041,24.9770621939315,121.551176305307,23.6489065345377,-0.765679610777525,0.0469286224773451,323.659011378131
204041.100000143,24.9770632248676,121.551176006032,23.6512518394738,-0.749918783120545,0.0355482501036422,322.266608684308
204041.200000048,24.9770643310589,121.551175709771,23.6470883525908,-0.768488383603419,0.0183929815993809,320.883677864709
204041.300000191,24.9770653700815,121.551175102432,23.6545104775578,-0.795649899516339,-0.0219592841353303,319.404408047772
204041.400000095,24.9770666336214,121.551174647651,23.6508633801714,-0.814136905913405,-0.0487988047807997,317.932219259248
204041.5,24.9770676125494,121.551174123966,23.6582266101614,-0.822099859794541,-0.0732049523706128,316.374566401353
204041.600000143,24.9770687319969,121.551173521695,23.6530400346965,-0.843525608200928,-0.0869636085655711,314.787180549813
204041.700000048,24.9770697499399,121.5511729146,23.6472649360076,-0.875872485180903,-0.112356804876893,313.172071634231
204041.800000191,24.9770709860194,121.551172334315,23.6477717421949,-0.947582566487107,-0.0824327348724258,311.5769084655
204041.900000095,24.9770720622123,121.551171664538,23.6358640557155,-0.94869194012027,-0.0686795110527611,309.914661000689
204042,24.977073234758,121.551170850156,23.6384864412248,-0.901709165537775,-0.0985511930250972,308.245934422147
204042.100000143,24.977074237226,121.551170074395,23.6372465537861,-0.798955974294304,-0.116419918740201,306.556626181135
204042.200000048,24.9770752805285,121.551169180835,23.6391545953229,-0.777686549052825,-0.104213179960754,304.860579719806
204042.300000191,24.9770764064636,121.551168296556,23.6317553408444,-0.779147190369331,-0.092318220255844,303.110326378581
204042.400000095,24.9770774343025,121.551167381077,23.6212566327304,-0.782024593807872,-0.183201912943363,301.312075568256
204042.5,24.9770784900563,121.551166426559,23.6201388463378,-0.833308490055341,-0.261421595728293,299.553081517164
204042.600000143,24.9770794649369,121.551165470156,23.625431037508,-0.896147408050696,-0.280056077780488,297.756751850766
204042.700000048,24.9770804548196,121.551164320407,23.6211445070803,-0.866183399211317,-0.26774140066682,295.916247263995
204042.800000191,24.9770815001106,121.551163200368,23.6156624425203,-0.859034123986954,-0.254483125320579,294.047559084
204042.900000095,24.9770825498618,121.551162074043,23.6096772952005,-0.818645454886501,-0.255903254586981,292.13941423703
204043,24.9770835061292,121.55116081797,23.6062530586496,-0.793859630379589,-0.291264822504593,290.180654876312
204043.100000143,24.97708440122,121.551159415129,23.6067787334323,-0.781912079571758,-0.325866795253083,288.196914074944
204043.200000048,24.9770854266213,121.551157942628,23.6066595967859,-0.756978414337664,-0.339580218272291,286.152071678068
204043.300000191,24.9770864648546,121.551156406233,23.6034134132788,-0.723386305786183,-0.367507356957965,284.111494950301
204043.400000095,24.977087520195,121.551154744729,23.5935153141618,-0.658163513758023,-0.344285091852964,282.029211154516
204043.5,24.9770884127628,121.551152953008,23.5775870112702,-0.655695657610788,-0.404017142497768,279.913788299164
204043.600000143,24.9770896682608,121.551151056354,23.5751693500206,-0.633391619162953,-0.468801653776425,277.775281418239
204043.700000048,24.977090506049,121.551149061175,23.5549675785005,-0.666352311828476,-0.604098613509271,275.596454854637
204043.800000191,24.977091538161,121.551146861853,23.5445593260229,-0.675768539710159,-0.675053794204837,273.46971834926
204043.900000095,24.9770925157477,121.551144618971,23.5349410073832,-0.618789274604347,-0.753592985417053,271.343116673574
204044,24.9770934624593,121.551142269969,23.5316847516224,-0.675796188948207,-0.884606884139082,269.237095981005
204044.100000143,24.9770944639318,121.55113973063,23.5237457770854,-0.683433881885863,-0.959374572802704,267.196696314127
204044.200000048,24.9770953581733,121.551136963518,23.5144306411967,-0.729789172069628,-1.07037536112704,265.224479180722
204044.300000191,24.9770962010883,121.551134135281,23.5072980700061,-0.750454768858864,-1.20340969044522,263.380011104663
204044.400000095,24.9770968415522,121.551131145989,23.5097284419462,-0.723888255441848,-1.23315398018,261.572336800292
204044.5,24.9770975872588,121.55112797053,23.5003710417077,-0.813778771075205,-1.11975536899618,259.767257606115
204044.600000143,24.9770984737349,121.551124721555,23.4777658330277,-0.876248279434275,-1.03890639193067,258.069225512868
204044.700000048,24.9770993361014,121.55112122218,23.4437644565478,-0.856290321301555,-1.09118955854171,256.45394117637
204044.800000191,24.9770998893551,121.551117435576,23.4309901725501,-0.783792473796986,-1.28182481856102,255.034063537115
204044.900000095,24.9771005580806,121.551113693866,23.421918515116,-0.71115610964093,-1.46406882002439,253.631221298794
204045,24.9771011349867,121.551109661792,23.4107438586652,-0.74686708613409,-1.52288264370494,252.325471662999
204045.100000143,24.9771018983403,121.551105527375,23.3850039476529,-0.858368458914361,-1.58334321985956,251.205234308789
204045.200000048,24.977102556306,121.551101186306,23.3621960636228,-0.85740187426655,-1.74938493859562,250.134284017798
204045.300000191,24.9771029368776,121.551096769669,23.3451948892325,-1.02229749366271,-1.91008051649488,249.141518389806
204045.400000095,24.9771036044189,121.551092151511,23.3340760637075,-1.0525584557275,-1.90694734023816,248.249443002977
204045.5,24.9771037356863,121.551087477779,23.3189059337601,-1.14916830216559,-1.90738130099443,247.380353664112
204045.600000143,24.9771042474184,121.551082710672,23.2971485946327,-1.11716020932484,-1.88457243152706,246.505262900203
204045.700000048,24.9771046457312,121.551077637406,23.2835849607363,-1.11705013915446,-1.80562941771775,245.727359734622
204045.800000191,24.9771045569863,121.551072670346,23.26512765605,-1.13432967636233,-1.6903328016185,244.981969765187
204045.900000095,24.9771047940334,121.551067412038,23.2218117769808,-1.12767853527731,-1.62713194374926,244.203202760928
204046,24.9771049072038,121.551061963659,23.1947370776907,-1.04034296158249,-1.63624623688827,243.546671602773
204046.100000143,24.977104951978,121.551056502487,23.1950666047633,-1.10204290416028,-1.56029477216895,242.880200679507
204046.200000048,24.9771050191044,121.551050973063,23.1636659149081,-1.24267205062807,-1.46357594484325,242.28634085693
204046.300000191,24.9771050705183,121.551045234784,23.1401846343651,-1.25658357058946,-1.46651866982543,241.652139514947
204046.400000095,24.9771048166659,121.551039277437,23.1247569117695,-1.2304406879281,-1.42668053593968,241.076158285585
204046.5,24.9771046247753,121.551033277473,23.0914040328935,-1.07046073455458,-1.38797320452299,240.500380589163
204046.600000143,24.9771043612933,121.551027189515,23.0527257360518,-0.908109648954186,-1.49995027838916,239.891024838597
204046.700000048,24.9771041188944,121.551020799145,23.02842499502,-0.864916911623372,-1.74256799066416,239.417224833329
204046.800000191,24.9771037364912,121.551014462372,23.0181641411036,-0.80151144477481,-1.86424892478853,238.960914757067
204046.900000095,24.9771033910688,121.551007931607,23.0002215337008,-0.789048708857202,-1.87355088342052,238.536849283637
204047,24.9771029276312,121.551001284363,22.982548404485,-0.737140274291153,-1.79927390656394,238.10680873654
204047.100000143,24.9771024733213,121.550994552087,22.9506403291598,-0.553302921922173,-1.67304263597408,237.81677284841
204047.200000048,24.9771019206439,121.550987698919,22.9060972919688,-0.522124795846276,-1.59859085127549,237.645714814565
204047.300000191,24.9771014411164,121.550980592172,22.883744392544,-0.369085927962015,-1.50659111534314,237.558665042915
204047.400000095,24.9771009898432,121.550973534267,22.8512071147561,-0.297900240564591,-1.4574477618113,237.470251258793
204047.5,24.9771002997499,121.55096620181,22.8226926680654,-0.273979382693167,-1.41873117431387,237.397267525099
204047.600000143,24.9770997476118,121.550958733806,22.7949064169079,-0.304548533328749,-1.35852593367641,237.307577440907
204047.700000048,24.9770990377985,121.550951236626,22.7560293972492,-0.296540444676308,-1.32317313127827,237.218296292414
204047.800000191,24.9770984163931,121.550943571661,22.7299744440243,-0.214751210117291,-1.3218947993573,237.145867722666
204047.900000095,24.9770976025346,121.550935766575,22.7044894648716,-0.133576868963741,-1.27947954387855,237.064452409534
204048,24.9770968787898,121.550928067852,22.6727347802371,-0.0931459819594475,-1.27879359234784,236.98447245959
204048.100000143,24.9770962827204,121.55091999673,22.6455158703029,-0.145781394886318,-1.23160033347898,236.869369880266
204048.200000048,24.977095599927,121.550912081056,22.6201700950041,-0.158098080052347,-1.1011925864105,236.722675875392
204048.300000191,24.9770948241478,121.550903968094,22.5872584730387,-0.185849752615808,-1.01537794893768,236.550676984835
204048.400000095,24.9770939478871,121.550895765283,22.557524648495,-0.245227672915482,-0.977194864607324,236.330130254187
204048.5,24.9770932686403,121.550887470428,22.5219284426421,-0.256655176603029,-0.970370832370455,236.109960503604
204048.600000143,24.9770922832325,121.550879082634,22.4890359416604,-0.324520515356317,-1.09103670891349,235.944139110042
204048.700000048,24.9770913381687,121.550870637011,22.4587153512985,-0.269488056930325,-1.2110262328224,235.708233194656
204048.800000191,24.9770904949348,121.550862053698,22.4415270257741,-0.357372385555472,-1.31864792494907,235.525960783239
204048.900000095,24.9770895341518,121.550853532519,22.4129788335413,-0.483842973464475,-1.3175262272359,235.304441737616
204049,24.9770885140672,121.550844906101,22.3829968953505,-0.511341873994497,-1.27214518413999,235.107236737617
204049.100000143,24.9770875765803,121.550836261549,22.3534970050678,-0.564132251701918,-1.1818064787112,234.877890582841
204049.200000048,24.9770865344721,121.55082748161,22.3240574253723,-0.545653155807525,-1.06996719782953,234.731922343917
204049.300000191,24.9770854599248,121.550818649539,22.2958016144112,-0.615606578265105,-0.96709868962716,234.626398168473
204049.400000095,24.9770843066755,121.550809770302,22.2641376098618,-0.653980117188592,-0.941128134715705,234.575789111414
204049.5,24.9770832074899,121.550800819125,22.2411381909624,-0.498147139289647,-0.894639838553974,234.529151734262
204049.600000143,24.9770819601442,121.550791624513,22.1986619019881,-0.409936287821833,-0.927074468006738,234.472427731715
204049.700000048,24.9770806953184,121.550782565976,22.1870421878994,-0.34679636723072,-0.956254770845722,234.456812934932
204049.800000191,24.9770797083416,121.550773163326,22.1347493780777,-0.151162528147229,-1.03453164042129,234.391858496427
204049.900000095,24.9770782695081,121.55076394876,22.118291082792,-0.180955590119217,-1.18044160174612,234.432620407194
204050,24.9770771686788,121.550754561341,22.1154200211167,-0.205084926993556,-1.01164654256855,234.375376390604
204050.100000143,24.9770761087968,121.550745307722,22.1037965919822,-0.350830074494778,-0.67625712413328,234.359080962667
204050.200000048,24.9770748134866,121.550736145012,22.052040011622,-0.63645708900853,-0.342310872152586,234.31798834047
204050.300000191,24.9770736217035,121.550726451871,22.0097600305453,-0.568804287699205,-0.263627962518966,234.318581009412
204050.400000095,24.9770724567631,121.550716918171,21.9875399377197,-0.491607581139512,-0.45514106846574,234.301902607801
204050.5,24.9770712667132,121.5507072346,21.9873641720042,-0.347006440268547,-0.567896155565491,234.24483954389
204050.600000143,24.9770699099765,121.550697703628,21.9733708333224,-0.364354551042961,-0.431075926222741,234.261221782454
204050.700000048,24.9770685155712,121.550688111149,21.9495581854135,-0.543093586929565,-0.225350774840528,234.229458723152
204050.800000191,24.9770674668641,121.550678399001,21.940252840519,-0.358329735615335,0.0648899073400211,234.198666632251
204050.900000095,24.9770661467289,121.550668725544,21.9050985537469,-0.104000055125523,0.0712164759449313,234.214559541294
204051,24.977064920475,121.550658764967,21.8863185532391,-0.0244977654235919,-0.177684659080947,234.189225575153
204051.100000143,24.9770635543436,121.550648941185,21.8780113887042,-0.522086291954474,-0.337029301596312,234.270252893938
204051.200000048,24.9770623259057,121.550639146743,21.898498063907,-0.606788929548871,0.0258268052914454,234.361288161882
204051.300000191,24.9770610994936,121.550629277922,21.8613547133282,-0.734766779928815,0.529340273718109,234.380581213886
204051.400000095,24.9770596730074,121.550619258138,21.8407783340663,-0.542160443373326,0.689483403320949,234.355222522617
204051.5,24.9770583801601,121.550609108051,21.8230329547077,-0.553576915254723,0.530537187687848,234.379749981436
204051.600000143,24.9770570999453,121.550598932465,21.8413762897253,-0.847340646791106,0.384894673651024,234.306701368078
204051.700000048,24.9770559040554,121.550589097516,21.8513433532789,-0.92697311155756,0.593340086199501,234.194063454172
204051.800000191,24.9770544564569,121.550579086664,21.8499741107225,-0.935672034576566,0.864454892501467,234.10458496203
204051.900000095,24.9770530118091,121.550569066155,21.8267006389797,-0.848476646906454,0.889682183087085,233.973484549911
204052,24.9770516943043,121.550559163354,21.8327573584393,-0.703647020937613,0.735800012181122,233.840792925867
204052.100000143,24.9770503562277,121.550549131654,21.8545660991222,-0.812175435307603,0.658947305611249,233.710330564495
204052.200000048,24.9770489691013,121.550539343903,21.8637778619304,-0.837068915898668,0.844485460476188,233.620045389679
204052.300000191,24.97704750405,121.550529503052,21.8708790466189,-0.788941554416553,1.17482754686387,233.532627833412
204052.400000095,24.9770459921198,121.550519531178,21.869434684515,-0.754084505174921,1.30489970115547,233.475830675636
204052.5,24.977044700596,121.550509701814,21.8668177463114,-0.57286696049184,1.30465475781179,233.473765695815
204052.600000143,24.9770432607742,121.550499828531,21.8828033255413,-0.579536390355278,1.15496878616602,233.539620488863
204052.700000048,24.9770418889058,121.550490063954,21.8974230717868,-0.749759041061545,1.05021985827964,233.51539256645
204052.800000191,24.9770403685437,121.550480312281,21.9100676607341,-0.947081682074527,1.04739274720187,233.533195932017
204052.900000095,24.9770390677896,121.550470589356,21.9114946899936,-1.02742149048279,1.17283562845026,233.535055180651
204053,24.9770378428511,121.550461006672,21.928967452608,-1.06588914401704,1.33871140342922,233.55301091739
204053.100000143,24.9770363422343,121.55045123672,21.9504027450457,-0.892633593125995,1.60884659969539,233.569110807344
204053.200000048,24.9770347856726,121.550441511226,21.9675631225109,-0.850290383902534,1.912818889426,233.65088023856
204053.300000191,24.9770335373394,121.550432150991,21.984727371484,-0.491430571596367,2.1919488168562,233.769926522335
204053.400000095,24.9770322966215,121.550422232374,21.9858698723838,-0.273108167344939,2.10845117693021,233.921433232159
204053.5,24.9770309038348,121.550412664378,22.0062713781372,-0.337285436242204,1.77534818551498,234.036240457577
204053.600000143,24.9770295401805,121.550403153478,22.0383918592706,-0.453482457101999,1.54753367336437,234.160951717787
204053.700000048,24.9770282590355,121.550393617748,22.0630917167291,-0.664917918635696,1.52422951259207,234.262240314321
204053.800000191,24.9770270545262,121.550384025208,22.0816590972245,-0.807852687816895,1.57965454130039,234.305797972798
204053.900000095,24.9770257796018,121.550374672441,22.083630557172,-0.958137033830369,1.50210748504397,234.298025823623
204054,24.9770247004935,121.550365525815,22.0981578920037,-0.927756117669357,1.42510001763798,234.338270465313
204054.100000143,24.9770231548721,121.550355849261,22.1101374868304,-0.977840706616702,1.39157968147674,234.240038047016
204054.200000048,24.9770218509309,121.550346657476,22.125776947476,-1.01402742451384,1.41858876700381,234.110080300125
204054.300000191,24.9770205851718,121.550337480646,22.141717418097,-0.895816378998616,1.50763845976725,233.912166457415
204054.400000095,24.9770192074956,121.550328161343,22.1563164871186,-0.930907778726195,1.49442478060303,233.658061296317
204054.5,24.9770178096173,121.550319025908,22.1721910377964,-0.840897001442565,1.47953371314495,233.312977195075
204054.600000143,24.9770161773689,121.55030968683,22.1875161947682,-0.801388342792498,1.47187176336666,232.943357132762
204054.700000048,24.9770146921675,121.550300479081,22.1948739076033,-0.90267057536027,1.38278603829616,232.460328227629
204054.800000191,24.9770132066298,121.550291618876,22.2155692400411,-0.823861228837641,1.3905113880826,231.998484226095
204054.900000095,24.977011544343,121.550282328342,22.2256179247051,-0.831812908826744,1.33475968112756,231.422625578173
204055,24.9770098487737,121.550273448853,22.2337335366756,-0.714393030824443,1.25763187791609,230.886545134217
204055.100000143,24.9770080868591,121.550264434564,22.2515048608184,-0.852912343032243,1.14114700640136,230.238496804001
204055.200000048,24.9770062930764,121.550255715258,22.273197107017,-1.03195690451731,1.18471344952342,229.563699066941
204055.300000191,24.9770046378262,121.55024679907,22.280793284066,-1.2157630132347,1.37606762763909,228.989160808259
204055.400000095,24.9770024311764,121.550238154908,22.2885698806494,-1.14497574292479,1.52226158492434,228.344520275908
204055.5,24.9770004391349,121.550228931466,22.2852893359959,-1.18312993308836,1.44923583925525,227.683116210146
204055.600000143,24.9769983538081,121.550220062622,22.3062615320086,-1.35045867593597,1.28698005815952,227.063528277385
204055.700000048,24.9769958789543,121.550211138902,22.3284636437893,-1.51089687394398,1.26731418979074,226.375110117922
204055.800000191,24.9769937580636,121.550202403054,22.337193235755,-1.492075893186,1.38222517951985,225.804158256612
204055.900000095,24.9769909573772,121.55019348104,22.3453392200172,-1.49884315688952,1.44570568149658,225.197647689192
204056,24.9769884221239,121.55018437603,22.3623780803755,-1.53684501566523,1.43367416081791,224.507920850623
204056.100000143,24.976985930991,121.550175373842,22.3820518869907,-1.52859428322421,1.44249879171857,223.849450659826
204056.200000048,24.9769834337373,121.550166784059,22.3967894762754,-1.51898076804986,1.41736962953688,223.314365606227
204056.300000191,24.9769806318229,121.55015837078,22.4117371495813,-1.49870125846102,1.36929306752936,222.721848338083
204056.400000095,24.9769778260549,121.550149684891,22.4242777843028,-1.61292451265034,1.25240865989922,222.218355274875
204056.5,24.976974699638,121.550141017788,22.4409683747217,-1.61826706191987,1.19399818977895,221.682973295595
204056.600000143,24.9769717589727,121.550132275541,22.4604049101472,-1.54545104925458,1.27906744312124,221.180123007769
204056.700000048,24.9769687717227,121.550123835605,22.4683670159429,-1.55083755393229,1.30793018911635,220.795319319351
204056.800000191,24.9769657989747,121.550115593587,22.4868055703118,-1.42572976867085,1.34641090402174,220.322410755893
204056.900000095,24.9769627991266,121.550107742814,22.4973022425547,-1.29807797126552,1.3343490521879,219.919929575278
204057,24.9769594879311,121.550099298013,22.5126056820154,-1.31693383244467,1.32981776441105,219.489327699699
204057.100000143,24.9769564560433,121.550091328968,22.5286601809785,-1.14985803409936,1.3434706920215,219.04113922646
204057.200000048,24.9769527381905,121.550082785086,22.5331784207374,-1.25496236647959,1.12386469625004,218.552421879319
204057.300000191,24.9769494982158,121.550074522372,22.5510447528213,-1.39389586090179,0.904381956880545,218.01240973027
204057.400000095,24.9769461115851,121.550067101975,22.5718631464988,-1.40353279276554,0.84530520104211,217.494065812971
204057.5,24.9769427230992,121.550059014092,22.5911183841527,-1.65782583376919,0.844696730746873,216.834602411232
204057.600000143,24.9769394140054,121.550051585577,22.5926233883947,-1.75321950606266,0.965325767831637,216.155501017091
204057.700000048,24.9769372995564,121.550044577743,22.593336625956,-1.87691968258661,0.922644104722466,215.576622378068
204057.800000191,24.9769334663212,121.550036902129,22.5994136324152,-1.89386943929974,0.844699485639881,214.862894352969
204057.900000095,24.9769299667453,121.550029199305,22.6125359674916,-1.95244317496771,0.742009927641766,214.169638462913
204058,24.9769261338199,121.550021641305,22.6305596977472,-1.94728954019551,0.722872086849511,213.390175835777
204058.100000143,24.9769221649406,121.550014463357,22.6454515010118,-1.9985267639509,0.729482251518875,212.534635566967
204058.200000048,24.9769179474797,121.55000705765,22.6570863686502,-2.13852857200329,0.778331632479911,211.685466922808
204058.300000191,24.9769139653532,121.549999742185,22.6570257535204,-2.37605977684701,0.752323862370144,210.727572110984
204058.400000095,24.97690977309,121.549992486549,22.6667167395353,-2.48464207374202,0.696748170276918,209.655196158598
204058.5,24.9769056761536,121.549985346713,22.6795409601182,-2.5374112604985,0.663637993627803,208.664434274056
204058.600000143,24.9769013104876,121.549978352715,22.6990584479645,-2.48591298378185,0.605585458906146,207.523562149954
204058.700000048,24.9768971614707,121.549971649684,22.7177622066811,-2.49154769006235,0.572342142426184,206.464872157894
204058.800000191,24.9768925085381,121.549964893873,22.7141117174178,-2.54804847345362,0.513569355666861,205.250645843057
204058.900000095,24.9768873870944,121.549958130323,22.7254203930497,-2.59214920662699,0.528866467657704,204.006035107333
204059,24.9768821171049,121.549951752173,22.7259008297697,-2.59611820861242,0.624884954669714,202.679990089144
204059.100000143,24.9768778089327,121.54994589595,22.7366601517424,-2.5563635892212,0.651806172334094,201.345552949602
204059.200000048,24.9768727826468,121.549939615146,22.7553471233696,-2.49451598908336,0.652981558345992,199.920386353487
204059.300000191,24.9768670741874,121.549933581062,22.7713218042627,-2.70215266121642,0.720152882369442,198.469614894278
204059.400000095,24.9768617255707,121.549927907629,22.7788912085816,-2.74532061633627,0.78705980398204,196.98533580051
204059.5,24.9768563303703,121.549922052486,22.7955952687189,-2.70013174948091,0.890580297643806,195.522756039959
204059.600000143,24.9768508020524,121.549916365243,22.7970831748098,-2.77319195805163,0.907972251877312,193.989872048581
204059.700000048,24.9768447560685,121.549910985786,22.8116612546146,-2.81231242693634,0.65978802365382,192.373308620461
204059.800000191,24.9768388713029,121.54990586819,22.8363215010613,-2.78303612434086,0.505577372886413,190.753763266265
204059.900000095,24.976832696135,121.549900950003,22.8445988371968,-2.79634130076164,0.406714275031965,189.200009187931
204060,24.976826671114,121.549896076835,22.8636742541566,-2.84928294779135,0.368325776519755,187.570099182827
204060.100000143,24.9768205181853,121.549891465195,22.8730698060244,-2.89584181513348,0.470108974683744,185.98760880815
204060.200000048,24.976814066746,121.549887060001,22.8833864470944,-2.97313681281324,0.540754396795179,184.370905580958
204060.300000191,24.9768076460164,121.549882776599,22.8949471870437,-3.00810328902617,0.610224128274688,182.783508903494
204060.400000095,24.9768012228251,121.549878891833,22.9098656382412,-2.9531655984882,0.755625387093814,181.237728572761
204060.5,24.9767942149042,121.549874811897,22.9202846307307,-3.10965958556758,0.747041616088368,179.576258393511
204060.600000143,24.9767873963813,121.549871177262,22.9415543954819,-3.06383510092222,0.847407873696496,177.976649626533
204060.700000048,24.9767802206239,121.549867590037,22.9589902730659,-3.00041905112579,0.941770948776624,176.368814725775
204060.800000191,24.9767728897545,121.549864375892,22.9727939562872,-3.03302227232355,0.974296051142131,174.751875576715
204060.900000095,24.9767657211932,121.549861274162,22.985720584169,-2.97645775145164,0.872941235923691,173.110682630602
204061,24.9767583347847,121.549858453237,23.0060870237648,-2.95957082151422,0.76581971897566,171.494942574832
204061.100000143,24.9767503644134,121.549855607139,23.0266210613772,-2.97376609839961,0.81022277097474,169.828348627125
204061.200000048,24.9767427982528,121.549853116834,23.0333418678492,-3.01756602512665,0.716957326344793,168.217270350516
204061.300000191,24.9767348201983,121.549850948098,23.046544296667,-3.00546605878745,0.660461185858793,166.6431922845
204061.400000095,24.9767268046563,121.549848745263,23.0655384259298,-2.9613016735786,0.581071269808545,165.023030913264
204061.5,24.9767185512988,121.549846906484,23.0836078105494,-2.90664128468527,0.528548443564724,163.461695603961
204061.600000143,24.9767104965927,121.549845334752,23.0785561194643,-2.86117601411746,0.458878705895495,161.946392672622
204061.700000048,24.9767020044318,121.549843783065,23.0902706319466,-2.79931444345629,0.297314955236186,160.44052950233
204061.800000191,24.9766936412373,121.549842516553,23.1036806702614,-2.73915678271224,0.0846773262443264,159.036845525933
204061.900000095,24.9766850916792,121.549841597086,23.1170524498448,-2.74078540874537,-0.0281804802850942,157.692623450284
204062,24.9766766206604,121.549840598576,23.1123826280236,-2.77822355325644,-0.152802138483723,156.427878509699
204062.100000143,24.9766680827814,121.54984001689,23.1052861968055,-2.88110333109214,-0.392698496319354,155.2625449759
204062.200000048,24.9766590347396,121.549839552395,23.1284040967003,-2.95241483679543,-0.548567303227417,154.087001624726
204062.300000191,24.9766503207458,121.549839225553,23.1402320079505,-3.09693541515622,-0.486799219545687,152.996777464951
204062.400000095,24.9766416519739,121.549838914652,23.1303601684049,-3.16284849980579,-0.358474182721784,152.034675761936
204062.5,24.9766325163501,121.549839074279,23.1150360004976,-3.17684223837171,-0.336832936549283,151.148934202277
204062.600000143,24.9766237189199,121.549839158058,23.1148372916505,-3.2132387805098,-0.465347099032255,150.374068316228
204062.700000048,24.9766147241955,121.549839427655,23.1259383196011,-3.14658846289249,-0.440221647465779,149.649538808575
204062.800000191,24.9766055315277,121.549839704585,23.1313686436042,-3.15568522531266,-0.342104497495523,149.019155018358
204062.900000095,24.97659653731,121.549840321004,23.1274065859616,-3.2156420160935,-0.330007072022203,148.523091350378
204063,24.9765874665572,121.549840810441,23.1231047688052,-3.16243855871919,-0.349878576548818,147.992272242905
204063.100000143,24.9765784699886,121.549841438239,23.1255478803068,-3.18112871029423,-0.365383043314152,147.565185943121
204063.200000048,24.9765693935898,121.549842217558,23.1298615373671,-3.11275889192319,-0.352780427105426,147.230217829337
204063.300000191,24.9765603347999,121.549842959056,23.1231580041349,-2.94218582871199,-0.378729395418845,146.942832284827
204063.400000095,24.976550926077,121.549843846745,23.1224588621408,-2.91068744615159,-0.471329299491757,146.70883714927
204063.5,24.9765416956385,121.549844702974,23.1286238376051,-2.72424156738453,-0.521422797064761,146.536391418219
204063.600000143,24.9765326272,121.549845744443,23.1377405226231,-2.67087761584218,-0.496867689701408,146.467537135374
204063.700000048,24.9765235382812,121.54984676735,23.1309526385739,-2.63991399680909,-0.477041567077057,146.398455368591
204063.800000191,24.9765145094774,121.549847882421,23.1304933233187,-2.60669676956466,-0.410568556721652,146.354629528024
204063.900000095,24.976505520739,121.549848871039,23.121578889899,-2.55516723619062,-0.433889350345836,146.30735698691
204064,24.9764966228998,121.549849770659,23.1164174508303,-2.61526178539197,-0.538840969107254,146.259261877186
204064.100000143,24.9764874736794,121.549850731706,23.1201139185578,-2.59084474002755,-0.487006848972427,146.260548913782
204064.200000048,24.9764783841317,121.549851703898,23.1281070392579,-2.61852417835389,-0.409996735901457,146.226617301407
204064.300000191,24.9764693701552,121.549852746538,23.1206179205328,-2.62544662945254,-0.376331923904374,146.227363970676
204064.400000095,24.9764604494525,121.549853731334,23.1225938079879,-2.62775659947726,-0.364844974056817,146.216252404133
204064.5,24.9764515997598,121.549854751664,23.1137743219733,-2.65910505746778,-0.383547244106434,146.238453640014
204064.600000143,24.9764426707254,121.549855667137,23.1156242843717,-2.70598135766685,-0.439742343727471,146.22560166111
204064.700000048,24.976433515978,121.54985676928,23.1216781241819,-2.60039163307519,-0.441082738442406,146.214609217327
204064.800000191,24.9764246235467,121.549857718677,23.1186368661001,-2.55522997696862,-0.489730886305167,146.190964159751
204064.900000095,24.9764156948775,121.549858659325,23.1177971558645,-2.60006661834767,-0.499768626704352,146.224646081583
204065,24.9764068313064,121.549859794114,23.1193255288526,-2.62911069259075,-0.471788476306401,146.272102925284
204065.100000143,24.9763977157456,121.549860853785,23.1147579466924,-2.62020311335849,-0.458248983375474,146.272449265908
204065.200000048,24.9763887088829,121.549861862595,23.1054559433833,-2.52513249276452,-0.521821530757042,146.329733353498
204065.300000191,24.9763796138366,121.549863010327,23.1052207238972,-2.47752518165174,-0.582667535227869,146.351371051066
204065.400000095,24.9763705882499,121.549864009033,23.100317585282,-2.41674004925095,-0.593970142314356,146.374179572802
204065.5,24.9763613894889,121.549864915723,23.0941013852134,-2.33786114585085,-0.578605689297057,146.421834849587
204065.600000143,24.9763522462026,121.549865984638,23.0754418382421,-2.20438335922145,-0.657120953288858,146.467926646021
204065.700000048,24.9763428945206,121.549867001595,23.0668898345903,-2.0459570496889,-0.800112092485103,146.489021117319
204065.800000191,24.9763334961106,121.549868168102,23.063603268005,-2.08093489153675,-0.913173440326128,146.509463516135
204065.900000095,24.9763241331774,121.549869194382,23.0531567698345,-2.02018694040716,-0.923914425150831,146.509758388797
204066,24.9763144560697,121.549870385905,23.0372174894437,-2.01156230235192,-0.909516633882493,146.464601491359
204066.100000143,24.9763051598406,121.549871410839,23.0207618577406,-2.0746276547316,-0.945364292135039,146.427892812441
204066.200000048,24.9762955349384,121.549872516371,23.0074820714071,-2.06142667031013,-0.953168912616877,146.371017529225
204066.300000191,24.9762860300417,121.549873632191,23.0052906032652,-1.99310030252822,-0.832417424831417,146.304018707042
204066.400000095,24.9762766954839,121.549874685833,22.9967519911006,-2.03682781347787,-0.677019561112405,146.272362602121
204066.5,24.9762672637143,121.549875574639,22.9782614279538,-1.98608546687127,-0.525550261084764,146.241189779204
204066.600000143,24.9762577579036,121.549876935903,22.9638673234731,-1.93232335664612,-0.560226577390063,146.182549572569
204066.700000048,24.9762483786465,121.549878158505,22.9585018754005,-1.93444677735451,-0.606826054035521,146.147657840876
204066.800000191,24.976238826572,121.54987913893,22.9557641698048,-1.92116022586388,-0.615584965052325,146.13473495352
204066.900000095,24.9762293535419,121.549880205279,22.9393498646095,-1.94371821355704,-0.61958517108707,146.100451482885
204067,24.9762200749,121.549881312769,22.9283260414377,-1.93687822024135,-0.65305879180853,146.088558410774
204067.100000143,24.9762104842516,121.549882583372,22.9234084682539,-2.00230648057995,-0.677275482176132,146.040817048148
204067.200000048,24.9762010761526,121.549883564397,22.9175524413586,-1.97788687870896,-0.624881697756445,146.007775243591
204067.300000191,24.976191758709,121.549884682818,22.9069386338815,-1.96694622130932,-0.563564221745763,145.974799596726
204067.400000095,24.9761823496688,121.549885952,22.8962967097759,-1.94036109208971,-0.522654687670678,145.951398918862
204067.5,24.9761730251691,121.549887012854,22.8966615693644,-2.00352418377295,-0.441758613259554,145.94116273084
204067.600000143,24.9761637921991,121.549888049447,22.8856046935543,-1.99917268490027,-0.405179938213471,145.90773180956
204067.700000048,24.9761543698357,121.54988922505,22.8864282481372,-1.9950333121419,-0.368008837996426,145.838718073169
204067.800000191,24.9761448597473,121.549890549332,22.8794222958386,-2.10755060237889,-0.447675531789861,145.755852832623
204067.900000095,24.9761356446258,121.549891694557,22.8732064375654,-2.16429385945773,-0.573679867931079,145.63660486152
204068,24.9761261350104,121.549892951912,22.8655743626878,-2.29836509650887,-0.724179506205715,145.401132111016
204068.100000143,24.9761167595383,121.549894447892,22.8680187398568,-2.40431925900145,-0.783416366420954,145.018265889365
204068.200000048,24.9761073794615,121.549895831422,22.8627194818109,-2.47719778630444,-0.775353927063853,144.554358464414
204068.300000191,24.9760981363528,121.549897135711,22.847270722501,-2.52865960737373,-0.820164385717867,144.053718353063
204068.400000095,24.9760888797452,121.549898656747,22.8375094914809,-2.51098176282636,-0.862707887156231,143.519559812967
204068.5,24.9760796738845,121.549900376887,22.8251201659441,-2.48833653644739,-0.869834227482077,142.997551477863
204068.600000143,24.9760705270177,121.549902184431,22.8334577642381,-2.45730437997379,-0.792242181180745,142.385093817336
204068.700000048,24.9760613317171,121.549904005563,22.8135071406141,-2.50764776290057,-0.784006940071358,141.651892968845
204068.800000191,24.976052071813,121.549906135851,22.8152874847874,-2.42266339633686,-0.751144319108825,140.805236612591
204068.900000095,24.9760430202424,121.54990841652,22.7971992651001,-2.44940730257913,-0.747132378032348,139.919387546818
204069,24.9760338668176,121.549910836543,22.7988799978048,-2.44789879888748,-0.700633599078416,138.881827224311
204069.100000143,24.9760249546681,121.549913357502,22.7947683539242,-2.32281577210042,-0.53362287234207,137.822736746472
204069.200000048,24.9760160472068,121.549916263653,22.7829081537202,-2.30538536993101,-0.507361060959872,136.663370756253
204069.300000191,24.9760071131337,121.54991926311,22.7852886179462,-2.36905993980099,-0.58089563652609,135.418359936078
204069.400000095,24.9759981754911,121.549922514514,22.7775690471753,-2.27024672644716,-0.691764645381782,134.040445666168
204069.5,24.9759895374539,121.549925840012,22.787238875404,-2.24808036347837,-0.615561680595665,132.649412230712
204069.600000143,24.9759809223554,121.549929507955,22.7787407487631,-2.40100154422509,-0.643878745468514,131.213492581746
204069.700000048,24.9759724913528,121.549933190669,22.7695239307359,-2.50731885840803,-0.699153398469507,129.737943081244
204069.800000191,24.9759637887872,121.549937343074,22.7627290301025,-2.64753517253021,-0.809109384180529,128.196322060373
204069.900000095,24.9759557724589,121.54994147748,22.7587352013215,-2.609777619825,-0.863207773476393,126.636313622379
204070,24.9759473747714,121.549946014834,22.7714518057182,-2.65608390742235,-0.81590730772764,125.038291563614
204070.100000143,24.9759394440962,121.549950634719,22.769338382408,-2.75890135496059,-0.699434993172248,123.459959524158
204070.200000048,24.9759314558985,121.54995556406,22.759354875423,-2.81301936372868,-0.511150407940434,121.847347886716
204070.300000191,24.9759237091767,121.549960874207,22.7501894105226,-2.7859626443252,-0.482960043529477,120.201863230413
204070.400000095,24.9759160458652,121.549966386221,22.771492831409,-2.48821152747314,-0.281003599749449,118.495715640223
204070.5,24.9759088470181,121.549972105075,22.7616154514253,-2.486045648499,-0.130619647018697,116.843066264208
204070.600000143,24.9759015663017,121.549978047267,22.7509373426437,-2.46029313904933,-0.199018671716512,115.145223310017
204070.700000048,24.9758943853447,121.549984303552,22.755070081912,-2.1339233439517,-0.35015019383759,113.407720673018
204070.800000191,24.9758875810193,121.549990834213,22.7720608226955,-1.90626998648411,-0.409702719641278,111.663016923236
204070.900000095,24.9758809342414,121.549997485167,22.7728779092431,-1.91295585574474,-0.483498483424535,109.862203633829
204071,24.9758743893803,121.550004158405,22.7645901907235,-2.14566535307084,-0.585749027276321,108.060097241445
204071.100000143,24.9758682159277,121.550011124673,22.7577684251592,-2.44384188380151,-0.706436888618126,106.251547567121
204071.200000048,24.9758619025258,121.55001836935,22.7719756681472,-2.7654461664775,-0.790327944820858,104.391236017953
204071.300000191,24.9758562627665,121.550025389352,22.7551036672667,-3.03792517968321,-0.76924365374345,102.558350598176
204071.400000095,24.9758504128896,121.550033087989,22.7586280684918,-3.21159254687764,-0.828264487811741,100.691444749273
204071.5,24.9758449733709,121.550040898259,22.7489414690062,-3.34588106651846,-0.96241671993284,98.8718502684887
204071.600000143,24.975839721557,121.550048612566,22.7695921864361,-3.35001925608902,-0.866609146042897,97.1246187553196
204071.700000048,24.9758347906306,121.55005682525,22.7630964601412,-3.32674291028529,-0.71952983450731,95.4337596092324
204071.800000191,24.9758298469438,121.550065270458,22.770794515498,-3.33778788712868,-0.493536293122868,93.7835764183582
204071.900000095,24.97582526245,121.550073702473,22.7848393199965,-3.40181656307957,-0.181937647301423,92.2059387857196
204072,24.975820650629,121.550082351162,22.7776733161882,-3.44414081789916,0.0528499226977819,90.7215372729486
204072.100000143,24.9758162900416,121.550091312305,22.7675970532,-3.50512563740054,-0.0297525551293619,89.306422906894
204072.200000048,24.9758121701977,121.550100533764,22.7664914615452,-3.45216944771474,-0.353160950200576,87.9346248906175
204072.300000191,24.9758080533383,121.550110092324,22.8023190489039,-3.3900887733053,-0.480482988934335,86.6378759884407
204072.400000095,24.9758041465899,121.550119619197,22.8251059604809,-3.3359357867564,-0.306961299052041,85.4234305791733
204072.5,24.9758006316628,121.550129371608,22.8160291770473,-3.31016764422716,-0.0535636220209097,84.3047013300955
204072.600000143,24.9757969020758,121.550139029024,22.8180440021679,-3.0865982153273,0.0891433118054646,83.3293210105794
204072.700000048,24.9757936289793,121.550149026113,22.8130317265168,-2.94185496129346,0.0731972452735304,82.4068736865726
204072.800000191,24.9757902761652,121.550159406331,22.822181770578,-2.82617617909988,-0.0205471412918726,81.5004080202842
204072.900000095,24.9757871732097,121.550169836134,22.8421180993319,-2.77542430198512,0.00694117560767748,80.5823071416428
204073,24.9757839534677,121.55018027308,22.852873059921,-2.82866247882682,0.111606923846011,79.682223253114
204073.100000143,24.9757808976793,121.55019087285,22.8594704531133,-2.75885858234128,0.242088413581839,78.7827001604365
204073.200000048,24.9757780403286,121.550201657821,22.862214487046,-2.75449640903108,0.299744105217639,77.8912136856003
204073.300000191,24.975775698917,121.55021272532,22.8679009815678,-2.80294389901195,0.319750127722621,76.9256179983125
204073.400000095,24.9757732033793,121.550223730271,22.8850837936625,-2.75353351652212,0.335024241693528,75.9843941718007
204073.5,24.9757705669817,121.55023476645,22.897198044695,-2.74036751982119,0.352596110191058,75.0602219038405
204073.600000143,24.975768411388,121.550245899384,22.9175861477852,-2.74678581586431,0.354198656814769,74.1195184014259
204073.700000048,24.9757662907639,121.550257120469,22.9217044468969,-2.78882254079449,0.334388915934589,73.1788245545772
204073.800000191,24.9757641644203,121.550268702368,22.9364663725719,-2.73334373523266,0.308073294648387,72.197059490876
204073.900000095,24.9757623632474,121.550280209868,22.9544554241002,-2.80204693716037,0.288972726671597,71.2404033026917
204074,24.9757608703317,121.55029144261,22.96679462865,-2.69188019030512,0.297074719821669,70.3001200156791
204074.100000143,24.9757593468405,121.550302938882,22.974142242223,-2.57169208134748,0.27241353862086,69.3671422389403
204074.200000048,24.9757580370818,121.550314630445,23.0098387440667,-2.50723400053411,0.339250089736301,68.4119342552271
204074.300000191,24.9757570277542,121.550326141837,23.0208236537874,-2.47709755226341,0.436328600678086,67.465367750434
204074.400000095,24.9757560438504,121.550337576441,23.0250749541447,-2.63353605361606,0.423825789382951,66.5897539944769
204074.5,24.9757552075082,121.550349477239,23.054491084069,-2.7345279500738,0.397566671504819,65.6642690607648
204074.600000143,24.9757545244635,121.550360821343,23.0693666730076,-2.92609964393315,0.421573904527803,64.7973233879626
204074.700000048,24.9757542200815,121.550372550408,23.0915437657386,-2.93019843061266,0.406980519452556,63.976381816053
204074.800000191,24.9757537570567,121.550384314069,23.1051560183987,-2.88152636461451,0.415642487545361,63.1320483370583
204074.900000095,24.9757537718058,121.550395579071,23.1200071237981,-2.67530306649732,0.327330036406348,62.4466385257705
204075,24.975753922604,121.550407221781,23.1267893863842,-2.59697340868028,0.112951441233122,61.7105131360778
204075.100000143,24.9757539048854,121.550419124819,23.1697977492586,-2.54128015820478,-0.0250130420549185,61.0323006227492
204075.200000048,24.9757542387,121.550430623072,23.2005989244208,-2.49546554921162,0.107630815202639,60.4496438561679
204075.300000191,24.9757544667414,121.550442211704,23.210250091739,-2.64238989048981,0.317448922072705,59.9086657010856
204075.400000095,24.9757550327344,121.550453541913,23.1971536558121,-2.66061400579702,0.339438203537869,59.4777617236266
204075.5,24.9757552360258,121.550465229815,23.2044478077441,-2.64367245456167,0.244488190056073,59.0674155482565
204075.600000143,24.9757558873257,121.550476762307,23.2435207441449,-2.54701803003955,0.231509532523683,58.7822563619027
204075.700000048,24.9757564605188,121.550488164652,23.2555527016521,-2.59735096055058,0.242498685189025,58.5140856170016
204075.800000191,24.9757569666345,121.550499675937,23.2584368949756,-2.71278652388772,0.172175166138828,58.2674297194078
204075.900000095,24.975757675432,121.550511185587,23.2680934527889,-2.88744960900302,0.0307032703488542,58.0349761736899
204076,24.9757582232442,121.550522510237,23.297498870641,-2.91462732691849,-0.0289208434030593,57.8544619885464
204076.100000143,24.9757591264403,121.550533962255,23.3061069045216,-2.99390750285165,-0.0419522256846714,57.6822202740594
204076.200000048,24.9757600257423,121.550545325243,23.3242805395275,-3.09584589796531,-0.027658784101286,57.5518744806827
204076.300000191,24.9757608031602,121.550556707098,23.3452782575041,-3.18071759174919,0.0997954629506081,57.3744813880644
204076.400000095,24.9757614525695,121.550567887868,23.3669138569385,-3.15186389508258,0.316137009574149,57.2748121241118
204076.5,24.9757624031274,121.550579206475,23.3694635313004,-3.19789928352294,0.458919638215015,57.1482190765094
204076.600000143,24.9757632203867,121.550590407605,23.3873849892989,-3.11291817592608,0.528046779613028,57.1085428967442
204076.700000048,24.975764302379,121.550601775116,23.4055368769914,-2.9926556063731,0.587104779593016,57.1024666966009
204076.800000191,24.9757651320873,121.550613098195,23.4245053250343,-2.91873864518994,0.555033779027083,57.0278752748205
204076.900000095,24.9757660831072,121.550624259246,23.4410935360938,-2.80339586038848,0.48027378786427,57.0254869005974
204077,24.9757671042523,121.550635730807,23.4713955000043,-2.71071119024566,0.476621269488481,56.9606539774852
204077.100000143,24.9757679994183,121.550646732566,23.5006287032738,-2.60349825584414,0.557191143081182,56.9710740660188
204077.200000048,24.9757689232354,121.550657983582,23.5128567423671,-2.50585021169772,0.64515467233808,56.9313119906728
204077.300000191,24.9757700175599,121.550669305096,23.5286899879575,-2.48650504551687,0.633011647509079,56.9148525366632
204077.400000095,24.9757708695697,121.55068019637,23.5506858043373,-2.4824110949525,0.577089428225524,56.8563192639614
204077.5,24.975771787976,121.550691320981,23.5755652552471,-2.5336164552127,0.625105019228028,56.8164243123983
204077.600000143,24.9757729098544,121.550702570722,23.5925670079887,-2.64227057813601,0.668028759274575,56.8340930949988
204077.700000048,24.9757737507592,121.550713793457,23.6128960810602,-2.68661184417329,0.684761557366969,56.7774413532333
204077.800000191,24.9757747606061,121.55072464861,23.6286571035162,-2.70562891861701,0.698257664315461,56.7366546571375
204077.900000095,24.9757758289959,121.550735686069,23.6666828002781,-2.693359554494,0.759147969259487,56.7219266930155
204078,24.9757767105397,121.550746525672,23.6951554073021,-2.61255613237367,0.966962656951255,56.7100460385311
204078.100000143,24.9757778391123,121.55075765399,23.7226092806086,-2.255501367142,1.28355051277377,56.6398779413172
204078.200000048,24.975778969714,121.550768760155,23.7614544071257,-2.10085949855987,1.49904261383806,56.5847928941098
204078.300000191,24.975779926845,121.5507793259,23.7789089148864,-2.09889987036927,1.64847043517137,56.5875050448942
204078.400000095,24.9757810208265,121.550790370139,23.8223348725587,-2.03974617849629,1.84342932262551,56.5649826525284
204078.5,24.9757818747233,121.550801268323,23.853935373947,-2.08205732982075,2.0086288189959,56.552584915257
204078.600000143,24.9757830500397,121.550812065177,23.8970528319478,-2.21226946828236,2.08178402100996,56.5059891502463
204078.700000048,24.975784042714,121.550822828204,23.9229814894497,-2.25992713811743,2.03025201303299,56.521920541336
204078.800000191,24.9757849358994,121.550833768249,23.9616939146072,-2.24521222990074,1.80145955228069,56.5101592631991
204078.900000095,24.9757860307648,121.550844306551,24.0022203419358,-2.16296753568042,1.57142100084629,56.4311341956533
204079,24.9757869321017,121.550855072104,24.0581630915403,-2.14250254601551,1.47701998585048,56.3808525457992
204079.100000143,24.9757880918844,121.550865664889,24.090602664277,-2.21837897203447,1.52845966109478,56.3255215363483
204079.200000048,24.9757889975095,121.550876108582,24.1319176042452,-2.2957547233827,1.66145038165812,56.336220577
204079.300000191,24.9757899808443,121.550886641735,24.1659576473758,-2.35306011683666,1.82408165052218,56.2921610402796
204079.400000095,24.9757909609582,121.550896784632,24.1902436409146,-2.40084427153107,1.89749692723345,56.2693047643519
204079.5,24.9757920166283,121.550907153928,24.2264094250277,-2.34931206987289,1.89234567759056,56.2271106377281
204079.600000143,24.9757930063953,121.550917364234,24.2784213926643,-2.32090499110639,1.87314549161167,56.2423287408905
204079.700000048,24.9757937945844,121.550927250783,24.3098321938887,-2.29178312969923,1.89614191097912,56.2101601953877
204079.800000191,24.9757950027529,121.550937092033,24.3620689325035,-2.1676794490864,2.02163851996952,56.1692442526229
204079.900000095,24.9757958442977,121.550947052093,24.3897019680589,-2.22815587953028,2.03404209059195,56.1705529736022
204080,24.9757968349554,121.550956861659,24.4349556453526,-2.28213339234486,2.0146862405943,56.1711259157537
204080.100000143,24.9757979153455,121.550966316513,24.4699567891657,-2.2116162529052,2.03784985443208,56.1381834645845
204080.200000048,24.9757988311468,121.5509758244,24.5122012738138,-2.20834597347085,2.02226953508977,56.1287358077753
204080.300000191,24.975799567907,121.550985165653,24.5451038619503,-2.15374052673484,1.95892338927404,56.119595932572
204080.400000095,24.975800550383,121.550994447833,24.5880502415821,-2.10514955335346,1.88655545573841,56.0852891586365
204080.5,24.97580136724,121.551003607504,24.6213703928515,-2.16175569201151,1.71810427486145,56.0739509932809
204080.600000143,24.9758022917532,121.551012745815,24.6585677759722,-2.14514843204683,1.59737594814732,56.0644606510901
204080.700000048,24.9758030902992,121.551021709421,24.6951129836962,-2.15765614762091,1.53719004946386,56.0544091521165
204080.800000191,24.9758040468081,121.551030531254,24.7409809846431,-2.20468685704853,1.56988986349915,55.9983589025201
204080.900000095,24.9758049571351,121.551039349688,24.7668538019061,-2.28979777251118,1.58661463091434,55.9425483956907
204081,24.9758058065964,121.551047836291,24.7977034468204,-2.35446926063045,1.59254494826366,55.796805783658
204081.100000143,24.9758066861014,121.55105637253,24.8303688624874,-2.37145080557068,1.56717271596807,55.6406468864336
204081.200000048,24.975807642385,121.551064710104,24.8525452418253,-2.50862384785781,1.48566070745488,55.436675072994
204081.300000191,24.9758085133251,121.551072883772,24.8875683415681,-2.53670610666805,1.44499238379023,55.1243700018634
204081.400000095,24.9758094781561,121.551080867975,24.9238038398325,-2.74165611140444,1.42992526973532,54.7253814677778
204081.5,24.9758107031838,121.551088666323,24.9453306784853,-2.84920205584259,1.43824391942905,54.1698092858706
204081.600000143,24.975811608676,121.551096349014,24.9848548583686,-2.94729183890613,1.44140572648436,53.6047665343328
204081.700000048,24.9758128144858,121.551104063966,25.0153514919803,-3.03657845584814,1.49887029986523,52.9424099736843
204081.800000191,24.975814096269,121.551111298166,25.0317473039031,-3.09982664431185,1.51517002763305,52.1707235725423
204081.900000095,24.9758153841646,121.55111864767,25.0652882410213,-3.08333491326109,1.50631807034472,51.3146244688392
204082,24.9758166363463,121.551125548498,25.0970561634749,-3.08006977132671,1.53827493051535,50.37714886342
204082.100000143,24.9758183119085,121.551132488847,25.1186828613281,-3.09901269492401,1.52260487892098,49.2480516023707
204082.200000048,24.9758199301451,121.551139246408,25.1592450300232,-3.20543413385622,1.5454054571708,48.1086149494389
204082.300000191,24.9758215303314,121.5511460018,25.1838087094948,-3.10676122080498,1.57252326194168,46.9155764162541
204082.400000095,24.9758233132988,121.551152360528,25.209490634501,-2.993018692867,1.5627820039617,45.5525935835205
204082.5,24.9758252550713,121.551158521692,25.2420730171725,-2.88311408265193,1.51055163592108,44.1377494703977
204082.600000143,24.9758274026361,121.551164614344,25.2651005722582,-2.87784259003514,1.44248878971426,42.5828409178713
204082.700000048,24.9758295116514,121.551170547627,25.295270236209,-3.00446572199857,1.38397285773139,40.9391280294541
204082.800000191,24.9758318558761,121.551176234901,25.3164107399061,-2.98921951123772,1.42397743891244,39.0814922018956
204082.900000095,24.9758343664635,121.551181820894,25.3427888369188,-2.84949115517542,1.41231761508998,37.1966068773003
204083,24.9758370929941,121.551187091158,25.3524126391858,-2.76591702304868,1.39080159150422,35.1646215641354
204083.100000143,24.9758399027402,121.551192451739,25.3794612884521,-2.77948098640427,1.30564119089349,32.9736422838013
204083.200000048,24.9758427942955,121.551197371757,25.4106243252754,-2.69842793296315,1.26938507401685,30.7362850100907
204083.300000191,24.9758458333679,121.551202229923,25.4382430445403,-2.56730214124219,1.29632770628495,28.3703319119042
204083.400000095,24.9758492296903,121.551206730413,25.4488718397915,-2.4273265527352,1.29791594523157,25.801016541601
204083.5,24.9758528242364,121.55121101003,25.4528864156455,-2.33773909486552,1.19313666606619,23.1946361700942
204083.600000143,24.9758560919903,121.551215236385,25.4625238543376,-2.25289735547954,1.01406386814791,20.4627419790205
204083.700000048,24.9758599738031,121.55121935552,25.4977365750819,-1.98725176849855,0.976223184789393,17.8243565241672
204083.800000191,24.9758635478755,121.551223230758,25.5024936795235,-1.79956905611336,0.972127648731991,15.1403208764901
204083.900000095,24.9758682088075,121.551226762874,25.5234689489007,-1.69191022296374,0.890381913945801,12.5309352980824
204084,24.9758723856686,121.551230182022,25.5532645368949,-1.45733538532583,1.00172803659584,9.85877416923626
204084.100000143,24.9758768295984,121.55123340988,25.5315480157733,-1.55229637175098,1.13624776537516,7.26527511664119
204084.200000048,24.9758812380931,121.551236616479,25.5275280233473,-1.66075296411828,1.06553978415475,4.52054460710422
204084.300000191,24.9758860597861,121.55123969661,25.5463026463985,-1.79476959271681,0.986871865825108,1.94010595558398
204084.400000095,24.9758907695179,121.551242444513,25.5557605018839,-1.59988183103545,0.924238597097279,359.354208524025
204084.5,24.9758962707946,121.551244833176,25.5570696108043,-1.16784241777735,0.834234801401198,356.764580160943
204084.600000143,24.9759016223796,121.551247103998,25.568952223286,-0.997845687117022,0.703745333591966,354.209247551045
204084.700000048,24.975907422202,121.551249243487,25.5625224988908,-1.08479037827745,0.753414365845618,351.87136894031
204084.800000191,24.9759132923275,121.551251256373,25.5691333040595,-1.40021952212371,0.645400856384422,349.548869313516
204084.900000095,24.9759190955638,121.551253040314,25.5859624287114,-1.4293407201469,0.656356718177551,347.229293023878
204085,24.9759252508032,121.551254633149,25.577768381685,-1.45215975687763,0.683083396544337,344.946747130162
204085.100000143,24.9759313547476,121.551255968346,25.5826792027801,-1.31096547607689,0.658894667040963,342.81322786598
204085.200000048,24.9759378127385,121.55125690786,25.5826856112108,-1.31662814563223,0.627905497738929,340.750018386105
204085.300000191,24.9759443981243,121.551257799175,25.559755702503,-1.3399222826264,0.494557019307708,338.811625528682
204085.400000095,24.9759508587429,121.551258579022,25.584798797965,-1.37027837974504,0.288107013947161,337.009414425325
204085.5,24.9759575889895,121.551258839285,25.5722993938252,-1.10826803296878,0.0373391507560401,335.27450115937
204085.600000143,24.9759642000416,121.551258958528,25.5932604037225,-0.841961804580833,-0.136048005545679,333.712623721919
204085.700000048,24.9759707957402,121.55125911104,25.5981366168708,-0.719803691933904,-0.00995362307927595,332.230890218823
204085.800000191,24.975977382639,121.55125888832,25.5959651879966,-0.716911041916208,0.081794256792722,330.898162512206
204085.900000095,24.9759840848414,121.551258584835,25.5872462941334,-0.687161726526254,0.167162677931813,329.632954475809
204086,24.9759906420752,121.551258119631,25.5791827719659,-0.601166898785375,0.216381144018742,328.52707817318
204086.100000143,24.9759974086915,121.551257551348,25.5643503265455,-0.5719150339723,0.204407574412738,327.465223909942
204086.200000048,24.9760039966401,121.551256920321,25.5699171973392,-0.57683088832946,0.184186658662456,326.552601061905
204086.300000191,24.9760105987202,121.551256046622,25.5701859500259,-0.5686713255345,0.213328778159332,325.674276974124
204086.400000095,24.976017173704,121.551255184831,25.5671631172299,-0.607202095500794,0.302559342732809,324.947117447321
204086.5,24.9760237845936,121.551254235824,25.5589009169489,-0.616056105284296,0.362296655850068,324.299239685694
204086.600000143,24.9760303293215,121.551253115247,25.5549796456471,-0.584683035154744,0.393899248077226,323.766116928718
204086.700000048,24.9760369214524,121.551252121714,25.5610025878996,-0.535341217553698,0.450762286595581,323.453443989633
204086.800000191,24.9760432181023,121.551251015511,25.5547203924507,-0.542219598635302,0.497250656968717,323.163572733134
204086.900000095,24.9760499898035,121.551249748138,25.5550107844174,-0.528049822007046,0.488944673959604,322.954369164541
204087,24.9760566452361,121.551248695446,25.5615020450205,-0.56185486486635,0.55338278239095,322.81542352367
204087.100000143,24.976063113165,121.551247541598,25.5641783419997,-0.620042626545295,0.625281542695558,322.676685577062
204087.200000048,24.9760698026044,121.551246324649,25.5583999631926,-0.667424520258436,0.69869297262671,322.641604893052
204087.300000191,24.9760763607186,121.551245241833,25.5628925468773,-0.72533649770938,0.700721987781074,322.560950635547
204087.400000095,24.9760828926641,121.551244051173,25.5604458814487,-0.839801974542293,0.693071569316309,322.491886962358
204087.5,24.9760893924652,121.551242806279,25.5627821320668,-0.89603205378987,0.683608613023351,322.4582228578
204087.600000143,24.976095907283,121.551241635586,25.569345924072,-0.967212827700413,0.625212988718792,322.422376935231
204087.700000048,24.9761023365676,121.551240428449,25.5778068071231,-1.0389313278304,0.63611603322834,322.43417682378
204087.800000191,24.9761086848853,121.551239282894,25.581402990967,-1.14639256632733,0.652595188632806,322.434938289536
204087.900000095,24.9761148782331,121.551238123047,25.5873143412173,-1.20884240282979,0.676592099908126,322.458167642085
204088,24.9761210298035,121.55123704596,25.5870641283691,-1.22941392388167,0.661533393503635,322.446817117061
204088.100000143,24.9761272109756,121.551235931006,25.5984951108694,-1.23504119437531,0.62529424563891,322.482236693499
204088.200000048,24.9761332655339,121.551234779563,25.6027285708115,-1.28986023514532,0.603634459748571,322.540687374549
204088.300000191,24.9761395120051,121.551233681085,25.6073574488983,-1.22584909160763,0.567852564054567,322.573901930193
204088.400000095,24.9761453417185,121.551232632359,25.6170619130135,-1.16567754309843,0.554509758635926,322.620550713794
204088.5,24.9761512415415,121.551231471749,25.6215126467869,-1.12875630583876,0.606697797984849,322.701905585676
204088.600000143,24.9761569842407,121.551230383628,25.6262132143602,-1.06744160157006,0.651491302633755,322.794335198715
204088.700000048,24.9761629011608,121.551229329945,25.6253041662276,-1.06246905585695,0.686680309957506,322.864341208008
204088.800000191,24.9761687472585,121.551228262679,25.6864997930825,-1.12343437471367,0.896022016912028,322.983536403819
204088.900000095,24.9761745668631,121.551227295478,25.6205376442522,-1.20244136323038,1.00938270972582,323.066367268215
204089,24.9761805180126,121.551226252106,25.6205283254385,-1.05173895393236,0.744318259441264,323.166274099709
204089.100000143,24.9761861924152,121.55122523397,25.6345661906525,-1.06532185910016,0.554654639389853,323.281364944507
204089.200000048,24.9761922299363,121.551224340662,25.6463050832972,-1.08327431385357,0.585251515465147,323.409821258611
204089.300000191,24.9761979827968,121.551223258332,25.6460070153698,-1.01960475644046,0.293046061140686,323.521900750979
204089.400000095,24.9762037703837,121.55122234587,25.6855720812455,-1.06388393470889,0.342305471668511,323.627891009153
204089.5,24.9762095282874,121.551221413873,25.673232995905,-1.11472577523092,0.553368692586642,323.745111586353
204089.600000143,24.9762153104184,121.55122041463,25.660964067094,-1.22691338459625,0.590294683356813,323.82708029918
204089.700000048,24.9762211362201,121.551219500874,25.6576233515516,-1.29090219292296,0.553979539595803,323.943733564915
204089.800000191,24.9762269406873,121.551218597386,25.6642897119746,-1.1957824383895,0.477461737465224,324.03483817363
204089.900000095,24.9762327851201,121.551217624973,25.6743234898895,-1.19205305163315,0.453864722888407,324.138279627708
204090,24.9762386695287,121.551216737392,25.6705855270848,-1.23473709028275,0.491517266466954,324.242563789247
204090.100000143,24.9762446227872,121.551215825898,25.6829290883616,-1.28158821379528,0.551855876224181,324.324476696964
204090.200000048,24.9762505044805,121.551214867875,25.6789636863396,-1.35124067173799,0.607289328284435,324.453517998976
204090.300000191,24.9762565625149,121.551213970914,25.6870991252363,-1.39986218684571,0.737143368494561,324.536396714229
204090.400000095,24.9762627498255,121.551213117414,25.6887345612049,-1.36557415996169,0.859466566701628,324.618668738606
204090.5,24.9762688958055,121.551212175153,25.6971404440701,-1.33815964831686,1.01536610778613,324.724007575328
204090.600000143,24.9762753600807,121.551211196909,25.6970895733684,-1.29949599093454,1.17371758988398,324.806498181778
204090.700000048,24.9762819195943,121.551210243592,25.6958359461278,-1.29278553526753,1.31423311979874,324.900399334464
204090.800000191,24.9762886025288,121.551209267144,25.7041568439454,-1.23710680089567,1.38267447318029,324.981537878428
204090.900000095,24.976295499029,121.551208268074,25.7113403463736,-1.07135896317142,1.48427418861162,325.072875427373
204091,24.9763024865323,121.551207227689,25.7062953133136,-0.952997259650069,1.47192573471459,325.129576862413
204091.100000143,24.976309828143,121.55120619228,25.7088051699102,-0.893771714886428,1.4012846955813,325.22065275985
204091.200000048,24.9763171423433,121.551205171479,25.7142246076837,-0.924167217295433,1.2547979725079,325.278174727167
204091.300000191,24.9763246336967,121.551204212695,25.7359452527016,-0.839580274089681,1.17765790790742,325.335011381179
204091.400000095,24.9763322726042,121.551203127748,25.7366961156949,-0.856347634228462,1.13881500481698,325.427278717775
204091.5,24.9763400082745,121.551202049479,25.7480369294062,-0.874834695816097,1.16982851598035,325.486021575613
204091.600000143,24.9763478600449,121.55120108734,25.7357082348317,-0.792370516301007,1.10423116030323,325.5415020967
204091.700000048,24.9763558143696,121.55120007349,25.7406456256285,-0.705212367691785,0.95774108726965,325.586725063809
204091.800000191,24.9763640123993,121.551198923927,25.7382967686281,-0.705769015673956,0.782000500319353,325.655320529715
204091.900000095,24.9763723302977,121.551197948051,25.7629011748359,-0.670526303493814,0.776921766029428,325.758794878679
204092,24.9763806487551,121.551196881798,25.7487694751471,-0.747540536448106,0.807768097897017,325.840547629492
204092.100000143,24.9763890434449,121.551195882053,25.7449542116374,-0.919055134518734,0.725566768645075,325.967569736713
204092.200000048,24.9763976496519,121.55119486139,25.7394025940448,-1.01813214722845,0.634647073055454,326.048420228379
204092.300000191,24.9764063711728,121.551193851639,25.7361401058733,-1.1413796147764,0.433244434456917,326.139490077603
204092.400000095,24.9764150566744,121.551192845336,25.7311839172617,-1.11623242162717,0.309168463258247,326.196486579736
204092.5,24.9764240805689,121.55119183911,25.7446829900146,-0.934181663962846,0.275795789763217,326.26538420248
204092.600000143,24.9764327402764,121.551190799731,25.7406174270436,-0.842633456349662,0.340883291618371,326.346665918961
204092.700000048,24.9764418072935,121.551189706117,25.7315762238577,-0.762967064223793,0.461991740510627,326.462358497826
204092.800000191,24.9764510024862,121.551188587471,25.7233081962913,-0.61141429712312,0.574975291614244,326.554741785526
204092.900000095,24.9764602065454,121.551187498533,25.7073508696631,-0.577781254119983,0.522930925745902,326.670872912816
204093,24.9764695582461,121.551186530201,25.7034219875932,-0.556988798820906,0.421640653880045,326.749878182632
204093.100000143,24.9764789884029,121.551185546786,25.6828767117113,-0.633950115991306,0.229247160591725,326.8542745117
204093.200000048,24.9764885777648,121.551184566217,25.662511555478,-0.55471139233953,-0.0356590624651688,326.967964630128
204093.300000191,24.9764983416624,121.551183568809,25.644116695039,-0.423902983275479,-0.430079665917181,327.07030769727
204093.400000095,24.9765076922027,121.551182566745,25.628775190562,-0.202829647094016,-0.805055887146601,327.162861243277
204093.5,24.9765174975776,121.551181616009,25.630593854934,-0.0892698478979812,-1.00364640199815,327.255891368325
204093.600000143,24.9765270410869,121.551180743103,25.6156782573089,0.0214425532780164,-0.968400789999106,327.38337586515
204093.700000048,24.9765366111334,121.551179826268,25.577441688627,-0.0382362666982053,-0.958079166325962,327.522130363624
204093.800000191,24.9765461974617,121.551178917739,25.5451064808294,-0.0497021973392266,-1.00783172413052,327.659920751491
204093.900000095,24.9765560414661,121.55117813153,25.5115856891498,-0.121059499077818,-1.10588909741613,327.774341252123
204094,24.9765658689863,121.551177297227,25.4904483137652,-0.141082293905765,-1.16940401227165,327.900610128737
204094.100000143,24.9765754856955,121.551176442045,25.4437306448817,-0.086763537914155,-1.25157757381926,327.993489889167
204094.200000048,24.9765853067893,121.551175663493,25.4045164501294,-0.169593092907709,-1.50533095184977,328.141533748837
204094.300000191,24.976595057701,121.551174962014,25.3653423283249,-0.124100337067759,-1.75404508898887,328.26841958875
204094.400000095,24.9766048928815,121.551174244149,25.3393508121371,-0.153716661280799,-1.92587710523622,328.417082659949
204094.5,24.9766149020773,121.551173477287,25.2922167610377,-0.247209080399347,-2.07673207621349,328.51897075444
204094.600000143,24.9766248840529,121.55117285009,25.2485419316217,-0.289180169669426,-2.19282279660126,328.64449081551
204094.700000048,24.976634536764,121.551172180917,25.1939942799509,-0.395422295092024,-2.33547104164958,328.7685437229
204094.800000191,24.9766444753076,121.551171572072,25.1472328500822,-0.443373396547761,-2.37115711159886,328.905409328163
204094.900000095,24.9766546272691,121.551170822411,25.1023874571547,-0.580756694658598,-2.27464929867563,329.029644247679
204095,24.9766644929319,121.55117033237,25.0522831678391,-0.56709970332615,-2.11968020163953,329.158457239544
204095.100000143,24.9766744858765,121.55116966933,24.9972935346887,-0.649762912074502,-1.9049826689052,329.308699652006
204095.200000048,24.9766844940635,121.55116912072,24.9421474467963,-0.675730199840535,-1.78337681544913,329.481173045539
204095.300000191,24.9766944563917,121.551168454806,24.8894611438736,-0.760202554383123,-1.81645048313575,329.61762894473
204095.400000095,24.9767044916227,121.551168071409,24.8607775913551,-0.77300455338272,-1.79833788747596,329.847914562292
204095.5,24.9767144052474,121.551167634165,24.8281889790669,-0.941048561945026,-1.67575861658045,330.042421699359
204095.600000143,24.9767244780202,121.551167171915,24.791669501923,-0.989830427134182,-1.46554854898762,330.204341631186
204095.700000048,24.9767344092739,121.551166858118,24.7431277530268,-1.1175434493979,-1.36889837290198,330.376950981554
204095.800000191,24.9767440592215,121.551166429414,24.7179781179875,-1.07966553369954,-1.37333544447117,330.526771785181
204095.900000095,24.9767539451188,121.551166198882,24.6863759160042,-1.02425112572621,-1.35039157953485,330.735156436739
204096,24.9767636820496,121.551165837219,24.6504416130483,-1.05817339848761,-1.30201754355447,330.918865498565
204096.100000143,24.9767733098269,121.551165818263,24.6240579308942,-0.98375044889758,-1.26195072889802,331.104720378139
204096.200000048,24.9767829046072,121.551165449126,24.5950399208814,-0.92382133916975,-1.30751807402824,331.243009993038
204096.300000191,24.9767924400339,121.551165291119,24.5583136072382,-0.904775678042387,-1.42292211991798,331.42599428578
204096.400000095,24.9768019436847,121.551165224333,24.5426280256361,-0.805049335230545,-1.57652977367009,331.575577646944
204096.5,24.9768114523044,121.551165125252,24.5037289625034,-0.660206088282266,-1.81291313022196,331.714211666455
204096.600000143,24.9768206973771,121.551164864845,24.467801027,-0.587316747365064,-2.09113795240328,331.82817752335
204096.700000048,24.9768300877372,121.551164876201,24.4324617870152,-0.466022094442864,-2.41596462192649,331.955657132066
204096.800000191,24.9768391978955,121.551164945828,24.3973829206079,-0.470083103776709,-2.66672392542534,332.068808065671
204096.900000095,24.9768483354365,121.551165008483,24.3682978758588,-0.453284883237455,-2.72249977900764,332.172714424993
204097,24.9768569535178,121.551164808379,24.3284774655476,-0.458908209018336,-2.65323453950111,332.195714547248
204097.100000143,24.9768655735249,121.551164733275,24.2726063719019,-0.453720285268055,-2.58101839755873,332.207549145261
204097.200000048,24.9768742585339,121.551164775493,24.2135733189061,-0.429382174757477,-2.67002337352746,332.264908202313
204097.300000191,24.976882876481,121.551164871531,24.172570775263,-0.488501209184611,-2.80418268847728,332.297246953782
204097.400000095,24.9768911478442,121.551164814016,24.141153418459,-0.583156664318387,-2.85220658167768,332.271826221212
204097.5,24.9768993199705,121.55116472008,24.1076348628849,-0.823532436768848,-2.71212989229664,332.151679917674
204097.600000143,24.9769073980109,121.551164605353,24.0518204448745,-1.08879935455017,-2.57576706126953,331.894396015309
204097.700000048,24.9769156129225,121.551164512035,24.019796743989,-1.26662900761012,-2.50923472567936,331.534182723101
204097.800000191,24.97692330498,121.551164266983,23.9890821529552,-1.2699325217223,-2.39490939477199,330.994684267542
204097.900000095,24.9769311311172,121.551163930044,23.9530134703964,-1.30341681495768,-2.25200141183604,330.409273459533
204098,24.9769387468183,121.551163485657,23.9059300264344,-1.46500384626347,-2.17198808998428,329.634990222979
204098.100000143,24.976946253927,121.551162923394,23.8805144894868,-1.54199784908753,-2.20869404549807,328.700068164324
204098.200000048,24.976953568692,121.551162248153,23.8527796678245,-1.55538908052819,-2.22785784194332,327.626116718041
204098.300000191,24.9769608319672,121.551161429244,23.8391949078068,-1.68507901976966,-2.15120071540314,326.400547703353
204098.400000095,24.9769677810689,121.551160318576,23.8157359948382,-1.82058193272857,-1.98813090381513,324.990169736075
204098.5,24.9769746331558,121.55115913356,23.7965605501086,-1.9205620366834,-1.82291985878161,323.323160747637
204098.600000143,24.9769818422213,121.551157523271,23.7732693776488,-2.01481273966765,-1.67522348978352,321.50014597107
204098.700000048,24.9769881065957,121.551155933839,23.7420113068074,-2.03453016246661,-1.54509833027009,319.465045502397
204098.800000191,24.9769950281675,121.551153988396,23.7222254406661,-2.00803117592388,-1.38607270654769,317.41138983517
204098.900000095,24.9770013884445,121.551151758467,23.6963009554893,-1.96715443839124,-1.32846452231173,315.207400556772
204099,24.9770073341851,121.551149048297,23.6787409586832,-1.79020279526131,-1.38511712795247,312.851104298868
204099.100000143,24.9770134224582,121.551146054017,23.6426494140178,-1.45570502350288,-1.4609758495116,310.427331743509
204099.200000048,24.9770197646513,121.55114293119,23.6345736971125,-1.31165506058202,-1.50200548162496,307.961751437278
204099.300000191,24.9770256363929,121.551139505751,23.6277402164415,-1.28902172264145,-1.43596627956186,305.338040279632
204099.400000095,24.977031600898,121.551135885057,23.6125170886517,-1.10432849061381,-1.30303522011551,302.656053433937
204099.5,24.977036943128,121.551131563759,23.5771982567385,-1.08783552480688,-1.18491449464326,299.818663927489
204099.600000143,24.9770425821621,121.551127273429,23.5265524815768,-1.05617410363759,-1.29792649347373,296.914890168872
204099.700000048,24.9770478633839,121.551122805274,23.5226839166135,-0.856028308793552,-1.5305160328981,294.033466767669
204099.800000191,24.9770532262463,121.55111755941,23.4977961638942,-0.806780683423725,-1.54013963268687,291.053843644826
204099.900000095,24.9770581162696,121.551112226387,23.4805364208296,-0.824832952175121,-1.53312603302071,288.106129501799
204100,24.9770626904051,121.551106804487,23.4516831226647,-0.828430423549919,-1.50530504764236,285.143770743101
204100.100000143,24.977066885094,121.551100533082,23.4212432019413,-0.636772373821354,-1.5607925091968,282.176076972621
204100.200000048,24.9770711785219,121.551094722339,23.3644727403298,-0.521373025559932,-1.70553015473651,279.358066420822
204100.300000191,24.9770753149883,121.551088035476,23.3390760477632,-0.602320100877681,-1.95385413567187,276.483592491374
204100.400000095,24.9770789263447,121.551081608786,23.3372520608827,-0.556783002235583,-1.98650384209317,273.632495204285
204100.5,24.9770820990435,121.551074787678,23.3054294427857,-0.611766381321738,-1.77946832356518,270.672960331913
204100.600000143,24.9770852292685,121.551067478209,23.2622188515961,-0.858098443697224,-1.60318778570531,267.772611356642
204100.700000048,24.9770877943141,121.551060117339,23.1980623705313,-1.41229958756679,-1.80337914998278,264.844161342402
204100.800000191,24.9770903899677,121.551052635191,23.1834542984143,-1.43102441074866,-1.90040206285354,262.087700020365
204100.900000095,24.977092701507,121.551044805642,23.1666460996494,-1.27109113070807,-1.66373903284591,259.375113300545
204101,24.9770948998093,121.551036864646,23.1431087180972,-1.46596969342478,-1.63070019395156,256.920794887149
204101.100000143,24.977096465817,121.551028510311,23.081790715456,-1.71171542626819,-1.70471760209326,254.45822249616
204101.200000048,24.9770981060284,121.551020104342,23.0253426218405,-1.48777583588321,-1.98315072097821,252.196375100885
204101.300000191,24.9770990171898,121.551011422272,22.9980816273019,-1.38264466026916,-2.3329997552671,249.965037719899
204101.400000095,24.9770999180636,121.551002764481,22.9985319692641,-1.32547519378747,-2.32062422282798,247.98833894346
204101.5,24.9771003969004,121.550993815475,22.9550223257393,-1.25841442897877,-2.08158256803229,246.119189578784
204101.600000143,24.9771008866601,121.550984838325,22.9075001869351,-1.25489318004622,-1.91103894364131,244.490486915167
204101.700000048,24.9771010839039,121.55097558604,22.8689078120515,-1.18077498502195,-1.7662330497456,242.91799782005
204101.800000191,24.9771014330321,121.550966322593,22.8270910978317,-1.08394690725176,-1.6888030967078,241.562736407037
204101.900000095,24.9771015268294,121.550956862854,22.7940304959193,-0.900914331450728,-1.5041890493994,240.436964096734
204102,24.9771010074398,121.550947461987,22.7468741135672,-0.756148990182547,-1.4593157344579,239.445752689854
204102.100000143,24.9771005998659,121.5509376633,22.7026455467567,-0.631737601286251,-1.45724418831542,238.722457718533
204102.200000048,24.9770999388632,121.550927949296,22.6778842695057,-0.440208371211713,-1.41776254612349,238.096832351513
204102.300000191,24.9770993516013,121.550918285097,22.6463330900297,-0.397540233567759,-1.2972765953345,237.593103590123
204102.400000095,24.9770985761656,121.550908314326,22.616685455665,-0.315504458012148,-1.07873394475036,237.243856192566
204102.5,24.9770974306051,121.550898510664,22.5667528174818,-0.317014658711818,-0.96964223627764,236.868254200372
204102.600000143,24.9770966106313,121.550888348427,22.5232354225591,-0.329071006579951,-0.962514487733049,236.574694781529
204102.700000048,24.9770957061754,121.550878148794,22.4845145642757,-0.362326051257519,-1.13351032665268,236.287418038135
204102.800000191,24.9770948810213,121.55086788633,22.450358569622,-0.358055192397883,-1.28835865832797,236.025659616547
204102.900000095,24.9770940439993,121.550857659585,22.4271185463294,-0.458459152674355,-1.41517635896474,235.843036305556
204103,24.9770929149413,121.5508473503,22.4018845064566,-0.531958625495829,-1.39478967208087,235.548777701174
204103.100000143,24.977091336326,121.550836871585,22.356542672962,-0.693872250461425,-1.30091606709363,235.276937803016
204103.200000048,24.9770902013077,121.550826348245,22.3323250124231,-0.736631566694994,-1.1341939605747,235.073520466762
204103.300000191,24.977089402336,121.550815855293,22.2854750491679,-0.909867171305329,-1.05859939049075,234.859256227823
204103.400000095,24.9770879286344,121.550805159121,22.2586339665577,-0.81938093830858,-0.981050615541406,234.599362824787
204103.5,24.9770863757839,121.550794573283,22.2158470638096,-0.715863812389514,-0.926543926810743,234.371398582068
204103.600000143,24.9770849545889,121.550783690259,22.1884254449978,-0.562613312113451,-1.0036945568863,234.191166992185
204103.700000048,24.9770835368722,121.550772990001,22.1325756767765,-0.394838458986024,-1.11938750429922,233.94701189908
204103.800000191,24.9770821760486,121.550762330963,22.1181352566928,-0.330625183778105,-1.38697370216816,233.807024738108
204103.900000095,24.9770804944517,121.550751635561,22.1105230031535,-0.395195707435138,-1.31535689418402,233.618575129731
204104,24.9770789986801,121.550741047132,22.104828780517,-0.668147809261125,-0.861395530881324,233.446203618733
204104.100000143,24.9770774175429,121.550730123384,22.0463128313422,-0.860131303882713,-0.392203715379419,233.251134648358
204104.200000048,24.9770761599815,121.550719355747,21.9992162752897,-0.661657138434622,-0.306361181906728,233.089696847123
204104.300000191,24.9770743026891,121.550708551732,21.9704847875983,-0.514711768013502,-0.534879675735515,232.981221535534
204104.400000095,24.9770726370396,121.550697804259,21.9762508738786,-0.39777530471364,-0.546866188155521,232.899153282982
204104.5,24.9770710360732,121.550687042498,21.9667028337717,-0.474023709057836,-0.395150881054658,232.784834114263
204104.600000143,24.9770693323,121.550676249709,21.9316560560837,-0.497024570626404,-0.168705304805505,232.753734138795
204104.700000048,24.9770676004822,121.55066563776,21.8929847003892,-0.297192216379809,-0.183123289646986,232.696703813411
204104.800000191,24.9770659169408,121.550654690091,21.8820745488629,-0.27374128817176,-0.367848242912647,232.57243296551
204104.900000095,24.9770644852159,121.550644051211,21.8870536824688,-0.597818650997497,-0.349226179645003,232.488906299814
204105,24.9770628624822,121.550633395062,21.9030514648184,-0.633810037279343,0.195081436812431,232.558393955984
204105.100000143,24.9770611007116,121.550622584784,21.8539062524214,-0.696360523965378,0.60328265386929,232.634266187305
204105.200000048,24.9770592993729,121.550611532827,21.839571127668,-0.534403430035841,0.713475555195115,232.62722254722
204105.300000191,24.9770578803179,121.550600564065,21.8379187751561,-0.754719508374906,0.560297657173152,232.634290323282
204105.400000095,24.9770561859824,121.550589693683,21.8532420098782,-0.769744850693811,0.738056013548901,232.734136618774
204105.5,24.9770545095421,121.550578663634,21.8536997893825,-0.728029902905242,1.05720872345927,232.882485235706
204105.600000143,24.9770528263262,121.550567446124,21.8375843679532,-0.558626984043581,1.16032100649751,233.046572653567
204105.700000048,24.9770512593026,121.550556212181,21.8354474380612,-0.526105267457598,0.968198117937255,233.191969732738
204105.800000191,24.9770497595991,121.550545402049,21.8546696398407,-0.646060648250095,0.896951425523067,233.300416689609
204105.900000095,24.9770479802998,121.550534364282,21.8714388795197,-0.71574395423828,1.13895808981093,233.458340609665
204106,24.9770464221586,121.550522949542,21.8721299022436,-0.581340245430402,1.4755747655845,233.646618714639
204106.100000143,24.9770448663483,121.550511594163,21.8734443103895,-0.438493360250667,1.58368606649039,233.801062588794
204106.200000048,24.9770432451401,121.550500257733,21.8710750257596,-0.495510128445138,1.34223611434933,233.988729524191
204106.300000191,24.9770414936654,121.550489047964,21.8947734497488,-0.710011011057264,1.11236353459893,234.12965601281
204106.400000095,24.9770403410822,121.550477832142,21.9070905391127,-1.00788100212234,1.06388409077449,234.304018582365
204106.5,24.9770388112832,121.550466719488,21.919098415412,-1.05212086698767,1.24397806097686,234.477982410168
204106.600000143,24.9770372701828,121.550455532683,21.9399787420407,-0.930341837296984,1.50551772927522,234.609425365669
204106.700000048,24.9770357925343,121.550444538703,21.9647271651775,-0.964251540073521,1.8037918433569,234.717813479954
204106.800000191,24.9770343895259,121.550433496442,21.9873468270525,-0.787992937034816,2.12607861360249,234.790606423724
204106.900000095,24.9770329462338,121.550422158962,21.9806550480425,-0.536625544439786,2.10832489512375,234.769812827299
204107,24.9770315158962,121.550411137504,22.0017869304866,-0.650671957838743,1.67396376247516,234.7213102395
204107.100000143,24.9770300660828,121.550400056183,22.0426980853081,-0.844912405236362,1.36542191434467,234.533928418451
204107.200000048,24.9770284994658,121.550389164979,22.0767999533564,-1.10586013063479,1.32621067790625,234.250160906349
204107.300000191,24.9770270525342,121.550378123349,22.0874265581369,-1.29455723984398,1.39311989678216,233.884065497582
204107.400000095,24.9770255452285,121.550367223542,22.0933173494413,-1.44413123512619,1.29595965321513,233.465086681822
204107.5,24.9770239751323,121.55035648523,22.1181806111708,-1.35697739475213,1.258630229315,232.98925699184
204107.600000143,24.9770221066715,121.550345677691,22.1337560191751,-1.33581375697229,1.26707470097764,232.512194723836
204107.700000048,24.9770202815995,121.5503350068,22.1537799322978,-1.06865926236186,1.42305121130547,232.075032949864
204107.800000191,24.9770181917401,121.550324120614,22.1707538887858,-0.967093794120562,1.44278598461269,231.631642410271
204107.900000095,24.9770163625043,121.550313348149,22.1879385691136,-0.903774577792533,1.44773584955675,231.153943325431
204108,24.9770142369304,121.550302680721,22.1988040264696,-0.858234555604223,1.40839187686356,230.676142752449
204108.100000143,24.9770119185644,121.550292368037,22.2171353632584,-0.83425219541077,1.39828490298403,230.221318447839
204108.200000048,24.977009839678,121.550281565755,22.2302417652681,-0.766294290248636,1.36997692169027,229.733926285407
204108.300000191,24.9770074765915,121.550271007184,22.2438821857795,-0.684915138787819,1.3019949673119,229.255666878423
204108.400000095,24.9770049698272,121.550260059034,22.2574878577143,-0.851561454126681,1.19124286371749,228.745003050346
204108.5,24.9770027547974,121.55024978688,22.2911224309355,-1.01404980970337,1.35279941173252,228.201424437697
204108.600000143,24.9770002560373,121.550239493542,22.2971860570833,-1.07152341256589,1.59417976298796,227.714807688632
204108.700000048,24.9769978883965,121.550228955094,22.2904356122017,-1.00494422065856,1.5818997240867,227.192443510931
204108.800000191,24.9769949135138,121.550218325905,22.3063299078494,-1.18189238887598,1.29595326182958,226.556312556466
204108.900000095,24.9769918893171,121.550207901619,22.3341119494289,-1.41982298925883,1.16047371926978,225.934148125774
204109,24.9769891629545,121.550197465854,22.3610502984375,-1.5245453215971,1.2861215490825,225.354984014177
204109.100000143,24.9769864525872,121.550187348597,22.3661123421043,-1.60803106684887,1.38280708080754,224.734076855648
204109.200000048,24.9769833957665,121.550177013657,22.383934462443,-1.62426556263151,1.39872835884741,224.009220048871
204109.300000191,24.9769805223718,121.550166902464,22.4011208983138,-1.67788916988189,1.35220522283967,223.464779503962
204109.400000095,24.976977196377,121.550156625334,22.4238018253818,-1.68420988961594,1.32689133731023,222.882649970739
204109.5,24.9769740520478,121.550146388144,22.4324745927006,-1.7172990757411,1.23584621885839,222.219248048108
204109.600000143,24.9769704087627,121.550136856271,22.4676922177896,-1.71429828431801,1.18801124447736,221.591487791491
204109.700000048,24.9769669919089,121.550126842834,22.4712896738201,-1.82835792077932,1.18096418083939,220.955677572535
204109.800000191,24.9769635400822,121.550117310485,22.4907820243388,-1.7918990090476,1.24270243637244,220.258279981567
204109.900000095,24.9769597300113,121.550107503141,22.5094133010134,-1.71914500326356,1.24033614319629,219.610649964736
204110,24.9769555745559,121.550098221192,22.5254978202283,-1.66868263413503,1.21275373984015,218.886142508532
204110.100000143,24.9769520745025,121.550089074526,22.5435493150726,-1.59482374823462,1.1939562070916,218.157030842714
204110.200000048,24.9769479561783,121.550079056328,22.5536385476589,-1.65786487164072,0.976644743604632,217.251785236648
204110.300000191,24.9769440304578,121.550070336718,22.5634151604027,-1.92788978045631,0.761171392875686,216.43539351349
204110.400000095,24.9769399349228,121.550061246879,22.5874683409929,-1.96238130967709,0.766694240017346,215.569387194493
204110.5,24.9769349142867,121.550051562885,22.5995093416423,-2.22338260646243,0.854973425880665,214.470880009278
204110.600000143,24.9769310090623,121.55004273446,22.6086407694966,-2.31319994389181,0.857395504160148,213.487431329342
204110.700000048,24.9769283193109,121.550036268166,22.630844139494,-2.17826990649653,0.838727307303262,212.794113568095
204110.800000191,24.9769252530802,121.550028071228,22.63321409747,-2.30290234487423,0.66407057585258,211.8173137768
204110.900000095,24.9769199610938,121.550019410326,22.6440954329446,-2.35330120844075,0.633938429876569,210.550478860493
204111,24.9769151257383,121.550010828531,22.6600478244945,-2.41106185451826,0.66155383740626,209.304903593553
204111.100000143,24.9769103073195,121.550003366991,22.6717402311042,-2.50858096782901,0.700190632290975,208.064553376965
204111.200000048,24.9769054574074,121.54999534716,22.6873166384175,-2.53189790070381,0.746739065482821,206.756361858332
204111.300000191,24.9769004551055,121.549987327848,22.6953134890646,-2.46650510511372,0.766100893991023,205.342993594303
204111.400000095,24.976894706103,121.54997961055,22.716828561388,-2.20620729545223,0.783768223027408,203.983631743791
204111.5,24.9768885255862,121.549972007119,22.7338457740843,-2.24342718341109,0.741231412051073,202.603843922767
204111.600000143,24.976882140758,121.549964544776,22.7527458742261,-2.05808062023553,0.810583083460741,201.041022575857
204111.700000048,24.9768769638294,121.549957231649,22.7566450731829,-2.08881275177454,0.905473178984558,199.654376462506
204111.800000191,24.9768710073109,121.549950199653,22.7676585577428,-2.15658885854233,0.885237901870621,198.186522884541
204111.900000095,24.9768642395995,121.549943495733,22.7892090817913,-2.10578943587444,0.957099585475864,196.679684398774
204112,24.9768569455071,121.5499367586,22.8116163332015,-2.34696136595559,1.14098735785763,195.101232955028
204112.100000143,24.9768500026745,121.549930982196,22.8210562188178,-2.50342489401684,1.17691753794956,193.573147789433
204112.200000048,24.9768437079656,121.549923759476,22.8286397987977,-2.47514201620162,1.10479362889357,192.225122791333
204112.300000191,24.9768372197373,121.5499174174,22.8483967036009,-2.71347707845322,0.690510154552064,190.743816816111
204112.400000095,24.9768306625137,121.549911445584,22.8710089894012,-2.91714926846986,0.383324144432395,189.163699119992
204112.5,24.9768234428556,121.549905820966,22.8820460122079,-3.03577987029768,0.279188441686664,187.498766032926
204112.600000143,24.9768161820113,121.549900387657,22.9014641800895,-3.1499156957661,0.385503112322931,185.822198269145
204112.700000048,24.9768087441534,121.549895306226,22.9116446813568,-3.21044231250187,0.499036645189366,184.139360237917
204112.800000191,24.9768013464665,121.549890407139,22.9217919418588,-3.01529861728463,0.586294361349978,182.504081610371
204112.900000095,24.9767937244978,121.549885627703,22.9415163388476,-2.89269713369361,0.614341522031225,180.83600348384
204113,24.976786140921,121.549881430667,22.9567655045539,-3.02161459155713,0.620157735976407,179.234995861715
204113.100000143,24.9767785454649,121.549877304474,22.9802443953231,-2.91542056082662,0.700736065335569,177.58920810823
204113.200000048,24.9767708761881,121.549873599273,22.994999201037,-2.85380546902985,0.767184263703598,175.980729177358
204113.300000191,24.9767632783471,121.549870116433,23.0067323632538,-2.97324315147908,0.655506561280148,174.362044933814
204113.400000095,24.9767551665623,121.549866539995,23.0267969267443,-2.98859220961417,0.5369976492562,172.629792922514
204113.5,24.9767471430313,121.549863555494,23.0485834414139,-2.99772926913109,0.535680388294386,170.937047864271
204113.600000143,24.9767393811149,121.549860859352,23.0602490669116,-3.00766977059587,0.446512229418087,169.278363900795
204113.700000048,24.9767314233711,121.549858393594,23.0753316879272,-2.98740249707769,0.396393753962048,167.623098645378
204113.800000191,24.9767234262742,121.549856160825,23.0894115492702,-2.86034342224807,0.351920546285532,165.956940411057
204113.900000095,24.9767154232075,121.549854220147,23.1057075643912,-2.78772587780509,0.246822446479424,164.314030537715
204114,24.9767071905342,121.549852439188,23.1096970578656,-2.78335474617601,0.116610100689433,162.659887524468
204114.100000143,24.9766992418591,121.549850929413,23.1199560305104,-2.7687265352733,-0.021572320133317,161.040256457689
204114.200000048,24.9766914556538,121.549849854679,23.1423652628437,-2.67132473160383,-0.0972896493145676,159.513919230415
204114.300000191,24.9766831742306,121.549848793601,23.1411455171183,-2.68084281748343,-0.149653145870889,158.033849623283
204114.400000095,24.976674969886,121.549847995754,23.1375194797292,-2.70515849825088,-0.27968230568668,156.643048663006
204114.5,24.9766670488618,121.549847376462,23.1522265505046,-2.81442068018739,-0.457766085975245,155.296092013031
204114.600000143,24.9766589749056,121.549847071431,23.1666779909283,-2.88662571488943,-0.526583791387048,153.95056743865
204114.700000048,24.9766510846434,121.549846931496,23.1722702160478,-2.91524998278697,-0.453407115316976,152.688040666228
204114.800000191,24.9766431539222,121.549846877858,23.1635018503293,-2.99784711730006,-0.348913659895434,151.517576238703
204114.900000095,24.9766349612014,121.549847044403,23.1548552438617,-2.95944121754832,-0.343720290425005,150.356475654586
204115,24.9766267778027,121.549847329693,23.1649545188993,-2.9222503995962,-0.388317678423617,149.260481427203
204115.100000143,24.9766187190241,121.549847701557,23.172871501185,-2.83823576548441,-0.332566892238428,148.306375495427
204115.200000048,24.976610720348,121.549848214207,23.172136082314,-2.77675823136623,-0.228862742425614,147.524249436094
204115.300000191,24.9766027279779,121.549848903024,23.1685694120824,-2.63991743201755,-0.0907494352289004,146.904964123498
204115.400000095,24.9765946990896,121.54984960619,23.1639133691788,-2.62475018931243,-0.041258037383993,146.421326879151
204115.5,24.9765864651832,121.549850407021,23.1684232912958,-2.63851154652313,-0.0230481312991923,146.016536393241
204115.600000143,24.9765783030022,121.549851182084,23.1718136398122,-2.47460133507739,0.0395660276419883,145.752060999355
204115.700000048,24.9765700928094,121.549852144076,23.1664841575548,-2.43188563352308,0.00487952999058615,145.58921623373
204115.800000191,24.9765620508382,121.549853194203,23.1650672433898,-2.29699533546832,-0.0840530554307154,145.541995574342
204115.900000095,24.9765537263876,121.549853997533,23.1786907883361,-2.15992774624959,-0.126340618349645,145.51858480725
204116,24.9765454788181,121.549855177561,23.1786527158692,-2.16447782968791,-0.162727554711368,145.540606580744
204116.100000143,24.9765368261944,121.549856246995,23.1866250811145,-2.13073163421264,-0.0975633258770392,145.541866333563
204116.200000048,24.9765284579739,121.549857246303,23.182032007724,-2.11706038296429,0.00964762561078296,145.579470902534
204116.300000191,24.9765198397398,121.549858366511,23.180420034565,-2.15538425264527,0.0829515632327456,145.626284339367
204116.400000095,24.9765111084393,121.54985941622,23.1743954028934,-2.17113679679871,0.101847089276295,145.696336878257
204116.5,24.9765023856208,121.549860428442,23.1633549649268,-2.21374307624107,0.0217951434479418,145.764508486606
204116.600000143,24.976493584605,121.549861488848,23.1678442144766,-2.27658132395841,-0.0158832008826735,145.844810166268
204116.700000048,24.9764844537017,121.549862547732,23.1729769185185,-2.33502643387804,-0.0162635114150631,145.856155302314
204116.800000191,24.9764753879696,121.549863659149,23.169721766375,-2.31039736137542,0.0340820455329553,145.926850289378
204116.900000095,24.9764662036172,121.549864707981,23.1675578858703,-2.27231643303674,0.0173507543546431,145.983319999635
204117,24.9764568830029,121.549865942606,23.165585597977,-2.2878875246304,-0.0225296065649729,146.063566968518
204117.100000143,24.9764478385382,121.549866813035,23.1676330873743,-2.23378298026429,-0.0600487036775075,146.15525115985
204117.200000048,24.9764384901725,121.549867917231,23.1668133921921,-2.20629827308415,-0.137212366904744,146.200720771419
204117.300000191,24.9764293007219,121.549868941657,23.1547411419451,-2.1898741358585,-0.274859600647242,146.232207753413
204117.400000095,24.9764200187806,121.54987011776,23.1660414030775,-2.17577439369419,-0.343509772769724,146.300608367012
204117.5,24.9764106316895,121.549871211044,23.1618230408058,-2.13488873971506,-0.371720922267276,146.381240513333
204117.600000143,24.9764015729903,121.549872036391,23.1599554270506,-2.00656623130152,-0.369779815158826,146.451355651792
204117.700000048,24.9763923620646,121.549873170319,23.1525299353525,-1.90255629539324,-0.419574816704543,146.520526063873
204117.800000191,24.9763831486677,121.549874175761,23.1463542664424,-1.7778813209906,-0.511946048321265,146.600577649465
204117.900000095,24.9763739903162,121.54987512961,23.1442511091009,-1.65368148369381,-0.54538631321643,146.658934886146
204118,24.9763648231793,121.549876221289,23.1385036250576,-1.61042268756423,-0.584191123714196,146.726823381812
204118.100000143,24.9763557284653,121.549877000436,23.1257233079523,-1.47021510501514,-0.6374796528236,146.785136931646
204118.200000048,24.9763465082347,121.54987804414,23.111764235422,-1.45503058043928,-0.76388250294884,146.841894293804
204118.300000191,24.9763370902788,121.54987918559,23.1083703478798,-1.39740703109309,-0.869626805343525,146.897856177709
204118.400000095,24.9763281126475,121.549880039126,23.0935042314231,-1.45926780742546,-0.907302323988653,146.977931317615
204118.5,24.976319002345,121.549880832917,23.0789324045181,-1.46828456270772,-0.863186283392202,147.036696408022
204118.600000143,24.9763097476446,121.549881755985,23.0701310485601,-1.49109839455094,-0.810333157108776,147.094092177125
204118.700000048,24.9763006778949,121.549882623428,23.0482831289992,-1.51303708650971,-0.815855875917181,147.152132076934
204118.800000191,24.9762913907108,121.549883648846,23.0300267348066,-1.62321818640852,-0.793310948768473,147.197176716609
204118.900000095,24.9762823482004,121.549884567003,23.02199562639,-1.51877375980392,-0.677995399484565,147.25769291113
204119,24.9762733958365,121.549885155969,23.0173228122294,-1.57208754788021,-0.538129456951342,147.328934921027
204119.100000143,24.9762641771507,121.549886068061,22.9984130570665,-1.55114559724329,-0.417232939862514,147.388925374852
204119.200000048,24.9762550295225,121.549886966943,22.9868888296187,-1.5198817382057,-0.399390860207661,147.434794118347
204119.300000191,24.9762459468449,121.549887836021,22.9736443208531,-1.50110753301692,-0.431459743143846,147.504071622108
204119.400000095,24.9762367526916,121.549888581045,22.9753660485148,-1.50141470252132,-0.538027315100629,147.570962420316
204119.5,24.9762276759633,121.549889467276,22.9567277887836,-1.616968638436,-0.598913360657067,147.605044793584
204119.600000143,24.9762185838069,121.549890283406,22.9545642361045,-1.68384254478472,-0.614793872497457,147.684141425605
204119.700000048,24.9762095315154,121.549890953279,22.9381377007812,-1.71320339364136,-0.586964807481834,147.742644722003
204119.800000191,24.9762004268974,121.549891829877,22.9262999081984,-1.7976994110645,-0.629562570414352,147.775696428556
204119.900000095,24.9761914270743,121.549892608706,22.9167097201571,-1.86098339364403,-0.608488898179657,147.787075781243
204120,24.9761822070258,121.549893553023,22.9120144508779,-1.88350209230011,-0.506456089722704,147.707618857468
204120.100000143,24.9761732455659,121.549894310034,22.8974108062685,-1.97550490465029,-0.407677077499322,147.616514278614
204120.200000048,24.9761642164547,121.549895153144,22.8920504041016,-1.98955321375408,-0.396317130840698,147.467351624149
204120.300000191,24.9761551151142,121.549895977354,22.9019924895838,-1.9862350232738,-0.357096132715836,147.283246382329
204120.400000095,24.9761463801663,121.549897061825,22.887988214381,-2.0440675296671,-0.470278616482326,147.026598773274
204120.5,24.9761372355599,121.549898148249,22.8764396691695,-2.14495715902283,-0.603434048141615,146.746482219937
204120.600000143,24.9761281805682,121.549899127998,22.8803373454139,-2.09885325834839,-0.658105718720713,146.445776088253
204120.700000048,24.9761190464103,121.549900309854,22.8746254276484,-2.21083713272752,-0.744203871309805,146.083750971055
204120.800000191,24.9761101944193,121.5499014671,22.8601661352441,-2.28962736303632,-0.763643514129376,145.690505823632
204120.900000095,24.9761012705464,121.549902735903,22.8522606827319,-2.26596594166397,-0.77223866687968,145.215581125995
204121,24.9760923061835,121.549903923287,22.846028697677,-2.29665557978013,-0.802158103202513,144.694446015344
204121.100000143,24.9760832997148,121.549905386638,22.8538114978001,-2.27598687717778,-0.797584557018672,144.116032803848
204121.200000048,24.9760745469168,121.549906924706,22.8345897495747,-2.35175242747087,-0.843401068298942,143.428778900416
204121.300000191,24.9760654945945,121.549908663549,22.8288875799626,-2.4068304152974,-0.811218870216648,142.582890618906
204121.400000095,24.9760566812234,121.549910472525,22.8279812866822,-2.37930340283765,-0.786325215909527,141.665947172617
204121.5,24.9760478549757,121.54991257704,22.8162933839485,-2.35041751842567,-0.771060386934964,140.643310750492
204121.600000143,24.9760391925689,121.549914803223,22.8034316850826,-2.33318122986199,-0.757310732874431,139.582679973585
204121.700000048,24.9760304166742,121.5499171179,22.8110204264522,-2.20536835808266,-0.622855587608546,138.430729568616
204121.800000191,24.9760217423451,121.549919619032,22.8054691730067,-2.14330741936193,-0.499375895368048,137.264591897406
204121.900000095,24.9760132266323,121.549922310124,22.7967717442662,-2.16489011741201,-0.535630274927356,136.020698721648
204122,24.9760046659764,121.549925235229,22.7895728340372,-2.16491771743192,-0.56883224685214,134.76071062101
204122.100000143,24.9759964038606,121.54992842482,22.7877384675667,-2.03939236320453,-0.601009121389324,133.454130133488
204122.200000048,24.9759878764124,121.549931832115,22.7849257029593,-2.05667235003686,-0.589758444496809,132.131106718778
204122.300000191,24.9759797202548,121.549935315406,22.7818933073431,-2.20084525766328,-0.574860670814563,130.776640157654
204122.400000095,24.9759716518695,121.549939126842,22.7709787050262,-2.24188376097209,-0.549808950788317,129.375622640508
204122.5,24.975963362262,121.549943048404,22.7695374460891,-2.20107454747801,-0.565081547781144,127.917617867337
204122.600000143,24.9759555846683,121.549947219167,22.7636259803548,-2.34089192895165,-0.701027049510757,126.42761110928
204122.700000048,24.9759475889553,121.549951609625,22.7661306690425,-2.47437993257083,-0.763578940089104,124.899277388774
204122.800000191,24.9759398414889,121.549955991594,22.7744989180937,-2.48490759578101,-0.603851712676067,123.34411987934
204122.900000095,24.975932217813,121.549960873627,22.7692479211837,-2.5145808677644,-0.456364316651312,121.839082057642
204123,24.975924852171,121.54996574886,22.765859792009,-2.39188571457093,-0.322438225781941,120.308799682033
204123.100000143,24.9759174767303,121.549971094009,22.7806587116793,-2.18429516895691,-0.148869484803346,118.771364781203
204123.200000048,24.975910388078,121.549976532889,22.7724560974166,-2.18212425209604,-0.0403131484893254,117.28148834964
204123.300000191,24.9759032846921,121.549982345493,22.7672031167895,-2.08684389077794,-0.13057088834051,115.67082928665
204123.400000095,24.9758965930531,121.549988231455,22.7605239646509,-1.88582387743486,-0.300544804527271,114.035387825289
204123.5,24.9758898917063,121.549994642065,22.7547533232719,-1.87258381766402,-0.458843277538612,112.369914055441
204123.600000143,24.9758833698295,121.550000878973,22.7650903239846,-1.85006173338516,-0.479994873566033,110.6519019617
204123.700000048,24.9758770816504,121.550007310521,22.7732728999108,-1.99199225718169,-0.42516264384424,108.996578003404
204123.800000191,24.975870832524,121.550014100428,22.7535915803164,-2.21180399910353,-0.435773676699288,107.304020809874
204123.900000095,24.9758647282563,121.550021145756,22.7657920438796,-2.36596935097915,-0.461222231033491,105.590816638553
204124,24.9758586735537,121.550028159585,22.7587734097615,-2.57433266277196,-0.450242839416795,103.882384840732
204124.100000143,24.9758528219558,121.550035597108,22.7559949271381,-2.84017543803344,-0.492906592565989,102.186873425733
204124.200000048,24.975847139049,121.550042950104,22.7489605415612,-2.93902065518125,-0.619969680455736,100.50401533089
204124.300000191,24.9758416452879,121.550051200343,22.7573552159593,-3.06552590632397,-0.633085374941836,98.7965377372121
204124.400000095,24.9758361860631,121.550058980696,22.7681599454954,-3.1351933238807,-0.599442573264982,97.1809321621674
204124.5,24.975831201428,121.550067248964,22.7629935564473,-3.2354295558763,-0.453244592734592,95.6739912902104
204124.600000143,24.9758261729436,121.55007557478,22.773356067948,-3.3394496191607,-0.198750616133369,94.2627268813904
204124.700000048,24.9758213895773,121.55008406268,22.7649496393278,-3.38938513720831,-0.0295683295914919,92.9703784827275
204124.800000191,24.975816574971,121.550092889789,22.7575815012679,-3.3776799393697,-0.162426986514668,91.7135319975178
204124.900000095,24.9758120027235,121.550101951107,22.7678735880181,-3.28153625751611,-0.488768978125198,90.4833838748763
204125,24.9758073714433,121.550111152268,22.8027292015031,-3.3219937799806,-0.612794047409546,89.3308693259602
204125.100000143,24.9758032089376,121.550120667807,22.8108459049836,-3.35964944984965,-0.447495540334086,88.1133214835122
204125.200000048,24.9757991067494,121.550130055218,22.806403982453,-3.40182926024741,-0.196058755480276,86.9489409683433
204125.300000191,24.975795167723,121.550139499206,22.799862624146,-3.26952554351457,-0.158857137212243,85.8129473308185
204125.400000095,24.9757914565097,121.550149359476,22.8041553040966,-3.12620360489712,-0.166540209643889,84.7582164164339
204125.5,24.9757878560084,121.550159392824,22.8151016887277,-3.0134407059728,-0.227505140874591,83.720175272833
204125.600000143,24.9757843214252,121.550169368186,22.8323165522888,-2.92597895388305,-0.123308338250033,82.6954200828559
204125.700000048,24.9757809345821,121.550179560953,22.8430975507945,-2.95632313099701,-0.0111227431497886,81.6151115818003
204125.800000191,24.9757777265703,121.550189822361,22.8365816595033,-2.95525791763842,0.113429491446204,80.5850649309231
204125.900000095,24.9757746763935,121.550200168501,22.8532783994451,-2.86256852015241,0.215156618033578,79.538142792071
204126,24.9757717352889,121.550210734958,22.8648476460949,-2.85614170409411,0.25234451470161,78.4747715726579
204126.100000143,24.9757690962556,121.550221425789,22.872125569731,-2.85809301554218,0.268479817763213,77.4033205631929
204126.200000048,24.97576657889,121.550232191292,22.8880168991163,-2.87062463188439,0.290012468522438,76.3004912052484
204126.300000191,24.9757639708377,121.550242882639,22.9031913178042,-2.86749631313666,0.316600329995535,75.237908520681
204126.400000095,24.9757619307825,121.550253911336,22.9046227186918,-2.9221378018152,0.245370924102787,74.1010806328643
204126.5,24.97575960709,121.550265159115,22.9239791696891,-2.92234104926291,0.186868367435997,72.972705033036
204126.600000143,24.9757577489009,121.550276171443,22.9439802104607,-2.9462295604323,0.213463636755346,71.9116037627481
204126.700000048,24.975756294406,121.550287339548,22.9466885663569,-2.92875120266785,0.273294578558922,70.7864306639715
204126.800000191,24.9757545741813,121.550298496339,22.9451283589005,-2.8134284542679,0.244418395973284,69.7074162856174
204126.900000095,24.9757535573675,121.550309589062,22.9892488215119,-2.88802868970967,0.271653552293302,68.6299733791204
204127,24.9757524350556,121.550320944961,22.9951873524114,-2.7351494849218,0.362720084267612,67.5456040788417
204127.100000143,24.9757514153162,121.550332107207,22.9910356784239,-2.7692763375118,0.341053036878051,66.5636444778923
204127.200000048,24.9757506798067,121.550343553842,23.0137586025521,-2.9319832879717,0.181056596640766,65.578449118668
204127.300000191,24.9757498620517,121.550354953168,23.047674193047,-2.9547726253047,0.232293464821586,64.6221482276166
204127.400000095,24.9757496452652,121.550366456857,23.0689503103495,-3.04548712205061,0.347650018747009,63.7239219371111
204127.5,24.9757494086446,121.550377712574,23.0848312415183,-3.04230962119424,0.46269479936796,62.8740078743816
204127.600000143,24.9757493290444,121.550389156228,23.091965476051,-3.02729493039376,0.505585962025905,62.0047447342251
204127.700000048,24.9757494541904,121.550400413047,23.0922984667122,-2.85069244624894,0.435564110999187,61.2462704588443
204127.800000191,24.9757498502377,121.550411979416,23.1138177746907,-2.76067179171202,0.135011572511603,60.4255950214245
204127.900000095,24.9757500655054,121.550423386768,23.1534988982603,-2.70421110910823,0.0221726481707348,59.7800824493402
204128,24.9757504681761,121.550434881603,23.1883895723149,-2.77250487727867,0.186461105273365,59.1969519899419
204128.100000143,24.9757510018149,121.55044634229,23.1881490470842,-2.76248424677341,0.450709806122184,58.6734226651705
204128.200000048,24.9757516407115,121.550457672861,23.1755430232733,-2.71363568672497,0.470865415217146,58.2816617130503
204128.300000191,24.9757523339324,121.550469309886,23.1911513134837,-2.59787355313401,0.338640313317005,57.9201669498269
204128.400000095,24.9757531505124,121.550480741624,23.2182621508837,-2.61819634135529,0.29027464928297,57.65064057268
204128.5,24.975753940667,121.550492228812,23.2316985633224,-2.64589727170855,0.273173742832464,57.40504833477
204128.600000143,24.9757544725393,121.550503668088,23.2346508875489,-2.75515508117296,0.172383113661083,57.1576031176581
204128.700000048,24.9757553852387,121.550515040223,23.2515257671475,-2.88699185028037,0.0557774609853926,57.0402625395102
204128.800000191,24.9757563742166,121.550526401015,23.2744861636311,-2.9597409995516,0.00990853217603066,56.931559021887
204128.900000095,24.9757572514348,121.550537849725,23.2892965041101,-3.05805528088253,0.00831051917557064,56.8259511706081
204129,24.9757582391023,121.550549248509,23.3077724836767,-3.1477853690328,0.0819316238505682,56.7706733078362
204129.100000143,24.9757591371774,121.550560579052,23.3319337731227,-3.19687222469456,0.2391544958227,56.7017020655169
204129.200000048,24.9757602622446,121.550571761668,23.3389060841873,-3.22081651316924,0.434388022221486,56.6499326395726
204129.300000191,24.9757611104585,121.550583384814,23.356290188618,-3.1741531767102,0.570675429697853,56.5710784869285
204129.400000095,24.9757621566699,121.550594346501,23.3764862203971,-3.14863739370089,0.611070758227512,56.4986661779054
204129.5,24.9757632361644,121.550605754499,23.3980545625091,-3.0054347599733,0.642173127988909,56.4504738862527
204129.600000143,24.9757642858529,121.550616885962,23.4141176631674,-2.97954144413923,0.598974607064349,56.4079748913027
204129.700000048,24.9757654022677,121.550628276593,23.4387746080756,-2.80364365247183,0.512890048639566,56.3406322753594
204129.800000191,24.9757664278897,121.550639460699,23.4701623059809,-2.714608368621,0.524055633620238,56.2992671114527
204129.900000095,24.9757676945415,121.550650606847,23.4909026892856,-2.72443080983591,0.61310740781988,56.2944298527059
204130,24.9757688040867,121.55066180385,23.5027844468132,-2.67672487024086,0.666241857007882,56.2129539665578
204130.100000143,24.9757697541173,121.550673042776,23.5194044858217,-2.5810982555476,0.645506692300454,56.1706965447934
204130.200000048,24.9757707987336,121.550684136754,23.552254781127,-2.5647560958961,0.608148983330697,56.1376192899225
204130.300000191,24.9757719782381,121.55069512525,23.5727452896535,-2.65699800922246,0.655697292104309,56.1231382597577
204130.400000095,24.9757731481946,121.550706222376,23.5912802536041,-2.73021199910528,0.690905094469617,56.0992347186874
204130.5,24.9757741372997,121.550717350131,23.6135518914089,-2.80633978497747,0.701078842543116,56.0587059156707
204130.600000143,24.9757752063896,121.550728311259,23.6370470244437,-2.73281169468313,0.750583647752256,55.9951490077382
204130.700000048,24.9757763233657,121.550739248299,23.6742264954373,-2.71421894242541,0.862177158392429,55.9885751127624
204130.800000191,24.9757774444008,121.550750266233,23.7057375879958,-2.49536963068311,1.13073260027446,55.9606352285401
204130.900000095,24.9757789206775,121.550761378028,23.7281382009387,-2.29810163539797,1.3871979116832,55.8904539780834
204131,24.9757799404479,121.550772087073,23.7587410062551,-2.10431962644193,1.57582294836011,55.8663997557791
204131.100000143,24.9757813458215,121.550783085264,23.793306668289,-2.05003686658504,1.76084704821933,55.8368273689344
204131.200000048,24.975782274775,121.550793728687,23.8342961631715,-1.98771249235892,1.97959671028285,55.8878711558934
204131.300000191,24.9757833969679,121.550804617963,23.8606570856646,-2.16595656795444,2.08432649812088,55.88382805068
204131.400000095,24.9757843739986,121.550815270101,23.8965438958257,-2.33140500466053,2.12520611664217,55.8876710187951
204131.5,24.97578537149,121.550826038545,23.9307741792873,-2.25745971939007,2.04966641927192,55.8526705481732
204131.600000143,24.9757866203658,121.550836893913,23.9737053541467,-2.26049674802028,1.77540460508891,55.8815905209689
204131.700000048,24.9757876562568,121.550847380872,24.0171194532886,-2.23066982407849,1.55091586538966,55.8194487974753
204131.800000191,24.9757887061904,121.550858104567,24.07402571477,-2.18023445466712,1.50278977867018,55.8499855110679
204131.900000095,24.9757898273792,121.550868650901,24.1165522187948,-2.22465411247335,1.60150799953001,55.8364173068339
204132,24.9757908687368,121.550879046604,24.1618299940601,-2.25706027003826,1.80170370710604,55.8477773729893
204132.100000143,24.9757920117902,121.550889381202,24.1813698541373,-2.38127775020323,1.92537733859812,55.8523024428643
204132.200000048,24.9757931295284,121.550899637349,24.2124823145568,-2.3941022586732,1.9889248368222,55.8538462807616
204132.300000191,24.9757941462879,121.550909772457,24.2492606174201,-2.38447450485444,1.94157173480747,55.8435865434465
204132.400000095,24.9757950969497,121.550919883598,24.3018386103213,-2.32347299503854,1.97060563241019,55.8201109936618
204132.5,24.97579622102,121.550930028215,24.3447066405788,-2.24719855099546,2.00256069136883,55.8194255914368
204132.600000143,24.9757971218783,121.550939847968,24.3849761150777,-2.19040262601746,2.08824332930358,55.8361393827013
204132.700000048,24.975798308478,121.550949601585,24.4182810774073,-2.23140876093535,2.08842394255411,55.8208222560812
204132.800000191,24.9757994009583,121.550959588619,24.4510913221166,-2.24059030387004,2.09534172712253,55.7959481413671
204132.900000095,24.9758003293858,121.550969075956,24.4813257679343,-2.21514582811614,2.09221142694835,55.7954221146847
204133,24.9758013650181,121.550978594753,24.5186584740877,-2.19953502199983,2.05382368203336,55.8104682661055
204133.100000143,24.9758023096567,121.550988063116,24.5611836174503,-2.11583570094487,2.01343854339772,55.7600178094939
204133.200000048,24.9758033402137,121.550997269303,24.5910933604464,-2.13130486877392,1.84519575844726,55.7410926459809
204133.300000191,24.9758042873918,121.551006422934,24.6337937293574,-2.18095572047252,1.68727485155171,55.6746251888423
204133.400000095,24.9758052427181,121.551015351931,24.672104078345,-2.17724075341024,1.589828488215,55.6223555899921
204133.5,24.9758060380541,121.551024396798,24.7152820201591,-2.18284893990741,1.54006033387213,55.5641727578562
204133.600000143,24.9758072268602,121.55103308631,24.7496663080528,-2.2786032385524,1.54090009815365,55.3614185617059
204133.700000048,24.9758080983044,121.551041508597,24.7736873701215,-2.40921471914902,1.5109988625589,55.1332989011423
204133.800000191,24.9758089830315,121.551049906414,24.810897176154,-2.46651758848143,1.52888032621355,54.9051890897617
204133.900000095,24.9758099641956,121.551058143722,24.8358304109424,-2.48455097008689,1.52343663908953,54.5774777646606
204134,24.9758110310102,121.551066206094,24.8666829587892,-2.51207537343254,1.52456104504124,54.2500247408838
204134.100000143,24.9758121076542,121.551074052031,24.8947484772652,-2.557184307889,1.54104855203082,53.8245478414995
204134.200000048,24.9758133366985,121.551081799212,24.9353545755148,-2.63986579434271,1.54430504748513,53.3327145180254
204134.300000191,24.9758145160807,121.551089366211,24.9601958869025,-2.74119318744979,1.52150562719629,52.7764404760843
204134.400000095,24.9758156222351,121.551096921556,24.9904425572604,-2.82631376674718,1.50407859059424,52.1601637356792
204134.5,24.9758169961352,121.551104212529,25.0223485557362,-2.81565757835909,1.56236399279518,51.4711608359706
204134.600000143,24.9758183616333,121.551111392345,25.0494116609916,-2.86008773622881,1.56445097527235,50.7054735127656
204134.700000048,24.9758196890787,121.551118394883,25.0831097392365,-2.84814828862149,1.58598135730211,49.8408683969215
204134.800000191,24.9758212798264,121.551125229936,25.1051060203463,-2.84043357463968,1.64008168306693,48.9581880694226
204134.900000095,24.9758228566479,121.55113189851,25.1330382972956,-2.87435754336623,1.65825294536968,47.9670840939497
204135,24.9758245340888,121.551138255561,25.1637336406857,-3.02495459160529,1.71458086040124,46.861018383316
204135.100000143,24.9758263743234,121.551144811842,25.1761860214174,-2.94335593862716,1.69744812941883,45.6063928865184
204135.200000048,24.97582825514,121.551151042378,25.2122040651739,-2.85076813637179,1.65748336336288,44.2648932221969
204135.300000191,24.9758302647781,121.551157081084,25.2449287800118,-2.82399882117205,1.64725839653189,42.7208971050311
204135.400000095,24.9758325016176,121.551162850826,25.2611162485555,-2.86824158954825,1.60911368403523,41.1023828174633
204135.5,24.9758347395489,121.551168535302,25.2872699052095,-2.79414677015402,1.50104513978771,39.3526208757208
204135.600000143,24.9758371435426,121.551174261438,25.3203178951517,-2.76747170551092,1.48038981722149,37.5357445533856
204135.700000048,24.9758398436558,121.551179525055,25.3427426693961,-2.84501442788837,1.45333210682837,35.5312124097508
204135.800000191,24.9758426341893,121.551184773112,25.3570491205901,-2.84168541877306,1.41610238999772,33.42313370605
204135.900000095,24.9758456142372,121.551190085681,25.3737557772547,-2.67862329412444,1.31442318100186,31.219110409456
204136,24.9758487261577,121.55119501508,25.4054929558188,-2.40884127974335,1.3587573955015,28.9448061751345
204136.100000143,24.9758519684244,121.551199929752,25.4143066518009,-2.27443716993344,1.42528153565942,26.6447259517471
204136.200000048,24.9758554045486,121.551204277728,25.416769573465,-2.12568580943127,1.31756831760506,24.2250081588082
204136.300000191,24.9758586461098,121.551208748099,25.4261072743684,-2.15704340025935,1.09038907855092,21.8411877623485
204136.400000095,24.9758624592258,121.551213207305,25.4695641389117,-2.17117437646329,0.959496116140652,19.4748429127423
204136.5,24.9758662906999,121.551217143766,25.473910940811,-1.98510792809488,0.842262880382763,17.0862588384478
204136.600000143,24.9758700337973,121.551221221413,25.5046258792281,-1.60773869189332,0.818573002746941,14.6183454051395
204136.700000048,24.9758743450311,121.551224574103,25.519876931794,-1.480375641731,0.95602729972162,12.1853660941001
204136.800000191,24.9758785662721,121.551227993779,25.5102664753795,-1.47726510797366,1.09979791082596,9.66010266373073
204136.900000095,24.9758828145056,121.551231303714,25.4985089050606,-1.63878751580101,0.974662930674517,7.17192441054925
204137,24.9758874105622,121.551234429416,25.5227319281548,-1.6977637106005,0.855584412439399,4.63465190538078
204137.100000143,24.975891870861,121.55123752551,25.5322613604367,-1.48653238461587,0.736800640146865,2.24681142256287
204137.200000048,24.9758968871375,121.551240075282,25.5394995091483,-1.1658860389827,0.684756621675554,359.904090453711
204137.300000191,24.9759018810429,121.551242424732,25.5406612101942,-0.976335454486987,0.64440320225638,357.51356234012
204137.400000095,24.9759067820685,121.551244816063,25.5574521748349,-0.948324867539021,0.657959209221268,355.293138672868
204137.5,24.9759119497938,121.551246865742,25.5534717142582,-1.04716642319108,0.724843882256814,353.125196353641
204137.600000143,24.9759171778177,121.551248879614,25.5545690599829,-1.14424386584734,0.68226307869621,351.019201515592
204137.700000048,24.9759226998134,121.551250616985,25.5627174060792,-1.14292361527742,0.61048085548455,349.006535060873
204137.800000191,24.9759283224591,121.551252182486,25.55898403842,-1.27651344162507,0.683892072213431,346.929961375825
204137.900000095,24.9759337977783,121.551253633271,25.5718251336366,-1.28825136029213,0.672610507126308,344.9112907505
204138,24.9759395573692,121.551254684197,25.5620693555102,-1.11392563098351,0.582990006635316,342.937399478311
204138.100000143,24.9759452529886,121.551255531703,25.5364414006472,-1.31238302255756,0.433378437041171,340.965512389656
204138.200000048,24.9759512316374,121.551256484807,25.5755179850385,-1.28077881408277,0.305828842390796,339.107382771253
204138.300000191,24.9759572427795,121.551256953058,25.5588974831626,-1.10890603211132,0.173568510452746,337.305828898416
204138.400000095,24.9759631576796,121.551257349117,25.570361555554,-0.870481950252677,-0.00340121330401641,335.560828413013
204138.5,24.9759691494324,121.551257673037,25.5844868002459,-0.676566172792332,0.0384127863291974,334.000487230554
204138.600000143,24.9759750729884,121.551257579958,25.5787556739524,-0.683021264297578,0.163659704886017,332.543040749522
204138.700000048,24.9759810576212,121.551257521767,25.5646301992238,-0.664582288457642,0.246545985424679,331.232144779922
204138.800000191,24.9759871618046,121.551257273651,25.5632135346532,-0.625298263499902,0.297773344930984,330.001869020827
204138.900000095,24.9759932264588,121.551256732531,25.5548859555274,-0.479749267555204,0.348376493796966,328.884270949336
204139,24.9759993788652,121.551256702523,25.5412493878976,-0.447060954047,0.323698276520809,327.938773425039
204139.100000143,24.9760055049028,121.551256005283,25.5487519325688,-0.422459032949556,0.331504864626443,327.165508386843
204139.200000048,24.9760117180537,121.551255374089,25.5458689890802,-0.441093580970748,0.376467008715134,326.507650370871
204139.300000191,24.9760175073397,121.551254537807,25.5390615230426,-0.484338624760714,0.427903351514682,325.953698691427
204139.400000095,24.9760237420342,121.551253874029,25.5345628997311,-0.518801057984294,0.492534463792556,325.560349118785
204139.5,24.9760298963184,121.551253113423,25.5359367644414,-0.517358073902515,0.494052358006509,325.224878563245
204139.600000143,24.9760358171064,121.551252353337,25.538042191416,-0.529331425134985,0.504638832773975,324.889509205524
204139.700000048,24.976041911146,121.551251473501,25.5339769301936,-0.602246073340122,0.526625939891385,324.646854799609
204139.800000191,24.976048127389,121.551250474402,25.5371481301263,-0.625834161002261,0.534853053125027,324.41525741642
204139.900000095,24.9760541653916,121.551249506603,25.5375556666404,-0.70558747812216,0.532773861060686,324.161190390938
204140,24.9760601499926,121.551248458437,25.5379385463893,-0.757767145678554,0.571222209283949,323.894237198137
204140.100000143,24.9760663104737,121.551247467542,25.5434207087383,-0.804728131679939,0.645578442744673,323.651902907641
204140.200000048,24.9760723123084,121.551246553347,25.5381545191631,-0.854378783463349,0.673135656718295,323.386659059489
204140.300000191,24.9760783544342,121.551245575029,25.5424576522782,-0.97401337562257,0.699768270922057,323.178488635622
204140.400000095,24.9760844337098,121.551244605534,25.546259380877,-0.988440500063103,0.721536348831688,323.039360651805
204140.5,24.9760904083205,121.551243486782,25.5466159582138,-0.96750603490417,0.73731556278632,322.980976960077
204140.600000143,24.9760964390164,121.551242350604,25.5512582240626,-1.05366168304331,0.699207974542988,322.945428989336
204140.700000048,24.9761024887569,121.551241306507,25.554134523496,-1.14783922014647,0.706007697617297,322.934753869753
204140.800000191,24.976108532139,121.551240269338,25.5590145112947,-1.29328967407425,0.738518334760535,322.94733500544
204140.900000095,24.976114508585,121.551239164723,25.5631767688319,-1.36696226015121,0.760464607718604,322.948071700847
204141,24.9761206206375,121.551238174426,25.5647662766278,-1.39909501539403,0.742618954894688,322.995137298182
204141.100000143,24.9761264959978,121.551237160641,25.5793783171102,-1.40882929639817,0.728482527208926,323.064731664347
204141.200000048,24.9761326460419,121.551236067261,25.5803219964728,-1.4448674516445,0.733511422044011,323.087663893913
204141.300000191,24.9761386275525,121.55123493754,25.5816738829017,-1.41080369666011,0.668816456921672,323.167677044417
204141.400000095,24.976144588109,121.551233955966,25.598787532188,-1.39598194858698,0.6472778271857,323.248357499701
204141.5,24.9761505934814,121.551232979857,25.6043973313645,-1.39289564220411,0.693948041204836,323.284643975523
204141.600000143,24.9761566214125,121.551231885644,25.5996572561562,-1.28581137879463,0.677372740151732,323.364836337825
204141.700000048,24.9761625324328,121.551230870746,25.6063644373789,-1.27519567872974,0.678271932641594,323.468463737909
204141.800000191,24.9761685149757,121.551229827474,25.675351396203,-1.32781083540712,0.900854423979991,323.552386876896
204141.900000095,24.9761744479806,121.551228871883,25.6117787091061,-1.40931854582429,1.02507579295426,323.624260466072
204142,24.976180463642,121.551227850956,25.6027695881203,-1.30750351927054,0.716224269312326,323.736571033521
204142.100000143,24.976186644543,121.551227138371,25.6078608715907,-1.25437092464507,0.550498198128916,323.804123999407
204142.200000048,24.9761926293951,121.551226172952,25.6161781745031,-1.30696395722096,0.516686763999065,323.88502092081
204142.300000191,24.9761986679848,121.551225186918,25.6243801927194,-1.28488348238111,0.205273271367116,323.962460127586
204142.400000095,24.9762044800562,121.551224261355,25.6619367795065,-1.41242975167829,0.2620222533046,324.067089356654
204142.5,24.9762103648431,121.551223476063,25.6535389656201,-1.44122507018056,0.477295301634827,324.139561371607
204142.600000143,24.9762162887695,121.551222501167,25.6362607134506,-1.51547431421307,0.497398032021986,324.221170664438
204142.700000048,24.9762222449132,121.551221517641,25.6351749422029,-1.50456838351203,0.498447377395804,324.302171726377
204142.800000191,24.9762281768003,121.55122069318,25.6392556130886,-1.47164822348676,0.445616039358866,324.359706279485
204142.900000095,24.9762341018152,121.551219739297,25.6506859995425,-1.49722058036778,0.39314069704047,324.440153127619
204143,24.9762399405949,121.551218894398,25.652171115391,-1.52655812957609,0.421282052766852,324.544345610916
204143.100000143,24.9762461936674,121.551218026086,25.6555917048827,-1.57351765026438,0.48128207763241,324.626378187528
204143.200000048,24.9762519677247,121.551217110919,25.6604577600956,-1.58935432857054,0.500668110030426,324.696405435893
204143.300000191,24.9762581755164,121.551216247394,25.667486471124,-1.61151269455966,0.611769441347065,324.801790928946
204143.400000095,24.9762642231929,121.551215303781,25.6760048819706,-1.64233496547395,0.768547195334676,324.860936098629
204143.5,24.9762705399704,121.551214464478,25.678128760308,-1.56064510071011,0.947011364785009,324.921165222759
204143.600000143,24.9762767310493,121.55121353316,25.6890330743045,-1.52658366824426,1.12778046605124,325.004332661745
204143.700000048,24.9762832072319,121.551212498006,25.6827580854297,-1.53104510597176,1.26620051425891,325.075916477157
204143.800000191,24.9762898015502,121.551211642029,25.6847385466099,-1.49543725916363,1.31917275982911,325.134551823556
204143.900000095,24.9762965567292,121.551210607798,25.6940269926563,-1.32765430855132,1.35123569420546,325.21402770108
204144,24.9763033469153,121.551209662117,25.7020459668711,-1.14660642809437,1.3743980397257,325.304512719187
204144.100000143,24.9763103406305,121.551208686524,25.7020259452984,-1.05746442613521,1.33311084481724,325.361391482624
204144.200000048,24.9763175394479,121.551207711698,25.7081790175289,-1.06541187718135,1.19078247053988,325.441194022698
204144.300000191,24.9763248304055,121.55120679303,25.7204422252253,-1.03023264105031,1.12714991438764,325.509933913898
204144.400000095,24.9763320979154,121.551205843955,25.7261965489015,-0.997217733444249,1.07479948203948,325.578828643319
204144.5,24.9763394304869,121.551204857665,25.7407276146114,-0.932915520232878,1.098748549908,325.67080665584
204144.600000143,24.9763472408668,121.551203813993,25.7293720999733,-0.917817014847244,1.07794926803395,325.74016660858
204144.700000048,24.9763547888898,121.551202867613,25.7374904323369,-0.857747022313871,1.00791006457721,325.807229593802
204144.800000191,24.9763626432818,121.551201878573,25.7325510047376,-0.842349746410026,0.928812031231143,325.86482530999
204144.900000095,24.9763706840494,121.551200915802,25.7481974475086,-0.820139962858824,0.815970500690572,325.933506947876
204145,24.9763788124061,121.551199923563,25.742420473136,-0.856870184183641,0.819609800326193,326.037547759016
204145.100000143,24.97638699217,121.551198936042,25.7442387137562,-0.931377409556428,0.721874818160767,326.141042081287
204145.200000048,24.9763954544242,121.55119812513,25.7351893913001,-1.06860039298273,0.646328858145362,326.222231305407
204145.300000191,24.9764039001523,121.551197174562,25.7266870308667,-1.11802614140121,0.541683935619447,326.325248852276
204145.400000095,24.9764124704003,121.551196227276,25.7220695568249,-1.20086800625647,0.430078800373601,326.41686628247
204145.5,24.9764211928191,121.551195323392,25.7265492463484,-1.16482037025842,0.366079440996325,326.544026629712
204145.600000143,24.9764300021731,121.551194318372,25.7228773273528,-1.05305502059151,0.388411273389899,326.659005151284
204145.700000048,24.9764389204623,121.551193289178,25.7233815044165,-0.991422911644426,0.482477674734171,326.763374628594
204145.800000191,24.9764479220177,121.551192320485,25.7120986431837,-0.853194982434934,0.54587831585635,326.879814576168
204145.900000095,24.9764572035625,121.551191337419,25.7026729816571,-0.784188851576194,0.548039681032271,327.006009015949
204146,24.9764663516677,121.551190426772,25.6877939226106,-0.739171599982085,0.498408361683379,327.12061480083
204146.100000143,24.9764756667914,121.551189487029,25.6767812902108,-0.782071867529593,0.312581428201686,327.258806619823
204146.200000048,24.9764853646779,121.551188626147,25.663849150762,-0.792459119784738,0.0869643792161979,327.361039110062
204146.300000191,24.9764950032877,121.551187751128,25.6479194499552,-0.711524999379195,-0.341820604272212,327.473460898935
204146.400000095,24.9765046828898,121.551186764235,25.6376401577145,-0.553949017176628,-0.742053697142987,327.564383908694
204146.5,24.9765140155971,121.551186012278,25.6274003600702,-0.34578250725527,-0.943219463481808,327.59926852819
204146.600000143,24.9765238753953,121.551185119498,25.6184347923845,-0.273317329270718,-0.951040895109452,327.646707782172
204146.700000048,24.9765335410643,121.551184203596,25.5800858139992,-0.281291300968574,-0.964899506885548,327.738992141528
204146.800000191,24.9765431750325,121.551183286412,25.549940793775,-0.246057609214174,-1.01617513388109,327.807478736667
204146.900000095,24.9765529609819,121.551182490996,25.5199240371585,-0.232087232257752,-1.13062250697271,327.865605837784
204147,24.9765626119802,121.551181688521,25.4896226041019,-0.262686403732032,-1.2550847722982,327.933329125853
204147.100000143,24.9765722634829,121.551180903183,25.4580280696973,-0.223641234612917,-1.27007297737173,327.980572819163
204147.200000048,24.9765820994209,121.55118007319,25.4123913813382,-0.297585073889339,-1.46290823040283,328.047571753297
204147.300000191,24.9765919698006,121.551179315353,25.3728789687157,-0.272564193779775,-1.72787673576376,328.15103993322
204147.400000095,24.9766019041023,121.55117864134,25.337991533801,-0.274658526836183,-1.97537366315039,328.242804807324
204147.5,24.9766117550105,121.551177956385,25.3011110108346,-0.332537448738239,-2.12998145235466,328.332481723408
204147.600000143,24.9766216543885,121.551177087256,25.2560511380434,-0.394671889692751,-2.21470947266459,328.38925385852
204147.700000048,24.9766315225747,121.551176394778,25.1998655516654,-0.498110172261538,-2.32125908775192,328.489325504864
204147.800000191,24.9766417320363,121.551175778184,25.1540650241077,-0.538805708497406,-2.39038870659953,328.614759052353
204147.900000095,24.9766514312084,121.551175123856,25.1097174892202,-0.532089510653621,-2.35489915366046,328.765667649896
204148,24.9766615957014,121.551174432197,25.0642935615033,-0.576482671605397,-2.2017704193263,328.892109016318
204148.100000143,24.9766711570574,121.551173841722,25.0114899389446,-0.689848780231899,-2.00559709014408,329.018894833198
204148.200000048,24.9766811720813,121.551173177153,24.9558968907222,-0.699267952978241,-1.85595496484296,329.123422938022
204148.300000191,24.9766913366172,121.551172723837,24.9044680045918,-0.753398860670879,-1.86955499413162,329.226234897629
204148.400000095,24.9767012920585,121.551172168094,24.8714265953749,-0.908515157384998,-1.95404174066937,329.338211904191
204148.5,24.9767108895691,121.551171630325,24.8422400141135,-1.06361878545919,-1.88626053060212,329.474180312996
204148.600000143,24.9767206116896,121.551171144094,24.8114575082436,-1.11644308738057,-1.60584279478755,329.579820358976
204148.700000048,24.9767300156607,121.551170600037,24.7593942629173,-1.27398899275623,-1.43261316786501,329.683313380139
204148.800000191,24.9767396057624,121.551170266553,24.7212901292369,-1.2640503957422,-1.42009159882623,329.79875439381
204148.900000095,24.9767493832493,121.551169852793,24.6954296035692,-1.16472368381196,-1.38648571168794,329.938320061867
204149,24.9767586444352,121.551169524658,24.6648716107011,-1.12118240102328,-1.36604491307374,330.077044330825
204149.100000143,24.9767680072503,121.551169109185,24.6384657165036,-1.11697711023069,-1.33081523972939,330.169798729723
204149.200000048,24.9767772813883,121.551168681649,24.6173670049757,-1.13216673767137,-1.31236254286078,330.284982017411
204149.300000191,24.9767864555556,121.551168440921,24.5878557097167,-1.06212198189387,-1.35511181977407,330.354918768017
204149.400000095,24.9767956794399,121.551168076452,24.5448888102546,-1.0255850853701,-1.50072903296065,330.457806016061
204149.5,24.9768048467016,121.551167798133,24.527663952671,-0.945573418930325,-1.68209714674802,330.491592965378
204149.600000143,24.976813633557,121.551167407989,24.4955451730639,-0.848964754773476,-1.93028910520894,330.53682277677
204149.700000048,24.976822659981,121.551167103663,24.4539287658408,-0.769002602866818,-2.20611709474455,330.581972343311
204149.800000191,24.9768313420615,121.551166825245,24.4208684582263,-0.703289359561027,-2.52086640670051,330.614511383989
204149.900000095,24.976839883667,121.551166512499,24.3973133582622,-0.656992643399095,-2.70998721127604,330.614445180722
204150,24.9768483751618,121.551166332449,24.3622175548226,-0.611621484117749,-2.74664288973383,330.660987018904
204150.100000143,24.9768566757797,121.5511661266,24.3269369229674,-0.647214249892746,-2.64900304164785,330.66171741358
204150.200000048,24.976865012559,121.551165746874,24.2781825782731,-0.628041318814964,-2.58526836714172,330.638645696896
204150.300000191,24.9768732190749,121.551165492232,24.2202951265499,-0.615433238955739,-2.68786339230921,330.604131545024
204150.400000095,24.9768812550024,121.551165407447,24.176697849296,-0.655864123531904,-2.81519807767761,330.568208271741
204150.5,24.9768892934265,121.551165037189,24.1515873251483,-0.693750428872081,-2.85926737889734,330.508891859163
204150.600000143,24.9768969221529,121.551164704096,24.123845834285,-0.784742579870761,-2.7385736534753,330.392250688048
204150.700000048,24.9769045060581,121.551164300855,24.0744823887944,-0.934265005994738,-2.57246776750687,330.240594584245
204150.800000191,24.9769120494774,121.55116397804,24.0321563575417,-1.1192643627886,-2.50789365277458,330.018086254549
204150.900000095,24.9769193232553,121.551163611586,24.0028488989919,-1.18098667178934,-2.42318871090589,329.684541101734
204151,24.9769263703131,121.551163038721,23.9719896614552,-1.17195383315024,-2.29647907590345,329.225263792012
204151.100000143,24.976933556707,121.551162424812,23.9356957757846,-1.32795033184124,-2.17086710313263,328.659049416548
204151.200000048,24.9769404393609,121.551161748425,23.9003173802048,-1.49663034331983,-2.10209052021722,327.883362389196
204151.300000191,24.9769473727271,121.551161081869,23.8671362893656,-1.61585251657401,-2.15864067628674,326.969019422838
204151.400000095,24.9769541691399,121.5511602695,23.8432156536728,-1.64707203259196,-2.21399180382357,325.787546973204
204151.5,24.976960886404,121.551159203226,23.8304049819708,-1.71379106501915,-2.1569230952192,324.51452993389
204151.600000143,24.9769673292327,121.551158073266,23.8131053783,-1.68908441869138,-1.96367308725144,323.10428997514
204151.700000048,24.9769734412455,121.551156505817,23.7877760259435,-1.86235608828839,-1.82480408849012,321.524475780731
204151.800000191,24.9769797184166,121.551155092157,23.7637859219685,-1.86738797771662,-1.70267389941173,319.907608912779
204151.900000095,24.9769859449202,121.551153394933,23.7531902678311,-1.80640245384703,-1.53644982700902,318.231935484901
204152,24.9769916758565,121.551151348909,23.7253217082471,-1.73960844052659,-1.3939728518866,316.465904000451
204152.100000143,24.9769976092757,121.551149120107,23.7052540704608,-1.67730496938725,-1.40321887670142,314.622933852424
204152.200000048,24.9770033839423,121.551146800563,23.6832714788616,-1.39475549738302,-1.45270154499212,312.727202798773
204152.300000191,24.9770092040519,121.551144250136,23.6584913935512,-1.17085638910008,-1.53799032649322,310.76388926363
204152.400000095,24.9770143046788,121.551141433635,23.6498010316864,-0.896146145707338,-1.59341755640242,308.709595606334
204152.5,24.9770194206699,121.551138541207,23.648378662765,-0.788691057337989,-1.54940846760367,306.593950904462
204152.600000143,24.977024788451,121.551135443508,23.6345416232944,-0.750051852749531,-1.41911140035432,304.464246726519
204152.700000048,24.9770293768516,121.551132216192,23.5935559310019,-0.696848201191678,-1.37047832668442,302.25084511289
204152.800000191,24.9770341552293,121.551128868291,23.5819976581261,-0.459449299475123,-1.3636828705398,300.0605143192
204152.900000095,24.977038775251,121.55112527181,23.5645617470145,-0.233048236511337,-1.366053940591,297.915769227082
204153,24.9770430533721,121.551121344246,23.5367396818474,-0.132334859089514,-1.35809259957136,295.748341463425
204153.100000143,24.9770471902945,121.5511175354,23.5159834381193,-0.119996448916551,-1.45034911499843,293.5709154387
204153.200000048,24.9770512754952,121.551113542154,23.5014610253274,-0.093724420756059,-1.48795934263794,291.417270663794
204153.300000191,24.9770551419229,121.551109555582,23.4912702236325,-0.103939331160177,-1.44172867321261,289.330488080199
204153.400000095,24.9770589326759,121.551105245358,23.4739610990509,0.0650332797193149,-1.36268043421088,287.195434056181
204153.5,24.9770625236447,121.551100780523,23.4409169703722,0.282767177644031,-1.36730881741082,285.065680061077
204153.600000143,24.977065965673,121.551096107301,23.4092099545524,0.449046491079806,-1.40633072388097,282.929407484805
204153.700000048,24.9770691391453,121.551091303627,23.3645866122097,0.384617917035566,-1.5472414942138,280.768454305656
204153.800000191,24.977072531432,121.55108638947,23.3593909908086,0.288140481717138,-1.70384645860426,278.629114144349
204153.900000095,24.9770754598058,121.551081452722,23.3581477161497,0.316910747393882,-1.69976854015423,276.463372478912
204154,24.9770781559911,121.551076272993,23.3233385300264,0.316320529741675,-1.53603424215107,274.297974372983
204154.100000143,24.9770808533377,121.551071155047,23.2989538274705,0.300049565646779,-1.36690517864613,272.142252446199
204154.200000048,24.9770830609247,121.551065720521,23.2499080980197,0.0113014039753329,-1.33033425819411,269.941823568838
204154.300000191,24.9770856490671,121.551060473397,23.2027865219861,-0.455449333494917,-1.58683362550103,267.819579184259
204154.400000095,24.9770880540365,121.551054735575,23.202795070596,-0.631033538851033,-1.72216541230848,265.647996521072
204154.5,24.9770896677465,121.55104920657,23.1964907636866,-0.488203684555988,-1.5292599636934,263.5281325656
204154.600000143,24.9770913497961,121.55104322655,23.1532984338701,-0.473661781138011,-1.37691764761597,261.452651465563
204154.700000048,24.9770929900482,121.551037422118,23.1336814705282,-0.591556805257066,-1.47892654048042,259.425750792582
204154.800000191,24.9770948700836,121.551031674149,23.1138553135097,-0.815783928277061,-1.58378899974792,257.375900925142
204154.900000095,24.9770960047698,121.551025527522,23.0729693565518,-0.949611646334472,-1.810706089233,255.393153295559
204155,24.9770972717955,121.551019422356,23.037382482551,-0.713185888582945,-2.04345742110807,253.619672678118
204155.100000143,24.977098177088,121.551013084459,23.0306513961405,-0.494329944363464,-2.20256172263586,251.928900754173
204155.200000048,24.9770988614671,121.551007015338,23.0200559860095,-0.458511054637574,-2.19009836700522,250.324948014257
204155.300000191,24.9770995775446,121.551000856318,23.0048207947984,-0.56487313820484,-2.10582407801456,248.734786214779
204155.400000095,24.9771001736052,121.550994510647,22.9610272897407,-0.725997485621739,-2.0538308911602,247.159141091037
204155.5,24.9771004789814,121.550988283826,22.9374194508418,-0.728353544873387,-2.00474319569014,245.79698578335
204155.600000143,24.9771006136245,121.550981868592,22.906059470959,-0.701304929160007,-1.93202570016902,244.524323476022
204155.700000048,24.9771010714576,121.550975464598,22.8800614308566,-0.595765629658834,-1.79847848588955,243.34948309026
204155.800000191,24.9771010508648,121.55096895991,22.8532866509631,-0.444109786361759,-1.6915546720035,242.442335994942
204155.900000095,24.9771013266885,121.550962490193,22.8342867670581,-0.259982119150771,-1.53819570278929,241.648578244206
204156,24.9771008775325,121.550955970984,22.7979628089815,-0.26682093348839,-1.44420421140493,240.982464444717
204156.100000143,24.9771006781317,121.550949305317,22.7712480379269,-0.245734924656733,-1.41957491449935,240.461885035727
204156.200000048,24.9771005693327,121.550942580829,22.7430980717763,-0.172348721264152,-1.39960684808117,240.024133967089
204156.300000191,24.977100315809,121.550935706723,22.7141079865396,-0.142998985608256,-1.36612561811643,239.657679618034
204156.400000095,24.9771000772075,121.550928654628,22.6912455502898,-0.103514564054924,-1.33891353954492,239.307415814415
204156.5,24.9770996739145,121.550921726602,22.6750541189685,-0.0885992255598658,-1.2013444984253,239.023077739579
204156.600000143,24.9770992317736,121.550914605205,22.6398911289871,-0.133717826323127,-1.05278269648308,238.738186301144
204156.700000048,24.9770989872473,121.550907317364,22.6103362729773,-0.176031849503378,-0.986697676652324,238.460506516733
204156.800000191,24.9770983411876,121.55089996878,22.5817104075104,-0.190166480185005,-0.897448979979866,238.150920820267
204156.900000095,24.9770979273468,121.550892524277,22.5563160376623,-0.180360134566293,-0.877563462823035,237.825330479645
204157,24.9770972888277,121.550884948841,22.5261994889006,-0.209904123128225,-0.941195420471219,237.56369055485
204157.100000143,24.9770966295801,121.550877301191,22.4948571538553,-0.325375978930249,-1.07248867158497,237.218675198903
204157.200000048,24.977095993894,121.550869331757,22.4717844314873,-0.330097296204069,-1.17969889343173,236.924826492878
204157.300000191,24.977095329087,121.550861382865,22.4467237722129,-0.381105404588968,-1.27108466026709,236.532018730482
204157.400000095,24.9770944831669,121.550853298236,22.4318334311247,-0.473242857195473,-1.28017265588205,236.244493701549
204157.5,24.9770935982374,121.550845148124,22.4013222781941,-0.594806801361373,-1.22820842344037,235.899622315727
204157.600000143,24.9770927701141,121.550837087088,22.3665389791131,-0.693666045726392,-1.1628041661972,235.56427354902
204157.700000048,24.977091954443,121.550828488089,22.3489412600175,-0.760022251380313,-1.00796857452768,235.229968221167
204157.800000191,24.9770910720148,121.550819995319,22.3162944009528,-0.921002966697697,-0.912943938120415,234.933672349312
204157.900000095,24.9770898597988,121.550811289181,22.2788066351786,-0.989969145456624,-0.906757661803051,234.639800666149
204158,24.9770888245694,121.550802449763,22.2624430516735,-0.838070619093957,-0.759918156087199,234.362438824175
204158.100000143,24.9770876234502,121.550793510382,22.222061698325,-0.791758420592095,-0.707364070739733,234.044547795596
204158.200000048,24.9770865451328,121.550784433456,22.1980099556968,-0.596888470072672,-0.743746438351861,233.791127936
204158.300000191,24.9770849823713,121.55077512565,22.1533306753263,-0.490938717892421,-0.789058377268922,233.587691597198
204158.400000095,24.9770838307684,121.550765756162,22.1294730501249,-0.309854394401746,-1.06853982880198,233.439091572941
204158.5,24.9770822338508,121.550756348148,22.1301592709497,-0.264475121292039,-1.00249129640993,233.391618642573
204158.600000143,24.9770810369953,121.550747004905,22.1236184397712,-0.343120166471681,-0.654642648526179,233.449266084182
204158.700000048,24.9770796613714,121.550737238911,22.0844337176532,-0.581384384970812,-0.154449783334861,233.500961380514
204158.800000191,24.9770784170119,121.550727423179,22.0257119815797,-0.558723961974456,0.038943640901241,233.517951580968
204158.900000095,24.9770770579352,121.550717354315,21.994805580005,-0.552359424859453,-0.132900134526591,233.533138475146
204159,24.9770754802426,121.550707214915,21.9980005528778,-0.393046704587438,-0.285221754800648,233.532800781001
204159.100000143,24.9770739150864,121.550697217153,21.9857499692589,-0.407393721026525,-0.205633192303054,233.574322420884
204159.200000048,24.9770728257338,121.550686855435,21.9756927518174,-0.409488322501932,0.0325406584267584,233.648482156114
204159.300000191,24.9770713023411,121.550676499816,21.9445952111855,-0.339975656000459,0.193404818578546,233.664960371506
204159.400000095,24.9770697252698,121.550665840355,21.8972845543176,-0.243543364879487,0.0709507923897168,233.664537359873
204159.5,24.9770684073352,121.550655272726,21.8908765735105,-0.286169404692013,-0.192207326968515,233.689158793923
204159.600000143,24.9770668807837,121.550644647436,21.8862735005096,-0.625366507620758,-0.319817985233011,233.662641185442
204159.700000048,24.977065467672,121.550634055176,21.8987688561901,-0.653707487995523,0.0622932259847203,233.632701229255
204159.800000191,24.9770639131935,121.550623566648,21.8678237274289,-0.733530603256174,0.410143406654144,233.641757906042
204159.900000095,24.9770624765148,121.550612767995,21.8465406158939,-0.638606795248371,0.567353897888698,233.651527735493
204160,24.9770610215039,121.550602026925,21.8395830132067,-0.767358962957895,0.461889185895322,233.594165283665
204160.100000143,24.9770597048602,121.55059144993,21.8471723739058,-0.943907560967702,0.529069979828978,233.538137248579
204160.200000048,24.9770580857157,121.550580955614,21.8580345688388,-0.90072161889373,0.832996255280881,233.604403372458
204160.300000191,24.9770567131088,121.550570274787,21.8422904061154,-0.900144377533028,0.874077851197826,233.62997802893
204160.400000095,24.9770551883387,121.550559635748,21.8382831411436,-0.838902954436003,0.720848679573365,233.571093301196
204160.5,24.9770535710416,121.550548769185,21.8587984824553,-0.910189817306006,0.618026718752026,233.472152198121
204160.600000143,24.9770522081673,121.55053865455,21.8813778609037,-0.914451636065004,0.873005396936114,233.407666974729
204160.700000048,24.9770505156416,121.550528057406,21.8758098417893,-0.898200511673381,1.19716129672287,233.378052464732
204160.800000191,24.9770492623448,121.550517539798,21.8717155046761,-0.867309234732571,1.30155354052411,233.362505081961
204160.900000095,24.977047750152,121.550506937541,21.8726220820099,-0.691022210266522,1.19342874701878,233.318570163896
204161,24.9770463195851,121.550496578924,21.9031146690249,-0.654710394391175,1.08487126669973,233.276290055453
204161.100000143,24.9770449234619,121.550486318949,21.9033416360617,-0.958774490825883,0.948915969216998,233.179452773682
204161.200000048,24.9770436952207,121.550475785127,21.9269385272637,-1.07310779367791,1.08529072306838,233.140392172561
204161.300000191,24.9770420349678,121.550465494794,21.9299887279049,-1.1857865580662,1.26363928686294,233.04472335618
204161.400000095,24.9770407029258,121.550455318062,21.9498408362269,-1.02245282962884,1.5563148752319,232.978964732074
204161.5,24.977039101616,121.550445037616,21.9607875747606,-0.921689608064083,1.87872840186059,232.92289240665
204161.600000143,24.9770376954794,121.550434975251,21.9833950428292,-0.730626891000605,2.15076087893213,232.921494508084
204161.700000048,24.9770363584793,121.550424456377,21.9843128891662,-0.285388730431796,2.18780012229383,232.961251418024
204161.800000191,24.9770349806074,121.550414196776,21.9963389029726,-0.524918104939296,1.76709688690101,232.998453969833
204161.900000095,24.9770334418017,121.550404061144,22.0320355379954,-0.560154841306595,1.49750798371984,233.022958889741
204162,24.9770321343755,121.550393976567,22.0698219938204,-0.615198532450121,1.52039257024665,233.13839119055
204162.100000143,24.9770308257912,121.550384012052,22.0780559806153,-0.773615610630275,1.6154156059047,233.24646994358
204162.200000048,24.9770294943647,121.550373830474,22.0965074319392,-0.798155010970809,1.60199802467568,233.395842960016
204162.300000191,24.9770281890882,121.550363426068,22.1105674896389,-0.785144344472182,1.52155726894768,233.493686625355
204162.400000095,24.9770268621932,121.550353771586,22.1245269719511,-0.869538850270755,1.48127807087551,233.567818315663
204162.5,24.9770254460448,121.550343849135,22.1367924688384,-0.929239470636285,1.4952744964561,233.536665303668
204162.600000143,24.9770239287124,121.550333933689,22.1540742972866,-0.875232736491622,1.57179065001833,233.403457113685
204162.700000048,24.9770226277579,121.550323945938,22.1726991543546,-0.818174711332693,1.59108265613135,233.214897829911
204162.800000191,24.9770210244776,121.550314284709,22.1767930025235,-0.964904599506836,1.51753120538052,232.888547473599
204162.900000095,24.9770194946094,121.550304227093,22.1980208214372,-0.982917644943392,1.46784154535461,232.452721830117
204163,24.977017973228,121.550294694197,22.2145549803972,-1.0425258323396,1.37929985661298,231.902447777478
204163.100000143,24.9770161618135,121.550284979013,22.2296555498615,-1.04994622905892,1.32499506428237,231.278586674946
204163.200000048,24.9770146312879,121.550275143827,22.239871731028,-0.986160512370366,1.23309581833607,230.618944183038
204163.300000191,24.9770126306691,121.550265516291,22.2513321973383,-1.10103598641839,1.07388943420248,229.868493768915
204163.400000095,24.9770107721333,121.550256164598,22.2737831277773,-1.24754916341598,1.0674931750058,229.119639257864
204163.5,24.9770090225339,121.550246732083,22.2911878470331,-1.3866122158732,1.24354683889366,228.427003355433
204163.600000143,24.9770068950747,121.55023694365,22.303501968272,-1.37866715348033,1.38350619299552,227.65934957353
204163.700000048,24.977004533199,121.550227562549,22.2969079595059,-1.45193566429664,1.26846380306151,226.873699975622
204163.800000191,24.9770023448617,121.55021818745,22.3172937808558,-1.62759907995643,1.10161800286686,226.141983268576
204163.900000095,24.9769999132857,121.550209196828,22.3303636824712,-1.70462246844186,1.06247743820283,225.38528595494
204164,24.9769972895813,121.550199684549,22.3548531504348,-1.60572482760767,1.2043927570862,224.696294288936
204164.100000143,24.9769949313696,121.550190767699,22.3607427300885,-1.60635199829237,1.29446926770863,224.02329959233
204164.200000048,24.9769921598371,121.550181740841,22.3776436848566,-1.67804863277804,1.36991195217101,223.356922887369
204164.300000191,24.9769895332042,121.550172657975,22.3848034432158,-1.64817383479873,1.40536072811879,222.724153732234
204164.400000095,24.9769851117466,121.550164371959,22.3991152076051,-1.662068090155,1.35355212716608,222.255788031564
204164.5,24.9769826435654,121.550157505128,22.4203295847401,-1.67864536002155,1.28144787719447,222.085841471293
204164.600000143,24.9769797563713,121.550149249859,22.4288509981707,-1.74401018539012,1.17164268530871,221.447996802211
204164.700000048,24.976976769729,121.550140616249,22.4539364119992,-1.70509302541578,1.18351171757554,220.810876598749
204164.800000191,24.9769739003968,121.550132012553,22.4644181514159,-1.77421228531455,1.22816401452092,220.21664450845
204164.900000095,24.9769707977207,121.550123493007,22.486264180392,-1.67466181495708,1.32503732322512,219.550210269389
204165,24.9769674041631,121.550114902584,22.494320679456,-1.5781237384125,1.33036894759852,218.943561160535
204165.100000143,24.9769638283125,121.550106558203,22.5171986771747,-1.42506694842998,1.32856563094687,218.387431409181
204165.200000048,24.9769604616308,121.550098175687,22.5344340652227,-1.24279916885838,1.3913494917523,217.852753019187
204165.300000191,24.9769573270416,121.55008986606,22.5360675593838,-1.18635536947232,1.3165052715173,217.461629233202
204165.400000095,24.9769537929237,121.550081417503,22.5502992477268,-1.27925898693663,1.09825919262332,217.055088282182
204165.5,24.9769497833787,121.55007324633,22.577203518711,-1.33525811337962,0.955337709305537,216.613067462915
204165.600000143,24.9769465402547,121.55006533771,22.5840101037174,-1.44447398059012,0.924251721976649,216.223943617305
204165.700000048,24.976943199653,121.550056993206,22.6031577289104,-1.56552380802361,1.04815369980474,215.801194867714
204165.800000191,24.97693933248,121.55004915034,22.606472983025,-1.63513549834982,1.09331444068628,215.351425776699
204165.900000095,24.976935034812,121.550040950516,22.6251044990495,-1.71852204612685,1.04249289506156,214.838941458858
204166,24.9769317103282,121.550033149072,22.6360646802932,-1.71257496540322,0.936743106107347,214.32476138235
204166.100000143,24.9769278363479,121.550025352435,22.6573996143416,-1.76446666008549,0.854838178320385,213.811372083564
204166.200000048,24.9769237409919,121.550017581772,22.6658740891144,-1.90556467711471,0.799358460892675,213.186165736751
204166.300000191,24.9769198946056,121.550009726206,22.6677822079509,-2.14423459286267,0.810567393707139,212.562705912324
204166.400000095,24.9769158665597,121.550002097238,22.6730039333925,-2.17962984313815,0.863808209527953,211.902702314406
204166.5,24.9769117043877,121.549994377943,22.6870079459623,-2.28827833484638,0.846604875519809,211.195566191696
204166.600000143,24.9769079239825,121.549987181239,22.7061678785831,-2.24364431372787,0.834064848435621,210.564198455905
204166.700000048,24.9769036853684,121.549980001554,22.7119951294735,-2.28250482385727,0.712001521024056,209.818369915798
204166.800000191,24.976899044128,121.549972453577,22.7252304786816,-2.38644574515079,0.611959432538365,208.924330927477
204166.900000095,24.9768953908409,121.549965337508,22.7256056023762,-2.60504118439542,0.53446518406264,208.040354273896
204167,24.9768898656662,121.549958242405,22.7468369044363,-2.76093265962872,0.583690312173576,206.958556869844
204167.100000143,24.9768856524736,121.549951302131,22.7440556697547,-2.70341568349034,0.655888588913605,205.85071781063
204167.200000048,24.9768809645597,121.54994477491,22.76620054245,-2.65854270770402,0.653855567896133,204.786146607575
204167.300000191,24.9768760018787,121.549938348105,22.7817214448005,-2.6698421812191,0.560201823808181,203.626099341573
204167.400000095,24.9768712050009,121.549931479869,22.8007463812828,-2.88382877653204,0.495687289731195,202.37378721965
204167.5,24.9768660034285,121.549925235249,22.8062709253281,-3.04445748631718,0.495582306312725,201.116024931609
204167.600000143,24.976860926011,121.549919003283,22.8051840895787,-3.16771440953951,0.544194692844773,199.841733879073
204167.700000048,24.9768559341629,121.549912878826,22.8261286392808,-3.13856187984825,0.628932330686829,198.448146849934
204167.800000191,24.9768507077887,121.54990688852,22.8295571189374,-3.14646752750901,0.554556526903411,197.057744750697
204167.900000095,24.9768450130708,121.549901015616,22.84629413113,-2.8488260983608,0.509419659546048,195.597864092054
204168,24.9768390222511,121.549895569061,22.8530385736376,-2.72220726820325,0.376630378183871,194.190950902278
204168.100000143,24.9768331975388,121.549890353402,22.8628522511572,-2.68679815288562,0.166776385728107,192.742064879998
204168.200000048,24.9768280824378,121.54988482721,22.8771496154368,-2.68804503694501,0.221487993481893,191.491665628348
204168.300000191,24.9768220805635,121.549879704939,22.8868238022551,-2.81222720711226,0.321508329934491,190.084835823083
204168.400000095,24.976815977727,121.549874664996,22.8951439354569,-2.94449934505326,0.377559399931475,188.657641090537
204168.5,24.9768091077181,121.549870948237,22.8929876442999,-3.0713978739591,0.456439818013948,187.092060899301
204168.600000143,24.976803691148,121.549866691445,22.9082260746509,-2.99703626484995,0.466116304668546,185.798939946249
204168.700000048,24.9767969534165,121.549862328401,22.922997684218,-3.05225448219178,0.427062546863881,184.368250135542
204168.800000191,24.9767909015481,121.549858153698,22.9326527984813,-3.10284643310551,0.536746806484281,183.015819067878
204168.900000095,24.9767844841434,121.549854336298,22.9367973264307,-3.04192132017896,0.618019057521654,181.63044208999
204169,24.9767779545466,121.549850681671,22.9602211844176,-2.98888464043283,0.664876129793447,180.315871256519
204169.100000143,24.9767716863857,121.549846965305,22.9718860536814,-2.99468934805721,0.654986211526617,178.90976638054
204169.200000048,24.9767651199655,121.549843551118,22.9682096038014,-2.9380740912065,0.496275172576453,177.548422166428
204169.300000191,24.9767589061724,121.549840568948,22.9941571606323,-2.93732994499545,0.334425518937884,176.260307454384
204169.400000095,24.9767522912356,121.549837458886,23.0009073745459,-3.0428255926497,0.175964077811301,174.881452976714
204169.5,24.9767455157952,121.549834553341,23.0202597351745,-3.02013824537707,-0.0177945432682432,173.468560693796
204169.600000143,24.9767390656182,121.549832036039,23.0317221311852,-3.11646844445832,-0.1029906271742,172.152158070554
204169.700000048,24.9767325104033,121.54982942149,23.0385601492599,-3.13942685332624,-0.101882884976144,170.82788819573
204169.800000191,24.9767257765812,121.549826792554,23.0578163778409,-3.11342398674445,-0.0449694475459965,169.633772104899
204169.900000095,24.9767190493845,121.549824722878,23.0520921815187,-3.25818317272811,-0.0251457520767446,168.496569081351
204170,24.9767124356657,121.549822727142,23.0414821477607,-3.18265627924145,-0.148503573125114,167.390538362532
204170.100000143,24.9767056486637,121.549820879858,23.0446538524702,-3.05692984128427,-0.375533370762882,166.282693332642
204170.200000048,24.976698877253,121.549819264486,23.0630151713267,-2.97412634342374,-0.569051342881409,165.119256775319
204170.300000191,24.9766921651325,121.549817683197,23.0611819904298,-3.01358791318638,-0.808483207601034,163.954458450275
204170.400000095,24.9766855900022,121.549816324752,23.0501185292378,-2.97974436991868,-0.994624254329351,162.803283630802
204170.5,24.9766788960682,121.549815067818,23.0634111557156,-2.87614451167506,-1.01116893871035,161.703210730616
204170.600000143,24.9766721213105,121.549813997172,23.0560878915712,-2.80574448855344,-1.0043085044315,160.59206750671
204170.700000048,24.9766656043388,121.549813083003,23.0443921778351,-2.79318481396642,-1.04429600955165,159.559498370915
204170.800000191,24.9766590024861,121.54981216303,23.0464056404307,-2.82383238706869,-1.02788310247825,158.596463368485
204170.900000095,24.9766522645201,121.549811413239,23.0394042925909,-2.82602299108583,-1.06277401765635,157.655291611206
204171,24.9766458950121,121.549810831811,23.037820561789,-2.86762552306417,-1.08773042001439,156.794246142444
204171.100000143,24.9766392813424,121.549810382297,23.0368213541806,-2.91091661328199,-1.02788455933876,155.9005886743
204171.200000048,24.976632992029,121.5498099481,23.018985060975,-3.06747631341168,-1.02744780816089,155.118393782837
204171.300000191,24.9766261545316,121.549809516305,23.0266228029504,-3.03664279878203,-0.97178276233364,154.327819061532
204171.400000095,24.9766197165751,121.549809363687,23.0169175220653,-3.14027045426856,-0.943439505137252,153.592590372508
204171.5,24.9766132628749,121.549809058441,23.0099542476237,-3.20716545767136,-0.916929442516169,152.891979781428
204171.600000143,24.976606969657,121.549808957185,23.0064502088353,-3.24809414869374,-0.897864733325143,152.294308112161
204171.700000048,24.9766005091103,121.549809168829,23.0054918928072,-3.33313516250147,-0.89012706228304,151.707402329711
204171.800000191,24.9765940289939,121.549809299383,23.0046042818576,-3.27703614685756,-0.785534781684534,151.077708786766
204171.900000095,24.9765877571289,121.549809503982,22.9911181740463,-3.34189013346461,-0.760159378196049,150.491567517024
204172,24.9765814481036,121.549809749424,22.9868532642722,-3.38772209833554,-0.764555975005261,149.892259306019
204172.100000143,24.9765750637787,121.549810090748,22.9925363352522,-3.55390718213224,-0.809231516182808,149.312538820045
204172.200000048,24.9765688198584,121.549810508736,22.9804309094325,-3.48514497124233,-0.800354895256908,148.806808060626
204172.300000191,24.9765627090365,121.549811040535,22.9933529598638,-3.43042601129979,-0.78278458648838,148.27724486878
204172.400000095,24.9765567469644,121.549811451187,22.9894073903561,-3.47909426413418,-0.776102428019895,147.722557267585
204172.5,24.9765505937778,121.549812020322,22.9791497467086,-3.60955170535547,-0.823303043064993,147.21248661644
204172.600000143,24.9765446026379,121.549812613193,22.9829801106825,-3.55152991961592,-0.877699095089136,146.749054264224
204172.700000048,24.9765386741604,121.549813222489,22.9958087643608,-3.50758570711035,-0.809337830693417,146.370380968875
204172.800000191,24.9765330160028,121.549813911924,22.9860329534858,-3.56173929182279,-0.7750063018665,146.046815398225
204172.900000095,24.9765271596211,121.549814584268,23.0045770648867,-3.45155418673823,-0.625014906614226,145.7179686825
204173,24.9765214724721,121.549815088779,22.9781321724877,-3.43265807874676,-0.542862876909365,145.454628042317
204173.100000143,24.9765160065188,121.549816047067,22.9746370697394,-3.41410444290474,-0.695837493317792,145.229681317529
204173.200000048,24.976510477882,121.549816793121,22.9802667396143,-3.38910283255415,-0.764403815710286,144.961900861054
204173.300000191,24.9765050191392,121.549817703206,22.9844518518075,-3.47565442307278,-0.863978797854755,144.621064173012
204173.400000095,24.97649968425,121.549818593525,22.9909127643332,-3.40974683729715,-0.908244645824351,144.203546303825
204173.5,24.9764945260236,121.549819661955,23.0106205865741,-3.40493714657142,-0.811757335573791,143.755774480287
204173.600000143,24.9764894938332,121.549820404169,22.9996827794239,-3.23631316521632,-0.652305850205346,143.356187596855
204173.700000048,24.9764846307408,121.549821108455,22.9964076261967,-3.14938065358031,-0.618352383317826,143.125784163656
204173.800000191,24.9764754692306,121.549822381891,22.9955290593207,-2.84301363304427,-0.50757474262706,143.213011169011
204173.900000095,24.9764708804137,121.549823157975,22.9933458594605,-2.90184861471069,-0.56951287018168,143.395929639669
204174,24.9764665445022,121.549823861402,22.9938004054129,-2.90928655739743,-0.656928332570468,143.567106966203
204174.100000143,24.9764624850516,121.54982452167,23.0016012284905,-3.01072257592621,-0.738421096681309,143.737827809963
204174.200000048,24.9764583117094,121.549825103515,22.9998862361535,-3.06403727008935,-0.763456540424486,143.864923129853
204174.300000191,24.9764545331953,121.549825769875,23.0018520755693,-3.09467451173354,-0.785364325512611,144.026239907061
204174.400000095,24.9764507683496,121.549826316562,22.9978688778356,-3.05142141242723,-0.828107243996009,144.176173288174
204174.5,24.9764473145486,121.54982684913,23.0104388650507,-3.03735861442028,-0.840336279817625,144.291034115049
204174.600000143,24.9764439798109,121.549827397979,23.0058992980048,-3.07701152347321,-0.875083218470967,144.429244185036
204174.700000048,24.9764410578177,121.549827773917,23.0081366570666,-3.08711645945723,-0.880956764728563,144.568436028079
204174.800000191,24.9764381014514,121.549828252818,23.0032191574574,-3.16734214532871,-0.887365337365432,144.660046659454
204174.900000095,24.9764354570586,121.549828696043,23.007246135734,-3.15105481563044,-0.910573446066481,144.763291272414
204175,24.9764331190783,121.549829005255,23.0060794241726,-3.21787604982068,-0.925902397805978,144.84339057431
204175.100000143,24.9764310883519,121.549829265486,23.0030524702743,-3.19468590297109,-0.924121286143495,144.936040549953
204175.200000048,24.9764291671158,121.549829672822,23.0010689692572,-3.2524210984428,-0.926141734276137,145.01657928485
204175.300000191,24.9764276280774,121.549829896584,23.0031622080132,-3.21119543642142,-0.897122498044851,145.098788003088
204175.400000095,24.9764260826989,121.549830134223,23.0086617954075,-3.17743221717911,-0.890822668308314,145.110581407762
204175.5,24.9764251123038,121.549830205865,23.006419274956,-3.19023788937792,-0.884045623458372,145.191733007809
204175.600000143,24.9764240800871,121.549830444845,23.006051003933,-3.2170010840144,-0.866996700008681,145.226072663945
204175.700000048,24.976423447522,121.54983054821,23.0043760091066,-3.22778160530232,-0.870171110810794,145.261539808333
204175.800000191,24.9764229183076,121.549830635425,23.0095809362829,-3.20752178964513,-0.854483966629308,145.262133016091
204175.900000095,24.9764226246665,121.549830698739,23.0064449915662,-3.21633800972287,-0.809865714154123,145.274676246005
204176,24.9764224783261,121.549830673966,23.0044546946883,-3.22291583206442,-0.776814346516814,145.298273099795
204176.100000143,24.976422541238,121.549830638818,23.0033324444667,-3.22731910147529,-0.754670414284496,145.31022429441
204176.200000048,24.9764223854325,121.54983074343,23.005994476378,-3.2745111917293,-0.75202130456655,145.298631747054
204176.300000191,24.9764225504165,121.549830645842,23.0135340765119,-3.28543154233281,-0.637756415311438,145.313194326608
204176.400000095,24.9764226029405,121.549830627808,23.0191200161353,-3.28737183837257,-0.509683059914027,145.316858753613
204176.5,24.9764225620874,121.549830660972,23.0060384282842,-3.31206383561251,-0.502910021539061,145.31694465702
204176.600000143,24.9764224106954,121.549830675288,23.007464248687,-3.30541286466642,-0.536287221609585,145.304653591726
204176.700000048,24.9764225131068,121.549830687219,23.0089553268626,-3.33690242005238,-0.554217649043742,145.303983803116
204176.800000191,24.9764224383512,121.549830617188,23.0172377321869,-3.29861925215777,-0.511247625389766,145.294049502414
204176.900000095,24.9764225223379,121.549830657928,23.0020424872637,-3.3391208252888,-0.542980529499696,145.304300606994
204177,24.97642248448,121.549830647776,23.0079435752705,-3.31443054168385,-0.549755497902083,145.304221681571
204177.100000143,24.9764225113388,121.549830651797,23.0122416187078,-3.30540486194671,-0.536622003343545,145.316001190699
204177.200000048,24.9764224792914,121.549830722953,23.0089739244431,-3.33010338452576,-0.529512111802288,145.304734891296
204177.300000191,24.9764224977502,121.549830615807,23.008629203774,-3.3166489328412,-0.538518230948374,145.304536370688
204177.400000095,24.9764224534948,121.549830647798,23.0114477397874,-3.3166489328412,-0.538518230948374,145.304536370688
204177.5,24.9764225281612,121.549830641512,23.0099353026599,-3.31443054168385,-0.549755497902083,145.304221681571
204177.600000143,24.9764224827392,121.54983066136,23.0116491941735,-3.30763131486469,-0.525049853236201,145.304967659083
204177.700000048,24.9764224376608,121.549830678402,23.0098619069904,-3.32788491980771,-0.540749333475119,145.304418709122
204177.800000191,24.9764224735181,121.54983066203,23.0089506655931,-3.30541286466642,-0.536287221609585,145.304653591726
204177.900000095,24.9764224909928,121.549830632755,23.0087367901579,-3.30541286466642,-0.536287221609585,145.304653591726
204178,24.9764225674586,121.549830654764,23.0071352720261,-3.3166489328412,-0.538518230948374,145.304536370688
204178.100000143,24.9764225314632,121.54983067917,23.0067496886477,-3.3166489328412,-0.538518230948374,145.304536370688
204178.200000048,24.9764224990527,121.549830683056,23.0081555498764,-3.32788491980771,-0.540749333475119,145.304418709122
204178.300000191,24.9764224801569,121.549830695135,23.0075628263876,-3.32788491980771,-0.540749333475119,145.304418709122
204178.400000095,24.9764225040216,121.54983063076,23.0094342743978,-3.3166489328412,-0.538518230948374,145.304536370688
204178.5,24.9764224666258,121.549830665955,23.0089531317353,-3.3166489328412,-0.538518230948374,145.304536370688
204178.600000143,24.9764225027451,121.549830619536,23.0099300201982,-3.32789298995433,-0.540412274167928,145.293071551541
204178.700000048,24.9764224862707,121.549830634014,23.0088379168883,-3.34133929729059,-0.531743381557844,145.304617846538
204178.800000191,24.9764224935229,121.549830655283,23.0056453123689,-3.32788491980771,-0.540749333475119,145.304418709122
204178.900000095,24.9764225092481,121.549830653653,23.0077425921336,-3.3166489328412,-0.538518230948374,145.304536370688
204179,24.9764225268815,121.549830658358,23.008942110464,-3.3166489328412,-0.538518230948374,145.304536370688
204179.100000143,24.9764225057013,121.549830667023,23.0097483554855,-3.30541286466642,-0.536287221609585,145.304653591726
204179.200000048,24.9764224820662,121.549830680423,23.0076567707583,-3.3166489328412,-0.538518230948374,145.304536370688
204179.300000191,24.9764225351611,121.549830671749,23.0066462690011,-3.3166489328412,-0.538518230948374,145.304536370688
204179.400000095,24.9764225283961,121.549830632606,23.0084317466244,-3.32788491980771,-0.540749333475119,145.304418709122
204179.5,24.9764225221768,121.549830652541,23.0109404586256,-3.3166489328412,-0.538518230948374,145.304536370688
204179.600000143,24.9764225174504,121.549830653816,23.0106415888295,-3.30763131486469,-0.525049853236201,145.304967659083
204179.700000048,24.9764225255115,121.549830647995,23.0125382356346,-3.30763131486469,-0.525049853236201,145.304967659083
204179.800000191,24.9764225365811,121.549830625816,23.0100279925391,-3.3166489328412,-0.538518230948374,145.304536370688
204179.900000095,24.9764224692886,121.54983066644,23.0072529539466,-3.32788491980771,-0.540749333475119,145.304418709122
204180,24.9764225188346,121.549830643085,23.0092371599749,-3.3166489328412,-0.538518230948374,145.304536370688
204180.100000143,24.9764224871872,121.549830676161,23.0091544194147,-3.32788491980771,-0.540749333475119,145.304418709122
204180.200000048,24.9764225184659,121.549830688068,23.00865494553,-3.3166489328412,-0.538518230948374,145.304536370688
204180.300000191,24.9764224557575,121.549830644275,23.0083460239694,-3.31665693601839,-0.538182314143348,145.293189147421
204180.400000095,24.9764225282743,121.549830633567,23.0089321453124,-3.3166489328412,-0.538518230948374,145.304536370688
204180.5,24.9764225285385,121.5498306456,23.0092368591577,-3.3166489328412,-0.538518230948374,145.304536370688
204180.600000143,24.9764225250864,121.549830616018,23.0100256586447,-3.3166489328412,-0.538518230948374,145.304536370688
204180.700000048,24.9764224818194,121.549830654298,23.0095465155318,-3.30542080087968,-0.535952447324512,145.293306302995
204180.800000191,24.976422547195,121.549830635428,23.0112303802744,-3.3166489328412,-0.538518230948374,145.304536370688
204180.900000095,24.9764225192119,121.549830640159,23.008835952729,-3.3166489328412,-0.538518230948374,145.304536370688
204181,24.9764225063233,121.549830655156,23.008743584156,-3.30541286466642,-0.536287221609585,145.304653591726
204181.100000143,24.9764224889454,121.5498306555,23.0073460210115,-3.30541286466642,-0.536287221609585,145.304653591726
204181.200000048,24.976422501735,121.549830648397,23.0097415372729,-3.3166489328412,-0.538518230948374,145.304536370688
204181.300000191,24.9764225043923,121.549830648901,23.0075413631275,-3.32788491980771,-0.540749333475119,145.304418709122
204181.400000095,24.9764225028669,121.549830674692,23.0070517351851,-3.3166489328412,-0.538518230948374,145.304536370688
204181.5,24.9764224973881,121.549830639723,23.0095386933535,-3.30541286466642,-0.536287221609585,145.304653591726
204181.600000143,24.9764224884377,121.549830666433,23.0071503994986,-3.32566652161877,-0.551986526850892,145.304102962612
204181.700000048,24.9764225040292,121.549830623718,23.010431503877,-3.3166489328412,-0.538518230948374,145.304536370688
204181.800000191,24.9764225308587,121.549830634858,23.0117323352024,-3.3166489328412,-0.538518230948374,145.304536370688
204181.900000095,24.9764224987831,121.549830635968,23.008837020956,-3.32788491980771,-0.540749333475119,145.304418709122
204182,24.9764225291583,121.5498306618,23.0068431459367,-3.3166489328412,-0.538518230948374,145.304536370688
204182.100000143,24.9764225220246,121.549830674655,23.0077491747215,-3.3166489328412,-0.538518230948374,145.304536370688
204182.200000048,24.9764225419576,121.549830661677,23.0098414188251,-3.32788491980771,-0.540749333475119,145.304418709122
204182.300000191,24.976422497262,121.549830654729,23.0090446239337,-3.3166489328412,-0.538518230948374,145.304536370688
204182.400000095,24.9764224769398,121.549830642617,23.0074425404891,-3.30763131486469,-0.525049853236201,145.304967659083
204182.5,24.9764225013219,121.549830651451,23.0068427724764,-3.3166489328412,-0.538518230948374,145.304536370688
204182.600000143,24.9764225567652,121.549830617903,23.0115221943706,-3.30541286466642,-0.536287221609585,145.304653591726
204182.700000048,24.9764225180713,121.549830655982,23.0089423451573,-3.32788491980771,-0.540749333475119,145.304418709122
204182.800000191,24.9764224915157,121.549830656841,23.0088462205604,-3.30541286466642,-0.536287221609585,145.304653591726
204182.900000095,24.9764225032561,121.549830671724,23.0077505176887,-3.30541286466642,-0.536287221609585,145.304653591726
204183,24.9764225329811,121.549830646391,23.0068365586922,-3.32566652161877,-0.551986526850892,145.304102962612
204183.100000143,24.9764225303292,121.549830638853,23.0098339654505,-3.3166489328412,-0.538518230948374,145.304536370688
204183.200000048,24.976422509608,121.54983062273,23.0069303410128,-3.30541286466642,-0.536287221609585,145.304653591726
204183.300000191,24.9764224842223,121.549830663778,23.0070499135181,-3.3166489328412,-0.538518230948374,145.304536370688
204183.400000095,24.9764225189444,121.549830642166,23.007636770606,-3.31443054168385,-0.549755497902083,145.304221681571
204183.5,24.9764225411574,121.549830646647,23.0073355762288,-3.3166489328412,-0.538518230948374,145.304536370688
204183.600000143,24.9764225382316,121.549830627111,23.0091282743961,-3.30541286466642,-0.536287221609585,145.304653591726
204183.700000048,24.9764225002009,121.549830653175,23.0093436222523,-3.30541286466642,-0.536287221609585,145.304653591726
204183.800000191,24.9764225270011,121.549830678449,23.0073500042781,-3.30541286466642,-0.536287221609585,145.304653591726
204183.900000095,24.9764224981318,121.549830626895,23.0080335233361,-3.3166489328412,-0.538518230948374,145.304536370688
204184,24.9764225365474,121.54983064698,23.0060363095254,-3.32788491980771,-0.540749333475119,145.304418709122
204184.100000143,24.9764224650624,121.549830621735,23.0079358909279,-3.30541286466642,-0.536287221609585,145.304653591726
204184.200000048,24.9764224906144,121.549830684788,23.0069573465735,-3.3166489328412,-0.538518230948374,145.304536370688
204184.300000191,24.9764224864142,121.549830661034,23.0091485567391,-3.3166489328412,-0.538518230948374,145.304536370688
204184.400000095,24.9764225009446,121.549830647362,23.0075412159786,-3.3166489328412,-0.538518230948374,145.304536370688
204184.5,24.9764224799004,121.549830676059,23.0082553420216,-3.3166489328412,-0.538518230948374,145.304536370688
204184.600000143,24.9764225202133,121.549830639387,23.00703550037,-3.30541286466642,-0.536287221609585,145.304653591726
204184.700000048,24.9764224747956,121.549830638176,23.0100410971791,-3.29418458481531,-0.533722673401486,145.293423018299
204184.800000191,24.976422524184,121.549830629939,23.0086312573403,-3.30541286466642,-0.536287221609585,145.304653591726
204184.900000095,24.9764225006988,121.549830670336,23.0074503077194,-3.32788491980771,-0.540749333475119,145.304418709122
204185,24.9764225000747,121.549830654152,23.0094440262765,-3.3166489328412,-0.538518230948374,145.304536370688
204185.100000143,24.9764224944503,121.549830669332,23.0081507498398,-3.32788491980771,-0.540749333475119,145.304418709122
204185.200000048,24.9764224703345,121.549830658495,23.0098497020081,-3.30541286466642,-0.536287221609585,145.304653591726
204185.300000191,24.9764225139907,121.549830645305,23.0098386863247,-3.30541286466642,-0.536287221609585,145.304653591726
204185.400000095,24.9764225052948,121.549830656024,23.0080440565944,-3.3166489328412,-0.538518230948374,145.304536370688
204185.5,24.9764225291442,121.549830633791,23.0067321006209,-3.32788491980771,-0.540749333475119,145.304418709122
204185.600000143,24.9764224919299,121.549830646769,23.0121422214434,-3.30541286466642,-0.536287221609585,145.304653591726
204185.700000048,24.9764224764461,121.5498306535,23.0085469083861,-3.30542080087968,-0.535952447324512,145.293306302995
204185.800000191,24.976422528009,121.549830656611,23.0070412540808,-3.3166489328412,-0.538518230948374,145.304536370688
204185.900000095,24.9764225048969,121.549830630965,23.0077342242002,-3.3166489328412,-0.538518230948374,145.304536370688
204186,24.9764224703367,121.549830665502,23.009752465412,-3.31665693601839,-0.538182314143348,145.293189147421
204186.100000143,24.9764224582092,121.54983066761,23.0097549119964,-3.3166489328412,-0.538518230948374,145.304536370688
204186.200000048,24.976422555205,121.54983061576,23.0090215373784,-3.30541286466642,-0.536287221609585,145.304653591726
204186.300000191,24.9764225438517,121.54983063299,23.0091298464686,-3.30541286466642,-0.536287221609585,145.304653591726
