gpstime,lat,lon,alt,stdlat,stdlon,stdalt,roll,pitch,head,mntroll,mntpitch,mntyaw,quality,HDOP,numSV,sep
204002.8,24.9770183333,121.5511768333,24.1,0.039,0.046,0.51,0.51397,-0.89611,18.99361,0.71,3.95,359.48,2,0.58,12,17.1
204003.1,24.9770183333,121.5511768333,24.1,0.039,0.046,0.51,0.50642,-0.89646,18.99262,0.71,3.95,359.48,2,0.58,12,17.1
204003.4,24.9770183333,121.5511768333,24.1,0.039,0.046,0.51,0.52243,-0.90289,18.99185,0.71,3.95,359.48,2,0.58,12,17.1
204003.7,24.9770183333,121.5511768333,24.1,0.039,0.046,0.51,0.51431,-0.90215,18.99282,0.71,3.95,359.48,2,0.58,12,17.1
204004.0,24.9770183333,121.5511768333,24.1,0.039,0.046,0.51,0.52404,-0.89785,18.99301,0.71,3.95,359.48,2,0.58,12,17.1
204004.1,24.9770183333,121.5511768333,24.1,0.039,0.046,0.51,0.52448,-0.89935,18.99397,0.71,3.95,359.48,2,0.58,12,17.1
204004.2,24.9770183333,121.5511768333,24.1,0.039,0.046,0.51,0.52302,-0.90113,18.99502,0.71,3.95,359.48,2,0.58,12,17.1
204004.3,24.9770183333,121.5511768333,24.1,0.039,0.046,0.51,0.53218,-0.90585,18.99614,0.71,3.95,359.48,2,0.58,12,17.1
204004.4,24.9770183333,121.5511768333,24.1,0.039,0.046,0.51,0.53186,-0.91188,18.99515,0.71,3.95,359.48,2,0.58,12,17.1
204004.5,24.9770183333,121.5511768333,24.1,0.039,0.046,0.51,0.53288,-0.91229,18.99376,0.71,3.95,359.48,2,0.58,12,17.1
204004.6,24.9770183333,121.5511768333,24.1,0.039,0.046,0.51,0.53467,-0.91563,18.99283,0.71,3.95,359.48,2,0.58,12,17.1
204004.7,24.9770183333,121.5511768333,24.1,0.039,0.046,0.51,0.53827,-0.91707,18.99392,0.71,3.95,359.48,2,0.58,12,17.1
204004.8,24.9770183333,121.5511768333,24.1,0.039,0.046,0.51,0.54008,-0.91388,18.99375,0.71,3.95,359.48,2,0.58,12,17.1
204004.9,24.9770183333,121.5511768333,24.1,0.039,0.046,0.51,0.53639,-0.91139,18.99215,0.71,3.95,359.48,2,0.58,12,17.1
204005.0,24.9770183333,121.5511768333,24.1,0.039,0.046,0.51,0.53015,-0.90555,18.99243,0.71,3.95,359.48,2,0.58,12,17.1
204005.1,24.9770183333,121.5511768333,24.1,0.039,0.046,0.51,0.51861,-0.90228,18.99172,0.71,3.95,359.48,2,0.58,12,17.1
204005.2,24.9770183333,121.5511768333,24.1,0.039,0.046,0.51,0.50852,-0.90347,18.99154,0.71,3.95,359.48,2,0.58,12,17.1
204005.3,24.9770183333,121.5511768333,24.1,0.039,0.046,0.51,0.52524,-0.90207,18.99427,0.71,3.95,359.48,2,0.58,12,17.1
204005.5,24.9770183333,121.5511768333,24.1,0.039,0.046,0.51,0.52782,-0.90758,18.99363,0.71,3.95,359.48,2,0.58,12,17.1
204005.6,24.9770183333,121.5511768333,24.1,0.039,0.046,0.51,0.53847,-0.9126,18.99504,0.71,3.95,359.48,2,0.58,12,17.1
204005.8,24.9770183333,121.5511768333,24.1,0.039,0.046,0.51,0.54278,-0.9164,18.9963,0.71,3.95,359.48,2,0.58,12,17.1
204005.9,24.9770183333,121.5511768333,24.1,0.039,0.046,0.51,0.54678,-0.91692,18.99844,0.71,3.95,359.48,2,0.58,12,17.1
204006.1,24.9770183333,121.5511768333,24.1,0.039,0.046,0.51,0.54663,-0.91509,18.99766,0.71,3.95,359.48,2,0.58,12,17.1
204006.3,24.9770183333,121.5511768333,24.1,0.039,0.046,0.51,0.54626,-0.91187,18.9974,0.71,3.95,359.48,2,0.58,12,17.1
204006.4,24.9770183333,121.5511768333,24.1,0.039,0.046,0.51,0.52352,-0.89076,18.9936,0.71,3.95,359.48,2,0.58,12,17.1
204006.6,24.9770183333,121.5511768333,24.1,0.039,0.046,0.51,0.52225,-0.88693,18.99485,0.71,3.95,359.48,4,0.7,12,17.1
204006.7,24.9770183333,121.5511768333,24.1,0.039,0.046,0.51,0.52182,-0.88315,18.99531,0.71,3.95,359.48,4,0.7,12,17.1
204006.8,24.9770183333,121.5511768333,24.1,0.039,0.046,0.51,0.5157,-0.8804,18.99546,0.71,3.95,359.48,4,0.7,12,17.1
204007.0,24.9770183333,121.5511768333,24.1,0.039,0.046,0.51,0.51504,-0.87583,18.99575,0.71,3.95,359.48,4,0.7,12,17.1
204007.2,24.9770183333,121.5511768333,24.1,0.039,0.046,0.51,0.51363,-0.87353,18.99564,0.71,3.95,359.48,4,0.7,12,17.1
204007.3,24.9770183333,121.5511768333,24.1,0.039,0.046,0.51,0.52238,-0.89249,18.99473,0.71,3.95,359.48,4,0.7,12,17.1
204007.5,24.9770185,121.5511756667,24.1,0.039,0.046,0.51,0.51692,-0.88824,18.99679,0.71,3.95,359.48,4,0.66,12,17.1
204007.7,24.9770185,121.5511756667,24.1,0.039,0.046,0.51,0.5154,-0.89179,18.99541,0.71,3.95,359.48,4,0.66,12,17.1
204007.8,24.9770185,121.5511756667,24.1,0.039,0.046,0.51,0.5157,-0.88708,18.99509,0.71,3.95,359.48,4,0.66,12,17.1
204008.0,24.9770185,121.5511756667,24.1,0.039,0.046,0.51,0.51432,-0.88565,18.9955,0.71,3.95,359.48,4,0.66,12,17.1
204008.1,24.9770185,121.5511756667,24.1,0.039,0.046,0.51,0.51565,-0.88553,18.99723,0.71,3.95,359.48,4,0.66,12,17.1
204008.3,24.9770185,121.5511756667,24.1,0.039,0.046,0.51,0.51769,-0.88629,18.99535,0.71,3.95,359.48,4,0.66,12,17.1
204008.4,24.9770185,121.5511756667,24.1,0.039,0.046,0.51,0.54465,-0.88749,18.99648,0.71,3.95,359.48,4,0.66,12,17.1
204008.6,24.9770185,121.5511755,24.1,0.039,0.046,0.51,0.51556,-0.88464,18.99548,0.71,3.95,359.48,4,0.65,12,17.1
204008.8,24.9770185,121.5511755,24.1,0.039,0.046,0.51,0.50593,-0.88282,18.99686,0.71,3.95,359.48,4,0.65,12,17.1
204008.9,24.9770185,121.5511755,24.1,0.039,0.046,0.51,0.48454,-0.87298,18.99823,0.71,3.95,359.48,4,0.65,12,17.1
204009.1,24.9770185,121.5511755,24.1,0.039,0.046,0.51,0.47299,-0.86092,18.99813,0.71,3.95,359.48,4,0.65,12,17.1
204009.2,24.9770185,121.5511755,24.1,0.039,0.046,0.51,0.53578,-0.89799,19.00069,0.71,3.95,359.48,4,0.65,12,17.1
204009.4,24.9770185,121.5511755,24.1,0.039,0.046,0.51,0.52817,-0.88295,19.00274,0.71,3.95,359.48,4,0.65,12,17.1
204009.6,24.9770185,121.5511755,24.1,0.039,0.046,0.51,0.52551,-0.87879,19.00435,0.71,3.95,359.48,4,0.65,12,17.1
204009.7,24.9770185,121.5511755,24.1,0.039,0.046,0.51,0.53054,-0.8734,19.00614,0.71,3.95,359.48,4,0.65,12,17.1
204009.8,24.9770185,121.5511755,24.1,0.039,0.046,0.51,0.5391,-0.87904,19.00664,0.71,3.95,359.48,4,0.65,12,17.1
204010.0,24.9770185,121.5511755,24.1,0.039,0.046,0.51,0.5381,-0.8959,19.00641,0.71,3.95,359.48,4,0.65,12,17.1
204010.2,24.9770185,121.5511755,24.1,0.039,0.046,0.51,0.53712,-0.90205,19.00574,0.71,3.95,359.48,4,0.65,12,17.1
204010.3,24.9770185,121.5511755,24.1,0.039,0.046,0.51,0.54166,-0.90023,19.00589,0.71,3.95,359.48,4,0.65,12,17.1
204010.5,24.9770185,121.5511756667,24.1,0.039,0.046,0.51,0.53799,-0.89533,19.0061,0.71,3.95,359.48,4,0.65,12,17.1
204010.6,24.9770185,121.5511756667,24.1,0.039,0.046,0.51,0.53493,-0.87962,19.00647,0.71,3.95,359.48,4,0.65,12,17.1
204010.8,24.9770185,121.5511756667,24.1,0.039,0.046,0.51,0.53281,-0.8768,19.00619,0.71,3.95,359.48,4,0.65,12,17.1
204010.9,24.9770185,121.5511756667,24.1,0.039,0.046,0.51,0.52756,-0.85836,19.00656,0.71,3.95,359.48,4,0.65,12,17.1
204011.1,24.9770185,121.5511756667,24.1,0.039,0.046,0.51,0.52568,-0.86295,19.00637,0.71,3.95,359.48,4,0.65,12,17.1
204011.2,24.9770185,121.5511756667,24.1,0.039,0.046,0.51,0.52246,-0.86676,19.00799,0.71,3.95,359.48,4,0.65,12,17.1
204011.4,24.9770185,121.5511756667,24.1,0.039,0.046,0.51,0.541,-0.89795,19.0094,0.71,3.95,359.48,4,0.65,12,17.1
204011.5,24.9770185,121.5511756667,24.1,0.039,0.046,0.51,0.54086,-0.8924,19.00956,0.71,3.95,359.48,4,0.65,12,17.1
204011.7,24.9770185,121.5511756667,24.1,0.039,0.046,0.51,0.54075,-0.89598,19.00867,0.71,3.95,359.48,4,0.65,12,17.1
204011.8,24.9770185,121.5511756667,24.1,0.039,0.046,0.51,0.53595,-0.90491,19.00676,0.71,3.95,359.48,4,0.65,12,17.1
204012.0,24.9770185,121.5511756667,24.1,0.039,0.046,0.51,0.53468,-0.90752,19.00525,0.71,3.95,359.48,4,0.65,12,17.1
204012.1,24.9770185,121.5511756667,24.1,0.039,0.046,0.51,0.52745,-0.90295,19.00794,0.71,3.95,359.48,4,0.65,12,17.1
204012.3,24.9770185,121.5511756667,24.1,0.039,0.046,0.51,0.54336,-0.89023,19.01041,0.71,3.95,359.48,4,0.65,12,17.1
204012.5,24.9770185,121.5511756667,24.1,0.039,0.046,0.51,0.53704,-0.88787,19.0106,0.71,3.95,359.48,4,0.65,12,17.1
204012.7,24.9770185,121.5511756667,24.1,0.039,0.046,0.51,0.53521,-0.8886,19.01012,0.71,3.95,359.48,4,0.65,12,17.1
204012.8,24.9770185,121.5511756667,24.1,0.039,0.046,0.51,0.54125,-0.88832,19.01159,0.71,3.95,359.48,4,0.65,12,17.1
204013.0,24.9770185,121.5511756667,24.1,0.039,0.046,0.51,0.53346,-0.889,19.01338,0.71,3.95,359.48,4,0.65,12,17.1
204013.1,24.9770185,121.5511756667,24.1,0.039,0.046,0.51,0.52504,-0.89813,19.01344,0.71,3.95,359.48,4,0.65,12,17.1
204013.3,24.9770185,121.5511756667,24.1,0.039,0.046,0.51,0.52025,-0.88656,19.01101,0.71,3.95,359.48,4,0.65,12,17.1
204013.4,24.9770185,121.5511756667,24.1,0.039,0.046,0.51,0.52784,-0.86851,19.01661,0.71,3.95,359.48,4,0.65,12,17.1
204013.6,24.9770185,121.5511756667,24.1,0.039,0.046,0.51,0.53017,-0.8669,19.0162,0.71,3.95,359.48,4,0.65,12,17.1
204013.7,24.9770185,121.5511756667,24.1,0.039,0.046,0.51,0.53188,-0.87709,19.0175,0.71,3.95,359.48,4,0.65,12,17.1
204013.9,24.9770185,121.5511756667,24.1,0.039,0.046,0.51,0.53064,-0.8848,19.01644,0.71,3.95,359.48,4,0.65,12,17.1
204014.0,24.9770185,121.5511756667,24.1,0.039,0.046,0.51,0.51875,-0.88147,19.01798,0.71,3.95,359.48,4,0.65,12,17.1
204014.2,24.9770185,121.5511756667,24.1,0.039,0.046,0.51,0.5464,-0.88645,19.02027,0.71,3.95,359.48,4,0.65,12,17.1
204014.4,24.9770185,121.5511756667,24.1,0.039,0.046,0.51,0.54563,-0.88737,19.01993,0.71,3.95,359.48,4,0.65,12,17.1
204014.5,24.9770185,121.5511756667,24.1,0.039,0.046,0.51,0.54068,-0.89296,19.01909,0.71,3.95,359.48,4,0.65,12,17.1
204014.6,24.9770185,121.5511756667,24.1,0.039,0.046,0.51,0.53566,-0.90535,19.01806,0.71,3.95,359.48,4,0.65,12,17.1
204014.8,24.9770185,121.5511756667,24.1,0.039,0.046,0.51,0.53035,-0.89932,19.01928,0.71,3.95,359.48,4,0.65,12,17.1
204015.0,24.9770185,121.5511756667,24.1,0.039,0.046,0.51,0.52838,-0.89346,19.01836,0.71,3.95,359.48,4,0.65,12,17.1
204015.1,24.9770185,121.5511756667,24.1,0.039,0.046,0.51,0.52992,-0.8961,19.0184,0.71,3.95,359.48,4,0.65,12,17.1
204015.3,24.9770186667,121.5511756667,24.1,0.039,0.046,0.51,0.53602,-0.90341,19.01993,0.71,3.95,359.48,4,0.65,12,17.1
204015.5,24.9770185,121.5511756667,24.1,0.039,0.046,0.51,0.5297,-0.90794,19.01989,0.71,3.95,359.48,4,0.65,12,17.1
204015.6,24.9770185,121.5511756667,24.1,0.039,0.046,0.51,0.53004,-0.90602,19.02164,0.71,3.95,359.48,4,0.65,12,17.1
204015.8,24.9770186667,121.5511756667,24.1,0.039,0.046,0.51,0.52692,-0.9022,19.0233,0.71,3.95,359.48,4,0.65,12,17.1
204016.0,24.9770186667,121.5511756667,24.1,0.039,0.046,0.51,0.52634,-0.90666,19.02237,0.71,3.95,359.48,4,0.65,12,17.1
204016.1,24.9770186667,121.5511756667,24.1,0.039,0.046,0.51,0.52233,-0.90925,19.02166,0.71,3.95,359.48,4,0.65,12,17.1
204016.3,24.9770186667,121.5511756667,24.1,0.039,0.046,0.51,0.53135,-0.90763,19.02442,0.71,3.95,359.48,4,0.65,12,17.1
204016.4,24.9770185,121.5511756667,24.1,0.039,0.046,0.51,0.53119,-0.90474,19.02408,0.71,3.95,359.48,4,0.65,12,17.1
204016.6,24.9770185,121.5511756667,24.1,0.039,0.046,0.51,0.52986,-0.90358,19.02363,0.71,3.95,359.48,4,0.65,12,17.1
204016.8,24.9770185,121.5511756667,24.1,0.039,0.046,0.51,0.5257,-0.9052,19.02312,0.71,3.95,359.48,4,0.65,12,17.1
204017.0,24.9770186667,121.5511756667,24.1,0.039,0.046,0.51,0.52577,-0.90508,19.01829,0.71,3.95,359.48,4,0.65,12,17.1
204017.1,24.9770186667,121.5511756667,24.1,0.039,0.046,0.51,0.52286,-0.90288,19.01806,0.71,3.95,359.48,4,0.65,12,17.1
204017.3,24.9770186667,121.5511756667,24.1,0.039,0.046,0.51,0.53656,-0.87704,19.02216,0.71,3.95,359.48,4,0.65,12,17.1
204017.4,24.9770185,121.5511758333,24.1,0.039,0.046,0.51,0.53819,-0.86302,19.02391,0.71,3.95,359.48,4,0.65,12,17.1
204017.6,24.9770185,121.5511758333,24.1,0.039,0.046,0.51,0.53843,-0.85702,19.02364,0.71,3.95,359.48,4,0.65,12,17.1
204017.7,24.9770185,121.5511758333,24.1,0.039,0.046,0.51,0.53824,-0.86729,19.0217,0.71,3.95,359.48,4,0.65,12,17.1
204017.9,24.9770185,121.5511758333,24.1,0.039,0.046,0.51,0.53073,-0.87444,19.02218,0.71,3.95,359.48,4,0.65,12,17.1
204018.0,24.9770185,121.5511758333,24.1,0.039,0.046,0.51,0.53135,-0.8619,19.02341,0.71,3.95,359.48,4,0.65,12,17.1
204018.2,24.9770186667,121.5511758333,24.1,0.039,0.046,0.51,0.53181,-0.85235,19.0252,0.71,3.95,359.48,4,0.65,12,17.1
204018.3,24.9770186667,121.5511758333,24.1,0.039,0.046,0.51,0.53011,-0.86198,19.02579,0.71,3.95,359.48,4,0.65,12,17.1
204018.5,24.9770185,121.5511756667,24.1,0.039,0.046,0.51,0.52932,-0.89212,19.02322,0.71,3.95,359.48,4,0.65,12,17.1
204018.6,24.9770185,121.5511756667,24.1,0.039,0.046,0.51,0.53017,-0.8826,19.02306,0.71,3.95,359.48,4,0.65,12,17.1
204018.8,24.9770185,121.5511756667,24.1,0.039,0.046,0.51,0.52906,-0.87529,19.0253,0.71,3.95,359.48,4,0.65,12,17.1
204018.9,24.9770185,121.5511756667,24.1,0.039,0.046,0.51,0.52588,-0.88126,19.02468,0.71,3.95,359.48,4,0.65,12,17.1
204019.1,24.9770186667,121.5511756667,24.1,0.039,0.046,0.51,0.52254,-0.89345,19.02367,0.71,3.95,359.48,4,0.65,12,17.1
204019.3,24.9770186667,121.5511756667,24.1,0.039,0.046,0.51,0.52993,-0.87874,19.02444,0.71,3.95,359.48,4,0.65,12,17.1
204019.4,24.9770185,121.5511758333,24.1,0.039,0.046,0.51,0.53,-0.87197,19.02509,0.71,3.95,359.48,4,0.65,12,17.1
204019.5,24.9770185,121.5511758333,24.1,0.039,0.046,0.51,0.52886,-0.87342,19.02494,0.71,3.95,359.48,4,0.65,12,17.1
204019.7,24.9770186667,121.5511758333,24.1,0.039,0.046,0.51,0.51554,-0.89326,19.02636,0.71,3.95,359.48,4,0.65,12,17.1
204019.9,24.9770186667,121.5511758333,24.1,0.039,0.046,0.51,0.50779,-0.89397,19.02353,0.71,3.95,359.48,4,0.65,12,17.1
204020.0,24.9770186667,121.5511758333,24.1,0.039,0.046,0.51,0.50539,-0.89169,19.02391,0.71,3.95,359.48,4,0.65,12,17.1
204020.2,24.9770186667,121.5511758333,24.1,0.039,0.046,0.51,0.50618,-0.88164,19.02499,0.71,3.95,359.48,4,0.65,12,17.1
204020.3,24.9770186667,121.5511758333,24.1,0.039,0.046,0.51,0.53323,-0.87907,19.02702,0.71,3.95,359.48,4,0.65,12,17.1
204020.5,24.9770185,121.5511758333,24.1,0.039,0.046,0.51,0.5348,-0.88565,19.02541,0.71,3.95,359.48,4,0.65,12,17.1
204020.6,24.9770185,121.5511758333,24.1,0.039,0.046,0.51,0.53385,-0.88671,19.02274,0.71,3.95,359.48,4,0.65,12,17.1
204020.8,24.9770185,121.5511758333,24.1,0.039,0.046,0.51,0.52696,-0.89012,19.02341,0.71,3.95,359.48,4,0.65,12,17.1
204020.9,24.9770185,121.5511758333,24.1,0.039,0.046,0.51,0.52667,-0.88914,19.02126,0.71,3.95,359.48,4,0.65,12,17.1
204021.1,24.9770185,121.5511758333,24.1,0.039,0.046,0.51,0.52172,-0.88256,19.02173,0.71,3.95,359.48,4,0.65,12,17.1
204021.3,24.9770185,121.5511758333,24.1,0.039,0.046,0.51,0.51879,-0.88012,19.02257,0.71,3.95,359.48,4,0.65,12,17.1
204021.4,24.9770185,121.5511758333,24.1,0.039,0.046,0.51,0.52473,-0.86862,19.02378,0.71,3.95,359.48,4,0.65,12,17.1
204021.6,24.9770185,121.5511758333,24.1,0.039,0.046,0.51,0.52001,-0.85569,19.02721,0.71,3.95,359.48,4,0.65,12,17.1
204021.7,24.9770185,121.5511758333,24.1,0.039,0.046,0.51,0.52002,-0.851,19.02816,0.71,3.95,359.48,4,0.65,12,17.1
204021.9,24.9770185,121.5511758333,24.1,0.039,0.046,0.51,0.52115,-0.86176,19.02784,0.71,3.95,359.48,4,0.65,12,17.1
204022.0,24.9770185,121.5511758333,24.1,0.039,0.046,0.51,0.515,-0.87489,19.02736,0.71,3.95,359.48,4,0.65,12,17.1
204022.2,24.9770185,121.5511758333,24.1,0.039,0.046,0.51,0.51215,-0.86886,19.02961,0.71,3.95,359.48,4,0.65,12,17.1
204022.4,24.9770185,121.5511758333,24.1,0.039,0.046,0.51,0.5302,-0.8736,19.03219,0.71,3.95,359.48,4,0.65,12,17.1
204022.5,24.9770185,121.5511758333,24.1,0.039,0.046,0.51,0.53271,-0.86943,19.03171,0.71,3.95,359.48,4,0.65,12,17.1
204022.7,24.9770185,121.5511758333,24.1,0.039,0.046,0.51,0.5301,-0.88423,19.02928,0.71,3.95,359.48,4,0.65,12,17.1
204022.8,24.9770185,121.5511758333,24.1,0.039,0.046,0.51,0.52554,-0.89042,19.02849,0.71,3.95,359.48,4,0.65,12,17.1
204023.0,24.9770185,121.5511758333,24.1,0.039,0.046,0.51,0.5248,-0.91853,19.02685,0.71,3.95,359.48,4,0.65,12,17.1
204023.2,24.9770185,121.5511758333,24.1,0.039,0.046,0.51,0.52143,-0.9031,19.02824,0.71,3.95,359.48,4,0.65,12,17.1
204023.3,24.9770185,121.5511758333,24.1,0.039,0.046,0.51,0.53103,-0.87507,19.03206,0.71,3.95,359.48,4,0.65,12,17.1
204023.5,24.9770185,121.5511758333,24.1,0.039,0.046,0.51,0.53369,-0.87838,19.03263,0.71,3.95,359.48,4,0.65,12,17.1
204023.6,24.9770185,121.5511758333,24.1,0.039,0.046,0.51,0.53422,-0.88183,19.03372,0.71,3.95,359.48,4,0.65,12,17.1
204023.8,24.9770185,121.5511758333,24.1,0.039,0.046,0.51,0.52443,-0.8889,19.03509,0.71,3.95,359.48,4,0.65,12,17.1
204024.0,24.9770185,121.5511758333,24.1,0.039,0.046,0.51,0.52656,-0.89931,19.03434,0.71,3.95,359.48,4,0.65,12,17.1
204024.1,24.9770185,121.5511758333,24.1,0.039,0.046,0.51,0.52398,-0.89662,19.03519,0.71,3.95,359.48,4,0.65,12,17.1
204024.3,24.9770185,121.5511758333,24.1,0.039,0.046,0.51,0.52343,-0.88976,19.03502,0.71,3.95,359.48,4,0.65,12,17.1
204024.4,24.9770185,121.5511758333,24.1,0.039,0.046,0.51,0.52549,-0.88087,19.03704,0.71,3.95,359.48,4,0.65,12,17.1
204024.6,24.9770185,121.5511758333,24.1,0.039,0.046,0.51,0.53115,-0.89141,19.03752,0.71,3.95,359.48,4,0.65,12,17.1
204024.7,24.9770185,121.5511758333,24.1,0.039,0.046,0.51,0.53379,-0.88888,19.03787,0.71,3.95,359.48,4,0.65,12,17.1
204024.9,24.9770185,121.5511758333,24.1,0.039,0.046,0.51,0.5291,-0.88707,19.03922,0.71,3.95,359.48,4,0.65,12,17.1
204025.0,24.9770185,121.5511758333,24.1,0.039,0.046,0.51,0.5431,-0.90247,19.03969,0.71,3.95,359.48,4,0.65,12,17.1
204025.2,24.9770185,121.5511758333,24.1,0.039,0.046,0.51,0.53815,-0.89725,19.0423,0.71,3.95,359.48,4,0.65,12,17.1
204025.4,24.9770185,121.5511758333,24.1,0.039,0.046,0.51,0.52065,-0.88029,19.04519,0.71,3.95,359.48,4,0.65,12,17.1
204025.5,24.9770185,121.551176,24.1,0.039,0.046,0.51,0.52092,-0.88047,19.04576,0.71,3.95,359.48,4,0.65,12,17.1
204025.7,24.9770185,121.551176,24.1,0.039,0.046,0.51,0.51919,-0.88078,19.04629,0.71,3.95,359.48,4,0.65,12,17.1
204025.8,24.9770185,121.551176,24.1,0.039,0.046,0.51,0.51363,-0.86931,19.04751,0.71,3.95,359.48,4,0.65,12,17.1
204026.0,24.9770185,121.551176,24.1,0.039,0.046,0.51,0.50861,-0.86138,19.04788,0.71,3.95,359.48,4,0.65,12,17.1
204026.1,24.9770185,121.551176,24.1,0.039,0.046,0.51,0.51356,-0.85654,19.04899,0.71,3.95,359.48,4,0.65,12,17.1
204026.3,24.9770185,121.551176,24.1,0.039,0.046,0.51,0.53419,-0.88054,19.04954,0.71,3.95,359.48,4,0.65,12,17.1
204026.4,24.9770185,121.551176,24.1,0.039,0.046,0.51,0.55645,-0.90181,19.04745,0.71,3.95,359.48,4,0.65,12,17.1
204026.7,24.9770185,121.551176,24.1,0.039,0.046,0.51,0.55836,-0.91623,19.04849,0.71,3.95,359.48,4,0.65,12,17.1
204026.8,24.9770185,121.551176,24.1,0.039,0.046,0.51,0.56187,-0.93745,19.04559,0.71,3.95,359.48,4,0.65,12,17.1
204027.0,24.9770185,121.551176,24.1,0.039,0.046,0.51,0.5681,-0.95459,19.04421,0.71,3.95,359.48,4,0.65,12,17.1
204027.2,24.9770185,121.551176,24.1,0.039,0.046,0.51,0.56944,-0.95908,19.04439,0.71,3.95,359.48,4,0.65,12,17.1
204027.3,24.9770185,121.551176,24.1,0.039,0.046,0.51,0.5331,-0.88813,19.04861,0.71,3.95,359.48,4,0.65,12,17.1
204027.5,24.9770185,121.551176,24.1,0.039,0.046,0.51,0.53284,-0.89191,19.04774,0.71,3.95,359.48,4,0.65,12,17.1
204027.6,24.9770185,121.551176,24.1,0.039,0.046,0.51,0.52839,-0.90002,19.04829,0.71,3.95,359.48,4,0.65,12,17.1
204027.8,24.9770185,121.551176,24.1,0.039,0.046,0.51,0.52748,-0.90321,19.04862,0.71,3.95,359.48,4,0.65,12,17.1
204027.9,24.9770185,121.551176,24.1,0.039,0.046,0.51,0.53512,-0.90696,19.05262,0.71,3.95,359.48,4,0.65,12,17.1
204028.1,24.9770185,121.551176,24.1,0.039,0.046,0.51,0.53099,-0.91173,19.05345,0.71,3.95,359.48,4,0.65,12,17.1
204028.3,24.9770185,121.551176,24.1,0.039,0.046,0.51,0.52406,-0.87791,19.05604,0.71,3.95,359.48,4,0.65,12,17.1
204028.4,24.9770185,121.551176,24.1,0.039,0.046,0.51,0.52144,-0.88125,19.05703,0.71,3.95,359.48,4,0.65,12,17.1
204028.7,24.9770185,121.551176,24.1,0.039,0.046,0.51,0.51933,-0.88796,19.05891,0.71,3.95,359.48,4,0.65,12,17.1
204028.9,24.9770185,121.551176,24.1,0.039,0.046,0.51,0.51921,-0.89044,19.05889,0.71,3.95,359.48,4,0.65,12,17.1
204029.0,24.9770185,121.551176,24.1,0.039,0.046,0.51,0.52123,-0.89146,19.05977,0.71,3.95,359.48,4,0.65,12,17.1
204029.2,24.9770185,121.551176,24.1,0.039,0.046,0.51,0.52187,-0.89106,19.05981,0.71,3.95,359.48,4,0.65,12,17.1
204029.3,24.9770185,121.551176,24.1,0.039,0.046,0.51,0.52714,-0.87581,19.06236,0.71,3.95,359.48,4,0.65,12,17.1
204029.5,24.9770185,121.551176,24.2,0.039,0.046,0.51,0.52576,-0.87974,19.0657,0.71,3.95,359.48,4,0.65,12,17.1
204029.7,24.9770185,121.551176,24.2,0.039,0.046,0.51,0.5225,-0.88193,19.06702,0.71,3.95,359.48,4,0.65,12,17.1
204029.9,24.9770185,121.551176,24.2,0.039,0.046,0.51,0.5246,-0.87784,19.06792,0.71,3.95,359.48,4,0.65,12,17.1
204030.0,24.9770185,121.551176,24.2,0.039,0.046,0.51,0.52303,-0.8776,19.06865,0.71,3.95,359.48,4,0.65,12,17.1
204030.2,24.9770185,121.551176,24.2,0.039,0.046,0.51,0.52834,-0.88185,19.06889,0.71,3.95,359.48,4,0.65,12,17.1
204030.3,24.9770185,121.551176,24.2,0.039,0.046,0.51,0.52969,-0.88232,19.06831,0.71,3.95,359.48,4,0.65,12,17.1
204030.5,24.9770185,121.551176,24.1,0.039,0.046,0.51,0.53858,-0.89861,19.07046,0.71,3.95,359.48,4,0.65,12,17.1
204030.7,24.9770185,121.551176,24.1,0.039,0.046,0.51,0.54221,-0.91075,19.07036,0.71,3.95,359.48,4,0.65,12,17.1
204030.8,24.9770185,121.551176,24.1,0.039,0.046,0.51,0.54752,-0.92883,19.0704,0.71,3.95,359.48,4,0.65,12,17.1
204031.0,24.9770185,121.551176,24.1,0.039,0.046,0.51,0.54779,-0.93763,19.07141,0.71,3.95,359.48,4,0.65,12,17.1
204031.1,24.9770185,121.5511761667,24.1,0.039,0.046,0.51,0.54321,-0.94655,19.07011,0.71,3.95,359.48,4,0.65,12,17.1
204031.3,24.9770185,121.5511761667,24.1,0.039,0.046,0.51,0.50655,-0.87416,19.07442,0.71,3.95,359.48,4,0.65,12,17.1
204031.5,24.9770185,121.5511761667,24.1,0.039,0.046,0.51,0.49865,-0.86391,19.0752,0.71,3.95,359.48,4,0.65,12,17.1
204031.6,24.9770185,121.5511761667,24.1,0.039,0.046,0.51,0.47973,-0.84869,19.0745,0.71,3.95,359.48,4,0.65,12,17.1
204031.8,24.9770185,121.5511761667,24.1,0.039,0.046,0.51,0.47517,-0.83926,19.07606,0.71,3.95,359.48,4,0.65,12,17.1
204031.9,24.9770185,121.5511761667,24.1,0.039,0.046,0.51,0.47171,-0.82758,19.07544,0.71,3.95,359.48,4,0.65,12,17.1
204032.1,24.9770185,121.551176,24.1,0.039,0.046,0.51,0.47391,-0.82278,19.07641,0.71,3.95,359.48,4,0.65,12,17.1
204032.3,24.9770185,121.551176,24.1,0.039,0.046,0.51,0.52426,-0.87977,19.07814,0.71,3.95,359.48,4,0.65,12,17.1
204032.5,24.9770185,121.5511761667,24.1,0.039,0.046,0.51,0.5266,-0.88337,19.07881,0.71,3.95,359.48,4,0.65,12,17.1
204032.6,24.9770185,121.5511761667,24.1,0.039,0.046,0.51,0.52937,-0.89421,19.07972,0.71,3.95,359.48,4,0.65,12,17.1
204032.8,24.9770185,121.5511761667,24.1,0.039,0.046,0.51,0.53182,-0.89715,19.07925,0.71,3.95,359.48,4,0.65,12,17.1
204032.9,24.9770185,121.5511761667,24.1,0.039,0.046,0.51,0.52791,-0.90494,19.08003,0.71,3.95,359.48,4,0.65,12,17.1
204033.1,24.9770185,121.5511761667,24.1,0.039,0.046,0.51,0.52582,-0.90751,19.07899,0.71,3.95,359.48,4,0.65,12,17.1
204033.3,24.9770185,121.5511761667,24.1,0.039,0.046,0.51,0.52364,-0.90866,19.07998,0.71,3.95,359.48,4,0.65,12,17.1
204033.4,24.9770185,121.5511761667,24.1,0.039,0.046,0.51,0.51656,-0.87612,19.08161,0.71,3.95,359.48,4,0.65,12,17.1
204033.6,24.9770185,121.5511761667,24.1,0.039,0.046,0.51,0.51277,-0.8744,19.08246,0.71,3.95,359.48,4,0.65,12,17.1
204033.7,24.9770185,121.5511761667,24.1,0.039,0.046,0.51,0.50577,-0.87104,19.08364,0.71,3.95,359.48,4,0.65,12,17.1
204033.9,24.9770185,121.5511761667,24.1,0.039,0.046,0.51,0.49991,-0.865,19.08358,0.71,3.95,359.48,4,0.65,12,17.1
204034.1,24.9770185,121.5511761667,24.1,0.039,0.046,0.51,0.49625,-0.86475,19.08477,0.71,3.95,359.48,4,0.65,12,17.1
204034.2,24.9770185,121.5511761667,24.1,0.039,0.046,0.51,0.51692,-0.87811,19.08607,0.71,3.95,359.48,4,0.65,12,17.1
204034.4,24.9770185,121.5511761667,24.1,0.039,0.046,0.51,0.51673,-0.88975,19.08682,0.71,3.95,359.48,4,0.65,12,17.1
204034.5,24.9770185,121.5511761667,24.1,0.039,0.046,0.51,0.51942,-0.9024,19.0867,0.71,3.95,359.48,4,0.65,12,17.1
204034.7,24.9770185,121.5511761667,24.1,0.039,0.046,0.51,0.51503,-0.91499,19.08771,0.71,3.95,359.48,4,0.65,12,17.1
204034.9,24.9770185,121.5511761667,24.1,0.039,0.046,0.51,0.5142,-0.91924,19.0882,0.71,3.95,359.48,4,0.65,12,17.1
204035.0,24.9770185,121.5511761667,24.1,0.039,0.046,0.51,0.51276,-0.9271,19.08429,0.71,3.95,359.48,4,0.65,12,17.1
204035.2,24.9770185,121.5511761667,24.1,0.039,0.046,0.51,0.51317,-0.93124,19.08405,0.71,3.95,359.48,4,0.65,12,17.1
204035.3,24.9770185,121.5511761667,24.1,0.039,0.046,0.51,0.52193,-0.87645,19.08798,0.71,3.95,359.48,4,0.65,12,17.1
204035.5,24.9770185,121.5511761667,24.1,0.039,0.046,0.51,0.52489,-0.88876,19.08948,0.71,3.95,359.48,4,0.65,12,17.1
204035.7,24.9770185,121.5511761667,24.1,0.039,0.046,0.51,0.52787,-0.89437,19.09029,0.71,3.95,359.48,4,0.65,12,17.1
204035.8,24.9770185,121.5511761667,24.1,0.039,0.046,0.51,0.53423,-0.90744,19.08889,0.71,3.95,359.48,4,0.65,12,17.1
204036.0,24.9770185,121.5511761667,24.1,0.039,0.046,0.51,0.54279,-0.91694,19.08773,0.71,3.95,359.48,4,0.65,12,17.1
204036.2,24.9770185,121.5511761667,24.1,0.039,0.046,0.51,0.54757,-0.91842,19.0869,0.71,3.95,359.48,4,0.65,12,17.1
204036.3,24.9770185,121.5511761667,24.1,0.039,0.046,0.51,0.53533,-0.87499,19.09036,0.71,3.95,359.48,4,0.65,12,17.1
204036.5,24.9770185,121.5511761667,24.2,0.039,0.046,0.51,0.53378,-0.8754,19.09067,0.71,3.95,359.48,4,0.65,12,17.1
204036.6,24.9770185,121.5511761667,24.2,0.039,0.046,0.51,0.53338,-0.87162,19.09343,0.71,3.95,359.48,4,0.65,12,17.1
204036.8,24.9770185,121.5511761667,24.2,0.039,0.046,0.51,0.52375,-0.86592,19.09336,0.71,3.95,359.48,4,0.65,12,17.1
204037.0,24.9770185,121.5511761667,24.2,0.039,0.046,0.51,0.51961,-0.86294,19.09262,0.71,3.95,359.48,4,0.65,12,17.1
204037.1,24.9770185,121.5511761667,24.2,0.039,0.046,0.51,0.51514,-0.86045,19.09189,0.71,3.95,359.48,4,0.65,12,17.1
204037.2,24.9770185,121.5511761667,24.2,0.039,0.046,0.51,0.50956,-0.85953,19.09024,0.71,3.95,359.48,4,0.65,12,17.1
204037.4,24.9770185,121.5511761667,24.2,0.039,0.046,0.51,0.5269,-0.87965,19.09226,0.71,3.95,359.48,4,0.65,12,17.1
204037.6,24.9770185,121.5511761667,24.2,0.039,0.046,0.51,0.52428,-0.87088,19.0909,0.71,3.95,359.48,4,0.65,12,17.1
204037.7,24.9770185,121.5511761667,24.2,0.039,0.046,0.51,0.5242,-0.86915,19.08999,0.71,3.95,359.48,4,0.65,12,17.1
204037.9,24.9770185,121.5511761667,24.2,0.039,0.046,0.51,0.52211,-0.86979,19.09134,0.71,3.95,359.48,4,0.65,12,17.1
204038.0,24.9770185,121.5511761667,24.2,0.039,0.046,0.51,0.51688,-0.86557,19.09208,0.71,3.95,359.48,4,0.65,12,17.1
204038.2,24.9770185,121.5511761667,24.2,0.039,0.046,0.51,0.51998,-0.87688,19.0914,0.71,3.95,359.48,4,0.65,12,17.1
204038.4,24.9770185,121.5511761667,24.2,0.039,0.046,0.51,0.53202,-0.87854,19.09194,0.71,3.95,359.48,4,0.65,12,17.1
204038.5,24.9770185,121.5511761667,24.1,0.039,0.046,0.51,0.52956,-0.87781,19.09205,0.71,3.95,359.48,4,0.65,12,17.1
204038.7,24.9770185,121.5511761667,24.1,0.039,0.046,0.51,0.50768,-0.86873,19.08856,0.71,3.95,359.48,4,0.65,12,17.1
204038.9,24.9770185,121.5511761667,24.1,0.039,0.046,0.51,0.49767,-0.87015,19.08699,0.71,3.95,359.48,4,0.65,12,17.1
204039.0,24.9770185,121.5511761667,24.1,0.039,0.046,0.51,0.50301,-0.88074,19.08982,0.71,3.95,359.48,4,0.65,12,17.1
204039.2,24.9770185,121.5511761667,24.1,0.039,0.046,0.51,0.50869,-0.88345,19.09135,0.71,3.95,359.48,4,0.65,12,17.1
204039.3,24.9770185,121.5511761667,24.1,0.039,0.046,0.51,0.51942,-0.87032,19.09305,0.71,3.95,359.48,4,0.65,12,17.1
204039.5,24.9770185,121.5511761667,24.2,0.039,0.046,0.51,0.50696,-0.86452,19.09176,0.71,3.95,359.48,4,0.65,12,17.1
204039.6,24.9770185,121.5511761667,24.2,0.039,0.046,0.51,0.49614,-0.86725,19.09255,0.71,3.95,359.48,4,0.65,12,17.1
204039.8,24.9770185,121.5511761667,24.2,0.039,0.046,0.51,0.50411,-0.87239,19.09372,0.71,3.95,359.48,4,0.65,12,17.1
204040.0,24.9770185,121.5511761667,24.2,0.039,0.046,0.51,0.50497,-0.87027,19.09194,0.71,3.95,359.48,4,0.65,12,17.1
204040.1,24.9770185,121.5511761667,24.2,0.039,0.046,0.51,0.49312,-0.86404,19.09028,0.71,3.95,359.48,4,0.65,12,17.1
204040.3,24.9770185,121.5511761667,24.2,0.039,0.046,0.51,0.51347,-0.88507,19.09395,0.71,3.95,359.48,4,0.65,12,17.1
204040.5,24.9770185,121.5511761667,24.2,0.039,0.046,0.51,0.51789,-0.88559,19.09342,0.71,3.95,359.48,4,0.65,12,17.1
204040.6,24.9770185,121.5511761667,24.2,0.039,0.046,0.51,0.5173,-0.88171,19.09471,0.71,3.95,359.48,4,0.65,12,17.1
204040.8,24.9770185,121.5511761667,24.2,0.039,0.046,0.51,0.5106,-0.88385,19.09608,0.71,3.95,359.48,4,0.65,12,17.1
204040.9,24.9770185,121.5511761667,24.2,0.039,0.046,0.51,0.5121,-0.88057,19.09529,0.71,3.95,359.48,4,0.65,12,17.1
204041.1,24.9770185,121.5511761667,24.2,0.039,0.046,0.51,0.51506,-0.87594,19.09643,0.71,3.95,359.48,4,0.65,12,17.1
204041.3,24.9770185,121.5511761667,24.2,0.039,0.046,0.51,0.51888,-0.87751,19.09948,0.71,3.95,359.48,4,0.65,12,17.1
204041.4,24.9770185,121.5511763333,24.2,0.039,0.046,0.51,0.51661,-0.87492,19.10072,0.71,3.95,359.48,4,0.65,12,17.1
204041.7,24.9770185,121.5511763333,24.2,0.039,0.046,0.51,0.51352,-0.87375,19.10084,0.71,3.95,359.48,4,0.65,12,17.1
204041.8,24.9770185,121.5511763333,24.2,0.039,0.046,0.51,0.50859,-0.87303,19.10111,0.71,3.95,359.48,4,0.65,12,17.1
204042.0,24.9770185,121.5511763333,24.2,0.039,0.046,0.51,0.50891,-0.87343,19.10345,0.71,3.95,359.48,4,0.65,12,17.1
204042.2,24.9770185,121.5511763333,24.2,0.039,0.046,0.51,0.50668,-0.87254,19.10359,0.71,3.95,359.48,4,0.65,12,17.1
204042.3,24.9770185,121.5511763333,24.2,0.039,0.046,0.51,0.52543,-0.87659,19.10628,0.71,3.95,359.48,4,0.65,12,17.1
204042.5,24.9770185,121.5511763333,24.2,0.039,0.046,0.51,0.52298,-0.87546,19.10605,0.71,3.95,359.48,4,0.65,12,17.1
204042.7,24.9770185,121.5511763333,24.2,0.039,0.046,0.51,0.52205,-0.87573,19.10747,0.71,3.95,359.48,4,0.65,12,17.1
204042.9,24.9770185,121.5511763333,24.2,0.039,0.046,0.51,0.52161,-0.87467,19.10696,0.71,3.95,359.48,4,0.65,12,17.1
204043.0,24.9770185,121.5511763333,24.2,0.039,0.046,0.51,0.508,-0.87658,19.10517,0.71,3.95,359.48,4,0.65,12,17.1
204043.2,24.9770185,121.5511763333,24.2,0.039,0.046,0.51,0.51965,-0.87825,19.10835,0.71,3.95,359.48,4,0.65,12,17.1
204043.4,24.9770185,121.5511763333,24.2,0.039,0.046,0.51,0.51533,-0.8803,19.10795,0.71,3.95,359.48,4,0.65,12,17.1
204043.5,24.9770185,121.5511763333,24.2,0.039,0.046,0.51,0.51108,-0.88066,19.11084,0.71,3.95,359.48,4,0.65,12,17.1
204043.7,24.9770185,121.5511763333,24.2,0.039,0.046,0.51,0.51033,-0.87943,19.11048,0.71,3.95,359.48,4,0.65,12,17.1
204043.8,24.9770185,121.5511763333,24.2,0.039,0.046,0.51,0.5028,-0.88404,19.10815,0.71,3.95,359.48,4,0.65,12,17.1
204044.0,24.9770185,121.5511763333,24.2,0.039,0.046,0.51,0.49952,-0.8787,19.10571,0.71,3.95,359.48,4,0.65,12,17.1
204044.2,24.9770185,121.5511763333,24.2,0.039,0.046,0.51,0.49611,-0.87705,19.10535,0.71,3.95,359.48,4,0.65,12,17.1
204044.3,24.9770185,121.5511763333,24.2,0.039,0.046,0.51,0.51677,-0.87076,19.10957,0.71,3.95,359.48,4,0.65,12,17.1
204044.5,24.9770185,121.5511763333,24.2,0.039,0.046,0.51,0.51122,-0.86712,19.10926,0.71,3.95,359.48,4,0.65,12,17.1
204044.7,24.9770185,121.5511763333,24.2,0.039,0.046,0.51,0.50781,-0.87145,19.10907,0.71,3.95,359.48,4,0.65,12,17.1
204044.8,24.9770185,121.5511763333,24.2,0.039,0.046,0.51,0.50827,-0.86944,19.10993,0.71,3.95,359.48,4,0.65,12,17.1
204045.0,24.9770185,121.5511763333,24.2,0.039,0.046,0.51,0.50231,-0.87143,19.11134,0.71,3.95,359.48,4,0.65,12,17.1
204045.2,24.9770185,121.5511763333,24.2,0.039,0.046,0.51,0.50019,-0.86412,19.11237,0.71,3.95,359.48,4,0.65,12,17.1
204045.3,24.9770185,121.5511763333,24.2,0.039,0.046,0.51,0.51751,-0.87526,19.11327,0.71,3.95,359.48,4,0.65,12,17.1
204045.5,24.9770185,121.5511763333,24.2,0.039,0.046,0.51,0.51777,-0.87713,19.11339,0.71,3.95,359.48,4,0.65,12,17.1
204045.7,24.9770185,121.5511763333,24.2,0.039,0.046,0.51,0.51398,-0.87433,19.1126,0.71,3.95,359.48,4,0.65,12,17.1
204045.8,24.9770185,121.5511763333,24.2,0.039,0.046,0.51,0.51199,-0.87431,19.11065,0.71,3.95,359.48,4,0.65,12,17.1
204046.0,24.9770185,121.5511763333,24.2,0.039,0.046,0.51,0.50947,-0.87172,19.10969,0.71,3.95,359.48,4,0.65,12,17.1
204046.1,24.9770185,121.5511763333,24.2,0.039,0.046,0.51,0.50994,-0.87429,19.11103,0.71,3.95,359.48,4,0.65,12,17.1
204046.3,24.9770185,121.5511763333,24.2,0.039,0.046,0.51,0.52021,-0.87427,19.11269,0.71,3.95,359.48,4,0.65,12,17.1
204046.4,24.9770185,121.5511763333,24.2,0.039,0.046,0.51,0.51885,-0.87429,19.11156,0.71,3.95,359.48,4,0.65,12,17.1
204046.6,24.9770185,121.5511763333,24.2,0.039,0.046,0.51,0.51393,-0.87335,19.11058,0.71,3.95,359.48,4,0.65,12,17.1
204046.8,24.9770185,121.5511763333,24.2,0.039,0.046,0.51,0.51318,-0.87186,19.11098,0.71,3.95,359.48,4,0.65,12,17.1
204046.9,24.9770185,121.5511763333,24.2,0.039,0.046,0.51,0.5123,-0.87368,19.11309,0.71,3.95,359.48,4,0.65,12,17.1
204047.1,24.9770185,121.5511763333,24.2,0.039,0.046,0.51,0.5093,-0.87704,19.11211,0.71,3.95,359.48,4,0.65,12,17.1
204047.3,24.9770185,121.5511763333,24.2,0.039,0.046,0.51,0.51887,-0.87562,19.11477,0.71,3.95,359.48,4,0.65,12,17.1
204047.5,24.9770185,121.5511765,24.2,0.039,0.046,0.51,0.51722,-0.87849,19.11281,0.71,3.95,359.48,4,0.65,12,17.1
204047.6,24.9770185,121.5511765,24.2,0.039,0.046,0.51,0.51302,-0.87665,19.11278,0.71,3.95,359.48,4,0.65,12,17.1
204047.8,24.9770185,121.5511765,24.2,0.039,0.046,0.51,0.51561,-0.87933,19.11317,0.71,3.95,359.48,4,0.65,12,17.1
204047.9,24.9770185,121.5511765,24.2,0.039,0.046,0.51,0.50543,-0.8765,19.1131,0.71,3.95,359.48,4,0.65,12,17.1
204048.1,24.9770185,121.5511765,24.2,0.039,0.046,0.51,0.50132,-0.87849,19.1128,0.71,3.95,359.48,4,0.65,12,17.1
204048.3,24.9770185,121.5511765,24.2,0.039,0.046,0.51,0.52147,-0.88094,19.11465,0.71,3.95,359.48,4,0.65,12,17.1
204048.5,24.9770185,121.5511765,24.2,0.039,0.046,0.51,0.51471,-0.88027,19.11469,0.71,3.95,359.48,4,0.65,12,17.1
204048.7,24.9770185,121.5511765,24.2,0.039,0.046,0.51,0.51643,-0.88019,19.11611,0.71,3.95,359.48,4,0.65,12,17.1
204048.8,24.9770185,121.5511765,24.2,0.039,0.046,0.51,0.50842,-0.8781,19.11688,0.71,3.95,359.48,4,0.65,12,17.1
204049.0,24.9770185,121.5511765,24.2,0.039,0.046,0.51,0.50965,-0.88097,19.11737,0.71,3.95,359.48,4,0.65,12,17.1
204049.1,24.9770185,121.5511765,24.2,0.039,0.046,0.51,0.50097,-0.88117,19.11957,0.71,3.95,359.48,4,0.65,12,17.1
204049.3,24.9770185,121.5511765,24.2,0.039,0.046,0.51,0.51593,-0.88,19.11975,0.71,3.95,359.48,4,0.65,12,17.1
204049.4,24.9770185,121.5511765,24.2,0.039,0.046,0.51,0.51363,-0.87923,19.11953,0.71,3.95,359.48,4,0.65,12,17.1
204049.7,24.9770185,121.5511765,24.2,0.039,0.046,0.51,0.50828,-0.88022,19.12079,0.71,3.95,359.48,4,0.65,12,17.1
204049.8,24.9770185,121.5511765,24.2,0.039,0.046,0.51,0.50587,-0.87677,19.12024,0.71,3.95,359.48,4,0.65,12,17.1
204050.0,24.9770185,121.5511765,24.2,0.039,0.046,0.51,0.49689,-0.87398,19.11996,0.71,3.95,359.48,4,0.65,12,17.1
204050.2,24.9770185,121.5511765,24.2,0.039,0.046,0.51,0.49881,-0.87505,19.12321,0.71,3.95,359.48,4,0.65,12,17.1
204050.3,24.9770185,121.5511765,24.2,0.039,0.046,0.51,0.531,-0.8688,19.12376,0.71,3.95,359.48,4,0.65,12,17.1
204050.5,24.9770185,121.5511765,24.2,0.039,0.046,0.51,0.52523,-0.8786,19.12403,0.71,3.95,359.48,4,0.65,12,17.1
204050.7,24.9770185,121.5511765,24.2,0.039,0.046,0.51,0.51496,-0.88369,19.12306,0.71,3.95,359.48,4,0.65,12,17.1
204050.8,24.9770185,121.5511765,24.2,0.039,0.046,0.51,0.51536,-0.88462,19.12394,0.71,3.95,359.48,4,0.65,12,17.1
204050.9,24.9770185,121.5511765,24.2,0.039,0.046,0.51,0.51376,-0.88455,19.12423,0.71,3.95,359.48,4,0.65,12,17.1
204051.1,24.9770185,121.5511765,24.2,0.039,0.046,0.51,0.50817,-0.88161,19.12454,0.71,3.95,359.48,4,0.65,12,17.1
204051.2,24.9770185,121.5511765,24.2,0.039,0.046,0.51,0.50822,-0.88194,19.12408,0.71,3.95,359.48,4,0.65,12,17.1
204051.4,24.9770185,121.5511765,24.2,0.039,0.046,0.51,0.51031,-0.87269,19.12697,0.71,3.95,359.48,4,0.65,12,17.1
204051.6,24.9770185,121.5511765,24.2,0.039,0.046,0.51,0.51447,-0.87693,19.12848,0.71,3.95,359.48,2,3.39,12,17.1
204051.8,24.9770185,121.5511765,24.2,0.039,0.046,0.51,0.52431,-0.88009,19.13057,0.71,3.95,359.48,2,3.39,12,17.1
204051.9,24.9770185,121.5511765,24.2,0.039,0.046,0.51,0.52521,-0.88353,19.13093,0.71,3.95,359.48,2,3.39,12,17.1
204052.1,24.9770185,121.5511765,24.2,0.039,0.046,0.51,0.51514,-0.877,19.13212,0.71,3.95,359.48,2,3.39,12,17.1
204052.2,24.9770185,121.5511765,24.2,0.039,0.046,0.51,0.53584,-0.90206,19.12899,0.71,3.95,359.48,2,3.39,12,17.1
204052.5,24.9770185,121.5511765,24.2,0.039,0.046,0.51,0.5419,-0.90474,19.12812,0.71,3.95,359.48,2,3.39,12,17.1
204052.6,24.9770185,121.5511765,24.2,0.039,0.046,0.51,0.55487,-0.90714,19.13313,0.71,3.95,359.48,2,3.39,12,17.1
204052.8,24.9770185,121.5511765,24.2,0.039,0.046,0.51,0.55067,-0.89594,19.1298,0.71,3.95,359.48,2,3.39,12,17.1
204053.0,24.9770185,121.5511765,24.2,0.039,0.046,0.51,0.54721,-0.89119,19.12915,0.71,3.95,359.48,2,3.39,12,17.1
204053.1,24.9770185,121.5511765,24.2,0.039,0.046,0.51,0.52915,-0.88604,19.1298,0.71,3.95,359.48,2,3.39,12,17.1
204053.3,24.9770185,121.5511765,24.2,0.039,0.046,0.51,0.5295,-0.87827,19.12933,0.71,3.95,359.48,2,3.39,12,17.1
204053.5,24.9770185,121.5511765,24.2,0.039,0.046,0.51,0.52793,-0.88407,19.1287,0.71,3.95,359.48,2,3.39,12,17.1
204053.7,24.9770185,121.5511765,24.2,0.039,0.046,0.51,0.53061,-0.88555,19.13086,0.71,3.95,359.48,2,3.39,12,17.1
204053.8,24.9770185,121.5511765,24.2,0.039,0.046,0.51,0.53234,-0.88547,19.13035,0.71,3.95,359.48,2,3.39,12,17.1
204054.0,24.9770185,121.5511765,24.2,0.039,0.046,0.51,0.53809,-0.88834,19.13141,0.71,3.95,359.48,2,3.39,12,17.1
204054.1,24.9770185,121.5511765,24.2,0.039,0.046,0.51,0.54187,-0.89235,19.13053,0.71,3.95,359.48,2,3.39,12,17.1
204054.3,24.9770185,121.5511765,24.2,0.039,0.046,0.51,0.52219,-0.88216,19.12539,0.71,3.95,359.48,2,3.39,12,17.1
204054.5,24.9770185,121.5511765,24.2,0.039,0.046,0.51,0.52332,-0.88223,19.12511,0.71,3.95,359.48,2,3.39,12,17.1
204054.6,24.9770185,121.5511765,24.2,0.039,0.046,0.51,0.52398,-0.88156,19.1257,0.71,3.95,359.48,2,3.39,12,17.1
204054.8,24.9770185,121.5511765,24.2,0.039,0.046,0.51,0.52571,-0.88231,19.12672,0.71,3.95,359.48,2,3.39,12,17.1
204054.9,24.9770185,121.5511765,24.2,0.039,0.046,0.51,0.52698,-0.8848,19.12549,0.71,3.95,359.48,2,3.39,12,17.1
204055.1,24.9770185,121.5511765,24.2,0.039,0.046,0.51,0.52789,-0.88936,19.12424,0.71,3.95,359.48,2,3.39,12,17.1
204055.3,24.9770185,121.5511765,24.2,0.039,0.046,0.51,0.51388,-0.86644,19.12291,0.71,3.95,359.48,2,3.39,12,17.1
204055.5,24.9770185,121.5511765,24.2,0.039,0.046,0.51,0.51289,-0.86921,19.12303,0.71,3.95,359.48,2,3.39,12,17.1
204055.7,24.9770185,121.5511765,24.2,0.039,0.046,0.51,0.50785,-0.86907,19.12335,0.71,3.95,359.48,2,3.39,12,17.1
204055.8,24.9770185,121.5511765,24.2,0.039,0.046,0.51,0.51135,-0.87567,19.12445,0.71,3.95,359.48,2,3.39,12,17.1
204056.0,24.9770185,121.5511765,24.2,0.039,0.046,0.51,0.51135,-0.88573,19.12665,0.71,3.95,359.48,2,3.39,12,17.1
204056.2,24.9770185,121.5511765,24.2,0.039,0.046,0.51,0.51078,-0.88841,19.12643,0.71,3.95,359.48,2,3.39,12,17.1
204056.3,24.9770185,121.5511765,24.2,0.039,0.046,0.51,0.51384,-0.86787,19.13372,0.71,3.95,359.48,2,3.39,12,17.1
204056.5,24.9770185,121.5511765,24.2,0.039,0.046,0.51,0.51745,-0.85302,19.13101,0.71,3.95,359.48,2,3.39,12,17.1
204056.6,24.9770185,121.5511765,24.2,0.039,0.046,0.51,0.51548,-0.80112,19.14111,0.71,3.95,359.48,2,3.39,12,17.1
204056.8,24.9770185,121.5511765,24.2,0.039,0.046,0.51,0.54224,-0.77211,19.13295,0.71,3.95,359.48,2,3.39,12,17.1
204057.0,24.9770185,121.5511765,24.2,0.039,0.046,0.51,0.5542,-0.77052,19.12461,0.71,3.95,359.48,2,3.39,12,17.1
204057.1,24.9770185,121.5511765,24.2,0.039,0.046,0.51,0.54369,-0.76975,19.08152,0.71,3.95,359.48,2,3.39,12,17.1
204057.3,24.9770185,121.5511765,24.2,0.039,0.046,0.51,0.53846,-0.85831,19.04942,0.71,3.95,359.48,2,3.39,12,17.1
204057.4,24.9770188333,121.5511765,24.2,0.039,0.046,0.51,0.55188,-0.86238,18.9739,0.71,3.95,359.48,2,3.39,12,17.1
204057.6,24.9770191667,121.5511766667,24.2,0.039,0.046,0.51,0.61074,-0.90239,18.83654,0.71,3.95,359.48,2,3.39,12,17.1
204057.8,24.9770198333,121.551177,24.2,0.039,0.046,0.51,0.64423,-0.90351,18.73946,0.71,3.95,359.48,2,3.39,12,17.1
204057.9,24.9770201667,121.551177,24.2,0.039,0.046,0.51,0.66869,-0.91962,18.48068,0.71,3.95,359.48,2,3.39,12,17.1
204058.1,24.977021,121.5511773333,24.2,0.039,0.046,0.51,0.68292,-0.93584,18.32616,0.71,3.95,359.48,2,3.39,12,17.1
204058.2,24.9770213333,121.5511775,24.2,0.039,0.046,0.51,0.68929,-1.00119,17.91516,0.71,3.95,359.48,2,3.39,12,17.1
204058.4,24.9770243333,121.5511783333,24.2,0.039,0.046,0.51,0.65822,-1.01259,17.51871,0.71,3.95,359.48,2,3.39,12,17.1
204058.6,24.9770255,121.5511786667,24.2,0.039,0.046,0.51,0.65334,-1.00665,17.08957,0.71,3.95,359.48,2,3.39,12,17.1
204058.8,24.9770265,121.5511791667,24.2,0.039,0.046,0.51,0.74894,-1.01304,16.64712,0.71,3.95,359.48,2,3.39,12,17.1
204059.0,24.9770276667,121.5511795,24.2,0.039,0.046,0.51,0.77565,-0.99733,16.39553,0.71,3.95,359.48,2,3.39,12,17.1
204059.1,24.9770281667,121.5511796667,24.2,0.039,0.046,0.51,0.7481,-0.99673,15.827,0.71,3.95,359.48,2,3.39,12,17.1
204059.3,24.9770293333,121.55118,24.2,0.039,0.046,0.51,0.78713,-1.07789,15.51116,0.71,3.95,359.48,2,3.39,12,17.1
204059.4,24.9770311667,121.5511801667,24.2,0.039,0.046,0.51,0.93473,-1.10345,14.75583,0.71,3.95,359.48,2,3.41,12,17.1
204059.6,24.9770325,121.5511806667,24.2,0.039,0.046,0.51,1.02083,-1.05503,13.87801,0.71,3.95,359.48,2,3.41,12,17.1
204059.8,24.977034,121.551181,24.2,0.039,0.046,0.51,1.00406,-1.05896,13.34235,0.71,3.95,359.48,2,3.41,12,17.1
204059.9,24.9770348333,121.5511811667,24.2,0.039,0.046,0.51,0.93558,-1.02733,12.01252,0.71,3.95,359.48,2,3.41,12,17.1
204060.1,24.9770365,121.5511816667,24.1,0.039,0.046,0.51,0.88058,-0.97596,10.39676,0.71,3.95,359.48,2,3.41,12,17.1
204060.3,24.9770383333,121.551182,24.1,0.039,0.046,0.51,0.93937,-0.93334,8.47801,0.71,3.95,359.48,2,3.41,12,17.1
204060.5,24.9770405,121.551182,24.1,0.039,0.046,0.51,0.93044,-0.94606,6.24387,0.71,3.95,359.48,2,3.41,12,17.1
204060.7,24.9770425,121.5511823333,24.1,0.039,0.046,0.51,0.94627,-0.89606,5.03542,0.71,3.95,359.48,2,3.41,12,17.1
204060.8,24.9770435,121.5511823333,24.1,0.039,0.046,0.51,1.08876,-0.81913,2.43837,0.71,3.95,359.48,2,3.41,12,17.1
204061.0,24.9770455,121.5511825,24.1,0.039,0.046,0.51,1.09484,-0.81337,1.05425,0.71,3.95,359.48,2,3.41,12,17.1
204061.1,24.9770466667,121.5511826667,24.1,0.039,0.046,0.51,1.07691,-0.799,358.2279,0.71,3.95,359.48,2,3.41,12,17.1
204061.3,24.9770488333,121.5511826667,24.1,0.039,0.046,0.51,1.3345,-0.75904,354.59355,0.71,3.95,359.48,2,3.41,12,17.1
204061.5,24.9770508333,121.5511831667,24.1,0.039,0.046,0.51,1.37948,-0.76449,353.02925,0.71,3.95,359.48,2,3.39,12,17.1
204061.6,24.977052,121.551183,24.1,0.039,0.046,0.51,1.43742,-0.71842,349.82277,0.71,3.95,359.48,2,3.39,12,17.1
204061.8,24.9770543333,121.5511826667,24.1,0.039,0.046,0.51,1.46771,-0.71795,348.19093,0.71,3.95,359.48,2,3.39,12,17.1
204061.9,24.9770555,121.5511825,24.1,0.039,0.046,0.51,1.3637,-0.80521,344.88402,0.71,3.95,359.48,2,3.39,12,17.1
204062.1,24.9770578333,121.5511818333,24.1,0.039,0.046,0.51,1.27763,-0.79265,341.48024,0.71,3.95,359.48,2,3.39,12,17.1
204062.3,24.9770603333,121.5511811667,24.1,0.039,0.046,0.51,1.29297,-0.80995,339.56589,0.71,3.95,359.48,2,3.39,12,17.1
204062.4,24.9770613333,121.5511801667,24.1,0.039,0.046,0.51,1.39562,-0.8504,336.028,0.71,3.95,359.48,2,3.39,12,17.1
204062.6,24.9770638333,121.5511791667,24.1,0.039,0.046,0.51,1.33191,-0.83948,332.38461,0.71,3.95,359.48,2,3.39,12,17.1
204062.8,24.9770661667,121.551178,24.1,0.039,0.046,0.51,1.26105,-0.85648,328.55307,0.71,3.95,359.48,2,3.39,12,17.1
204063.0,24.9770685,121.5511765,24.1,0.039,0.046,0.51,1.2548,-0.88386,326.60637,0.71,3.95,359.48,2,3.39,12,17.1
204063.1,24.9770696667,121.5511756667,24.1,0.039,0.046,0.51,1.21668,-0.90788,322.5891,0.71,3.95,359.48,2,3.39,12,17.1
204063.3,24.9770721667,121.5511738333,24.1,0.039,0.046,0.51,1.18744,-0.91283,320.46203,0.71,3.95,359.48,2,3.39,12,17.1
204063.4,24.9770733333,121.5511721667,24.1,0.039,0.046,0.51,1.12318,-1.00886,316.26139,0.71,3.95,359.48,2,3.39,12,17.1
204063.6,24.977076,121.5511698333,24.1,0.039,0.046,0.51,1.13766,-1.0836,314.11588,0.71,3.95,359.48,2,3.39,12,17.1
204063.7,24.9770773333,121.5511683333,24.1,0.039,0.046,0.51,1.16722,-1.23375,309.85956,0.71,3.95,359.48,2,3.39,12,17.1
204063.9,24.9770801667,121.551165,24.1,0.039,0.046,0.51,1.26685,-1.39896,305.68789,0.71,3.95,359.48,2,3.39,12,17.1
204064.1,24.977083,121.5511611667,24.0,0.039,0.046,0.51,1.31484,-1.45829,303.70761,0.71,3.95,359.48,2,3.39,12,17.1
204064.2,24.9770843333,121.551159,24.0,0.039,0.046,0.51,1.39943,-1.53493,297.77201,0.71,3.95,359.48,2,3.39,12,17.1
204064.5,24.9770883333,121.5511501667,24.0,0.039,0.046,0.51,1.42227,-1.38455,296.04585,0.71,3.95,359.48,2,3.39,12,17.1
204064.6,24.9770896667,121.5511473333,24.0,0.039,0.046,0.51,1.44101,-1.81309,292.89558,0.71,3.95,359.48,2,3.39,12,17.1
204064.8,24.9770925,121.551141,24.0,0.039,0.046,0.51,1.41776,-1.85161,291.49987,0.71,3.95,359.48,2,3.39,12,17.1
204064.9,24.9770938333,121.5511376667,24.0,0.039,0.046,0.51,1.56934,-1.95769,288.95213,0.71,3.95,359.48,2,3.39,12,17.1
204065.1,24.9770963333,121.5511301667,23.9,0.039,0.046,0.51,1.71272,-2.25148,286.81804,0.71,3.95,359.48,2,3.39,12,17.1
204065.3,24.9770988333,121.5511221667,23.9,0.039,0.046,0.51,1.74566,-2.23949,284.77824,0.71,3.95,359.48,2,3.39,12,17.1
204065.4,24.977099,121.551116,23.9,0.039,0.046,0.51,1.72557,-2.23467,283.03675,0.71,3.95,359.48,2,3.39,12,17.1
204065.6,24.977101,121.551107,23.8,0.039,0.046,0.51,1.791,-2.0457,281.45585,0.71,3.95,359.48,2,3.39,12,17.1
204065.8,24.977103,121.5510975,23.8,0.039,0.046,0.51,1.7302,-1.92662,280.73444,0.71,3.95,359.48,2,3.39,12,17.1
204065.9,24.977104,121.5510925,23.8,0.039,0.046,0.51,1.66983,-2.03706,279.35493,0.71,3.95,359.48,2,3.39,12,17.1
204066.1,24.9771056667,121.551082,23.7,0.039,0.046,0.51,1.82192,-1.76351,278.12346,0.71,3.95,359.48,2,3.39,12,17.1
204066.3,24.9771073333,121.551071,23.7,0.039,0.046,0.51,1.85285,-1.72577,277.51652,0.71,3.95,359.48,2,3.39,12,17.1
204066.4,24.977108,121.5510651667,23.7,0.039,0.046,0.51,1.53366,-1.80663,275.49415,0.71,3.95,359.48,2,3.39,12,17.1
204066.6,24.9771081667,121.5510526667,23.6,0.039,0.046,0.51,1.38467,-2.24091,274.44655,0.71,3.95,359.48,2,3.39,12,17.1
204066.8,24.9771091667,121.5510403333,23.6,0.039,0.046,0.51,1.3572,-2.2487,273.99045,0.71,3.95,359.48,2,3.39,12,17.1
204066.9,24.9771096667,121.551034,23.6,0.039,0.046,0.51,1.19494,-2.16478,273.22888,0.71,3.95,359.48,2,3.39,12,17.1
204067.1,24.9771105,121.5510206667,23.5,0.039,0.046,0.51,0.78415,-2.08386,272.87348,0.71,3.95,359.48,2,3.39,12,17.1
204067.3,24.9771111667,121.5510068333,23.5,0.039,0.046,0.51,0.70792,-2.08951,272.80682,0.71,3.95,359.48,2,3.39,12,17.1
204067.4,24.9771115,121.5509998333,23.4,0.039,0.046,0.51,0.80275,-1.9149,272.25933,0.71,3.95,359.48,2,3.39,12,17.1
204067.6,24.9771111667,121.5509846667,23.4,0.039,0.046,0.51,0.78637,-1.86961,272.18198,0.71,3.95,359.48,2,3.41,12,17.1
204067.7,24.9771115,121.5509771667,23.3,0.039,0.046,0.51,0.67525,-1.90806,272.01468,0.71,3.95,359.48,2,3.41,12,17.1
204067.9,24.977112,121.5509618333,23.3,0.039,0.046,0.51,0.87179,-1.84687,271.83733,0.71,3.95,359.48,2,3.41,12,17.1
204068.1,24.9771125,121.550946,23.2,0.039,0.046,0.51,0.88407,-1.75726,271.7236,0.71,3.95,359.48,2,3.41,12,17.1
204068.2,24.9771128333,121.5509378333,23.2,0.039,0.046,0.51,0.8396,-1.57423,271.24091,0.71,3.95,359.48,2,3.41,12,17.1
204068.4,24.9771128333,121.5509215,23.2,0.039,0.046,0.51,0.87216,-1.5569,271.03034,0.71,3.95,359.48,2,3.39,12,17.1
204068.5,24.9771128333,121.5509131667,23.1,0.039,0.046,0.51,0.87269,-1.67749,270.61545,0.71,3.95,359.48,2,3.39,12,17.1
204068.7,24.9771131667,121.5508963333,23.1,0.039,0.046,0.51,0.91682,-1.75445,270.38476,0.71,3.95,359.48,2,3.39,12,17.1
204068.8,24.9771131667,121.5508878333,23.1,0.039,0.046,0.51,0.87839,-1.79139,269.96742,0.71,3.95,359.48,2,3.39,12,17.1
204069.0,24.9771133333,121.5508705,23.0,0.039,0.046,0.51,1.05855,-1.62091,269.62424,0.71,3.95,359.48,2,3.39,12,17.1
204069.2,24.9771133333,121.5508528333,23.0,0.039,0.046,0.51,1.47017,-1.32993,269.51326,0.71,3.95,359.48,2,3.39,12,17.1
204069.3,24.9771131667,121.5508438333,22.9,0.039,0.046,0.51,1.22,-1.44872,269.34097,0.71,3.95,359.48,2,3.39,12,17.1
204069.5,24.9771128333,121.5508261667,22.9,0.039,0.046,0.51,0.67418,-1.2303,269.20375,0.71,3.95,359.48,2,3.39,11,17.1
204069.8,24.9771125,121.5507985,22.9,0.039,0.046,0.51,0.50839,-1.60297,269.18111,0.71,3.95,359.48,2,3.39,11,17.1
204069.9,24.9771123333,121.550789,22.8,0.039,0.046,0.51,0.68727,-1.9298,269.19245,0.71,3.95,359.48,2,3.39,11,17.1
204070.1,24.9771121667,121.5507701667,22.8,0.039,0.046,0.51,0.77785,-1.11506,269.15157,0.71,3.95,359.48,2,3.39,11,17.1
204070.3,24.9771118333,121.550751,22.7,0.039,0.046,0.51,1.30204,-0.67958,269.18265,0.71,3.95,359.48,2,3.39,11,17.1
204070.4,24.9771118333,121.5507416667,22.8,0.039,0.046,0.51,1.16051,-0.84135,269.15438,0.71,3.95,359.48,2,3.41,11,17.1
204070.6,24.9771116667,121.5507223333,22.8,0.039,0.046,0.51,1.08844,-0.6652,269.13032,0.71,3.95,359.48,2,3.41,11,17.1
204070.7,24.9771115,121.5507125,22.7,0.039,0.046,0.51,1.17447,-0.42275,269.13347,0.71,3.95,359.48,2,3.41,11,17.1
204070.9,24.9771111667,121.550693,22.7,0.039,0.046,0.51,1.43355,-0.79551,269.13828,0.71,3.95,359.48,2,3.41,11,17.1
204071.1,24.977111,121.5506731667,22.7,0.039,0.046,0.51,1.33672,-0.59169,269.20144,0.71,3.95,359.48,2,3.41,11,17.1
204071.2,24.9771108333,121.550663,22.7,0.039,0.046,0.51,0.58093,0.24316,269.23226,0.71,3.95,359.48,2,3.41,11,17.1
204071.4,24.9771091667,121.5506453333,22.7,0.039,0.046,0.51,1.05547,0.03865,269.21989,0.71,3.95,359.48,4,1.19,10,17.1
204071.6,24.977109,121.5506251667,22.7,0.039,0.046,0.51,1.24824,0.29933,269.16803,0.71,3.95,359.48,4,1.19,10,17.1
204071.7,24.9771088333,121.550615,22.7,0.039,0.046,0.51,1.32526,0.62968,268.90076,0.71,3.95,359.48,4,1.19,10,17.1
204071.9,24.9771085,121.5505948333,22.8,0.039,0.046,0.51,1.26938,0.39407,268.63274,0.71,3.95,359.48,4,1.19,10,17.1
204072.1,24.9771081667,121.5505745,22.8,0.039,0.046,0.51,1.20369,0.57268,268.5336,0.71,3.95,359.48,4,1.19,10,17.1
204072.2,24.977108,121.5505645,22.8,0.039,0.046,0.51,0.69515,1.1646,268.24092,0.71,3.95,359.48,4,1.19,10,17.1
204072.5,24.9771068333,121.5505345,22.9,0.039,0.046,0.51,0.56552,1.07434,268.252,0.71,3.95,359.48,4,1.19,10,17.1
204072.6,24.9771066667,121.5505245,22.9,0.039,0.046,0.51,0.71629,1.03933,268.27408,0.71,3.95,359.48,4,1.19,10,17.1
204072.8,24.977106,121.5505046667,22.9,0.039,0.046,0.51,0.84205,1.17486,268.28735,0.71,3.95,359.48,4,1.19,10,17.1
204072.9,24.9771058333,121.5504948333,23.0,0.039,0.046,0.51,0.75496,1.47584,268.32625,0.71,3.95,359.48,4,1.19,10,17.1
204073.1,24.9771053333,121.550475,23.0,0.039,0.046,0.51,0.01075,2.03065,268.45284,0.71,3.95,359.48,4,1.19,10,17.1
204073.3,24.9771046667,121.5504555,23.1,0.039,0.046,0.51,0.24403,1.6123,268.64256,0.71,3.95,359.48,4,1.19,10,17.1
204073.5,24.977104,121.5504363333,23.2,0.039,0.046,0.51,0.18738,1.45213,268.88464,0.71,3.95,359.48,4,1.19,10,17.1
204073.7,24.9771035,121.550417,23.2,0.039,0.046,0.51,0.47037,1.61935,268.94376,0.71,3.95,359.48,4,1.19,10,17.1
204073.8,24.9771033333,121.5504073333,23.2,0.039,0.046,0.51,0.77836,1.54716,268.94567,0.71,3.95,359.48,4,1.19,10,17.1
204074.0,24.977103,121.5503883333,23.3,0.039,0.046,0.51,0.70041,1.45884,268.91422,0.71,3.95,359.48,4,1.19,10,17.1
204074.1,24.9771028333,121.5503788333,23.3,0.039,0.046,0.51,0.75382,1.63432,268.6334,0.71,3.95,359.48,4,1.19,10,17.1
204074.3,24.9771025,121.5503598333,23.4,0.039,0.046,0.51,0.87639,1.57562,268.36675,0.71,3.95,359.48,4,1.19,10,17.1
204074.4,24.9771021667,121.5503508333,23.4,0.039,0.046,0.51,0.95487,1.60264,267.70951,0.71,3.95,359.48,5,1.19,10,17.1
204074.6,24.9771015,121.550332,23.5,0.039,0.046,0.51,0.95332,1.61308,266.8063,0.71,3.95,359.48,5,1.19,10,17.1
204074.8,24.9771008333,121.5503135,23.5,0.039,0.046,0.51,1.00557,1.51404,266.29019,0.71,3.95,359.48,5,1.19,10,17.1
204074.9,24.9771003333,121.5503041667,23.6,0.039,0.046,0.51,0.90114,1.34597,265.11076,0.71,3.95,359.48,5,1.19,10,17.1
204075.1,24.9770991667,121.5502858333,23.6,0.039,0.046,0.51,0.92879,1.38071,264.4555,0.71,3.95,359.48,5,1.19,10,17.1
204075.2,24.9770985,121.5502766667,23.6,0.039,0.046,0.51,0.97935,1.72321,262.40127,0.71,3.95,359.48,5,1.19,10,17.1
204075.5,24.9770945,121.5502495,23.7,0.039,0.046,0.51,1.07547,1.63381,261.74291,0.71,3.95,359.48,5,1.19,10,17.1
204075.6,24.9770933333,121.5502403333,23.8,0.039,0.046,0.51,1.20655,1.78777,260.48306,0.71,3.95,359.48,5,1.19,10,17.1
204075.8,24.9770908333,121.5502221667,23.8,0.039,0.046,0.51,1.15884,1.81931,259.87238,0.71,3.95,359.48,5,1.19,10,17.1
204075.9,24.9770895,121.550213,23.9,0.039,0.046,0.51,1.2492,1.8377,258.61133,0.71,3.95,359.48,5,1.19,10,17.1
204076.1,24.9770863333,121.5501946667,23.9,0.039,0.046,0.51,1.19737,1.81351,257.4216,0.71,3.95,359.48,5,1.19,10,17.1
204076.3,24.977083,121.5501765,24.0,0.039,0.046,0.51,1.32654,1.69472,256.40505,0.71,3.95,359.48,5,1.19,10,17.1
204076.5,24.9770791667,121.5501586667,24.0,0.039,0.046,0.51,1.24782,1.71459,255.9054,0.71,3.95,359.48,5,0.98,10,17.1
204076.6,24.9770771667,121.5501496667,24.0,0.039,0.046,0.51,1.13692,1.76962,255.0144,0.71,3.95,359.48,5,0.98,10,17.1
204076.8,24.977073,121.550132,24.1,0.039,0.046,0.51,0.9787,1.71436,254.14694,0.71,3.95,359.48,5,0.98,10,17.1
204077.0,24.9770688333,121.5501146667,24.2,0.039,0.046,0.51,0.84612,1.79713,253.70778,0.71,3.95,359.48,5,0.98,10,17.1
204077.1,24.9770665,121.550106,24.2,0.039,0.046,0.51,1.03101,1.42137,252.72243,0.71,3.95,359.48,5,0.98,10,17.1
204077.3,24.9770618333,121.5500888333,24.2,0.039,0.046,0.51,1.1308,1.14414,252.23878,0.71,3.95,359.48,5,0.98,10,17.1
204077.4,24.9770598333,121.55008,24.1,0.039,0.046,0.51,1.67147,1.40582,250.90963,0.71,3.95,359.48,4,1.1,10,17.1
204077.6,24.9770548333,121.5500631667,24.2,0.039,0.046,0.51,1.91914,1.43771,249.42306,0.71,3.95,359.48,4,1.1,10,17.1
204077.8,24.9770495,121.5500465,24.2,0.039,0.046,0.51,2.00776,1.39491,248.69061,0.71,3.95,359.48,4,1.1,10,17.1
204077.9,24.9770466667,121.5500381667,24.2,0.039,0.046,0.51,2.25988,1.33426,247.1199,0.71,3.95,359.48,4,1.1,10,17.1
204078.1,24.9770408333,121.550022,24.3,0.039,0.046,0.51,2.3508,1.35257,246.24676,0.71,3.95,359.48,4,1.1,10,17.1
204078.2,24.9770376667,121.550014,24.3,0.039,0.046,0.51,2.29839,1.31147,243.33465,0.71,3.95,359.48,4,1.1,10,17.1
204078.5,24.9770281667,121.5499915,24.3,0.039,0.046,0.51,2.37915,1.2846,242.25035,0.71,3.95,359.48,4,1.0,10,17.1
204078.6,24.9770246667,121.5499838333,24.3,0.039,0.046,0.51,2.42843,1.19053,239.96876,0.71,3.95,359.48,4,1.0,10,17.1
204078.8,24.9770173333,121.549969,24.4,0.039,0.046,0.51,2.66482,1.31241,237.53758,0.71,3.95,359.48,4,1.0,10,17.1
204079.0,24.9770095,121.5499546667,24.4,0.039,0.046,0.51,2.62267,1.35059,236.19812,0.71,3.95,359.48,4,1.0,10,17.1
204079.1,24.9770055,121.5499475,24.4,0.039,0.046,0.51,2.40505,1.31928,233.37713,0.71,3.95,359.48,4,1.0,10,17.1
204079.3,24.9769968333,121.5499338333,24.5,0.039,0.046,0.51,1.97137,1.60493,230.55364,0.71,3.95,359.48,4,1.0,10,17.1
204079.5,24.9769885,121.5499218333,24.5,0.039,0.046,0.51,1.854,1.62491,229.02532,0.71,3.95,359.48,4,0.89,9,17.1
204079.6,24.9769836667,121.5499155,24.6,0.039,0.046,0.51,2.1899,1.23428,225.86417,0.71,3.95,359.48,4,0.89,9,17.1
204079.8,24.9769738333,121.5499033333,24.6,0.039,0.046,0.51,2.26404,1.07191,222.72742,0.71,3.95,359.48,4,0.89,9,17.1
204080.0,24.9769631667,121.5498916667,24.6,0.039,0.046,0.51,2.22853,1.1355,221.13097,0.71,3.95,359.48,4,0.89,9,17.1
204080.1,24.9769576667,121.5498861667,24.6,0.039,0.046,0.51,2.26083,1.29969,217.95198,0.71,3.95,359.48,4,0.89,9,17.1
204080.3,24.9769461667,121.5498755,24.7,0.039,0.046,0.51,2.07235,1.33614,216.49181,0.71,3.95,359.48,4,0.89,9,17.1
204080.4,24.9769406667,121.5498708333,24.7,0.039,0.046,0.51,2.0899,1.44031,213.30308,0.71,3.95,359.48,4,0.86,11,17.1
204080.6,24.9769283333,121.5498611667,24.8,0.039,0.046,0.51,1.97002,1.50008,210.1039,0.71,3.95,359.48,4,0.86,11,17.1
204080.8,24.9769155,121.5498521667,24.8,0.039,0.046,0.51,1.96803,1.40482,208.46619,0.71,3.95,359.48,4,0.86,11,17.1
204080.9,24.9769086667,121.5498478333,24.8,0.039,0.046,0.51,1.90592,1.26118,205.20895,0.71,3.95,359.48,4,0.86,11,17.1
204081.1,24.9768948333,121.5498398333,24.9,0.039,0.046,0.51,1.8838,1.23426,203.58184,0.71,3.95,359.48,4,0.86,11,17.1
204081.2,24.9768875,121.5498361667,24.9,0.039,0.046,0.51,1.98568,1.05672,199.05493,0.71,3.95,359.48,4,0.86,11,17.1
204081.5,24.9768653333,121.5498266667,25.0,0.039,0.046,0.51,1.86832,1.00117,197.53241,0.71,3.95,359.48,4,0.89,10,17.1
204081.6,24.9768575,121.5498236667,25.0,0.039,0.046,0.51,1.73135,0.54608,194.57924,0.71,3.95,359.48,4,0.89,10,17.1
204081.8,24.9768415,121.5498183333,25.0,0.039,0.046,0.51,1.67187,0.39733,193.2014,0.71,3.95,359.48,4,0.89,10,17.1
204081.9,24.9768333333,121.549816,25.0,0.039,0.046,0.51,1.72246,0.04295,190.68884,0.71,3.95,359.48,4,0.89,10,17.1
204082.1,24.9768165,121.5498118333,25.0,0.039,0.046,0.51,2.33889,-0.28494,188.40177,0.71,3.95,359.48,4,0.89,10,17.1
204082.3,24.9767991667,121.5498085,25.0,0.039,0.046,0.51,2.39072,0.15265,186.57964,0.71,3.95,359.48,4,0.89,10,17.1
204082.5,24.9767816667,121.5498065,25.1,0.039,0.046,0.51,1.87156,0.03109,184.98442,0.71,3.95,359.48,4,0.84,10,17.1
204082.7,24.9767638333,121.5498043333,25.1,0.039,0.046,0.51,1.80316,0.01303,184.33129,0.71,3.95,359.48,4,0.84,10,17.1
204082.8,24.9767548333,121.5498035,25.1,0.039,0.046,0.51,1.98891,0.04723,183.23417,0.71,3.95,359.48,4,0.84,10,17.1
204083.0,24.9767365,121.549802,25.1,0.039,0.046,0.51,1.19793,0.14017,182.76166,0.71,3.95,359.48,4,0.84,10,17.1
204083.1,24.9767273333,121.5498013333,25.1,0.039,0.046,0.51,1.5495,-0.06567,182.08252,0.71,3.95,359.48,4,0.84,10,17.1
204083.3,24.9767088333,121.5498005,25.1,0.039,0.046,0.51,2.15941,-0.01401,181.84061,0.71,3.95,359.48,4,0.84,10,17.1
204083.4,24.9767003333,121.5498008333,25.2,0.039,0.046,0.51,1.86612,-0.1471,181.55325,0.71,3.95,359.48,4,0.84,10,17.1
204083.6,24.9766821667,121.5498001667,25.2,0.039,0.046,0.51,1.96404,-0.00614,181.41272,0.71,3.95,359.48,4,0.84,10,17.1
204083.8,24.9766638333,121.5497996667,25.2,0.039,0.046,0.51,1.87548,-0.0441,181.35592,0.71,3.95,359.48,4,0.84,10,17.1
204083.9,24.9766546667,121.5497995,25.2,0.039,0.046,0.51,1.83552,-0.07734,181.27817,0.71,3.95,359.48,4,0.84,10,17.1
204084.1,24.9766365,121.549799,25.2,0.039,0.046,0.51,1.86487,0.04984,181.27101,0.71,3.95,359.48,4,0.84,10,17.1
204084.3,24.9766181667,121.5497985,25.2,0.039,0.046,0.51,2.1313,0.2516,181.06287,0.71,3.95,359.48,4,0.84,10,17.1
204084.5,24.9766003333,121.5497995,25.2,0.039,0.046,0.51,2.15111,0.18671,181.05518,0.71,3.95,359.48,4,0.8,11,17.1
204084.6,24.9765913333,121.5497993333,25.2,0.039,0.046,0.51,2.09646,0.18772,181.04082,0.71,3.95,359.48,4,0.8,11,17.1
204084.8,24.9765731667,121.549799,25.2,0.039,0.046,0.51,2.03617,0.20375,181.06555,0.71,3.95,359.48,4,0.8,11,17.1
204085.0,24.9765551667,121.5497986667,25.3,0.039,0.046,0.51,2.00988,0.22866,181.09709,0.71,3.95,359.48,4,0.8,11,17.1
204085.1,24.976546,121.5497985,25.3,0.039,0.046,0.51,1.85715,0.05609,181.16376,0.71,3.95,359.48,4,0.8,11,17.1
204085.3,24.9765278333,121.549798,25.3,0.039,0.046,0.51,1.78191,0.02067,181.19641,0.71,3.95,359.48,4,0.8,11,17.1
204085.4,24.9765186667,121.5497978333,25.3,0.039,0.046,0.51,1.84856,0.00835,181.10782,0.71,3.95,359.48,4,0.8,11,17.1
204085.6,24.9765003333,121.5497988333,25.3,0.039,0.046,0.51,1.77123,-0.2697,181.16663,0.71,3.95,359.48,4,0.8,10,17.1
204085.8,24.9764815,121.5497983333,25.3,0.039,0.046,0.51,1.78848,-0.34284,181.17846,0.71,3.95,359.48,4,0.8,10,17.1
204085.9,24.976472,121.5497981667,25.3,0.039,0.046,0.51,1.79453,-0.39357,181.1212,0.71,3.95,359.48,4,0.8,10,17.1
204086.1,24.976453,121.5497978333,25.3,0.039,0.046,0.51,1.71614,-0.47404,181.05638,0.71,3.95,359.48,4,0.8,10,17.1
204086.2,24.9764433333,121.5497975,25.3,0.039,0.046,0.51,1.56785,-0.08724,180.78034,0.71,3.95,359.48,4,0.8,10,17.1
204086.5,24.9764146667,121.5497981667,25.3,0.039,0.046,0.51,1.62212,-0.05796,180.74301,0.71,3.95,359.48,4,0.83,10,17.1
204086.6,24.9764051667,121.549798,25.3,0.039,0.046,0.51,1.59116,0.01163,180.69543,0.71,3.95,359.48,4,0.83,10,17.1
204086.8,24.976386,121.5497978333,25.3,0.039,0.046,0.51,1.76764,0.05419,180.65366,0.71,3.95,359.48,4,0.83,10,17.1
204087.0,24.976367,121.5497975,25.3,0.039,0.046,0.51,1.82599,0.05436,180.61347,0.71,3.95,359.48,4,0.83,10,17.1
204087.1,24.9763575,121.5497973333,25.3,0.039,0.046,0.51,1.74247,0.11015,180.55338,0.71,3.95,359.48,4,0.83,10,17.1
204087.3,24.9763383333,121.5497971667,25.3,0.039,0.046,0.51,1.33302,0.14018,180.35534,0.71,3.95,359.48,4,0.83,10,17.1
204087.5,24.9763196667,121.5497978333,25.3,0.039,0.046,0.51,1.27777,0.14368,180.27148,0.71,3.95,359.48,4,0.97,10,17.1
204087.7,24.9763008333,121.5497978333,25.3,0.039,0.046,0.51,1.432,0.21094,180.20006,0.71,3.95,359.48,4,0.97,10,17.1
204087.8,24.9762913333,121.5497976667,25.3,0.039,0.046,0.51,1.77614,0.05913,179.93624,0.71,3.95,359.48,4,0.97,10,17.1
204088.0,24.9762725,121.5497976667,25.3,0.039,0.046,0.51,1.57162,-0.00897,179.61283,0.71,3.95,359.48,4,0.97,10,17.1
204088.1,24.9762631667,121.5497976667,25.3,0.039,0.046,0.51,1.83348,0.0123,178.69545,0.71,3.95,359.48,4,0.97,10,17.1
204088.3,24.9762443333,121.549798,25.3,0.039,0.046,0.51,2.32998,-0.10617,177.67662,0.71,3.95,359.48,4,0.97,10,17.1
204088.5,24.976226,121.549799,25.3,0.039,0.046,0.51,2.20581,-0.04919,176.42411,0.71,3.95,359.48,4,0.97,10,17.1
204088.7,24.9762073333,121.5498,25.3,0.039,0.046,0.51,2.06656,-0.03946,175.64725,0.71,3.95,359.48,4,0.97,10,17.1
204088.8,24.976198,121.5498006667,25.3,0.039,0.046,0.51,2.19338,-0.14218,173.83592,0.71,3.95,359.48,4,0.97,10,17.1
204089.0,24.9761795,121.5498023333,25.3,0.039,0.046,0.51,2.09711,-0.15087,172.79205,0.71,3.95,359.48,4,0.97,10,17.1
204089.1,24.9761701667,121.5498035,25.3,0.039,0.046,0.51,1.81826,-0.08638,170.44779,0.71,3.95,359.48,4,0.97,10,17.1
204089.3,24.9761518333,121.5498061667,25.3,0.039,0.046,0.51,1.58676,-0.01104,167.74375,0.71,3.95,359.48,4,0.97,10,17.1
204089.5,24.9761346667,121.5498101667,25.4,0.039,0.046,0.51,1.66784,-0.00317,166.32337,0.71,3.95,359.48,4,0.97,10,17.1
204089.6,24.9761258333,121.5498123333,25.4,0.039,0.046,0.51,1.95566,-0.13116,163.3724,0.71,3.95,359.48,4,0.97,10,17.1
204089.8,24.9761081667,121.5498173333,25.4,0.039,0.046,0.51,1.92464,-0.28584,160.26591,0.71,3.95,359.48,4,0.97,10,17.1
204090.0,24.9760906667,121.5498233333,25.3,0.039,0.046,0.51,2.11627,-0.23647,158.66949,0.71,3.95,359.48,4,0.97,10,17.1
204090.1,24.9760821667,121.5498266667,25.3,0.039,0.046,0.51,2.03948,-0.03492,155.4603,0.71,3.95,359.48,4,0.97,10,17.1
204090.3,24.9760653333,121.5498341667,25.3,0.039,0.046,0.51,1.86831,0.01853,154.00234,0.71,3.95,359.48,4,0.97,10,17.1
204090.4,24.976058,121.549838,25.4,0.039,0.046,0.51,1.2995,0.34492,150.6493,0.71,3.95,359.48,4,0.97,10,17.1
204090.6,24.9760421667,121.5498468333,25.4,0.039,0.046,0.51,0.16594,0.11294,147.21444,0.71,3.95,359.48,4,0.97,10,17.1
204090.8,24.9760266667,121.5498566667,25.4,0.039,0.046,0.51,0.02991,-0.03795,145.41194,0.71,3.95,359.48,4,0.97,10,17.1
204090.9,24.9760193333,121.549862,25.4,0.039,0.046,0.51,0.29336,-0.28006,141.78006,0.71,3.95,359.48,4,0.97,10,17.1
204091.1,24.9760048333,121.5498733333,25.4,0.039,0.046,0.51,0.75039,-0.40528,139.94394,0.71,3.95,359.48,4,0.97,10,17.1
204091.2,24.9759978333,121.5498793333,25.4,0.039,0.046,0.51,2.48875,-0.73782,134.7663,0.71,3.95,359.48,4,0.97,10,17.1
204091.5,24.975979,121.5498976667,25.4,0.039,0.046,0.51,2.74262,-0.70139,133.00059,0.71,3.95,359.48,4,0.89,9,17.1
204091.6,24.9759728333,121.5499045,25.4,0.039,0.046,0.51,2.79749,-0.45069,129.65872,0.71,3.95,359.48,4,0.89,9,17.1
204091.8,24.9759608333,121.549919,25.4,0.039,0.046,0.51,2.73496,-0.45161,128.06583,0.71,3.95,359.48,4,0.89,9,17.1
204091.9,24.975955,121.5499266667,25.3,0.039,0.046,0.51,2.77956,0.14784,125.14941,0.71,3.95,359.48,4,0.89,9,17.1
204092.1,24.975944,121.5499426667,25.3,0.039,0.046,0.51,3.04724,-0.32567,122.46266,0.71,3.95,359.48,4,0.89,9,17.1
204092.3,24.9759333333,121.5499595,25.3,0.039,0.046,0.51,2.39927,-0.1858,121.35817,0.71,3.95,359.48,4,0.89,9,17.1
204092.4,24.9759291667,121.549968,25.4,0.039,0.046,0.51,2.01214,0.08219,119.19811,0.71,3.95,359.48,4,0.89,9,17.1
204092.6,24.9759193333,121.549986,25.4,0.039,0.046,0.51,1.77927,0.00247,118.25839,0.71,3.95,359.48,4,0.89,9,17.1
204092.7,24.9759146667,121.5499953333,25.4,0.039,0.046,0.51,1.58292,-0.14483,116.46057,0.71,3.95,359.48,4,0.89,9,17.1
204092.9,24.9759055,121.5500143333,25.4,0.039,0.046,0.51,1.34437,-0.00733,114.64716,0.71,3.95,359.48,4,0.89,9,17.1
204093.1,24.9758966667,121.5500343333,25.4,0.039,0.046,0.51,1.26839,0.01548,113.74899,0.71,3.95,359.48,4,0.89,9,17.1
204093.2,24.9758923333,121.5500445,25.4,0.039,0.046,0.51,1.54312,0.07511,110.91746,0.71,3.95,359.48,4,0.89,9,17.1
204093.5,24.9758818333,121.5500758333,25.5,0.039,0.046,0.51,1.56368,0.07976,109.9817,0.71,3.95,359.48,4,0.89,10,17.1
204093.6,24.975878,121.5500865,25.5,0.039,0.046,0.51,1.58042,-0.01035,108.09334,0.71,3.95,359.48,4,0.89,10,17.1
204093.8,24.9758711667,121.5501081667,25.5,0.039,0.046,0.51,1.64128,-0.08896,106.19371,0.71,3.95,359.48,4,0.89,10,17.1
204094.0,24.9758646667,121.5501301667,25.5,0.039,0.046,0.51,1.4962,-0.11258,105.26431,0.71,3.95,359.48,4,0.89,10,17.1
204094.1,24.9758618333,121.5501413333,25.5,0.039,0.046,0.51,1.23881,-0.09868,103.37938,0.71,3.95,359.48,4,0.89,10,17.1
204094.3,24.9758563333,121.5501638333,25.5,0.039,0.046,0.51,1.13365,-0.20066,102.3864,0.71,3.95,359.48,4,0.89,10,17.1
204094.4,24.9758553333,121.550175,25.5,0.039,0.046,0.51,1.56214,-0.1203,100.60826,0.71,3.95,359.48,4,0.89,9,17.1
204094.6,24.975851,121.5501978333,25.5,0.039,0.046,0.51,2.13795,-0.27458,99.00169,0.71,3.95,359.48,4,0.89,9,17.1
204094.8,24.9758471667,121.5502208333,25.5,0.039,0.046,0.51,2.32956,-0.40262,98.2256,0.71,3.95,359.48,4,0.89,9,17.1
204094.9,24.9758455,121.5502325,25.5,0.039,0.046,0.51,2.30719,-0.93393,96.79465,0.71,3.95,359.48,4,0.89,9,17.1
204095.1,24.9758425,121.5502556667,25.5,0.039,0.046,0.51,2.38468,-0.91456,96.20662,0.71,3.95,359.48,4,0.89,9,17.1
204095.2,24.9758413333,121.5502673333,25.5,0.039,0.046,0.51,1.43104,-0.00294,94.98838,0.71,3.95,359.48,4,0.89,9,17.1
204095.4,24.9758405,121.5502893333,25.6,0.039,0.046,0.51,1.20402,-0.10193,94.21613,0.71,3.95,359.48,4,0.96,7,17.1
204095.6,24.9758388333,121.5503123333,25.6,0.039,0.046,0.51,1.04201,-0.07416,93.67776,0.71,3.95,359.48,4,0.96,7,17.1
204095.8,24.9758373333,121.5503353333,25.6,0.039,0.046,0.51,1.09153,-0.12852,93.42464,0.71,3.95,359.48,4,0.96,7,17.1
204095.9,24.9758366667,121.5503468333,25.6,0.039,0.046,0.51,1.35085,-0.17639,93.05722,0.71,3.95,359.48,4,0.96,7,17.1
204096.1,24.9758353333,121.5503698333,25.6,0.039,0.046,0.51,1.32373,-0.14335,92.88915,0.71,3.95,359.48,4,0.96,7,17.1
204096.2,24.9758348333,121.5503813333,25.6,0.039,0.046,0.51,1.83602,0.34655,92.46851,0.71,3.95,359.48,4,0.96,7,17.1
204096.5,24.9758343333,121.5504153333,25.6,0.039,0.046,0.51,1.66804,0.39202,92.41014,0.71,3.95,359.48,4,0.85,9,17.1
204096.6,24.9758338333,121.5504266667,25.6,0.039,0.046,0.51,1.50193,0.48591,92.35581,0.71,3.95,359.48,4,0.85,9,17.1
204096.8,24.975833,121.5504495,25.6,0.039,0.046,0.51,1.4623,0.33895,92.31094,0.71,3.95,359.48,4,0.85,9,17.1
204096.9,24.9758325,121.5504608333,25.6,0.039,0.046,0.51,1.25715,0.26344,92.24844,0.71,3.95,359.48,4,0.85,9,17.1
204097.1,24.9758316667,121.5504835,25.6,0.039,0.046,0.51,1.10043,0.25832,92.18103,0.71,3.95,359.48,4,0.85,9,17.1
204097.3,24.9758308333,121.5505061667,25.6,0.039,0.046,0.51,1.24221,0.40798,92.01707,0.71,3.95,359.48,4,0.85,9,17.1
204097.5,24.975831,121.550528,25.7,0.039,0.046,0.51,1.32173,0.51759,91.9537,0.71,3.95,359.48,4,0.85,9,17.1
204097.7,24.9758301667,121.5505505,25.7,0.039,0.046,0.51,1.42531,0.55999,91.92587,0.71,3.95,359.48,4,0.85,9,17.1
204097.8,24.9758298333,121.5505616667,25.7,0.039,0.046,0.51,1.47301,0.63446,91.86006,0.71,3.95,359.48,4,0.85,9,17.1
204098.0,24.9758291667,121.550584,25.7,0.039,0.046,0.51,0.75024,1.28961,91.83331,0.71,3.95,359.48,4,0.85,9,17.1
204098.1,24.9758288333,121.550595,25.7,0.039,0.046,0.51,0.28108,1.49139,91.74634,0.71,3.95,359.48,4,0.85,9,17.1
204098.3,24.9758281667,121.5506171667,25.8,0.039,0.046,0.51,0.26381,1.3276,91.49859,0.71,3.95,359.48,4,0.85,9,17.1
204098.5,24.9758288333,121.5506383333,25.8,0.039,0.046,0.51,0.29028,1.52622,91.44512,0.71,3.95,359.48,4,0.89,8,17.1
204098.6,24.9758285,121.5506493333,25.8,0.039,0.046,0.51,0.54344,1.50866,91.38873,0.71,3.95,359.48,4,0.89,8,17.1
204098.8,24.975828,121.550671,25.9,0.039,0.046,0.51,0.57987,1.28808,91.34882,0.71,3.95,359.48,4,0.89,8,17.1
204098.9,24.9758278333,121.5506818333,25.9,0.039,0.046,0.51,0.52278,1.01177,91.27189,0.71,3.95,359.48,4,0.89,8,17.1
204099.1,24.9758273333,121.5507033333,26.0,0.039,0.046,0.51,0.50661,1.23786,91.21843,0.71,3.95,359.48,4,0.89,8,17.1
204099.3,24.9758268333,121.5507245,26.0,0.039,0.046,0.51,0.8283,1.63117,91.10944,0.71,3.95,359.48,4,0.89,8,17.1
204099.4,24.9758276667,121.5507345,26.0,0.039,0.046,0.51,0.84883,1.49908,91.06018,0.71,3.95,359.48,4,0.85,9,17.1
204099.6,24.9758273333,121.5507551667,26.1,0.039,0.046,0.51,0.85689,1.46069,91.02932,0.71,3.95,359.48,4,0.85,9,17.1
204099.7,24.9758271667,121.5507653333,26.1,0.039,0.046,0.51,0.81316,1.58777,90.99287,0.71,3.95,359.48,4,0.85,9,17.1
204099.9,24.9758268333,121.5507853333,26.2,0.039,0.046,0.51,0.71571,1.67261,90.94727,0.71,3.95,359.48,4,0.85,9,17.1
204100.1,24.9758265,121.550805,26.2,0.039,0.046,0.51,0.67612,1.68439,90.93538,0.71,3.95,359.48,4,0.85,9,17.1
204100.2,24.9758263333,121.5508146667,26.3,0.039,0.046,0.51,0.73024,1.5896,90.80305,0.71,3.95,359.48,4,0.85,9,17.1
204100.4,24.975827,121.5508328333,26.3,0.039,0.046,0.51,0.92425,1.37747,90.76743,0.71,3.95,359.48,4,0.96,9,17.1
204100.6,24.9758266667,121.5508513333,26.4,0.039,0.046,0.51,1.16352,1.25706,90.73182,0.71,3.95,359.48,4,0.96,9,17.1
204100.8,24.9758265,121.5508695,26.4,0.039,0.046,0.51,1.25085,1.36666,90.66107,0.71,3.95,359.48,4,0.96,9,17.1
204100.9,24.9758263333,121.5508785,26.5,0.039,0.046,0.51,1.20192,1.33061,90.38162,0.71,3.95,359.48,4,0.96,9,17.1
204101.1,24.9758263333,121.5508958333,26.5,0.039,0.046,0.51,1.42737,1.2333,89.90887,0.71,3.95,359.48,4,0.96,9,17.1
204101.3,24.9758261667,121.5509128333,26.5,0.039,0.046,0.51,1.68174,1.23071,88.99556,0.71,3.95,359.48,4,0.96,9,17.1
204101.5,24.9758268333,121.550928,26.6,0.039,0.046,0.51,1.86655,1.25856,87.78578,0.71,3.95,359.48,4,0.86,8,17.1
204101.7,24.9758271667,121.5509436667,26.6,0.039,0.046,0.51,1.864,1.36153,87.0663,0.71,3.95,359.48,4,0.86,8,17.1
204101.8,24.9758275,121.5509513333,26.6,0.039,0.046,0.51,1.87118,1.29426,85.29542,0.71,3.95,359.48,4,0.86,8,17.1
204102.0,24.9758283333,121.5509661667,26.7,0.039,0.046,0.51,1.94115,1.25508,84.25174,0.71,3.95,359.48,4,0.86,8,17.1
204102.1,24.9758288333,121.5509733333,26.7,0.039,0.046,0.51,1.99255,1.31516,81.9448,0.71,3.95,359.48,4,0.86,8,17.1
204102.3,24.9758301667,121.5509871667,26.7,0.039,0.046,0.51,1.81717,1.22279,80.64563,0.71,3.95,359.48,4,0.86,8,17.1
204102.4,24.9758311667,121.550994,26.7,0.039,0.046,0.51,1.66569,1.15008,77.78876,0.71,3.95,359.48,4,0.86,8,17.1
204102.6,24.9758331667,121.551005,26.9,0.039,0.046,0.51,1.83557,1.08735,74.43022,0.71,3.95,359.48,4,0.92,8,17.1
204102.8,24.9758358333,121.5510173333,26.9,0.039,0.046,0.51,1.79888,1.08658,72.5547,0.71,3.95,359.48,4,0.92,8,17.1
204102.9,24.9758373333,121.5510231667,26.9,0.039,0.046,0.51,1.61609,0.89455,68.48299,0.71,3.95,359.48,4,0.92,8,17.1
204103.1,24.9758408333,121.5510346667,26.9,0.039,0.046,0.51,1.52718,0.78681,63.94834,0.71,3.95,359.48,4,0.92,8,17.1
204103.3,24.9758448333,121.5510453333,26.9,0.039,0.046,0.51,1.50076,0.5804,59.00282,0.71,3.95,359.48,4,0.92,8,17.1
204103.6,24.9758518333,121.5510586667,27.0,0.039,0.046,0.51,1.4202,0.18382,53.73058,0.71,3.95,359.48,4,0.88,9,17.1
204103.7,24.9758546667,121.5510633333,27.0,0.039,0.046,0.51,1.11266,0.15566,51.13714,0.71,3.95,359.48,4,0.88,9,17.1
204103.9,24.975861,121.5510721667,27.0,0.039,0.046,0.51,0.68988,0.01687,45.84847,0.71,3.95,359.48,4,0.88,9,17.1
204104.0,24.9758643333,121.5510763333,27.0,0.039,0.046,0.51,0.44711,0.18153,43.21664,0.71,3.95,359.48,4,0.88,9,17.1
204104.2,24.9758718333,121.5510843333,27.0,0.039,0.046,0.51,0.8603,0.06694,37.94667,0.71,3.95,359.48,4,0.88,9,17.1
204104.4,24.9758795,121.5510908333,27.1,0.039,0.046,0.51,0.76118,-0.17503,32.89189,0.71,3.95,359.48,4,0.8,9,17.1
204104.5,24.9758838333,121.5510943333,27.1,0.039,0.046,0.51,0.5243,-0.35043,30.39383,0.71,3.95,359.48,4,0.8,9,17.1
204104.7,24.9758935,121.5511006667,27.1,0.039,0.046,0.51,0.64425,-0.35096,25.60601,0.71,3.95,359.48,4,0.8,9,17.1
204104.9,24.975904,121.5511065,27.1,0.039,0.046,0.51,0.88654,-0.4589,21.00766,0.71,3.95,359.48,4,0.8,9,17.1
204105.0,24.9759095,121.5511091667,27.0,0.039,0.046,0.51,0.90293,-0.48944,18.80239,0.71,3.95,359.48,4,0.8,9,17.1
204105.2,24.9759211667,121.5511138333,27.0,0.039,0.046,0.51,0.79804,-0.50947,14.73829,0.71,3.95,359.48,4,0.8,9,17.1
204105.4,24.9759335,121.5511176667,27.0,0.039,0.046,0.51,1.22866,-1.15187,11.28673,0.71,3.95,359.48,4,0.8,9,17.1
204105.6,24.9759466667,121.5511203333,27.0,0.039,0.046,0.51,0.88179,-1.4743,8.14005,0.71,3.95,359.48,2,3.41,9,17.1
204105.7,24.9759531667,121.5511215,27.0,0.039,0.046,0.51,0.86239,-1.4652,6.76013,0.71,3.95,359.48,2,3.41,9,17.1
204105.9,24.9759661667,121.5511235,26.9,0.039,0.046,0.51,0.92983,-1.37709,4.30616,0.71,3.95,359.48,2,3.41,9,17.1
204106.1,24.9759795,121.5511246667,26.9,0.039,0.046,0.51,0.75419,-1.44835,2.24588,0.71,3.95,359.48,2,3.41,9,17.1
204106.2,24.9759861667,121.5511251667,26.9,0.039,0.046,0.51,0.77387,-1.36974,1.34501,0.71,3.95,359.48,2,3.41,9,17.1
204106.4,24.9759995,121.5511256667,26.9,0.039,0.046,0.51,0.53534,-1.2061,359.95455,0.71,3.95,359.48,2,3.41,9,17.1
204106.5,24.976006,121.551125,26.9,0.039,0.046,0.51,0.47916,-1.12546,359.37375,0.71,3.95,359.48,2,3.41,9,17.1
204106.7,24.9760193333,121.5511248333,26.9,0.039,0.046,0.51,0.38324,-1.0594,358.64161,0.71,3.95,359.48,2,3.41,9,17.1
204106.9,24.9760326667,121.5511246667,26.8,0.039,0.046,0.51,0.33496,-1.01702,358.23043,0.71,3.95,359.48,2,3.41,9,17.1
204107.0,24.9760395,121.5511245,26.8,0.039,0.046,0.51,0.32711,-0.93692,358.09704,0.71,3.95,359.48,2,3.41,9,17.1
204107.2,24.9760528333,121.551124,26.8,0.039,0.046,0.51,0.41072,-0.7877,357.93175,0.71,3.95,359.48,2,3.41,9,17.1
204107.4,24.9760663333,121.5511235,26.8,0.039,0.046,0.51,0.79256,-0.63491,357.80772,0.71,3.95,359.48,2,3.41,9,17.1
204107.5,24.9760728333,121.5511225,26.9,0.039,0.046,0.51,0.77004,-0.7048,357.77896,0.71,3.95,359.48,2,0.62,9,17.1
204107.7,24.976086,121.5511218333,26.8,0.039,0.046,0.51,1.04851,-0.60692,357.76173,0.71,3.95,359.48,2,0.62,9,17.1
204107.8,24.9760925,121.5511216667,26.8,0.039,0.046,0.51,1.1824,-0.60597,357.77804,0.71,3.95,359.48,2,0.62,9,17.1
204108.0,24.9761053333,121.551121,26.8,0.039,0.046,0.51,1.41165,-0.58504,357.80268,0.71,3.95,359.48,2,0.62,9,17.1
204108.2,24.976118,121.5511205,26.8,0.039,0.046,0.51,1.39342,-0.63276,357.87488,0.71,3.95,359.48,2,0.62,9,17.1
204108.3,24.9761243333,121.5511203333,26.8,0.039,0.046,0.51,1.32959,-0.55732,357.81624,0.71,3.95,359.48,2,0.62,9,17.1
204108.5,24.976136,121.551119,26.8,0.039,0.046,0.51,1.10558,-0.57819,357.95869,0.71,3.95,359.48,2,3.41,9,17.1
204108.6,24.9761421667,121.5511188333,26.8,0.039,0.046,0.51,1.08722,-0.58236,358.03746,0.71,3.95,359.48,2,3.41,9,17.1
204108.8,24.9761541667,121.5511183333,26.8,0.039,0.046,0.51,0.909,0.15946,358.23454,0.71,3.95,359.48,2,3.41,9,17.1
204109.0,24.9761661667,121.551118,26.8,0.039,0.046,0.51,1.07881,-0.22945,358.42464,0.71,3.95,359.48,2,3.41,9,17.1
204109.1,24.9761721667,121.5511176667,26.8,0.039,0.046,0.51,1.00083,-0.4555,358.54669,0.71,3.95,359.48,2,3.41,9,17.1
204109.3,24.976184,121.5511173333,26.8,0.039,0.046,0.51,2.69355,-1.49562,358.84304,0.71,3.95,359.48,2,3.41,9,17.1
204109.5,24.9761953333,121.5511161667,26.8,0.039,0.046,0.51,2.41768,-1.31704,359.01462,0.71,3.95,359.48,2,3.41,8,17.1
204109.7,24.9762073333,121.5511158333,26.7,0.039,0.046,0.51,2.45476,-1.4427,359.20334,0.71,3.95,359.48,2,3.41,8,17.1
204109.8,24.9762135,121.5511158333,26.7,0.039,0.046,0.51,2.61638,-1.45825,359.31922,0.71,3.95,359.48,2,3.41,8,17.1
204110.0,24.9762256667,121.5511156667,26.7,0.039,0.046,0.51,2.65612,-1.32741,359.50486,0.71,3.95,359.48,2,3.41,8,17.1
204110.1,24.9762318333,121.5511155,26.7,0.039,0.046,0.51,2.74209,-1.18289,359.62538,0.71,3.95,359.48,2,3.41,8,17.1
204110.3,24.9762443333,121.5511155,26.6,0.039,0.046,0.51,1.38183,-0.06913,359.56195,0.71,3.95,359.48,2,3.41,8,17.1
204110.5,24.9762555,121.5511143333,26.8,0.039,0.046,0.51,1.08741,0.2928,359.75886,0.71,3.95,359.48,2,3.41,8,17.1
204110.7,24.9762683333,121.5511143333,26.8,0.039,0.046,0.51,0.97555,0.46787,359.91909,0.71,3.95,359.48,2,3.41,8,17.1
204110.8,24.9762751667,121.5511141667,26.8,0.039,0.046,0.51,0.90443,0.51974,0.01502,0.71,3.95,359.48,2,3.41,8,17.1
204111.0,24.976289,121.5511141667,26.8,0.039,0.046,0.51,0.57785,0.45874,0.15035,0.71,3.95,359.48,2,3.41,8,17.1
204111.2,24.9763033333,121.5511143333,26.8,0.039,0.046,0.51,0.69275,0.20361,0.25794,0.71,3.95,359.48,2,3.41,8,17.1
204111.3,24.9763108333,121.5511143333,26.8,0.039,0.046,0.51,0.80095,0.12942,0.2149,0.71,3.95,359.48,2,3.41,8,17.1
204111.5,24.9763266667,121.5511135,26.8,0.039,0.046,0.51,0.82142,0.215,0.34105,0.71,3.95,359.48,2,3.41,9,17.1
204111.6,24.9763345,121.5511135,26.8,0.039,0.046,0.51,0.72791,0.01816,0.39678,0.71,3.95,359.48,2,3.41,9,17.1
204111.7,24.9763425,121.5511135,26.8,0.039,0.046,0.51,0.79377,-0.19432,0.53561,0.71,3.95,359.48,2,3.41,9,17.1
204111.9,24.9763588333,121.5511136667,26.8,0.039,0.046,0.51,0.73597,-0.17173,0.62693,0.71,3.95,359.48,2,3.41,9,17.1
204112.0,24.9763673333,121.5511138333,26.8,0.039,0.046,0.51,1.12672,-0.22225,0.82008,0.71,3.95,359.48,2,3.41,9,17.1
204112.2,24.9763843333,121.551114,26.8,0.039,0.046,0.51,1.18601,-0.43029,0.95655,0.71,3.95,359.48,2,3.41,9,17.1
204112.4,24.9764018333,121.5511143333,26.8,0.039,0.046,0.51,1.34378,-0.7037,0.94442,0.71,3.95,359.48,2,3.41,9,17.1
204112.5,24.9764111667,121.5511136667,26.7,0.039,0.046,0.51,1.0644,-0.59445,1.12165,0.71,3.95,359.48,5,0.92,10,17.1
204112.7,24.9764291667,121.551114,26.7,0.039,0.046,0.51,0.89571,-0.39217,1.23095,0.71,3.95,359.48,5,0.92,10,17.1
204112.8,24.9764383333,121.5511141667,26.7,0.039,0.046,0.51,0.8347,-0.68617,1.39286,0.71,3.95,359.48,5,0.92,10,17.1
204113.0,24.9764568333,121.5511146667,26.7,0.039,0.046,0.51,1.27485,-0.98517,1.60176,0.71,3.95,359.48,5,0.92,10,17.1
204113.2,24.9764758333,121.5511151667,26.7,0.039,0.046,0.51,1.40046,-1.28473,1.7049,0.71,3.95,359.48,5,0.92,10,17.1
204113.3,24.9764855,121.5511155,26.6,0.039,0.046,0.51,0.79424,-1.95156,1.79111,0.71,3.95,359.48,5,0.92,10,17.1
204113.5,24.9765055,121.551115,26.5,0.039,0.046,0.51,0.62075,-1.96484,2.02802,0.71,3.95,359.48,5,0.92,10,17.1
204113.7,24.976525,121.5511158333,26.5,0.039,0.046,0.51,0.84435,-2.11741,2.1589,0.71,3.95,359.48,5,0.92,10,17.1
204113.8,24.9765346667,121.5511161667,26.4,0.039,0.046,0.51,1.18781,-2.32306,2.39444,0.71,3.95,359.48,5,0.92,10,17.1
204114.0,24.9765543333,121.551117,26.4,0.039,0.046,0.51,1.13344,-2.28826,2.50397,0.71,3.95,359.48,5,0.92,10,17.1
204114.1,24.9765641667,121.5511175,26.3,0.039,0.046,0.51,1.32277,-2.76432,2.72933,0.71,3.95,359.48,5,0.92,10,17.1
204114.3,24.9765838333,121.5511183333,26.2,0.039,0.046,0.51,1.19536,-2.99464,2.91052,0.71,3.95,359.48,5,0.92,10,17.1
204114.5,24.9766041667,121.5511181667,26.1,0.039,0.046,0.51,1.3743,-3.16193,3.02321,0.71,3.95,359.48,5,1.03,9,17.1
204114.6,24.9766141667,121.5511188333,26.0,0.039,0.046,0.51,1.77834,-3.29606,3.28021,0.71,3.95,359.48,5,1.03,9,17.1
204114.8,24.9766341667,121.55112,25.9,0.039,0.046,0.51,1.87072,-3.09022,3.54755,0.71,3.95,359.48,5,1.03,9,17.1
204115.0,24.9766543333,121.5511213333,25.8,0.039,0.046,0.51,1.72474,-2.89571,3.67456,0.71,3.95,359.48,5,1.03,9,17.1
204115.1,24.9766645,121.551122,25.7,0.039,0.046,0.51,1.73773,-2.76635,4.01081,0.71,3.95,359.48,5,1.03,9,17.1
204115.3,24.9766846667,121.5511233333,25.6,0.039,0.046,0.51,1.65561,-2.60216,4.12554,0.71,3.95,359.48,5,1.03,9,17.1
204115.4,24.9766948333,121.551123,25.5,0.039,0.046,0.51,1.88814,-2.3202,4.50763,0.71,3.95,359.48,5,1.03,9,17.1
204115.6,24.9767148333,121.5511246667,25.5,0.039,0.046,0.51,1.94186,-2.11662,4.86554,0.71,3.95,359.48,5,1.03,9,17.1
204115.8,24.9767346667,121.5511265,25.4,0.039,0.046,0.51,1.81964,-2.13007,5.03833,0.71,3.95,359.48,5,1.03,9,17.1
204115.9,24.9767445,121.5511273333,25.3,0.039,0.046,0.51,1.92839,-2.12301,5.3835,0.71,3.95,359.48,5,1.03,9,17.1
204116.1,24.976764,121.5511293333,25.2,0.039,0.046,0.51,1.90282,-1.97346,5.71858,0.71,3.95,359.48,5,1.03,9,17.1
204116.3,24.9767833333,121.5511313333,25.2,0.039,0.046,0.51,1.89799,-2.10862,5.8681,0.71,3.95,359.48,5,1.03,9,17.1
204116.4,24.9767928333,121.5511323333,25.1,0.039,0.046,0.51,1.69881,-2.82824,6.08519,0.71,3.95,359.48,5,1.03,9,17.1
204116.6,24.976812,121.5511335,25.0,0.039,0.046,0.51,1.82254,-3.12243,6.18718,0.71,3.95,359.48,5,0.92,10,17.1
204116.7,24.9768211667,121.5511345,24.9,0.039,0.046,0.51,2.01208,-3.56632,6.35564,0.71,3.95,359.48,5,0.92,10,17.1
204116.9,24.9768395,121.5511366667,24.8,0.039,0.046,0.51,1.74255,-3.51614,6.43943,0.71,3.95,359.48,5,0.92,10,17.1
204117.1,24.9768571667,121.551139,24.7,0.039,0.046,0.51,1.79914,-3.58293,6.46651,0.71,3.95,359.48,5,0.92,10,17.1
204117.2,24.976866,121.55114,24.7,0.039,0.046,0.51,1.97552,-3.75454,6.49345,0.71,3.95,359.48,5,0.92,10,17.1
204117.4,24.976883,121.5511421667,24.5,0.039,0.046,0.51,2.35657,-3.33149,6.21069,0.71,3.95,359.48,5,0.92,10,17.1
204117.6,24.976899,121.5511433333,24.4,0.039,0.046,0.51,2.67684,-3.26331,5.86813,0.71,3.95,359.48,5,0.92,10,17.1
204117.7,24.9769071667,121.5511443333,24.3,0.039,0.046,0.51,2.67951,-3.04777,4.83331,0.71,3.95,359.48,5,0.92,10,17.1
204117.9,24.9769228333,121.551146,24.2,0.039,0.046,0.51,2.71073,-2.8775,4.12477,0.71,3.95,359.48,5,0.92,10,17.1
204118.0,24.9769305,121.5511466667,24.2,0.039,0.046,0.51,2.74482,-2.93601,2.19458,0.71,3.95,359.48,5,0.92,10,17.1
204118.2,24.9769456667,121.5511476667,24.1,0.039,0.046,0.51,3.06985,-2.53055,359.64125,0.71,3.95,359.48,5,0.92,10,17.1
204118.4,24.976959,121.5511473333,24.0,0.039,0.046,0.51,3.25519,-2.19202,356.33032,0.71,3.95,359.48,5,0.92,10,17.1
204118.6,24.976973,121.551147,23.9,0.039,0.046,0.51,3.33473,-1.99747,354.39208,0.71,3.95,359.48,5,0.92,10,17.1
204118.7,24.9769798333,121.5511465,23.9,0.039,0.046,0.51,3.11092,-1.69587,350.1908,0.71,3.95,359.48,5,0.92,10,17.1
204118.9,24.9769933333,121.5511448333,23.9,0.039,0.046,0.51,2.74834,-1.88109,345.54822,0.71,3.95,359.48,5,0.92,10,17.1
204119.1,24.9770065,121.551142,23.8,0.039,0.046,0.51,2.51497,-2.03736,343.11977,0.71,3.95,359.48,5,0.92,10,17.1
204119.2,24.9770128333,121.5511401667,23.8,0.039,0.046,0.51,2.17766,-1.67794,335.1148,0.71,3.95,359.48,5,0.92,10,17.1
204119.5,24.9770306667,121.5511318333,23.7,0.039,0.046,0.51,2.15632,-1.78484,332.25274,0.71,3.95,359.48,5,0.92,10,17.1
204119.6,24.9770366667,121.5511288333,23.7,0.039,0.046,0.51,2.04816,-2.11388,326.40842,0.71,3.95,359.48,5,0.92,10,17.1
204119.8,24.9770483333,121.5511216667,23.6,0.039,0.046,0.51,1.94464,-2.05511,320.55817,0.71,3.95,359.48,5,0.92,10,17.1
204120.0,24.9770593333,121.5511131667,23.5,0.039,0.046,0.51,1.88215,-2.09529,317.61506,0.71,3.95,359.48,5,0.92,10,17.1
204120.1,24.9770646667,121.5511083333,23.5,0.039,0.046,0.51,2.11518,-2.63121,311.90486,0.71,3.95,359.48,5,0.92,10,17.1
204120.3,24.9770746667,121.5510978333,23.5,0.039,0.046,0.51,1.97114,-2.55725,309.24704,0.71,3.95,359.48,5,0.92,10,17.1
204120.4,24.9770783333,121.5510921667,23.4,0.039,0.046,0.51,2.04496,-1.98234,303.49716,0.71,3.95,359.48,5,0.92,10,17.1
204120.6,24.9770868333,121.55108,23.3,0.039,0.046,0.51,3.04791,-2.22325,297.72809,0.71,3.95,359.48,5,0.92,10,17.1
204120.8,24.9770943333,121.5510666667,23.2,0.039,0.046,0.51,2.89411,-2.20301,295.01577,0.71,3.95,359.48,5,0.92,10,17.1
204120.9,24.9770978333,121.5510596667,23.2,0.039,0.046,0.51,3.23865,-1.86987,290.03968,0.71,3.95,359.48,5,0.92,10,17.1
204121.1,24.9771036667,121.5510448333,23.2,0.039,0.046,0.51,2.59149,-2.19052,285.44536,0.71,3.95,359.48,5,0.92,10,17.1
204121.3,24.9771086667,121.551029,23.1,0.039,0.046,0.51,2.29451,-2.07542,281.8699,0.71,3.95,359.48,5,0.92,10,17.1
204121.5,24.977112,121.5510128333,22.9,0.039,0.046,0.51,2.20582,-1.87577,280.16112,0.71,3.95,359.48,5,0.97,10,17.1
204121.6,24.9771136667,121.5510043333,22.9,0.039,0.046,0.51,2.2539,-1.73492,277.17128,0.71,3.95,359.48,5,0.97,10,17.1
204121.8,24.9771163333,121.5509865,22.9,0.039,0.046,0.51,1.85611,-1.51476,274.9517,0.71,3.95,359.48,5,0.97,10,17.1
204122.0,24.9771183333,121.5509681667,22.8,0.039,0.046,0.51,1.67751,-1.58855,274.11012,0.71,3.95,359.48,5,0.97,10,17.1
204122.1,24.977119,121.5509586667,22.8,0.039,0.046,0.51,1.36091,-1.5692,272.8716,0.71,3.95,359.48,5,0.97,10,17.1
204122.3,24.9771201667,121.5509395,22.7,0.039,0.046,0.51,1.23704,-1.36646,272.45267,0.71,3.95,359.48,5,0.97,10,17.1
204122.4,24.9771206667,121.5509296667,22.7,0.039,0.046,0.51,0.91593,-1.47217,271.86204,0.71,3.95,359.48,5,0.97,10,17.1
204122.6,24.9771206667,121.5509095,22.5,0.039,0.046,0.51,0.94299,-1.52078,271.57289,0.71,3.95,359.48,5,0.97,10,17.1
204122.7,24.9771208333,121.5508995,22.5,0.039,0.046,0.51,0.95722,-1.84084,271.03032,0.71,3.95,359.48,5,0.97,10,17.1
204122.9,24.9771213333,121.550879,22.5,0.039,0.046,0.51,1.30446,-1.64874,270.54126,0.71,3.95,359.48,5,0.97,10,17.1
204123.1,24.9771216667,121.5508581667,22.4,0.039,0.046,0.51,1.38918,-1.62363,270.30976,0.71,3.95,359.48,5,0.97,10,17.1
204123.2,24.9771218333,121.5508476667,22.4,0.039,0.046,0.51,1.66319,-1.31735,269.85183,0.71,3.95,359.48,5,0.97,10,17.1
204123.4,24.9771211667,121.5508265,22.3,0.039,0.046,0.51,1.51012,-1.25027,269.40587,0.71,3.95,359.48,5,0.94,11,17.1
204123.6,24.9771211667,121.550805,22.2,0.039,0.046,0.51,1.4355,-1.62006,269.00624,0.71,3.95,359.48,5,0.94,11,17.1
204123.8,24.9771208333,121.5507833333,22.2,0.039,0.046,0.51,1.31103,-1.19072,268.62326,0.71,3.95,359.48,5,0.94,11,17.1
204124.0,24.9771205,121.5507615,22.1,0.039,0.046,0.51,1.30901,-0.76414,268.42889,0.71,3.95,359.48,5,0.94,11,17.1
204124.1,24.9771203333,121.5507505,22.1,0.039,0.046,0.51,0.78677,-0.95335,268.13725,0.71,3.95,359.48,5,0.94,11,17.1
204124.3,24.9771196667,121.5507286667,22.0,0.039,0.046,0.51,0.65558,-0.91112,268.1023,0.71,3.95,359.48,5,0.94,11,17.1
204124.4,24.9771191667,121.550719,22.1,0.039,0.046,0.51,0.61126,-0.57197,267.93537,0.71,3.95,359.48,5,1.12,11,17.1
204124.6,24.9771185,121.5506971667,22.0,0.039,0.046,0.51,0.478,-0.52544,267.8694,0.71,3.95,359.48,5,1.12,11,17.1
204124.7,24.9771181667,121.5506861667,22.0,0.039,0.046,0.51,0.84852,-0.8461,267.72296,0.71,3.95,359.48,5,1.12,11,17.1
204124.9,24.9771173333,121.5506643333,22.0,0.039,0.046,0.51,0.98165,-0.00343,267.81087,0.71,3.95,359.48,5,1.12,11,17.1
204125.1,24.9771166667,121.5506423333,22.0,0.039,0.046,0.51,0.699,0.05026,267.7939,0.71,3.95,359.48,5,1.12,11,17.1
204125.2,24.9771161667,121.5506313333,22.0,0.039,0.046,0.51,0.60969,0.7126,267.94503,0.71,3.95,359.48,5,1.12,11,17.1
204125.5,24.9771145,121.5505988333,22.0,0.039,0.046,0.51,0.46736,0.73556,268.07843,0.71,3.95,359.48,5,1.45,10,17.1
204125.6,24.9771141667,121.5505876667,22.1,0.039,0.046,0.51,0.37671,0.62458,268.34256,0.71,3.95,359.48,5,1.45,10,17.1
204125.8,24.9771135,121.5505651667,22.1,0.039,0.046,0.51,0.36785,0.70808,268.48997,0.71,3.95,359.48,5,1.45,10,17.1
204125.9,24.9771131667,121.5505538333,22.1,0.039,0.046,0.51,0.40225,1.27371,268.80107,0.71,3.95,359.48,5,1.45,10,17.1
204126.1,24.9771126667,121.5505311667,22.1,0.039,0.046,0.51,0.46993,0.81315,269.12683,0.71,3.95,359.48,5,1.45,10,17.1
204126.3,24.9771121667,121.5505083333,22.2,0.039,0.046,0.51,0.56486,0.78421,269.15615,0.71,3.95,359.48,5,1.45,10,17.1
204126.4,24.9771115,121.5504976667,22.2,0.039,0.046,0.51,0.51416,1.12234,269.47562,0.71,3.95,359.48,5,1.45,10,17.1
204126.6,24.9771111667,121.550475,22.2,0.039,0.046,0.51,0.2347,1.40392,269.60808,0.71,3.95,359.48,5,1.45,10,17.1
204126.7,24.977111,121.5504636667,22.3,0.039,0.046,0.51,-0.10332,1.84655,269.65327,0.71,3.95,359.48,5,1.45,10,17.1
204126.9,24.9771108333,121.550441,22.3,0.039,0.046,0.51,0.38662,1.17105,269.4668,0.71,3.95,359.48,5,1.45,10,17.1
204127.1,24.9771108333,121.5504185,22.4,0.039,0.046,0.51,0.47986,1.15734,269.23636,0.71,3.95,359.48,5,1.45,10,17.1
204127.2,24.9771106667,121.5504073333,22.4,0.039,0.046,0.51,0.87433,1.2446,268.45797,0.71,3.95,359.48,5,1.45,10,17.1
204127.4,24.9771103333,121.550385,22.5,0.039,0.046,0.51,1.1139,1.16005,267.90501,0.71,3.95,359.48,5,1.45,10,17.1
204127.5,24.9771093333,121.5503746667,22.5,0.039,0.046,0.51,0.8298,1.434,266.98568,0.71,3.95,359.48,5,1.69,10,17.1
204127.7,24.9771085,121.5503525,22.5,0.039,0.046,0.51,0.48538,1.43442,266.06785,0.71,3.95,359.48,5,1.69,10,17.1
204127.9,24.9771073333,121.5503305,22.6,0.039,0.046,0.51,0.4321,1.3448,265.60069,0.71,3.95,359.48,5,1.69,10,17.1
204128.0,24.9771066667,121.5503195,22.6,0.039,0.046,0.51,0.55864,1.29018,264.64296,0.71,3.95,359.48,5,1.69,10,17.1
204128.2,24.977105,121.5502976667,22.7,0.039,0.046,0.51,0.45944,1.18309,264.13989,0.71,3.95,359.48,5,1.69,10,17.1
204128.3,24.9771041667,121.5502868333,22.7,0.039,0.046,0.51,0.78943,1.0923,263.03986,0.71,3.95,359.48,5,1.69,10,17.1
204128.5,24.9771013333,121.5502665,22.7,0.039,0.046,0.51,0.93757,1.4478,261.95413,0.71,3.95,359.48,2,1.74,10,17.1
204128.7,24.9770988333,121.550245,22.8,0.039,0.046,0.51,1.12645,1.29626,261.37686,0.71,3.95,359.48,2,1.74,10,17.1
204128.8,24.9770975,121.5502341667,22.8,0.039,0.046,0.51,1.35218,1.29666,260.22849,0.71,3.95,359.48,2,1.74,10,17.1
204129.0,24.9770943333,121.5502126667,22.9,0.039,0.046,0.51,1.65613,1.39393,259.61421,0.71,3.95,359.48,2,1.74,10,17.1
204129.1,24.9770926667,121.550202,22.9,0.039,0.046,0.51,2.25148,1.37867,258.35381,0.71,3.95,359.48,2,1.74,10,17.1
204129.3,24.977089,121.5501806667,22.9,0.039,0.046,0.51,1.4936,1.3725,257.18504,0.71,3.95,359.48,2,1.74,10,17.1
204129.5,24.9770848333,121.5501621667,22.9,0.039,0.046,0.51,1.57133,1.29778,256.56575,0.71,3.95,359.48,2,1.74,10,17.1
204129.6,24.9770826667,121.5501518333,23.0,0.039,0.046,0.51,1.53448,1.3841,255.30478,0.71,3.95,359.48,2,1.74,10,17.1
204129.8,24.9770781667,121.5501313333,23.0,0.039,0.046,0.51,1.41896,1.24128,254.63631,0.71,3.95,359.48,2,1.74,10,17.1
204129.9,24.9770756667,121.5501211667,23.0,0.039,0.046,0.51,1.35007,1.25239,253.20064,0.71,3.95,359.48,2,1.74,10,17.1
204130.1,24.9770705,121.550101,23.1,0.039,0.046,0.51,1.56168,0.93235,251.50113,0.71,3.95,359.48,2,1.74,10,17.1
204130.3,24.977065,121.5500811667,23.1,0.039,0.046,0.51,1.9958,1.10687,249.51002,0.71,3.95,359.48,2,1.74,10,17.1
204130.5,24.9770576667,121.5500636667,23.2,0.039,0.046,0.51,2.4727,1.09472,247.4238,0.71,3.95,359.48,2,1.69,10,17.1
204130.7,24.977051,121.5500446667,23.2,0.039,0.046,0.51,2.49813,1.03693,246.32875,0.71,3.95,359.48,2,1.69,10,17.1
204130.8,24.9770475,121.5500353333,23.2,0.039,0.046,0.51,2.64734,1.09224,243.94368,0.71,3.95,359.48,2,1.69,10,17.1
204131.0,24.9770398333,121.5500168333,23.3,0.039,0.046,0.51,2.47288,1.06674,242.64111,0.71,3.95,359.48,2,1.69,10,17.1
204131.1,24.9770358333,121.5500078333,23.3,0.039,0.046,0.51,2.46607,1.18328,239.92344,0.71,3.95,359.48,2,1.69,10,17.1
204131.3,24.9770271667,121.5499901667,23.3,0.039,0.046,0.51,2.34878,1.03606,237.32158,0.71,3.95,359.48,2,1.69,10,17.1
204131.5,24.977018,121.5499745,23.4,0.039,0.046,0.51,2.20788,1.06231,234.44231,0.71,3.95,359.48,5,1.77,10,17.1
204131.7,24.977008,121.549958,23.4,0.039,0.046,0.51,2.18933,1.10905,232.98291,0.71,3.95,359.48,5,1.77,10,17.1
204131.8,24.9770028333,121.5499501667,23.4,0.039,0.046,0.51,2.18294,1.34437,230.12806,0.71,3.95,359.48,5,1.77,10,17.1
204132.0,24.976992,121.5499346667,23.5,0.039,0.046,0.51,2.39858,1.50115,228.7071,0.71,3.95,359.48,5,1.77,10,17.1
204132.1,24.9769863333,121.5499271667,23.5,0.039,0.046,0.51,2.52842,1.24767,225.72642,0.71,3.95,359.48,5,1.77,10,17.1
204132.3,24.9769745,121.5499128333,23.6,0.039,0.046,0.51,2.80941,0.98678,222.75561,0.71,3.95,359.48,5,1.77,10,17.1
204132.5,24.9769626667,121.5499006667,23.6,0.039,0.046,0.51,2.82457,1.20692,219.43173,0.71,3.95,359.48,5,1.56,8,17.1
204132.7,24.9769498333,121.549888,23.7,0.039,0.046,0.51,2.75297,1.26479,217.798,0.71,3.95,359.48,5,1.56,8,17.1
204132.8,24.9769431667,121.549882,23.7,0.039,0.046,0.51,2.57814,1.20792,214.53664,0.71,3.95,359.48,5,1.56,8,17.1
204133.0,24.9769295,121.5498706667,23.7,0.039,0.046,0.51,2.62403,1.32983,212.89943,0.71,3.95,359.48,5,1.56,8,17.1
204133.1,24.9769225,121.5498655,23.7,0.039,0.046,0.51,2.47538,1.21248,209.64135,0.71,3.95,359.48,5,1.56,8,17.1
204133.3,24.9769081667,121.5498555,23.8,0.039,0.046,0.51,2.99802,1.20363,206.40683,0.71,3.95,359.48,5,1.56,8,17.1
204133.5,24.9768941667,121.5498481667,23.9,0.039,0.046,0.51,3.16442,1.0713,203.06653,0.71,3.95,359.48,5,1.0,10,17.1
204133.7,24.9768791667,121.5498403333,23.9,0.039,0.046,0.51,2.95443,0.72102,199.74115,0.71,3.95,359.48,5,1.0,10,17.1
204133.9,24.976864,121.5498335,23.9,0.039,0.046,0.51,2.66511,0.60858,198.08563,0.71,3.95,359.48,5,1.0,10,17.1
204134.0,24.9768563333,121.5498305,23.9,0.039,0.046,0.51,2.47966,0.31349,194.87734,0.71,3.95,359.48,5,1.0,10,17.1
204134.2,24.9768408333,121.5498251667,23.9,0.039,0.046,0.51,2.31332,0.22224,193.38588,0.71,3.95,359.48,5,1.0,10,17.1
204134.3,24.976833,121.5498228333,24.0,0.039,0.046,0.51,2.39795,0.27289,190.73025,0.71,3.95,359.48,5,1.0,10,17.1
204134.5,24.9768175,121.5498201667,24.0,0.039,0.046,0.51,2.50782,0.28636,188.10367,0.71,3.95,359.48,5,1.03,10,17.1
204134.7,24.9768018333,121.5498171667,24.0,0.039,0.046,0.51,2.5034,0.45796,186.8942,0.71,3.95,359.48,5,1.03,10,17.1
204134.8,24.9767938333,121.5498158333,24.0,0.039,0.046,0.51,2.26607,0.30043,184.61336,0.71,3.95,359.48,5,1.03,10,17.1
204135.0,24.9767778333,121.5498138333,24.0,0.039,0.046,0.51,2.19025,0.30903,183.59684,0.71,3.95,359.48,5,1.03,10,17.1
204135.1,24.9767698333,121.5498131667,24.0,0.039,0.046,0.51,1.69016,0.51726,182.02957,0.71,3.95,359.48,5,1.03,10,17.1
204135.3,24.9767536667,121.5498121667,24.0,0.039,0.046,0.51,2.0875,0.67429,181.10903,0.71,3.95,359.48,5,1.03,10,17.1
204135.5,24.9767373333,121.5498125,24.1,0.039,0.046,0.51,1.87046,0.7217,180.79411,0.71,3.95,359.48,5,1.03,10,17.1
204135.6,24.9767291667,121.5498123333,24.1,0.039,0.046,0.51,1.75016,0.58274,180.4757,0.71,3.95,359.48,5,1.03,10,17.1
204135.8,24.9767128333,121.5498121667,24.1,0.039,0.046,0.51,1.63328,0.46586,180.44247,0.71,3.95,359.48,5,1.03,10,17.1
204135.9,24.9767045,121.549812,24.1,0.039,0.046,0.51,1.63655,0.49745,180.47781,0.71,3.95,359.48,5,1.03,10,17.1
204136.1,24.9766878333,121.5498118333,24.1,0.039,0.046,0.51,1.58966,0.69007,180.53474,0.71,3.95,359.48,5,1.03,10,17.1
204136.3,24.9766708333,121.5498116667,24.2,0.039,0.046,0.51,1.67831,0.69809,180.57027,0.71,3.95,359.48,5,1.03,10,17.1
204136.5,24.9766525,121.5498125,24.2,0.039,0.046,0.51,1.78121,0.6987,180.68072,0.71,3.95,359.48,5,1.03,10,17.1
204136.7,24.9766345,121.5498123333,24.2,0.039,0.046,0.51,1.68626,0.64386,180.7208,0.71,3.95,359.48,5,1.03,10,17.1
204136.8,24.9766255,121.5498121667,24.2,0.039,0.046,0.51,1.64642,0.5841,180.83639,0.71,3.95,359.48,5,1.03,10,17.1
204137.0,24.976607,121.5498118333,24.3,0.039,0.046,0.51,1.63787,0.54991,180.97556,0.71,3.95,359.48,5,1.03,10,17.1
204137.2,24.9765885,121.5498115,24.3,0.039,0.046,0.51,1.7267,0.43494,181.04704,0.71,3.95,359.48,5,1.03,10,17.1
204137.3,24.9765791667,121.5498113333,24.3,0.039,0.046,0.51,1.89983,0.31107,181.02672,0.71,3.95,359.48,5,1.03,10,17.1
204137.5,24.9765598333,121.549812,24.3,0.039,0.046,0.51,1.83965,0.30468,181.09707,0.71,3.95,359.48,5,0.99,11,17.1
204137.6,24.9765505,121.5498118333,24.3,0.039,0.046,0.51,1.76492,0.12144,181.25201,0.71,3.95,359.48,5,0.99,11,17.1
204137.8,24.976532,121.5498115,24.3,0.039,0.046,0.51,1.86212,-0.01017,181.39397,0.71,3.95,359.48,5,0.99,11,17.1
204138.0,24.9765135,121.549811,24.3,0.039,0.046,0.51,1.75265,-0.07463,181.44903,0.71,3.95,359.48,5,0.99,11,17.1
204138.1,24.9765041667,121.5498106667,24.3,0.039,0.046,0.51,1.73693,-0.37818,181.55908,0.71,3.95,359.48,5,0.99,11,17.1
204138.3,24.9764856667,121.5498101667,24.3,0.039,0.046,0.51,1.68381,-0.38213,181.47294,0.71,3.95,359.48,5,0.99,11,17.1
204138.4,24.9764763333,121.5498111667,24.3,0.039,0.046,0.51,1.77943,-0.43482,181.58397,0.71,3.95,359.48,5,1.26,10,17.1
204138.6,24.9764578333,121.5498105,24.3,0.039,0.046,0.51,2.01687,-0.37909,181.72917,0.71,3.95,359.48,5,1.26,10,17.1
204138.8,24.9764393333,121.54981,24.3,0.039,0.046,0.51,2.00153,-0.22168,181.7902,0.71,3.95,359.48,5,1.26,10,17.1
204138.9,24.97643,121.5498096667,24.3,0.039,0.046,0.51,1.83199,0.02918,181.89936,0.71,3.95,359.48,5,1.26,10,17.1
204139.1,24.9764115,121.549809,24.3,0.039,0.046,0.51,1.63519,0.00013,181.94761,0.71,3.95,359.48,5,1.26,10,17.1
204139.2,24.9764023333,121.5498086667,24.3,0.039,0.046,0.51,1.44854,0.08788,181.95779,0.71,3.95,359.48,5,1.26,10,17.1
204139.5,24.9763751667,121.5498088333,24.3,0.039,0.046,0.51,1.50031,0.07869,182.08025,0.71,3.95,359.48,5,1.26,10,17.1
204139.7,24.9763568333,121.5498081667,24.3,0.039,0.046,0.51,1.49894,0.07639,182.11965,0.71,3.95,359.48,5,1.26,10,17.1
204139.8,24.9763476667,121.5498078333,24.3,0.039,0.046,0.51,1.5562,0.27987,182.11772,0.71,3.95,359.48,5,1.26,10,17.1
204140.0,24.9763295,121.5498071667,24.4,0.039,0.046,0.51,1.59153,0.31062,182.0281,0.71,3.95,359.48,5,1.26,10,17.1
204140.1,24.9763205,121.5498066667,24.4,0.039,0.046,0.51,1.7887,0.44854,181.72413,0.71,3.95,359.48,5,1.26,10,17.1
204140.3,24.9763023333,121.549806,24.4,0.039,0.046,0.51,1.8428,0.2778,181.42233,0.71,3.95,359.48,5,1.26,10,17.1
204140.4,24.9762933333,121.5498065,24.4,0.039,0.046,0.51,1.78987,0.09787,180.85513,0.71,3.95,359.48,5,1.26,10,17.1
204140.6,24.9762753333,121.5498061667,24.4,0.039,0.046,0.51,1.87237,-0.0019,180.15729,0.71,3.95,359.48,5,1.26,10,17.1
204140.8,24.9762571667,121.5498058333,24.4,0.039,0.046,0.51,1.95599,-0.00128,179.71468,0.71,3.95,359.48,5,1.26,10,17.1
204140.9,24.9762483333,121.5498058333,24.4,0.039,0.046,0.51,2.0619,-0.08169,178.69153,0.71,3.95,359.48,5,1.26,10,17.1
204141.1,24.9762303333,121.549806,24.4,0.039,0.046,0.51,2.12266,-0.09735,178.05959,0.71,3.95,359.48,5,1.26,10,17.1
204141.2,24.9762213333,121.5498063333,24.4,0.039,0.046,0.51,2.70171,-0.26611,175.45159,0.71,3.95,359.48,5,1.26,10,17.1
204141.5,24.9761946667,121.5498083333,24.4,0.039,0.046,0.51,2.65916,-0.23825,174.41439,0.71,3.95,359.48,5,1.26,10,17.1
204141.6,24.9761858333,121.5498091667,24.4,0.039,0.046,0.51,2.35225,-0.12044,172.17546,0.71,3.95,359.48,5,1.26,10,17.1
204141.8,24.9761681667,121.5498113333,24.4,0.039,0.046,0.51,2.71466,-0.39664,169.72408,0.71,3.95,359.48,5,1.26,10,17.1
204142.0,24.9761506667,121.5498141667,24.4,0.039,0.046,0.51,2.52858,-0.44441,168.44164,0.71,3.95,359.48,5,1.26,10,17.1
204142.1,24.976142,121.5498158333,24.4,0.039,0.046,0.51,2.57261,-0.4857,165.76855,0.71,3.95,359.48,5,1.26,10,17.1
204142.3,24.9761246667,121.54982,24.4,0.039,0.046,0.51,1.96183,-0.00324,164.4112,0.71,3.95,359.48,5,1.26,10,17.1
204142.4,24.9761168333,121.5498231667,24.4,0.039,0.046,0.51,1.86488,-0.2922,161.51773,0.71,3.95,359.48,5,1.26,10,17.1
204142.6,24.9761001667,121.5498286667,24.4,0.039,0.046,0.51,2.09501,-0.42426,158.47883,0.71,3.95,359.48,5,1.26,10,17.1
204142.8,24.9760836667,121.549835,24.4,0.039,0.046,0.51,1.96484,-0.31534,156.97041,0.71,3.95,359.48,5,1.26,10,17.1
204142.9,24.9760755,121.5498385,24.4,0.039,0.046,0.51,1.64566,-0.26638,153.95387,0.71,3.95,359.48,5,1.26,10,17.1
204143.1,24.9760596667,121.5498461667,24.4,0.039,0.046,0.51,1.51791,-0.07371,152.44925,0.71,3.95,359.48,5,1.26,10,17.1
204143.2,24.9760518333,121.5498503333,24.4,0.039,0.046,0.51,1.28796,0.01603,147.69758,0.71,3.95,359.48,5,1.26,10,17.1
204143.5,24.9760303333,121.5498646667,24.5,0.039,0.046,0.51,1.12403,-0.04441,146.00036,0.71,3.95,359.48,5,1.29,11,17.1
204143.6,24.9760231667,121.5498696667,24.5,0.039,0.046,0.51,1.37869,-0.01775,142.58998,0.71,3.95,359.48,5,1.29,11,17.1
204143.8,24.976009,121.5498805,24.5,0.039,0.046,0.51,1.79952,0.06957,139.19158,0.71,3.95,359.48,5,1.29,11,17.1
204144.0,24.9759955,121.5498921667,24.5,0.039,0.046,0.51,1.91502,0.0421,137.47775,0.71,3.95,359.48,5,1.29,11,17.1
204144.1,24.9759888333,121.5498985,24.5,0.039,0.046,0.51,2.26227,-0.1195,134.12392,0.71,3.95,359.48,5,1.29,11,17.1
204144.3,24.975976,121.5499118333,24.5,0.039,0.046,0.51,2.61848,-0.09115,132.6635,0.71,3.95,359.48,5,1.29,11,17.1
204144.4,24.9759703333,121.5499193333,24.5,0.039,0.046,0.51,2.54373,0.19759,129.67913,0.71,3.95,359.48,5,1.29,10,17.1
204144.6,24.9759581667,121.5499341667,24.5,0.039,0.046,0.51,2.61059,0.40675,127.1213,0.71,3.95,359.48,5,1.29,10,17.1
204144.8,24.9759466667,121.5499496667,24.5,0.039,0.046,0.51,2.66329,0.05313,125.9008,0.71,3.95,359.48,5,1.29,10,17.1
204144.9,24.975941,121.5499578333,24.5,0.039,0.046,0.51,2.74352,-0.00017,123.55788,0.71,3.95,359.48,5,1.29,10,17.1
204145.1,24.9759301667,121.5499746667,24.5,0.039,0.046,0.51,2.57478,0.27802,121.23558,0.71,3.95,359.48,5,1.29,10,17.1
204145.3,24.9759198333,121.5499921667,24.5,0.039,0.046,0.51,2.39525,0.24422,120.24739,0.71,3.95,359.48,5,1.29,10,17.1
204145.4,24.9759155,121.5500015,24.5,0.039,0.046,0.51,2.13278,0.17295,118.19168,0.71,3.95,359.48,5,1.29,10,17.1
204145.6,24.975906,121.5500198333,24.5,0.039,0.046,0.51,2.06408,0.26111,117.13474,0.71,3.95,359.48,5,1.29,10,17.1
204145.7,24.9759013333,121.5500293333,24.5,0.039,0.046,0.51,1.94261,0.39522,115.03737,0.71,3.95,359.48,5,1.29,10,17.1
204145.9,24.9758925,121.5500486667,24.5,0.039,0.046,0.51,1.60331,0.5994,112.91106,0.71,3.95,359.48,5,1.29,10,17.1
204146.1,24.9758843333,121.5500685,24.6,0.039,0.046,0.51,1.58458,0.59945,111.83238,0.71,3.95,359.48,5,1.29,10,17.1
204146.2,24.9758803333,121.5500786667,24.6,0.039,0.046,0.51,2.02705,0.37422,109.76357,0.71,3.95,359.48,5,1.29,10,17.1
204146.4,24.9758736667,121.5500993333,24.5,0.039,0.046,0.51,2.14535,0.30638,108.67392,0.71,3.95,359.48,5,1.29,10,17.1
204146.5,24.9758701667,121.5501098333,24.5,0.039,0.046,0.51,2.31672,0.17063,106.48236,0.71,3.95,359.48,5,1.29,10,17.1
204146.7,24.975864,121.550131,24.6,0.039,0.046,0.51,1.97759,0.08597,104.28237,0.71,3.95,359.48,5,1.29,10,17.1
204146.9,24.9758583333,121.5501526667,24.6,0.039,0.046,0.51,2.05197,0.29076,103.21141,0.71,3.95,359.48,5,1.29,10,17.1
204147.0,24.9758558333,121.5501635,24.6,0.039,0.046,0.51,1.98558,0.14876,101.23914,0.71,3.95,359.48,5,1.29,10,17.1
204147.2,24.9758511667,121.5501855,24.6,0.039,0.046,0.51,1.89689,0.27043,100.27607,0.71,3.95,359.48,5,1.29,10,17.1
204147.3,24.9758491667,121.5501966667,24.6,0.039,0.046,0.51,2.89334,0.44573,98.62245,0.71,3.95,359.48,5,1.29,10,17.1
204147.5,24.9758463333,121.5502185,24.6,0.039,0.046,0.51,2.67134,0.36601,96.97738,0.71,3.95,359.48,2,1.29,10,17.1
204147.7,24.9758433333,121.550241,24.6,0.039,0.046,0.51,2.93683,0.11879,96.18309,0.71,3.95,359.48,2,1.29,10,17.1
204147.8,24.9758421667,121.5502523333,24.6,0.039,0.046,0.51,3.01434,-0.13105,94.8477,0.71,3.95,359.48,2,1.29,10,17.1
204148.0,24.97584,121.550275,24.6,0.039,0.046,0.51,2.94658,0.16146,94.32189,0.71,3.95,359.48,2,1.29,10,17.1
204148.1,24.975839,121.5502865,24.6,0.039,0.046,0.51,2.76828,0.00247,93.45784,0.71,3.95,359.48,2,1.29,10,17.1
204148.3,24.9758375,121.5503093333,24.6,0.039,0.046,0.51,1.64305,0.07127,92.80808,0.71,3.95,359.48,2,1.29,10,17.1
204148.5,24.9758373333,121.550332,24.7,0.039,0.046,0.51,1.68952,0.03768,92.5869,0.71,3.95,359.48,2,1.29,9,17.1
204148.6,24.9758368333,121.5503433333,24.7,0.039,0.046,0.51,1.94866,-0.25535,92.26601,0.71,3.95,359.48,2,1.29,9,17.1
204148.8,24.9758358333,121.5503663333,24.7,0.039,0.046,0.51,2.11183,-0.19775,92.07697,0.71,3.95,359.48,2,1.29,9,17.1
204149.0,24.975835,121.5503891667,24.7,0.039,0.046,0.51,1.8834,-0.13482,91.97609,0.71,3.95,359.48,2,1.29,9,17.1
204149.1,24.9758346667,121.5504006667,24.7,0.039,0.046,0.51,1.78349,0.22519,91.86212,0.71,3.95,359.48,2,1.29,9,17.1
204149.3,24.975834,121.5504235,24.7,0.039,0.046,0.51,2.0628,0.53717,91.77569,0.71,3.95,359.48,2,1.29,9,17.1
204149.5,24.9758338333,121.5504455,24.7,0.039,0.046,0.51,1.93836,0.55552,91.72682,0.71,3.95,359.48,2,1.05,9,17.1
204149.6,24.9758335,121.5504568333,24.8,0.039,0.046,0.51,1.87917,0.34007,91.62644,0.71,3.95,359.48,2,1.05,9,17.1
204149.8,24.975833,121.5504795,24.8,0.039,0.046,0.51,1.73904,0.34738,91.5721,0.71,3.95,359.48,2,1.05,9,17.1
204149.9,24.9758326667,121.5504906667,24.8,0.039,0.046,0.51,1.35002,0.34407,91.46582,0.71,3.95,359.48,2,1.05,9,17.1
204150.1,24.9758321667,121.5505131667,24.8,0.039,0.046,0.51,1.39232,0.36237,91.39809,0.71,3.95,359.48,2,1.05,9,17.1
204150.3,24.9758315,121.5505356667,24.8,0.039,0.046,0.51,1.52127,0.60103,91.22848,0.71,3.95,359.48,2,1.05,9,17.1
204150.4,24.9758321667,121.5505463333,24.8,0.039,0.046,0.51,1.79492,0.57896,91.17357,0.71,3.95,359.48,2,1.05,9,17.1
204150.6,24.9758318333,121.5505686667,24.9,0.039,0.046,0.51,1.78156,0.6912,91.08864,0.71,3.95,359.48,2,1.05,9,17.1
204150.8,24.9758315,121.5505908333,24.9,0.039,0.046,0.51,1.21492,0.77766,91.0442,0.71,3.95,359.48,2,1.05,9,17.1
204150.9,24.9758311667,121.5506018333,24.9,0.039,0.046,0.51,0.49547,0.7873,90.96481,0.71,3.95,359.48,2,1.05,9,17.1
204151.1,24.9758308333,121.550624,24.9,0.039,0.046,0.51,0.29077,1.11824,90.98234,0.71,3.95,359.48,2,1.05,9,17.1
204151.2,24.9758306667,121.550635,25.0,0.039,0.046,0.51,1.15458,2.17989,90.8045,0.71,3.95,359.48,2,1.05,9,17.1
204151.5,24.9758313333,121.5506668333,25.1,0.039,0.046,0.51,1.1016,1.96658,90.78569,0.71,3.95,359.48,2,1.03,10,17.1
204151.6,24.9758311667,121.5506776667,25.1,0.039,0.046,0.51,1.35213,1.65602,90.76578,0.71,3.95,359.48,2,1.03,10,17.1
204151.8,24.9758308333,121.5506991667,25.2,0.039,0.046,0.51,1.34691,1.68547,90.7656,0.71,3.95,359.48,2,1.03,10,17.1
204152.0,24.9758306667,121.5507201667,25.2,0.039,0.046,0.51,1.41348,1.9173,90.76872,0.71,3.95,359.48,2,1.03,10,17.1
204152.1,24.9758305,121.5507306667,25.3,0.039,0.046,0.51,1.28221,1.99078,90.74893,0.71,3.95,359.48,2,1.03,10,17.1
204152.3,24.9758301667,121.5507513333,25.4,0.039,0.046,0.51,0.86833,1.62722,90.63292,0.71,3.95,359.48,2,1.03,10,17.1
204152.4,24.975831,121.5507613333,25.3,0.039,0.046,0.51,0.74379,1.70163,90.62712,0.71,3.95,359.48,2,1.03,10,17.1
204152.6,24.9758306667,121.5507815,25.4,0.039,0.046,0.51,0.71234,1.78588,90.61402,0.71,3.95,359.48,2,1.03,10,17.1
204152.8,24.9758305,121.5508013333,25.4,0.039,0.046,0.51,0.6603,1.78543,90.60958,0.71,3.95,359.48,2,1.03,10,17.1
204152.9,24.9758305,121.550811,25.5,0.039,0.046,0.51,0.60299,1.75705,90.59125,0.71,3.95,359.48,2,1.03,10,17.1
204153.1,24.9758301667,121.5508301667,25.5,0.039,0.046,0.51,0.71284,1.50379,90.52747,0.71,3.95,359.48,2,1.03,10,17.1
204153.3,24.97583,121.5508488333,25.6,0.039,0.046,0.51,0.95259,1.15119,90.3248,0.71,3.95,359.48,2,1.03,10,17.1
204153.5,24.9758306667,121.5508663333,25.6,0.039,0.046,0.51,1.14911,1.12725,89.97743,0.71,3.95,359.48,2,1.02,10,17.1
204153.7,24.9758305,121.550884,25.6,0.039,0.046,0.51,1.2024,1.15671,89.43299,0.71,3.95,359.48,2,1.02,10,17.1
204153.9,24.9758306667,121.550901,25.7,0.039,0.046,0.51,1.17568,1.19591,89.10662,0.71,3.95,359.48,2,1.02,10,17.1
204154.0,24.9758306667,121.5509093333,25.7,0.039,0.046,0.51,1.20878,1.26631,88.25688,0.71,3.95,359.48,2,1.02,10,17.1
204154.2,24.975831,121.5509255,25.7,0.039,0.046,0.51,1.49567,1.22438,87.08213,0.71,3.95,359.48,2,1.02,10,17.1
204154.4,24.9758318333,121.5509395,25.8,0.039,0.046,0.51,1.42292,1.27175,85.67939,0.71,3.95,359.48,2,1.05,10,17.1
204154.7,24.9758331667,121.5509616667,25.8,0.039,0.046,0.51,1.42184,1.28462,83.97858,0.71,3.95,359.48,2,1.05,10,17.1
204154.8,24.9758338333,121.5509688333,25.8,0.039,0.046,0.51,1.36001,1.24734,83.03331,0.71,3.95,359.48,2,1.05,10,17.1
204155.0,24.9758351667,121.5509826667,25.9,0.039,0.046,0.51,1.43474,1.35428,80.78056,0.71,3.95,359.48,2,1.05,10,17.1
204155.2,24.975837,121.5509958333,25.9,0.039,0.046,0.51,1.38263,1.14924,77.99429,0.71,3.95,359.48,2,1.05,10,17.1
204155.3,24.9758381667,121.5510021667,25.9,0.039,0.046,0.51,1.73683,1.20388,76.42748,0.71,3.95,359.48,2,1.05,10,17.1
204155.5,24.9758408333,121.5510126667,25.9,0.039,0.046,0.51,1.6756,0.98137,72.93008,0.71,3.95,359.48,5,1.22,10,17.1
204155.6,24.9758423333,121.5510185,25.9,0.039,0.046,0.51,1.7991,0.8681,71.00889,0.71,3.95,359.48,5,1.22,10,17.1
204155.8,24.9758458333,121.55103,26.0,0.039,0.046,0.51,1.91812,0.64463,66.81103,0.71,3.95,359.48,5,1.22,10,17.1
204156.0,24.9758498333,121.5510408333,26.0,0.039,0.046,0.51,1.42745,0.57083,62.3085,0.71,3.95,359.48,5,1.22,10,17.1
204156.1,24.9758521667,121.5510461667,26.0,0.039,0.046,0.51,1.3868,0.43047,59.99362,0.71,3.95,359.48,5,1.22,10,17.1
204156.3,24.9758573333,121.5510565,26.0,0.039,0.046,0.51,1.56498,0.26119,55.30937,0.71,3.95,359.48,5,1.22,10,17.1
204156.5,24.975863,121.5510643333,26.0,0.039,0.046,0.51,1.2913,-0.06158,50.51523,0.71,3.95,359.48,5,1.02,10,17.1
204156.6,24.9758661667,121.5510688333,26.0,0.039,0.046,0.51,1.00766,-0.09689,48.09868,0.71,3.95,359.48,5,1.02,10,17.1
204156.8,24.9758728333,121.5510773333,26.0,0.039,0.046,0.51,1.01179,0.02421,43.13165,0.71,3.95,359.48,5,1.02,10,17.1
204156.9,24.9758765,121.5510815,26.0,0.039,0.046,0.51,1.25359,-0.08346,40.65515,0.71,3.95,359.48,5,1.02,10,17.1
204157.1,24.9758841667,121.551089,26.0,0.039,0.046,0.51,0.97806,-0.41696,35.83308,0.71,3.95,359.48,5,1.02,10,17.1
204157.3,24.9758926667,121.551096,26.0,0.039,0.046,0.51,0.64136,-0.70394,31.38597,0.71,3.95,359.48,5,1.02,10,17.1
204157.5,24.9759013333,121.5511013333,25.9,0.039,0.046,0.51,0.76882,-0.66905,27.05626,0.71,3.95,359.48,5,1.02,10,17.1
204157.6,24.975906,121.5511041667,25.9,0.039,0.046,0.51,0.87531,-0.74516,24.96642,0.71,3.95,359.48,5,1.02,10,17.1
204157.8,24.9759158333,121.5511095,25.9,0.039,0.046,0.51,1.11729,-0.69963,20.89655,0.71,3.95,359.48,5,1.02,10,17.1
204158.0,24.9759261667,121.5511141667,25.9,0.039,0.046,0.51,1.06544,-0.91886,16.94804,0.71,3.95,359.48,5,1.02,10,17.1
204158.1,24.9759316667,121.5511161667,25.9,0.039,0.046,0.51,1.48394,-0.90253,15.04466,0.71,3.95,359.48,5,1.02,10,17.1
204158.3,24.9759428333,121.5511196667,25.9,0.039,0.046,0.51,1.22381,-1.23247,11.6126,0.71,3.95,359.48,5,1.02,10,17.1
204158.5,24.9759543333,121.551122,25.8,0.039,0.046,0.51,1.06958,-1.33422,8.50486,0.71,3.95,359.48,5,0.92,11,17.1
204158.6,24.9759601667,121.551123,25.8,0.039,0.046,0.51,1.16381,-1.1875,7.10174,0.71,3.95,359.48,5,0.92,11,17.1
204158.8,24.975972,121.5511248333,25.8,0.039,0.046,0.51,1.03175,-1.16696,4.69316,0.71,3.95,359.48,5,0.92,11,17.1
204159.0,24.975984,121.5511261667,25.7,0.039,0.046,0.51,0.92186,-1.14128,2.83369,0.71,3.95,359.48,5,0.92,11,17.1
204159.1,24.9759901667,121.5511265,25.7,0.039,0.046,0.51,0.86513,-1.12102,2.13743,0.71,3.95,359.48,5,0.92,11,17.1
204159.3,24.9760023333,121.5511271667,25.7,0.039,0.046,0.51,0.89001,-1.04674,1.06393,0.71,3.95,359.48,5,0.92,11,17.1
204159.5,24.9760143333,121.551127,25.6,0.039,0.046,0.51,0.69527,-0.95422,0.45788,0.71,3.95,359.48,5,0.92,11,17.1
204159.7,24.9760265,121.5511271667,25.6,0.039,0.046,0.51,0.68625,-0.86952,359.93485,0.71,3.95,359.48,5,0.92,11,17.1
204159.9,24.9760388333,121.5511271667,25.6,0.039,0.046,0.51,0.6131,-0.77837,359.37893,0.71,3.95,359.48,5,0.92,11,17.1
204160.0,24.976045,121.5511271667,25.6,0.039,0.046,0.51,0.48555,-0.70291,359.12355,0.71,3.95,359.48,5,0.92,11,17.1
204160.2,24.9760573333,121.551127,25.6,0.039,0.046,0.51,0.60467,-0.55888,358.5999,0.71,3.95,359.48,5,0.92,11,17.1
204160.4,24.9760691667,121.5511265,25.5,0.039,0.046,0.51,0.99579,-0.53472,358.38387,0.71,3.95,359.48,5,0.92,11,17.1
204160.5,24.9760753333,121.5511261667,25.5,0.039,0.046,0.51,1.02477,-0.50199,358.33178,0.71,3.95,359.48,5,0.92,11,17.1
204160.6,24.9760815,121.551126,25.5,0.039,0.046,0.51,1.04453,-0.45789,358.31664,0.71,3.95,359.48,5,0.92,11,17.1
204160.8,24.9760938333,121.5511256667,25.5,0.039,0.046,0.51,1.34472,-0.43285,358.30731,0.71,3.95,359.48,5,0.92,11,17.1
204161.0,24.976106,121.5511253333,25.5,0.039,0.046,0.51,1.61002,-0.36732,358.39631,0.71,3.95,359.48,5,0.92,11,17.1
204161.1,24.9761121667,121.5511251667,25.5,0.039,0.046,0.51,1.67044,-0.37327,358.44319,0.71,3.95,359.48,5,0.92,11,17.1
204161.3,24.9761245,121.5511246667,25.5,0.039,0.046,0.51,1.3306,-0.56984,358.48118,0.71,3.95,359.48,5,0.92,11,17.1
204161.5,24.9761365,121.5511238333,25.5,0.039,0.046,0.51,1.25401,-0.63167,358.59545,0.71,3.95,359.48,5,0.92,10,17.1
204161.6,24.9761426667,121.5511236667,25.5,0.039,0.046,0.51,1.21958,-0.63193,358.68064,0.71,3.95,359.48,5,0.92,10,17.1
204161.8,24.9761548333,121.5511233333,25.4,0.039,0.046,0.51,1.23412,-0.08234,358.85575,0.71,3.95,359.48,5,0.92,10,17.1
204162.0,24.9761671667,121.551123,25.4,0.039,0.046,0.51,1.30362,-0.47598,359.05034,0.71,3.95,359.48,5,0.92,10,17.1
204162.1,24.9761733333,121.551123,25.4,0.039,0.046,0.51,1.29471,-0.71807,359.12087,0.71,3.95,359.48,5,0.92,10,17.1
204162.3,24.9761855,121.5511226667,25.4,0.039,0.046,0.51,1.35655,-1.12363,359.2169,0.71,3.95,359.48,5,0.92,10,17.1
204162.5,24.9761966667,121.551122,25.4,0.039,0.046,0.51,0.71637,-1.00352,359.32241,0.71,3.95,359.48,5,0.92,10,17.1
204162.6,24.9762028333,121.551122,25.4,0.039,0.046,0.51,0.79394,-0.92061,359.41284,0.71,3.95,359.48,5,0.92,10,17.1
204162.8,24.9762148333,121.5511218333,25.4,0.039,0.046,0.51,0.81336,-1.02203,359.54298,0.71,3.95,359.48,5,0.92,10,17.1
204162.9,24.976221,121.5511218333,25.4,0.039,0.046,0.51,0.83744,-0.92986,359.64316,0.71,3.95,359.48,5,0.92,10,17.1
204163.1,24.9762331667,121.5511216667,25.3,0.039,0.046,0.51,0.87198,-0.85952,359.79442,0.71,3.95,359.48,5,0.92,10,17.1
204163.2,24.9762393333,121.5511216667,25.3,0.039,0.046,0.51,0.85635,-0.8448,359.87933,0.71,3.95,359.48,5,0.92,10,17.1
204163.5,24.9762576667,121.5511213333,25.3,0.039,0.046,0.51,1.69639,0.20017,0.08167,0.71,3.95,359.48,5,0.92,10,17.1
204163.6,24.976264,121.5511213333,25.3,0.039,0.046,0.51,1.54102,0.33025,0.15835,0.71,3.95,359.48,5,0.92,10,17.1
204163.8,24.9762771667,121.5511213333,25.4,0.039,0.046,0.51,1.29329,0.39491,0.27751,0.71,3.95,359.48,5,0.92,10,17.1
204164.0,24.9762908333,121.5511213333,25.4,0.039,0.046,0.51,0.85486,0.34275,0.41713,0.71,3.95,359.48,5,0.92,10,17.1
204164.1,24.9762976667,121.5511213333,25.4,0.039,0.046,0.51,0.93672,0.26444,0.48495,0.71,3.95,359.48,5,0.92,10,17.1
204164.3,24.9763121667,121.5511215,25.4,0.039,0.046,0.51,0.92546,0.02877,0.46175,0.71,3.95,359.48,5,0.92,10,17.1
204164.5,24.9763273333,121.551121,25.3,0.039,0.046,0.51,0.79461,0.05651,0.62096,0.71,3.95,359.48,5,0.92,10,17.1
204164.6,24.976335,121.5511211667,25.3,0.039,0.046,0.51,0.6905,-0.03694,0.67144,0.71,3.95,359.48,5,0.92,10,17.1
204164.7,24.9763426667,121.5511211667,25.3,0.039,0.046,0.51,0.65132,-0.11285,0.73869,0.71,3.95,359.48,5,0.92,10,17.1
204164.9,24.9763585,121.5511215,25.3,0.039,0.046,0.51,0.72171,-0.28641,0.891,0.71,3.95,359.48,5,0.92,10,17.1
204165.1,24.9763748333,121.5511216667,25.3,0.039,0.046,0.51,0.85028,-0.37423,1.07072,0.71,3.95,359.48,5,0.92,10,17.1
204165.2,24.9763831667,121.5511218333,25.3,0.039,0.046,0.51,0.87725,-0.513,1.17438,0.71,3.95,359.48,5,0.92,10,17.1
204165.5,24.9764093333,121.551122,25.3,0.039,0.046,0.51,1.14965,-0.70407,1.41665,0.71,3.95,359.48,5,0.92,10,17.1
204165.6,24.9764181667,121.5511221667,25.3,0.039,0.046,0.51,0.98339,-0.70262,1.53051,0.71,3.95,359.48,5,0.92,10,17.1
204165.8,24.9764361667,121.5511228333,25.2,0.039,0.046,0.51,0.80482,-0.67807,1.76601,0.71,3.95,359.48,5,0.92,10,17.1
204166.0,24.9764546667,121.5511233333,25.2,0.039,0.046,0.51,0.90873,-1.05265,1.983,0.71,3.95,359.48,5,0.92,10,17.1
204166.1,24.976464,121.5511236667,25.2,0.039,0.046,0.51,0.91281,-1.17881,2.09294,0.71,3.95,359.48,5,0.92,10,17.1
204166.3,24.9764831667,121.5511245,25.2,0.039,0.046,0.51,0.9956,-1.59876,2.20503,0.71,3.95,359.48,5,0.92,10,17.1
204166.4,24.976493,121.5511243333,25.1,0.039,0.046,0.51,1.03159,-1.89853,2.24674,0.71,3.95,359.48,5,0.92,10,17.1
204166.6,24.9765125,121.5511251667,25.0,0.039,0.046,0.51,0.87621,-2.08857,2.35274,0.71,3.95,359.48,5,0.92,10,17.1
204166.8,24.976532,121.5511261667,25.0,0.039,0.046,0.51,0.78976,-2.26142,2.47203,0.71,3.95,359.48,5,0.92,10,17.1
204166.9,24.9765416667,121.5511265,24.9,0.039,0.046,0.51,0.83109,-2.34788,2.52998,0.71,3.95,359.48,5,0.92,10,17.1
204167.1,24.9765615,121.5511275,24.8,0.039,0.046,0.51,1.23618,-2.58047,2.65901,0.71,3.95,359.48,5,0.92,10,17.1
204167.3,24.9765813333,121.5511285,24.7,0.039,0.046,0.51,0.74311,-2.88497,2.71536,0.71,3.95,359.48,5,0.92,10,17.1
204167.5,24.9766006667,121.551129,24.6,0.039,0.046,0.51,0.87981,-3.14828,2.86921,0.71,3.95,359.48,5,0.92,10,17.1
204167.7,24.9766206667,121.55113,24.5,0.039,0.046,0.51,1.11282,-3.30707,3.06243,0.71,3.95,359.48,5,0.92,10,17.1
204167.8,24.9766306667,121.5511306667,24.4,0.039,0.046,0.51,1.09021,-3.38736,3.17993,0.71,3.95,359.48,5,0.92,10,17.1
204168.0,24.9766506667,121.5511318333,24.3,0.039,0.046,0.51,0.81232,-3.14071,3.40613,0.71,3.95,359.48,5,0.92,10,17.1
204168.2,24.9766708333,121.5511331667,24.2,0.039,0.046,0.51,1.09585,-2.87463,3.66766,0.71,3.95,359.48,5,0.92,10,17.1
204168.3,24.9766808333,121.5511338333,24.1,0.039,0.046,0.51,1.67558,-2.83819,3.7881,0.71,3.95,359.48,5,0.92,10,17.1
204168.5,24.9767,121.551135,24.0,0.039,0.046,0.51,1.8606,-2.438,4.0477,0.71,3.95,359.48,5,0.89,11,17.1
204168.6,24.9767098333,121.5511358333,23.9,0.039,0.046,0.51,1.96539,-2.25745,4.16577,0.71,3.95,359.48,5,0.89,11,17.1
204168.8,24.9767293333,121.5511373333,23.8,0.039,0.046,0.51,2.10077,-2.24031,4.3825,0.71,3.95,359.48,5,0.89,11,17.1
204169.0,24.9767485,121.5511388333,23.8,0.039,0.046,0.51,2.2746,-2.00926,4.61329,0.71,3.95,359.48,5,0.89,11,17.1
204169.1,24.976758,121.5511396667,23.7,0.039,0.046,0.51,2.2192,-1.96386,4.72488,0.71,3.95,359.48,5,0.89,11,17.1
204169.3,24.9767766667,121.5511413333,23.6,0.039,0.046,0.51,1.79784,-2.22306,4.80324,0.71,3.95,359.48,5,0.89,11,17.1
204169.4,24.9767853333,121.5511418333,23.6,0.039,0.046,0.51,2.00717,-2.43026,4.86038,0.71,3.95,359.48,5,0.92,10,17.1
204169.6,24.9768035,121.5511436667,23.5,0.039,0.046,0.51,1.99707,-2.90213,4.94209,0.71,3.95,359.48,5,0.92,10,17.1
204169.8,24.9768211667,121.5511453333,23.4,0.039,0.046,0.51,2.05484,-3.46828,4.9737,0.71,3.95,359.48,5,0.92,10,17.1
204169.9,24.9768298333,121.5511461667,23.4,0.039,0.046,0.51,2.0609,-3.57735,5.00156,0.71,3.95,359.48,5,0.92,10,17.1
204170.1,24.976847,121.5511476667,23.3,0.039,0.046,0.51,2.04682,-3.46298,4.98241,0.71,3.95,359.48,5,0.92,10,17.1
204170.2,24.9768553333,121.5511485,23.2,0.039,0.046,0.51,2.04227,-3.52392,4.9486,0.71,3.95,359.48,5,0.92,10,17.1
204170.3,24.9768636667,121.5511493333,23.1,0.039,0.046,0.51,2.01829,-3.72293,4.79865,0.71,3.95,359.48,5,0.92,10,17.1
204170.5,24.9768788333,121.5511506667,23.1,0.039,0.046,0.51,2.13196,-3.5934,4.72203,0.71,3.95,359.48,2,2.71,10,17.1
204170.6,24.9768866667,121.5511515,23.0,0.039,0.046,0.51,2.22818,-3.28561,4.38686,0.71,3.95,359.48,2,2.71,10,17.1
204170.8,24.976902,121.5511528333,22.9,0.039,0.046,0.51,2.33187,-3.134,3.67952,0.71,3.95,359.48,2,2.71,10,17.1
204171.0,24.9769168333,121.551154,22.8,0.039,0.046,0.51,2.2809,-2.88829,3.15476,0.71,3.95,359.48,2,2.71,10,17.1
204171.1,24.976924,121.5511545,22.8,0.039,0.046,0.51,2.63644,-2.72803,1.58633,0.71,3.95,359.48,2,2.71,10,17.1
204171.3,24.9769381667,121.5511551667,22.7,0.039,0.046,0.51,2.84728,-2.6328,359.29239,0.71,3.95,359.48,2,2.71,10,17.1
204171.5,24.9769501667,121.5511553333,22.6,0.039,0.046,0.51,2.83072,-2.53594,357.92347,0.71,3.95,359.48,2,3.41,10,17.1
204171.6,24.9769568333,121.5511551667,22.6,0.039,0.046,0.51,2.93727,-2.2126,354.83106,0.71,3.95,359.48,2,3.41,10,17.1
204171.8,24.9769698333,121.5511545,22.5,0.039,0.046,0.51,2.86581,-2.11415,353.17452,0.71,3.95,359.48,2,3.41,10,17.1
204171.9,24.976976,121.5511538333,22.5,0.039,0.046,0.51,2.63397,-1.85124,349.66454,0.71,3.95,359.48,2,3.41,10,17.1
204172.1,24.9769883333,121.551152,22.5,0.039,0.046,0.51,2.18406,-2.11591,345.82631,0.71,3.95,359.48,2,3.41,10,17.1
204172.3,24.9770001667,121.5511493333,22.4,0.039,0.046,0.51,1.79881,-2.36501,341.70419,0.71,3.95,359.48,2,3.41,10,17.1
204172.5,24.9770101667,121.5511455,22.4,0.039,0.046,0.51,1.66522,-2.24522,339.57886,0.71,3.95,359.48,2,2.71,10,17.1
204172.6,24.9770156667,121.5511435,22.4,0.039,0.046,0.51,1.70398,-2.21175,335.23038,0.71,3.95,359.48,2,2.71,10,17.1
204172.8,24.9770261667,121.551139,22.3,0.039,0.046,0.51,1.18202,-2.33515,330.95568,0.71,3.95,359.48,2,2.71,10,17.1
204173.0,24.9770361667,121.5511336667,22.3,0.039,0.046,0.51,1.03435,-2.41751,328.78556,0.71,3.95,359.48,2,2.71,10,17.1
204173.1,24.9770408333,121.5511308333,22.2,0.039,0.046,0.51,0.87706,-2.3269,324.51949,0.71,3.95,359.48,2,2.71,10,17.1
204173.3,24.97705,121.5511245,22.2,0.039,0.046,0.51,1.10327,-2.15592,320.39013,0.71,3.95,359.48,2,2.71,10,17.1
204173.5,24.9770573333,121.5511173333,22.1,0.039,0.046,0.51,0.89094,-2.22553,318.26301,0.71,3.95,359.48,2,2.71,10,17.1
204173.6,24.9770613333,121.5511135,22.1,0.039,0.046,0.51,1.15235,-2.40932,313.97631,0.71,3.95,359.48,2,2.71,10,17.1
204173.8,24.977069,121.5511056667,22.1,0.039,0.046,0.51,1.18508,-2.54746,311.83975,0.71,3.95,359.48,2,2.71,10,17.1
204173.9,24.9770728333,121.5511015,22.0,0.039,0.046,0.51,0.97213,-2.14596,307.54821,0.71,3.95,359.48,2,2.71,10,17.1
204174.1,24.9770796667,121.5510926667,22.0,0.039,0.046,0.51,1.33915,-1.95249,303.18325,0.71,3.95,359.48,2,2.71,10,17.1
204174.3,24.9770861667,121.5510831667,22.0,0.039,0.046,0.51,1.62396,-2.24675,299.05532,0.71,3.95,359.48,2,2.71,10,17.1
204174.5,24.9770911667,121.5510731667,21.9,0.039,0.046,0.51,1.27478,-1.88547,297.04262,0.71,3.95,359.48,2,2.71,10,17.1
204174.6,24.9770936667,121.551068,21.9,0.039,0.046,0.51,1.61178,-1.82654,292.95272,0.71,3.95,359.48,2,2.71,10,17.1
204174.8,24.9770985,121.5510573333,21.8,0.039,0.046,0.51,1.87722,-2.25972,289.06887,0.71,3.95,359.48,2,2.71,10,17.1
204175.0,24.9771026667,121.5510461667,21.8,0.039,0.046,0.51,1.14052,-2.18932,287.33665,0.71,3.95,359.48,2,2.71,10,17.1
204175.1,24.9771043333,121.5510405,21.8,0.039,0.046,0.51,1.07538,-2.1364,284.07966,0.71,3.95,359.48,2,2.71,10,17.1
204175.3,24.9771075,121.5510288333,21.7,0.039,0.046,0.51,1.66286,-2.31712,281.27137,0.71,3.95,359.48,2,2.71,10,17.1
204175.5,24.97711,121.5510166667,21.6,0.039,0.046,0.51,1.27458,-2.24643,278.73965,0.71,3.95,359.48,2,3.03,11,17.1
204175.7,24.977112,121.5510045,21.5,0.039,0.046,0.51,0.96056,-2.00992,276.87625,0.71,3.95,359.48,2,3.03,11,17.1
204175.9,24.9771136667,121.5509918333,21.5,0.039,0.046,0.51,0.78125,-1.90831,276.16142,0.71,3.95,359.48,2,3.03,11,17.1
204176.0,24.9771145,121.5509855,21.5,0.039,0.046,0.51,0.75796,-1.92484,275.11372,0.71,3.95,359.48,2,3.03,11,17.1
204176.2,24.9771156667,121.5509723333,21.4,0.039,0.046,0.51,0.66814,-1.91324,274.70269,0.71,3.95,359.48,2,3.03,11,17.1
204176.3,24.9771163333,121.5509656667,21.4,0.039,0.046,0.51,0.8304,-1.74596,274.16841,0.71,3.95,359.48,2,3.03,11,17.1
204176.5,24.9771168333,121.5509516667,21.3,0.039,0.046,0.51,0.93377,-1.46642,273.60559,0.71,3.95,359.48,2,2.72,11,17.1
204176.7,24.9771178333,121.5509375,21.3,0.039,0.046,0.51,0.92868,-1.30868,273.04706,0.71,3.95,359.48,2,2.72,11,17.1
204176.9,24.9771186667,121.550923,21.3,0.039,0.046,0.51,1.05361,-1.28632,272.75993,0.71,3.95,359.48,2,2.72,11,17.1
204177.0,24.977119,121.5509155,21.2,0.039,0.046,0.51,1.236,-1.48719,272.1204,0.71,3.95,359.48,2,2.72,11,17.1
204177.2,24.9771196667,121.5509001667,21.2,0.039,0.046,0.51,1.19876,-1.59367,271.78703,0.71,3.95,359.48,2,2.72,11,17.1
204177.3,24.9771198333,121.5508923333,21.2,0.039,0.046,0.51,1.20725,-1.69252,271.09805,0.71,3.95,359.48,2,2.72,11,17.1
204177.5,24.97712,121.5508756667,21.1,0.039,0.046,0.51,1.13058,-1.45634,270.41158,0.71,3.95,359.48,2,2.69,12,17.1
204177.7,24.9771203333,121.5508588333,21.1,0.039,0.046,0.51,1.43295,-1.23974,270.09474,0.71,3.95,359.48,2,2.69,12,17.1
204177.8,24.9771203333,121.5508503333,21.0,0.039,0.046,0.51,1.44428,-1.19701,269.5235,0.71,3.95,359.48,2,2.69,12,17.1
204178.0,24.9771203333,121.5508328333,21.0,0.039,0.046,0.51,1.42495,-1.09348,269.00762,0.71,3.95,359.48,2,2.69,12,17.1
204178.2,24.9771201667,121.5508146667,21.0,0.039,0.046,0.51,1.32247,-1.20103,268.77727,0.71,3.95,359.48,2,2.69,12,17.1
204178.3,24.97712,121.5508055,20.9,0.039,0.046,0.51,0.4491,-1.75808,268.06843,0.71,3.95,359.48,2,2.69,12,17.1
204178.5,24.9771181667,121.5507858333,20.8,0.039,0.046,0.51,0.52421,-1.45457,268.07156,0.71,3.95,359.48,2,2.69,12,17.1
204178.6,24.9771178333,121.5507761667,20.8,0.039,0.046,0.51,0.63036,-0.45449,268.15018,0.71,3.95,359.48,2,2.69,12,17.1
204178.8,24.9771173333,121.5507563333,20.8,0.039,0.046,0.51,0.81022,-0.56034,268.19242,0.71,3.95,359.48,2,2.69,12,17.1
204178.9,24.977117,121.5507463333,20.7,0.039,0.046,0.51,0.50691,-0.73366,268.25482,0.71,3.95,359.48,2,2.69,12,17.1
204179.1,24.9771165,121.5507256667,20.7,0.039,0.046,0.51,0.36588,-0.40536,268.3258,0.71,3.95,359.48,2,2.69,12,17.1
204179.3,24.9771158333,121.5507046667,20.7,0.039,0.046,0.51,0.82774,-0.40904,268.32114,0.71,3.95,359.48,2,2.69,12,17.1
204179.4,24.9771146667,121.5506936667,20.7,0.039,0.046,0.51,1.05545,-0.71865,268.27102,0.71,3.95,359.48,2,2.75,11,17.1
204179.6,24.9771141667,121.5506721667,20.6,0.039,0.046,0.51,1.10277,-0.24176,268.31589,0.71,3.95,359.48,2,2.75,11,17.1
204179.8,24.9771135,121.5506503333,20.6,0.039,0.046,0.51,0.86779,-0.17188,268.24736,0.71,3.95,359.48,2,2.75,11,17.1
204179.9,24.9771131667,121.5506395,20.6,0.039,0.046,0.51,1.05368,-0.0224,268.24656,0.71,3.95,359.48,2,2.75,11,17.1
204180.1,24.9771126667,121.5506175,20.6,0.039,0.046,0.51,0.97189,0.25132,268.23435,0.71,3.95,359.48,2,2.75,11,17.1
204180.2,24.9771123333,121.5506066667,20.6,0.039,0.046,0.51,0.89431,0.38553,268.15696,0.71,3.95,359.48,2,2.75,11,17.1
204180.5,24.9771113333,121.550575,20.6,0.039,0.046,0.51,0.8669,0.50547,268.10239,0.71,3.95,359.48,2,0.75,10,17.1
204180.6,24.977111,121.5505641667,20.7,0.039,0.046,0.51,1.12476,0.88646,268.03878,0.71,3.95,359.48,2,0.75,10,17.1
204180.8,24.9771103333,121.5505426667,20.7,0.039,0.046,0.51,1.96709,0.60152,268.02613,0.71,3.95,359.48,2,0.75,10,17.1
204181.0,24.9771096667,121.5505213333,20.7,0.039,0.046,0.51,2.42381,0.22326,267.99754,0.71,3.95,359.48,2,0.75,10,17.1
204181.1,24.9771093333,121.5505106667,20.7,0.039,0.046,0.51,2.76722,0.6068,267.94708,0.71,3.95,359.48,2,0.75,10,17.1
204181.3,24.9771086667,121.5504893333,20.7,0.039,0.046,0.51,0.6865,1.49719,267.7007,0.71,3.95,359.48,2,0.75,10,17.1
204181.5,24.9771078333,121.5504686667,21.0,0.039,0.046,0.51,0.52401,1.77293,267.67019,0.71,3.95,359.48,2,0.75,10,17.1
204181.7,24.9771071667,121.5504478333,21.0,0.039,0.046,0.51,0.33959,1.56371,267.70581,0.71,3.95,359.48,2,0.75,10,17.1
204181.9,24.9771063333,121.550427,21.1,0.039,0.046,0.51,0.49116,1.33731,267.90288,0.71,3.95,359.48,2,0.75,10,17.1
204182.0,24.977106,121.5504166667,21.1,0.039,0.046,0.51,0.51746,1.41435,268.01546,0.71,3.95,359.48,2,0.75,10,17.1
204182.2,24.9771053333,121.550396,21.2,0.039,0.046,0.51,0.68213,1.32475,268.29428,0.71,3.95,359.48,2,0.75,10,17.1
204182.3,24.977105,121.5503856667,21.2,0.039,0.046,0.51,0.71825,1.33395,268.41326,0.71,3.95,359.48,2,0.75,10,17.1
204182.5,24.9771045,121.5503658333,21.4,0.039,0.046,0.51,0.6229,1.43138,268.35228,0.71,3.95,359.48,2,0.78,11,17.1
204182.7,24.9771038333,121.5503455,21.5,0.039,0.046,0.51,0.57409,1.53219,267.96879,0.71,3.95,359.48,2,0.78,11,17.1
204182.8,24.9771035,121.5503355,21.5,0.039,0.046,0.51,0.59589,1.49767,267.58097,0.71,3.95,359.48,2,0.78,11,17.1
204182.9,24.9771031667,121.5503253333,21.5,0.039,0.046,0.51,0.7927,1.37661,266.50824,0.71,3.95,359.48,2,0.78,11,17.1
204183.1,24.9771023333,121.5503053333,21.6,0.039,0.046,0.51,0.89564,1.28385,265.87043,0.71,3.95,359.48,2,0.78,11,17.1
204183.2,24.9771018333,121.5502955,21.6,0.039,0.046,0.51,1.00377,1.05236,264.42898,0.71,3.95,359.48,2,0.78,11,17.1
204183.4,24.9771003333,121.5502756667,21.6,0.039,0.046,0.51,1.37418,1.45961,263.08628,0.71,3.95,359.48,2,0.78,11,17.1
204183.6,24.9770991667,121.550258,21.7,0.039,0.046,0.51,1.38867,1.29129,261.59938,0.71,3.95,359.48,2,2.29,11,17.1
204183.8,24.977097,121.5502388333,21.8,0.039,0.046,0.51,1.51172,1.2943,260.88083,0.71,3.95,359.48,2,2.29,11,17.1
204183.9,24.9770956667,121.5502293333,21.8,0.039,0.046,0.51,1.34487,1.42466,259.54369,0.71,3.95,359.48,2,2.29,11,17.1
204184.1,24.9770928333,121.5502105,21.8,0.039,0.046,0.51,1.29078,1.55643,258.22582,0.71,3.95,359.48,2,2.29,11,17.1
204184.3,24.9770896667,121.5501918333,21.9,0.039,0.046,0.51,1.63127,1.48169,257.06982,0.71,3.95,359.48,2,2.29,11,17.1
204184.5,24.9770863333,121.550174,21.9,0.039,0.046,0.51,1.64054,1.39711,256.42231,0.71,3.95,359.48,2,2.29,11,17.1
204184.6,24.9770845,121.5501648333,21.9,0.039,0.046,0.51,1.64231,1.41865,255.1344,0.71,3.95,359.48,2,2.29,11,17.1
204184.8,24.9770803333,121.5501468333,22.0,0.039,0.046,0.51,1.55111,1.47204,253.86458,0.71,3.95,359.48,2,2.29,11,17.1
204185.0,24.977076,121.5501288333,22.0,0.039,0.046,0.51,1.48047,1.41342,253.26933,0.71,3.95,359.48,2,2.29,11,17.1
204185.1,24.9770736667,121.55012,22.0,0.039,0.046,0.51,1.11914,1.40618,252.25086,0.71,3.95,359.48,2,2.29,11,17.1
204185.3,24.9770688333,121.5501025,22.1,0.039,0.046,0.51,1.11202,1.19339,251.20321,0.71,3.95,359.48,2,2.29,11,17.1
204185.5,24.9770626667,121.5500861667,22.2,0.039,0.046,0.51,1.21249,1.3463,250.34682,0.71,3.95,359.48,2,2.29,11,17.1
204185.7,24.9770573333,121.5500691667,22.2,0.039,0.046,0.51,1.28121,1.33663,249.87459,0.71,3.95,359.48,2,2.29,11,17.1
204185.8,24.9770546667,121.5500608333,22.2,0.039,0.046,0.51,1.28785,1.55235,248.894,0.71,3.95,359.48,2,2.29,11,17.1
204186.0,24.977049,121.5500441667,22.3,0.039,0.046,0.51,1.37575,1.35231,247.74687,0.71,3.95,359.48,2,2.29,11,17.1
204186.2,24.977043,121.5500276667,22.3,0.039,0.046,0.51,1.52713,1.58825,247.12853,0.71,3.95,359.48,2,2.29,11,17.1
204186.3,24.97704,121.5500195,22.3,0.039,0.046,0.51,2.14454,1.32161,245.88276,0.71,3.95,359.48,2,2.29,11,17.1
204186.5,24.9770333333,121.5500035,22.4,0.039,0.046,0.51,2.13166,1.36052,245.19597,0.71,3.95,359.48,2,0.66,11,17.1
204186.6,24.97703,121.5499955,22.4,0.039,0.046,0.51,2.09655,1.22071,243.63873,0.71,3.95,359.48,2,0.66,11,17.1
204186.8,24.9770233333,121.5499796667,22.4,0.039,0.046,0.51,2.21891,1.10804,242.699,0.71,3.95,359.48,2,0.66,11,17.1
204186.9,24.9770198333,121.549972,22.4,0.039,0.046,0.51,2.30924,1.18547,240.60305,0.71,3.95,359.48,2,0.66,11,17.1
204187.1,24.9770125,121.5499568333,22.5,0.039,0.046,0.51,2.20296,1.11784,238.33932,0.71,3.95,359.48,2,0.66,11,17.1
204187.3,24.9770046667,121.549942,22.5,0.039,0.046,0.51,2.30454,1.01909,237.12092,0.71,3.95,359.48,2,0.66,11,17.1
204187.4,24.9770005,121.5499346667,22.5,0.039,0.046,0.51,2.94408,1.36177,234.74701,0.71,3.95,359.48,2,0.66,11,17.1
204187.6,24.9769926667,121.5499213333,22.6,0.039,0.046,0.51,2.95318,1.39308,233.37637,0.71,3.95,359.48,2,2.2,12,17.1
204187.7,24.9769881667,121.5499145,22.6,0.039,0.046,0.51,2.78552,1.25924,230.53906,0.71,3.95,359.48,2,2.2,12,17.1
204187.9,24.976979,121.5499013333,22.7,0.039,0.046,0.51,2.48096,0.77137,227.73135,0.71,3.95,359.48,2,2.2,12,17.1
204188.1,24.9769693333,121.5498888333,22.7,0.039,0.046,0.51,2.37675,0.70981,226.33813,0.71,3.95,359.48,2,2.2,12,17.1
204188.2,24.9769643333,121.5498826667,22.7,0.039,0.046,0.51,2.60589,1.25994,223.68295,0.71,3.95,359.48,2,2.2,12,17.1
204188.4,24.9769538333,121.5498716667,22.8,0.039,0.046,0.51,2.49821,1.28514,220.9252,0.71,3.95,359.48,2,3.44,11,17.1
204188.6,24.9769431667,121.5498606667,22.8,0.039,0.046,0.51,2.54199,1.38178,218.21154,0.71,3.95,359.48,2,3.44,11,17.1
204188.8,24.9769321667,121.5498503333,22.9,0.039,0.046,0.51,2.39297,1.39844,216.84567,0.71,3.95,359.48,2,3.44,11,17.1
204188.9,24.9769265,121.5498455,22.9,0.039,0.046,0.51,2.3213,1.44674,214.17366,0.71,3.95,359.48,2,3.44,11,17.1
204189.1,24.9769148333,121.5498361667,22.9,0.039,0.046,0.51,2.30794,1.35291,212.81363,0.71,3.95,359.48,2,3.44,11,17.1
204189.2,24.976909,121.5498318333,22.9,0.039,0.046,0.51,2.46951,1.13171,210.24459,0.71,3.95,359.48,2,3.44,11,17.1
204189.4,24.9768973333,121.549824,23.0,0.039,0.046,0.51,2.41204,0.75146,207.49443,0.71,3.95,359.48,2,3.44,10,17.1
204189.6,24.9768851667,121.5498165,23.0,0.039,0.046,0.51,2.49173,0.74774,206.17639,0.71,3.95,359.48,2,3.44,10,17.1
204189.7,24.976879,121.549813,23.0,0.039,0.046,0.51,2.82646,0.80484,203.82204,0.71,3.95,359.48,2,3.44,10,17.1
204189.9,24.9768666667,121.5498065,23.0,0.039,0.046,0.51,2.86394,0.57433,202.69689,0.71,3.95,359.48,2,3.44,10,17.1
204190.0,24.9768603333,121.5498033333,23.1,0.039,0.046,0.51,2.64775,0.19023,200.47991,0.71,3.95,359.48,2,3.44,10,17.1
204190.2,24.9768476667,121.5497976667,23.1,0.039,0.046,0.51,3.16189,0.00286,198.24919,0.71,3.95,359.48,2,3.44,10,17.1
204190.4,24.9768346667,121.5497931667,23.1,0.039,0.046,0.51,3.14602,-0.16303,197.12877,0.71,3.95,359.48,2,3.03,10,17.1
204190.5,24.9768283333,121.5497908333,23.1,0.039,0.046,0.51,2.89492,-0.144,194.9848,0.71,3.95,359.48,2,3.03,10,17.1
204190.7,24.9768155,121.5497866667,23.1,0.039,0.046,0.51,2.7712,-0.29742,193.02548,0.71,3.95,359.48,2,3.03,10,17.1
204190.9,24.9768026667,121.549783,23.1,0.039,0.046,0.51,2.83213,-0.37423,192.12156,0.71,3.95,359.48,2,3.03,10,17.1
204191.0,24.9767961667,121.5497813333,23.1,0.039,0.046,0.51,2.92794,-0.34486,190.37518,0.71,3.95,359.48,2,3.03,10,17.1
204191.2,24.9767833333,121.5497785,23.1,0.039,0.046,0.51,2.93497,-0.20228,189.60325,0.71,3.95,359.48,2,3.03,10,17.1
204191.3,24.9767768333,121.5497771667,23.1,0.039,0.046,0.51,2.9419,-0.02022,188.18309,0.71,3.95,359.48,2,3.03,10,17.1
204191.5,24.9767643333,121.5497756667,23.1,0.039,0.046,0.51,3.01636,-0.02893,187.55734,0.71,3.95,359.48,2,3.03,10,17.1
204191.6,24.976758,121.5497746667,23.1,0.039,0.046,0.51,3.05493,0.00954,186.35856,0.71,3.95,359.48,2,3.03,10,17.1
204191.8,24.9767453333,121.549773,23.1,0.039,0.046,0.51,3.02802,0.07215,185.15205,0.71,3.95,359.48,2,3.03,10,17.1
204192.0,24.9767326667,121.5497715,23.1,0.039,0.046,0.51,3.19653,0.14841,184.56487,0.71,3.95,359.48,2,3.03,10,17.1
204192.1,24.9767263333,121.5497708333,23.1,0.039,0.046,0.51,3.15726,0.1414,183.51548,0.71,3.95,359.48,2,3.03,10,17.1
204192.3,24.976714,121.5497698333,23.1,0.039,0.046,0.51,3.32178,0.18688,182.45645,0.71,3.95,359.48,2,3.03,10,17.1
204192.5,24.9767016667,121.5497696667,23.1,0.039,0.046,0.51,3.33171,0.07722,181.9541,0.71,3.95,359.48,2,2.75,11,17.1
204192.6,24.9766955,121.5497693333,23.1,0.039,0.046,0.51,3.23851,0.18818,181.21622,0.71,3.95,359.48,2,2.75,11,17.1
204192.8,24.9766836667,121.549769,23.1,0.039,0.046,0.51,3.26287,0.29152,180.892,0.71,3.95,359.48,2,2.75,11,17.1
204192.9,24.9766778333,121.5497688333,23.1,0.039,0.046,0.51,3.07562,0.28084,180.35268,0.71,3.95,359.48,2,2.75,11,17.1
204193.1,24.9766665,121.5497686667,23.1,0.039,0.046,0.51,3.18295,0.13862,179.80896,0.71,3.95,359.48,2,2.75,11,17.1
204193.3,24.9766553333,121.5497686667,23.1,0.039,0.046,0.51,3.21397,0.05456,179.42754,0.71,3.95,359.48,2,2.75,11,17.1
204193.4,24.97665,121.5497686667,23.1,0.039,0.046,0.51,3.10809,0.17344,178.9859,0.71,3.95,359.48,2,2.75,11,17.1
204193.5,24.9766445,121.5497695,23.1,0.039,0.046,0.51,2.76057,0.39696,178.22805,0.71,3.95,359.48,2,2.7,11,17.1
204193.7,24.9766341667,121.5497696667,23.1,0.039,0.046,0.51,2.69476,0.41457,178.15633,0.71,3.95,359.48,2,2.7,11,17.1
204193.9,24.9766245,121.54977,23.2,0.039,0.046,0.51,2.70012,0.38868,178.32155,0.71,3.95,359.48,2,2.7,11,17.1
204194.0,24.9766198333,121.5497701667,23.2,0.039,0.046,0.51,2.6432,0.25774,178.6619,0.71,3.95,359.48,2,2.7,11,17.1
204194.2,24.976611,121.5497705,23.2,0.039,0.046,0.51,2.86231,0.0885,178.94837,0.71,3.95,359.48,2,2.7,11,17.1
204194.4,24.9766026667,121.5497713333,23.2,0.039,0.046,0.51,2.95011,0.04873,179.10425,0.71,3.95,359.48,2,2.7,11,17.1
204194.5,24.9765988333,121.5497715,23.2,0.039,0.046,0.51,3.02679,0.0314,179.3691,0.71,3.95,359.48,2,2.7,11,17.1
204194.7,24.9765916667,121.5497715,23.2,0.039,0.046,0.51,3.12457,0.01628,179.50121,0.71,3.95,359.48,2,2.7,11,17.1
204194.8,24.9765883333,121.5497716667,23.2,0.039,0.046,0.51,3.24239,-0.01533,179.71543,0.71,3.95,359.48,2,2.7,11,17.1
204195.0,24.9765825,121.5497716667,23.2,0.039,0.046,0.51,3.27789,-0.01889,179.8911,0.71,3.95,359.48,2,2.7,11,17.1
204195.2,24.9765773333,121.5497716667,23.2,0.039,0.046,0.51,3.25332,-0.00876,179.97002,0.71,3.95,359.48,2,2.7,11,17.1
204195.3,24.9765753333,121.5497716667,23.2,0.039,0.046,0.51,3.01042,0.02127,180.05384,0.71,3.95,359.48,2,2.7,11,17.1
204195.5,24.9765728333,121.5497721667,23.2,0.039,0.046,0.51,3.01239,0.01775,180.10387,0.71,3.95,359.48,2,2.7,11,17.1
204195.6,24.9765715,121.5497721667,23.2,0.039,0.046,0.51,3.11671,0.00515,180.21121,0.71,3.95,359.48,2,2.7,11,17.1
204195.8,24.9765695,121.5497721667,23.2,0.039,0.046,0.51,3.05561,0.09183,180.23842,0.71,3.95,359.48,2,2.7,11,17.1
204196.0,24.9765681667,121.5497721667,23.2,0.039,0.046,0.51,3.02572,0.13742,180.24584,0.71,3.95,359.48,2,2.7,11,17.1
204196.1,24.9765678333,121.5497721667,23.2,0.039,0.046,0.51,3.06413,0.18524,180.25665,0.71,3.95,359.48,2,2.7,11,17.1
204196.3,24.9765675,121.5497721667,23.2,0.039,0.046,0.51,2.96813,0.3711,180.24176,0.71,3.95,359.48,2,2.7,11,17.1
204196.4,24.9765686667,121.549773,23.2,0.039,0.046,0.51,2.91087,0.55885,180.25405,0.71,3.95,359.48,2,1.53,12,17.1
204196.6,24.9765686667,121.549773,23.2,0.039,0.046,0.51,2.91806,0.54896,180.24803,0.71,3.95,359.48,2,1.53,12,17.1
204196.7,24.9765686667,121.549773,23.2,0.039,0.046,0.51,2.95554,0.50284,180.24692,0.71,3.95,359.48,2,1.53,12,17.1
204196.9,24.9765686667,121.549773,23.2,0.039,0.046,0.51,2.8933,0.49397,180.23284,0.71,3.95,359.48,2,1.53,12,17.1
204197.1,24.9765685,121.549773,23.2,0.039,0.046,0.51,2.87747,0.50346,180.23105,0.71,3.95,359.48,2,1.53,12,17.1
204197.2,24.9765685,121.549773,23.2,0.039,0.046,0.51,2.97216,0.5374,180.23616,0.71,3.95,359.48,2,1.53,12,17.1
204197.4,24.9765686667,121.549774,23.1,0.039,0.046,0.51,2.96881,0.53579,180.23819,0.71,3.95,359.48,2,1.53,12,17.1
204197.6,24.9765686667,121.549774,23.1,0.039,0.046,0.51,2.9552,0.56741,180.23648,0.71,3.95,359.48,2,1.53,12,17.1
204197.7,24.9765686667,121.549774,23.1,0.039,0.046,0.51,2.94263,0.53307,180.22621,0.71,3.95,359.48,2,1.53,12,17.1
204197.9,24.9765686667,121.549774,23.1,0.039,0.046,0.51,2.93844,0.53884,180.23163,0.71,3.95,359.48,2,1.53,12,17.1
204198.1,24.9765685,121.549774,23.1,0.039,0.046,0.51,2.93702,0.54095,180.23051,0.71,3.95,359.48,2,1.53,12,17.1
204198.2,24.9765685,121.549774,23.1,0.039,0.046,0.51,2.96393,0.55548,180.23524,0.71,3.95,359.48,2,1.53,12,17.1
204198.5,24.9765685,121.5497748333,23.1,0.039,0.046,0.51,2.9444,0.55208,180.23402,0.71,3.95,359.48,2,1.53,12,17.1
204198.7,24.9765685,121.5497748333,23.1,0.039,0.046,0.51,2.9326,0.55034,180.23278,0.71,3.95,359.48,2,1.53,12,17.1
204198.8,24.9765685,121.5497748333,23.1,0.039,0.046,0.51,2.90556,0.55211,180.23322,0.71,3.95,359.48,2,1.53,12,17.1
204199.0,24.9765685,121.5497748333,23.1,0.039,0.046,0.51,2.89483,0.55165,180.23064,0.71,3.95,359.48,2,1.53,12,17.1
204199.1,24.9765685,121.5497748333,23.1,0.039,0.046,0.51,2.87012,0.55522,180.22964,0.71,3.95,359.48,2,1.53,12,17.1
204199.3,24.9765685,121.5497748333,23.1,0.039,0.046,0.51,2.96759,0.54613,180.23573,0.71,3.95,359.48,2,1.53,12,17.1
204199.5,24.9765686667,121.5497748333,23.1,0.039,0.046,0.51,2.96072,0.54426,180.23251,0.71,3.95,359.48,2,1.53,12,17.1
204199.6,24.9765686667,121.5497748333,23.1,0.039,0.046,0.51,2.95485,0.54015,180.23308,0.71,3.95,359.48,2,1.53,12,17.1
204199.8,24.9765686667,121.5497748333,23.1,0.039,0.046,0.51,2.95109,0.53843,180.23308,0.71,3.95,359.48,2,1.53,12,17.1
204200.0,24.9765686667,121.5497748333,23.1,0.039,0.046,0.51,2.9496,0.53726,180.23135,0.71,3.95,359.48,2,1.53,12,17.1
204200.1,24.9765686667,121.5497748333,23.1,0.039,0.046,0.51,2.94653,0.53039,180.22999,0.71,3.95,359.48,2,1.53,12,17.1
204200.3,24.9765686667,121.5497748333,23.1,0.039,0.046,0.51,2.98298,0.54622,180.23262,0.71,3.95,359.48,2,1.53,12,17.1
204200.4,24.9765686667,121.5497748333,23.1,0.039,0.046,0.51,2.98221,0.54605,180.23124,0.71,3.95,359.48,2,1.53,12,17.1
204200.6,24.9765686667,121.5497748333,23.1,0.039,0.046,0.51,2.97964,0.54441,180.23166,0.71,3.95,359.48,2,1.53,12,17.1
204200.8,24.9765686667,121.5497748333,23.1,0.039,0.046,0.51,2.97999,0.54655,180.23169,0.71,3.95,359.48,2,1.53,12,17.1
204200.9,24.9765686667,121.5497748333,23.1,0.039,0.046,0.51,2.9722,0.54592,180.22912,0.71,3.95,359.48,2,1.53,12,17.1
204201.1,24.9765686667,121.5497748333,23.1,0.039,0.046,0.51,2.96065,0.54948,180.22814,0.71,3.95,359.48,2,1.53,12,17.1
204201.3,24.9765686667,121.5497748333,23.1,0.039,0.046,0.51,2.9739,0.55711,180.23249,0.71,3.95,359.48,2,1.53,12,17.1
204201.5,24.9765686667,121.5497748333,23.1,0.039,0.046,0.51,2.96716,0.55743,180.23241,0.71,3.95,359.48,2,1.53,12,17.1
204201.6,24.9765686667,121.5497748333,23.1,0.039,0.046,0.51,2.96971,0.55137,180.22894,0.71,3.95,359.48,2,1.53,12,17.1
204201.8,24.9765686667,121.5497748333,23.1,0.039,0.046,0.51,2.9889,0.55271,180.22908,0.71,3.95,359.48,2,1.53,12,17.1
204201.9,24.9765686667,121.5497748333,23.1,0.039,0.046,0.51,2.96626,0.55763,180.23234,0.71,3.95,359.48,2,1.53,12,17.1
204202.1,24.9765686667,121.5497748333,23.1,0.039,0.046,0.51,2.99638,0.54089,180.23353,0.71,3.95,359.48,2,1.53,12,17.1
204202.3,24.9765686667,121.5497748333,23.1,0.039,0.046,0.51,3.00069,0.54842,180.23863,0.71,3.95,359.48,2,1.53,12,17.1
204202.4,24.9765686667,121.5497748333,23.1,0.039,0.046,0.51,2.99428,0.53725,180.23849,0.71,3.95,359.48,2,1.53,12,17.1
204202.6,24.9765686667,121.5497748333,23.1,0.039,0.046,0.51,2.97923,0.5373,180.2343,0.71,3.95,359.48,2,1.53,12,17.1
204202.8,24.9765686667,121.5497748333,23.1,0.039,0.046,0.51,2.95263,0.53805,180.23372,0.71,3.95,359.48,2,1.53,12,17.1
204202.9,24.9765686667,121.5497748333,23.1,0.039,0.046,0.51,2.93048,0.54442,180.23375,0.71,3.95,359.48,2,1.53,12,17.1
204203.1,24.9765686667,121.5497748333,23.1,0.039,0.046,0.51,2.92785,0.55077,180.23631,0.71,3.95,359.48,2,1.53,12,17.1
204203.2,24.9765686667,121.5497748333,23.1,0.039,0.046,0.51,3.00117,0.54666,180.23684,0.71,3.95,359.48,2,1.53,12,17.1
204203.5,24.9765686667,121.5497748333,23.1,0.039,0.046,0.51,3.01362,0.54135,180.23598,0.71,3.95,359.48,2,1.53,12,17.1
204203.6,24.9765686667,121.5497748333,23.1,0.039,0.046,0.51,3.00966,0.54372,180.23587,0.71,3.95,359.48,2,1.53,12,17.1
204203.8,24.9765686667,121.5497748333,23.1,0.039,0.046,0.51,2.98905,0.54337,180.23305,0.71,3.95,359.48,2,1.53,12,17.1
204204.0,24.9765686667,121.5497748333,23.1,0.039,0.046,0.51,2.98044,0.54652,180.23498,0.71,3.95,359.48,2,1.53,12,17.1
204204.1,24.9765686667,121.5497748333,23.1,0.039,0.046,0.51,2.97268,0.5501,180.23629,0.71,3.95,359.48,2,1.53,12,17.1
204204.3,24.9765686667,121.5497748333,23.1,0.039,0.046,0.51,2.98826,0.548,180.23952,0.71,3.95,359.48,2,1.53,12,17.1
204204.4,24.9765686667,121.5497748333,23.1,0.039,0.046,0.51,2.99621,0.54936,180.24012,0.71,3.95,359.48,2,1.53,12,17.1
204204.6,24.9765686667,121.5497748333,23.1,0.039,0.046,0.51,2.98135,0.54741,180.2395,0.71,3.95,359.48,2,1.53,12,17.1
204204.8,24.9765686667,121.5497748333,23.1,0.039,0.046,0.51,2.9732,0.54947,180.23961,0.71,3.95,359.48,2,1.53,12,17.1
204204.9,24.9765686667,121.5497748333,23.1,0.039,0.046,0.51,2.98348,0.54648,180.24095,0.71,3.95,359.48,2,1.53,12,17.1
204205.1,24.9765686667,121.5497748333,23.1,0.039,0.046,0.51,2.98537,0.54574,180.24228,0.71,3.95,359.48,2,1.53,12,17.1
204205.2,24.9765686667,121.5497748333,23.1,0.039,0.046,0.51,2.97959,0.54904,180.23807,0.71,3.95,359.48,2,1.53,12,17.1
204205.5,24.9765686667,121.5497748333,23.1,0.039,0.046,0.51,2.97213,0.55018,180.2387,0.71,3.95,359.48,2,1.53,12,17.1
204205.7,24.9765686667,121.5497748333,23.1,0.039,0.046,0.51,2.97272,0.55036,180.23852,0.71,3.95,359.48,2,1.53,12,17.1
204205.8,24.9765686667,121.5497748333,23.1,0.039,0.046,0.51,2.97199,0.55113,180.23986,0.71,3.95,359.48,2,1.53,12,17.1
204206.0,24.9765686667,121.5497748333,23.1,0.039,0.046,0.51,2.95609,0.55591,180.23957,0.71,3.95,359.48,2,1.53,12,17.1
204206.1,24.9765686667,121.5497748333,23.1,0.039,0.046,0.51,2.96818,0.55647,180.2427,0.71,3.95,359.48,2,1.53,12,17.1
204206.3,24.9765686667,121.5497748333,23.1,0.039,0.046,0.51,2.99916,0.54924,180.23811,0.71,3.95,359.48,2,1.53,12,17.1
204206.4,24.9765686667,121.5497748333,23.1,0.039,0.046,0.51,2.96693,0.55253,180.23603,0.71,3.95,359.48,2,1.53,12,17.1
204206.7,24.9765686667,121.5497748333,23.1,0.039,0.046,0.51,2.96394,0.55188,180.23693,0.71,3.95,359.48,2,1.53,12,17.1
204206.8,24.9765686667,121.5497748333,23.1,0.039,0.046,0.51,2.98866,0.55074,180.23848,0.71,3.95,359.48,2,1.53,12,17.1
204207.0,24.9765686667,121.5497748333,23.1,0.039,0.046,0.51,2.96779,0.55147,180.23678,0.71,3.95,359.48,2,1.53,12,17.1
204207.2,24.9765686667,121.5497748333,23.1,0.039,0.046,0.51,2.95493,0.55301,180.23672,0.71,3.95,359.48,2,1.53,12,17.1
204207.3,24.9765686667,121.5497748333,23.1,0.039,0.046,0.51,2.9981,0.54906,180.2362,0.71,3.95,359.48,2,1.53,12,17.1
204207.5,24.9765686667,121.5497748333,23.1,0.039,0.046,0.51,3.00351,0.55043,180.23708,0.71,3.95,359.48,2,1.53,12,17.1
204207.6,24.9765686667,121.5497748333,23.1,0.039,0.046,0.51,2.98316,0.54975,180.23704,0.71,3.95,359.48,2,1.53,12,17.1
204207.8,24.9765686667,121.5497748333,23.1,0.039,0.046,0.51,2.97986,0.55195,180.23621,0.71,3.95,359.48,2,1.53,12,17.1
204208.0,24.9765686667,121.5497748333,23.1,0.039,0.046,0.51,2.98832,0.55013,180.23546,0.71,3.95,359.48,2,1.53,12,17.1
204208.1,24.9765686667,121.5497748333,23.1,0.039,0.046,0.51,2.98643,0.55289,180.23639,0.71,3.95,359.48,2,1.53,12,17.1
204208.3,24.9765686667,121.5497748333,23.1,0.039,0.046,0.51,3.00318,0.55112,180.2358,0.71,3.95,359.48,2,1.53,12,17.1
204208.4,24.9765686667,121.5497748333,23.1,0.039,0.046,0.51,3.00435,0.55346,180.23497,0.71,3.95,359.48,2,1.53,12,17.1
204208.6,24.9765686667,121.5497748333,23.1,0.039,0.046,0.51,3.01209,0.55167,180.23479,0.71,3.95,359.48,2,1.53,12,17.1
204208.8,24.9765686667,121.5497748333,23.1,0.039,0.046,0.51,3.00305,0.55436,180.23519,0.71,3.95,359.48,2,1.53,12,17.1
204208.9,24.9765686667,121.5497748333,23.1,0.039,0.046,0.51,3.03171,0.56106,180.23551,0.71,3.95,359.48,2,1.53,12,17.1
204209.1,24.9765686667,121.5497748333,23.1,0.039,0.046,0.51,3.03943,0.55988,180.2364,0.71,3.95,359.48,2,1.53,12,17.1
204209.2,24.9765686667,121.5497748333,23.1,0.039,0.046,0.51,2.99091,0.54497,180.23277,0.71,3.95,359.48,2,1.53,12,17.1
204209.5,24.9765686667,121.5497748333,23.1,0.039,0.046,0.51,2.98747,0.54476,180.23296,0.71,3.95,359.48,2,1.53,12,17.1
204209.6,24.9765686667,121.5497748333,23.1,0.039,0.046,0.51,2.9739,0.54844,180.23463,0.71,3.95,359.48,2,1.53,12,17.1
204209.8,24.9765686667,121.5497748333,23.1,0.039,0.046,0.51,2.97162,0.54758,180.23618,0.71,3.95,359.48,2,1.53,12,17.1
204209.9,24.9765686667,121.5497748333,23.1,0.039,0.046,0.51,2.97116,0.54857,180.2365,0.71,3.95,359.48,2,1.53,12,17.1
204210.1,24.9765686667,121.5497748333,23.1,0.039,0.046,0.51,2.97233,0.54721,180.23621,0.71,3.95,359.48,2,1.53,12,17.1
204210.3,24.9765686667,121.5497748333,23.1,0.039,0.046,0.51,2.96834,0.54878,180.23412,0.71,3.95,359.48,2,1.53,12,17.1
204210.4,24.9765686667,121.5497748333,23.1,0.039,0.046,0.51,2.9651,0.54999,180.23281,0.71,3.95,359.48,2,1.53,12,17.1
204210.6,24.9765686667,121.5497748333,23.1,0.039,0.046,0.51,2.95635,0.55404,180.23443,0.71,3.95,359.48,2,1.53,12,17.1
204210.8,24.9765686667,121.5497748333,23.1,0.039,0.046,0.51,2.95116,0.55523,180.23512,0.71,3.95,359.48,2,1.53,12,17.1
204210.9,24.9765686667,121.5497748333,23.1,0.039,0.046,0.51,2.95319,0.55674,180.23392,0.71,3.95,359.48,2,1.53,12,17.1
204211.1,24.9765686667,121.5497748333,23.1,0.039,0.046,0.51,2.95605,0.55888,180.23372,0.71,3.95,359.48,2,1.53,12,17.1
204211.2,24.9765686667,121.5497748333,23.1,0.039,0.046,0.51,3.00273,0.54938,180.23632,0.71,3.95,359.48,2,1.53,12,17.1
204211.5,24.9765686667,121.5497748333,23.1,0.039,0.046,0.51,3.0131,0.55041,180.23852,0.71,3.95,359.48,2,1.53,12,17.1
204211.6,24.9765686667,121.5497748333,23.1,0.039,0.046,0.51,3.02758,0.55477,180.23954,0.71,3.95,359.48,2,1.53,12,17.1
204211.8,24.9765686667,121.5497748333,23.1,0.039,0.046,0.51,3.03655,0.54569,180.24188,0.71,3.95,359.48,2,1.53,12,17.1
204212.0,24.9765686667,121.5497748333,23.1,0.039,0.046,0.51,3.04294,0.54788,180.24289,0.71,3.95,359.48,2,1.53,12,17.1
204212.1,24.9765686667,121.5497748333,23.1,0.039,0.046,0.51,3.05662,0.54828,180.24501,0.71,3.95,359.48,2,1.53,12,17.1
204212.3,24.9765686667,121.5497748333,23.1,0.039,0.046,0.51,3.0002,0.55356,180.23696,0.71,3.95,359.48,2,1.53,12,17.1
204212.5,24.9765686667,121.5497748333,23.1,0.039,0.046,0.51,3.00775,0.55693,180.23755,0.71,3.95,359.48,2,1.53,12,17.1
204212.6,24.9765686667,121.5497748333,23.1,0.039,0.046,0.51,3.02215,0.55534,180.23875,0.71,3.95,359.48,2,1.53,12,17.1
204212.8,24.9765686667,121.5497748333,23.1,0.039,0.046,0.51,3.03162,0.55384,180.23849,0.71,3.95,359.48,2,1.53,12,17.1
204212.9,24.9765686667,121.5497748333,23.1,0.039,0.046,0.51,3.03905,0.55041,180.23814,0.71,3.95,359.48,2,1.53,12,17.1
204213.1,24.9765686667,121.5497748333,23.1,0.039,0.046,0.51,3.04479,0.54827,180.23909,0.71,3.95,359.48,2,1.53,12,17.1
204213.3,24.9765686667,121.5497748333,23.1,0.039,0.046,0.51,2.98683,0.55309,180.2374,0.71,3.95,359.48,2,1.53,12,17.1
204213.5,24.9765686667,121.5497748333,23.1,0.039,0.046,0.51,2.98811,0.55007,180.23672,0.71,3.95,359.48,2,1.53,12,17.1
204213.7,24.9765686667,121.5497748333,23.1,0.039,0.046,0.51,2.98851,0.55155,180.23779,0.71,3.95,359.48,2,1.53,12,17.1
204213.8,24.9765686667,121.5497748333,23.1,0.039,0.046,0.51,2.98867,0.55109,180.2384,0.71,3.95,359.48,2,1.53,12,17.1
204214.0,24.9765686667,121.5497748333,23.1,0.039,0.046,0.51,2.96851,0.5529,180.24137,0.71,3.95,359.48,2,1.53,12,17.1
204214.2,24.9765686667,121.5497748333,23.1,0.039,0.046,0.51,2.96752,0.55311,180.24143,0.71,3.95,359.48,2,1.53,12,17.1
204214.3,24.9765686667,121.5497748333,23.1,0.039,0.046,0.51,2.97994,0.54684,180.23841,0.71,3.95,359.48,2,1.53,12,17.1
204214.5,24.9765686667,121.5497748333,23.1,0.039,0.046,0.51,2.98093,0.54553,180.23973,0.71,3.95,359.48,2,1.53,12,17.1
204214.6,24.9765686667,121.5497748333,23.1,0.039,0.046,0.51,2.98013,0.54716,180.23958,0.71,3.95,359.48,2,1.53,12,17.1
204214.8,24.9765686667,121.5497748333,23.1,0.039,0.046,0.51,2.9801,0.54899,180.23872,0.71,3.95,359.48,2,1.53,12,17.1
204215.0,24.9765686667,121.5497748333,23.1,0.039,0.046,0.51,2.96383,0.55006,180.23789,0.71,3.95,359.48,2,1.53,12,17.1
204215.1,24.9765686667,121.5497748333,23.1,0.039,0.046,0.51,2.9366,0.54952,180.23624,0.71,3.95,359.48,2,1.53,12,17.1
204215.3,24.9765686667,121.5497748333,23.1,0.039,0.046,0.51,2.95271,0.54938,180.23351,0.71,3.95,359.48,2,1.53,12,17.1
204215.5,24.9765686667,121.5497748333,23.1,0.039,0.046,0.51,2.94518,0.55422,180.23061,0.71,3.95,359.48,2,1.53,12,17.1
204215.7,24.9765686667,121.5497748333,23.1,0.039,0.046,0.51,2.93172,0.55085,180.22984,0.71,3.95,359.48,2,1.53,12,17.1
204215.9,24.9765686667,121.5497748333,23.1,0.039,0.046,0.51,2.90539,0.54861,180.22822,0.71,3.95,359.48,2,1.53,12,17.1
204216.0,24.9765686667,121.5497748333,23.1,0.039,0.046,0.51,2.89671,0.5488,180.22806,0.71,3.95,359.48,2,1.53,12,17.1
204216.2,24.9765686667,121.5497748333,23.1,0.039,0.046,0.51,2.87929,0.54914,180.22674,0.71,3.95,359.48,2,1.53,12,17.1
204216.3,24.9765686667,121.5497748333,23.1,0.039,0.046,0.51,2.97996,0.55095,180.23338,0.71,3.95,359.48,2,1.53,12,17.1
204216.5,24.9765686667,121.5497748333,23.1,0.039,0.046,0.51,2.97017,0.5493,180.23127,0.71,3.95,359.48,2,1.53,12,17.1
204216.7,24.9765686667,121.5497748333,23.1,0.039,0.046,0.51,2.95404,0.54198,180.23157,0.71,3.95,359.48,2,1.53,12,17.1
204216.8,24.9765686667,121.5497748333,23.1,0.039,0.046,0.51,2.95192,0.54274,180.23256,0.71,3.95,359.48,2,1.53,12,17.1
204217.0,24.9765686667,121.5497748333,23.1,0.039,0.046,0.51,2.95259,0.53687,180.23116,0.71,3.95,359.48,2,1.53,12,17.1
204217.2,24.9765686667,121.5497748333,23.1,0.039,0.046,0.51,2.95314,0.53489,180.23349,0.71,3.95,359.48,2,1.53,12,17.1
204217.3,24.9765686667,121.5497748333,23.1,0.039,0.046,0.51,2.98979,0.54789,180.23874,0.71,3.95,359.48,2,1.53,12,17.1
204217.5,24.9765686667,121.5497748333,23.1,0.039,0.046,0.51,2.99708,0.54731,180.24075,0.71,3.95,359.48,2,1.53,12,17.1
204217.6,24.9765686667,121.5497748333,23.1,0.039,0.046,0.51,2.99792,0.54776,180.2405,0.71,3.95,359.48,2,1.53,12,17.1
204217.8,24.9765686667,121.5497748333,23.1,0.039,0.046,0.51,3.0016,0.55067,180.23945,0.71,3.95,359.48,2,1.53,12,17.1
204218.0,24.9765686667,121.5497748333,23.1,0.039,0.046,0.51,2.99453,0.55224,180.23889,0.71,3.95,359.48,2,1.53,12,17.1
204218.1,24.9765686667,121.5497748333,23.1,0.039,0.046,0.51,2.98994,0.55291,180.23655,0.71,3.95,359.48,2,1.53,12,17.1
204218.3,24.9765686667,121.5497748333,23.1,0.039,0.046,0.51,2.9814,0.55495,180.23411,0.71,3.95,359.48,2,1.53,12,17.1
204218.4,24.9765686667,121.5497748333,23.1,0.039,0.046,0.51,2.97473,0.55362,180.23502,0.71,3.95,359.48,2,1.53,12,17.1
204218.6,24.9765686667,121.5497748333,23.1,0.039,0.046,0.51,2.97207,0.55294,180.23389,0.71,3.95,359.48,2,1.53,12,17.1
204218.8,24.9765686667,121.5497748333,23.1,0.039,0.046,0.51,2.9609,0.55212,180.23345,0.71,3.95,359.48,2,1.53,12,17.1
204218.9,24.9765686667,121.5497748333,23.1,0.039,0.046,0.51,2.96055,0.55236,180.23368,0.71,3.95,359.48,2,1.53,12,17.1
204219.1,24.9765686667,121.5497748333,23.1,0.039,0.046,0.51,2.96011,0.5539,180.2342,0.71,3.95,359.48,2,1.53,12,17.1
204219.3,24.9765686667,121.5497748333,23.1,0.039,0.046,0.51,2.97455,0.5485,180.23573,0.71,3.95,359.48,2,1.53,12,17.1
204219.4,24.9765686667,121.5497748333,23.1,0.039,0.046,0.51,2.9658,0.54938,180.23538,0.71,3.95,359.48,2,1.53,12,17.1
204219.6,24.9765686667,121.5497748333,23.1,0.039,0.046,0.51,2.96796,0.54777,180.23536,0.71,3.95,359.48,2,1.53,12,17.1
204219.7,24.9765686667,121.5497748333,23.1,0.039,0.046,0.51,2.97275,0.54582,180.23509,0.71,3.95,359.48,2,1.53,12,17.1
204219.9,24.9765686667,121.5497748333,23.1,0.039,0.046,0.51,2.98925,0.54159,180.23471,0.71,3.95,359.48,2,1.53,12,17.1
204220.1,24.9765686667,121.5497748333,23.1,0.039,0.046,0.51,3.00528,0.53473,180.23527,0.71,3.95,359.48,2,1.53,12,17.1
204220.2,24.9765686667,121.5497748333,23.1,0.039,0.046,0.51,3.01928,0.53711,180.23504,0.71,3.95,359.48,2,1.53,12,17.1
204220.5,24.9765686667,121.5497748333,23.1,0.039,0.046,0.51,3.02089,0.54671,180.23394,0.71,3.95,359.48,2,1.53,12,17.1
204220.7,24.9765686667,121.5497748333,23.1,0.039,0.046,0.51,3.03836,0.535,180.23396,0.71,3.95,359.48,2,1.53,12,17.1
204220.8,24.9765686667,121.5497748333,23.1,0.039,0.046,0.51,3.04375,0.53994,180.23499,0.71,3.95,359.48,2,1.53,12,17.1
204221.0,24.9765686667,121.5497748333,23.1,0.039,0.046,0.51,3.05686,0.54247,180.23464,0.71,3.95,359.48,2,1.53,12,17.1
204221.2,24.9765686667,121.5497748333,23.1,0.039,0.046,0.51,3.05774,0.55919,180.23516,0.71,3.95,359.48,2,1.53,12,17.1
204221.3,24.9765686667,121.5497748333,23.1,0.039,0.046,0.51,2.9813,0.575,180.23422,0.71,3.95,359.48,2,1.53,12,17.1
204221.5,24.9765686667,121.5497748333,23.1,0.039,0.046,0.51,2.97739,0.57945,180.23748,0.71,3.95,359.48,2,1.53,12,17.1
204221.6,24.9765686667,121.5497748333,23.1,0.039,0.046,0.51,2.97388,0.57918,180.23719,0.71,3.95,359.48,2,1.53,12,17.1
204221.7,24.9765686667,121.5497748333,23.1,0.039,0.046,0.51,2.96785,0.58228,180.2361,0.71,3.95,359.48,2,1.53,12,17.1
204221.9,24.9765686667,121.5497748333,23.1,0.039,0.046,0.51,2.96401,0.58213,180.23715,0.71,3.95,359.48,2,1.53,12,17.1
204222.0,24.9765686667,121.5497748333,23.1,0.039,0.046,0.51,2.95682,0.58247,180.23599,0.71,3.95,359.48,2,1.53,12,17.1
204222.2,24.9765686667,121.5497748333,23.1,0.039,0.046,0.51,2.97561,0.54804,180.23431,0.71,3.95,359.48,2,1.53,12,17.1
204222.5,24.9765686667,121.5497748333,23.1,0.039,0.046,0.51,2.97047,0.54987,180.2334,0.71,3.95,359.48,2,1.53,12,17.1
204222.6,24.9765686667,121.5497748333,23.1,0.039,0.046,0.51,2.96994,0.55026,180.23301,0.71,3.95,359.48,2,1.53,12,17.1
204222.7,24.9765686667,121.5497748333,23.1,0.039,0.046,0.51,2.96173,0.55192,180.23303,0.71,3.95,359.48,2,1.53,12,17.1
204223.0,24.9765686667,121.5497748333,23.1,0.039,0.046,0.51,2.95534,0.5517,180.23371,0.71,3.95,359.48,2,1.53,12,17.1
204223.2,24.9765686667,121.5497748333,23.1,0.039,0.046,0.51,2.95186,0.55038,180.23438,0.71,3.95,359.48,2,1.53,12,17.1
204223.3,24.9765686667,121.5497748333,23.1,0.039,0.046,0.51,3.00313,0.5461,180.23654,0.71,3.95,359.48,2,1.53,12,17.1
