1.000000000000000000e+00 0.000000000000000000e+00 0.000000000000000000e+00 0.000000000000000000e+00 0.000000000000000000e+00 1.000000000000000000e+00 0.000000000000000000e+00 0.000000000000000000e+00 0.000000000000000000e+00 0.000000000000000000e+00 1.000000000000000000e+00 0.000000000000000000e+00
1.000000000000000000e+00 0.000000000000000000e+00 0.000000000000000000e+00 0.000000000000000000e+00 0.000000000000000000e+00 1.000000000000000000e+00 0.000000000000000000e+00 0.000000000000000000e+00 0.000000000000000000e+00 0.000000000000000000e+00 1.000000000000000000e+00 0.000000000000000000e+00
9.999999012537760246e-01 4.124804246174077036e-04 -1.653854215473624903e-04 -4.722585384486661757e-03 -4.125123270847079753e-04 9.999998963096485838e-01 -1.929100112635120901e-04 -7.538847409208535542e-03 1.653058327951548623e-04 1.929782157395002471e-04 9.999999677166941936e-01 -6.785446980376128902e-03
9.999999459592390227e-01 3.227909249929774411e-04 -6.235012363637487155e-05 2.559152268879211732e-03 -3.228294625241715865e-04 9.999997562700031484e-01 -6.190646765216673616e-04 -7.008385432041780612e-03 6.215027998022713276e-05 6.190847715238626979e-04 9.999998064356748761e-01 -6.285341376845492156e-03
9.999999104611619893e-01 4.178611628207908155e-04 -6.685594362216438428e-05 -2.482494084011209468e-02 -4.178933929119394938e-04 9.999997961359829990e-01 -4.827971701754485813e-04 -7.798700829263365865e-03 6.665418780568464839e-05 4.828250656034827016e-04 9.999998812185795227e-01 -1.128057169172209245e-02
9.999999144106780369e-01 4.059419556511264246e-04 -7.993601507409300367e-05 -1.745426649274660694e-02 -4.059743151621330172e-04 9.999998354914363397e-01 -4.052184101570784893e-04 -1.372206807196088910e-02 7.977150677000525156e-05 4.052508274436964169e-04 9.999999147041315206e-01 -1.653339548266617026e-02
9.999999671412691526e-01 2.506249810797855720e-04 5.389417332133858689e-05 -9.568255615714626322e-03 -2.505978704106725467e-04 9.999998423698260863e-01 -5.024550094291857982e-04 -1.782537300610768927e-02 -5.402009260336054135e-05 5.024414871540106627e-04 9.999998723171809045e-01 -3.376957605891085443e-03
9.999998836707799654e-01 4.712909729463152795e-04 -1.026803239105256117e-04 -6.879234872949314961e-03 -4.713111640029739899e-04 9.999998695865389697e-01 -1.967045999255529940e-04 -6.120206140116693852e-03 1.025876054170341310e-04 1.967529714258673345e-04 9.999999753820236759e-01 -3.787443502331909288e-03
9.999998946557823176e-01 4.573572498372830558e-04 3.889440226290175105e-05 -1.490484194653357054e-03 -4.573406741709983600e-04 9.999998050573484232e-01 -4.251173754032206917e-04 -1.158913133287921629e-02 -3.908882519487788586e-05 4.250995426271649523e-04 9.999999088812151493e-01 -9.229481150355590274e-03
9.999999307841503926e-01 3.712747746610863052e-04 2.422273135982454180e-05 -5.035176604152475158e-03 -3.712652908700493095e-04 9.999998548901267714e-01 -3.903611423204350985e-04 -2.183625213337366325e-02 -2.436765909066538854e-05 3.903521222415369399e-04 9.999999235157135402e-01 -7.515758589543146059e-03
9.999999651584164928e-01 2.275545157989783277e-04 -1.337987778022034177e-04 -1.019891218563645854e-02 -2.276230733381666611e-04 9.999998427139246138e-01 -5.126010899880011074e-04 -1.768525794724254765e-02 1.336821120638706463e-04 5.126315278167870677e-04 9.999998596689920749e-01 -9.078924752638276724e-03
9.999999735869911088e-01 2.243349580621112772e-04 4.999848581078856135e-05 -9.655383265224543737e-03 -2.243153837241928790e-04 9.999998983378521888e-01 -3.911609786648329729e-04 -1.734099570356849307e-02 -5.008623181057547669e-05 3.911497529031102236e-04 9.999999222466137150e-01 -1.305879164059829331e-02
9.999999493959396135e-01 1.857522928864781112e-04 -2.582715792651202129e-04 -1.667107901941308756e-02 -1.858067686975706061e-04 9.999999604950392529e-01 -2.109165343618914711e-04 -3.324765165869975059e-02 2.582323908310908017e-04 2.109645122957203391e-04 9.999999444049981756e-01 -1.367952436073243370e-02
9.999998968906793628e-01 3.552928082652787077e-04 -2.828173546536494787e-04 -4.746268429395303703e-03 -3.554409699115253338e-04 9.999997995429908970e-01 -5.239997306932087746e-04 -8.567492253349368730e-03 2.826311246237799761e-04 5.241002015382498474e-04 9.999998227192935518e-01 -1.800787380028228898e-02
9.999998767807847244e-01 3.670473870254553693e-04 -3.342373948468768522e-04 -4.245801816303194746e-03 -3.670788918163041931e-04 9.999999281895211034e-01 -9.420225789182816271e-05 -2.662512559481943625e-02 3.342027941511260141e-04 9.432493777622561089e-05 9.999999397056434924e-01 -1.534876850761362002e-02
9.999998723647353094e-01 4.951843329729065926e-04 1.003144798287421168e-04 1.582182470436493266e-03 -4.951313299083363265e-04 9.999997381853267253e-01 -5.277066155345706529e-04 -1.483514105946345807e-02 -1.005757656148110156e-04 5.276568793382089553e-04 9.999998557313521941e-01 -1.311727217344995505e-02
9.999999226651153927e-01 3.862533260344863315e-04 -7.401443837875515777e-05 -1.617348708844704858e-02 -3.862688749984872897e-04 9.999999033101349966e-01 -2.101811292429000590e-04 -1.817607928768893988e-02 7.393324806057106533e-05 2.102097024618002552e-04 9.999999751728735342e-01 -1.140560331685465389e-02
9.999998678358833493e-01 4.665950853054226521e-04 2.159102787391254611e-04 -6.355852091134933310e-03 -4.664825903957484543e-04 9.999997555892292667e-01 -5.207835509129774866e-04 -1.267039716259292861e-02 -2.161532210152371063e-04 5.206827636973442551e-04 9.999998410836054008e-01 -1.816263475744060718e-02
9.999999259723032496e-01 3.841769224597443486e-04 -2.152873756501594033e-05 -1.158435401099343690e-02 -3.841831048439260394e-04 9.999998847572274530e-01 -2.879043375522457714e-04 -3.535964729783583338e-02 2.141812888003459168e-05 2.879125872159389371e-04 9.999999583237973999e-01 -1.317287556824853906e-02
9.999998561983152179e-01 5.354441239902494286e-04 3.004904640825445674e-05 -5.855039990828386602e-03 -5.354243781861306884e-04 9.999996432438994498e-01 -6.533244554933765724e-04 -2.070520550813390037e-02 -3.039885443042905405e-05 6.533082725515716033e-04 9.999997861320772952e-01 -1.477977165919794854e-02
9.999998751061617286e-01 4.990007568211659444e-04 2.803411558922451152e-05 -1.061466366380754006e-02 -4.989983565608501360e-04 9.999998718399750741e-01 -8.556114918704905634e-05 -1.781356168736010145e-02 -2.807680707618786015e-05 8.554714952269289185e-05 9.999999959466832067e-01 -1.861575237293387058e-02
9.999999035882084497e-01 4.332888389295862165e-04 -7.130470708372474908e-05 3.690691254043410724e-03 -4.333309014067012886e-04 9.999997315052007174e-01 -5.909432243576505372e-04 -1.989070613199353868e-02 7.104863883361124265e-05 5.909740659160452698e-04 9.999998228508497622e-01 -9.999081480105921974e-03
9.999999253016438328e-01 3.047767223826302599e-04 -2.377138215262419917e-04 -2.522675615900651577e-02 -3.048399788283731181e-04 9.999999181283713012e-01 -2.661125274637113694e-04 -1.351274326524207550e-02 2.376326971586462328e-04 2.661849722611651708e-04 9.999999363381214534e-01 -2.578229214354207238e-02
9.999999070000900048e-01 4.295262430721791995e-04 3.882037648413492136e-05 4.744931311053867534e-03 -4.295080333633501633e-04 9.999997983086477138e-01 -4.678734365539924433e-04 -2.037734481916868290e-02 -3.902133257552978306e-05 4.678567193775186013e-04 9.999998897936986930e-01 -7.972901557820176455e-03
9.999999324059192229e-01 2.542557742815970061e-04 -2.655977442420000712e-04 -1.869645389198132737e-02 -2.544095382074569914e-04 9.999997999814446148e-01 -5.790620841216535244e-04 8.493145560290495111e-04 2.654504612372518709e-04 5.791296155792338045e-04 9.999997970724410212e-01 -6.164586056644732852e-03
9.999998049969724967e-01 6.047005401862602051e-04 1.560233198749924133e-04 2.636765614776895306e-03 -6.046851825431140762e-04 9.999998123307185516e-01 -9.846013330424283668e-05 -2.495378686545624350e-02 -1.560828294916983519e-04 9.836576911382313671e-05 9.999999829811533347e-01 -7.572267512465062286e-03
9.999999191860338144e-01 2.202309935122811764e-04 -3.363424399231976962e-04 -2.267481545603597382e-02 -2.204696854563318242e-04 9.999997237904397762e-01 -7.097972971091217774e-04 -1.225605712316548378e-02 3.361860276565670149e-04 7.098713930587791489e-04 9.999996915307223233e-01 -2.252823018535181354e-02
9.999998617918254284e-01 4.641762965566325586e-04 2.468940971614372597e-04 7.507361138057729033e-03 -4.640593244639431908e-04 9.999997801661179020e-01 -4.736208417457498255e-04 -2.948259183276799589e-02 -2.471138864557171841e-04 4.735062027788226532e-04 9.999998573632804533e-01 -4.474869749837597638e-03
9.999999668033844324e-01 2.556536084724993284e-04 -3.216302459851293422e-05 -1.198463903318831153e-02 -2.556622738225359137e-04 9.999999309481503174e-01 -2.697045415768128604e-04 -1.197986008880534692e-02 3.209407143662227789e-05 2.697127554947953811e-04 9.999999631124876220e-01 -1.199168326405815679e-02
9.999999090425271131e-01 4.223051768512500509e-04 -5.977684085111384637e-05 -4.016151997168990531e-03 -4.223491565590207705e-04 9.999996387534680897e-01 -7.376409479220248557e-04 -3.670549761486655363e-03 5.946530966428333845e-05 7.376661275256221097e-04 9.999997261562305617e-01 -6.495236481696383887e-03
9.999999179429722718e-01 4.015244995120684809e-04 -5.377842397236168656e-05 -9.864036376216757905e-04 -4.015427224142154288e-04 9.999998618295247166e-01 -3.392704230870200312e-04 -2.007852400696715639e-02 5.364219115326162126e-05 3.392919895814579300e-04 9.999999410017151869e-01 -9.313003616586188610e-03
9.999999054133402732e-01 4.315706128211665234e-04 -5.403802998158019322e-05 -2.355487096701055355e-02 -4.315959388052397145e-04 9.999997966293537877e-01 -4.695383315923958782e-04 -1.145780304293849382e-02 5.383538004470796585e-05 4.695616097737994460e-04 9.999998883068020872e-01 -1.981830424932144383e-02
9.999999605098055522e-01 2.606361456071051115e-04 -1.051150653480444796e-04 -5.426355635212723461e-03 -2.606752541924248472e-04 9.999998967529531990e-01 -3.722130366722644365e-04 -3.721224477247159212e-02 1.050180423223912951e-04 3.722404228689748899e-04 9.999999252041199549e-01 -8.333660984090367901e-03
9.999998837894771286e-01 4.449999890381691392e-04 -1.854616655911537986e-04 -2.211596081661986249e-02 -4.450166715353271385e-04 9.999998969373334878e-01 -8.991961076539560635e-05 -1.979574579602704984e-02 1.854216322496425183e-04 9.000213384791175449e-05 9.999999787591985489e-01 -2.374324773602203703e-02
9.999999137293472673e-01 4.139436000444863249e-04 -3.452504676383015255e-05 -4.508429960843583079e-03 -4.139480104872855478e-04 9.999999061524080801e-01 -1.278369016910327533e-04 -2.945071803028354723e-02 3.447212625495971162e-05 1.278511822357914591e-04 9.999999912328535467e-01 -1.658454799687874431e-02
9.999998992119409902e-01 4.481901517900645161e-04 -2.648920362427791068e-05 -8.812740799652597073e-03 -4.481996940235680356e-04 9.999998342790262784e-01 -3.613295028958654360e-04 -2.218943395033209920e-02 2.632725490830818682e-05 3.613413389299538134e-04 9.999999343696318599e-01 -1.771504323980738552e-02
9.999998766175433040e-01 4.959543250604074669e-04 2.818130389686606961e-05 -3.842939476047552150e-03 -4.959459674577651814e-04 9.999998332691809599e-01 -2.958027465325686303e-04 -3.449222977825086578e-02 -2.832800385099371604e-05 2.957887336303610041e-04 9.999999558532495225e-01 -1.520806889873482087e-02
9.999998755467566225e-01 4.401619398614852450e-04 -2.348699984675334696e-04 -2.781317941317843281e-03 -4.402273184707388874e-04 9.999998643517716834e-01 -2.783817628046632016e-04 -1.594223335672341132e-02 2.347474335498647040e-04 2.784851243473259754e-04 9.999999336698106589e-01 -2.282085853663423994e-02
9.999999171936854170e-01 3.664710720049003554e-04 -1.769507050206856492e-04 -7.122940025781978463e-03 -3.665784868752435172e-04 9.999997483534578402e-01 -6.073823310424196660e-04 -3.142601704609265800e-02 1.767280724365186898e-04 6.074471470674815653e-04 9.999997998875277405e-01 -1.560838811586973303e-02
9.999999092610927232e-01 4.041487995633411077e-04 -1.346904900592318011e-04 -9.434315467212078463e-03 -4.041986939383024726e-04 9.999998496335832376e-01 -3.706160971442946060e-04 -1.569404198066446862e-02 1.345406857544575823e-04 3.706705052334855551e-04 9.999999222510571606e-01 -1.977592899102999235e-02
9.999998878443224770e-01 4.725809590239904889e-04 3.128180691235881729e-05 -2.083862061665977747e-02 -4.725767872400503259e-04 9.999998794598555785e-01 -1.332348368896850530e-04 -3.772685255807591009e-02 -3.134476738969103437e-05 1.332200388890724925e-04 9.999999906349312795e-01 -1.517919567587919238e-02
9.999999154112452215e-01 4.000995543889960334e-04 -9.538248671233463599e-05 -1.116817029401206800e-02 -4.001422705202552633e-04 9.999998194823418451e-01 -4.482426989655274472e-04 -2.702941371770618134e-02 9.520312778895162410e-05 4.482808276122425832e-04 9.999998949902926260e-01 -1.216575534966402028e-02
9.999999196754415509e-01 3.975386579335384485e-04 5.110863940247925899e-05 -1.714574992170855849e-02 -3.975136187829351564e-04 9.999998014307610594e-01 -4.890004441617550783e-04 -2.676157023656305228e-02 -5.130302583523457956e-05 4.889800885010118277e-04 9.999998791331935477e-01 -1.019516548010691859e-02
9.999999463177227099e-01 2.762446761925156972e-04 -1.762197350115503227e-04 -1.056255827754257887e-02 -2.763070323967355179e-04 9.999998991945007187e-01 -3.539286486216833717e-04 -2.576448706169340297e-02 1.761219463416244788e-04 3.539773203721819110e-04 9.999999218405185575e-01 -1.255416325922916777e-02
9.999999120132490038e-01 4.186222841996271068e-04 -2.699702787946903692e-05 -1.480251739289945370e-02 -4.186293391768362003e-04 9.999998780920672514e-01 -2.618499689524598053e-04 -2.116154452360956978e-02 2.688740835510926405e-05 2.618612476592886446e-04 9.999999653528387489e-01 -1.535438392468733287e-02
9.999999367039017484e-01 3.327509759050461570e-04 -1.259719820394500616e-04 -8.094228703488659873e-03 -3.328015322793802136e-04 9.999998640115438375e-01 -4.015222492708519749e-04 -2.577671822392849435e-02 1.258383579873559831e-04 4.015641475229735254e-04 9.999999114554289914e-01 -1.219199673740047930e-02
9.999999283648383086e-01 3.663688620851683338e-04 -9.510064667226145576e-05 -1.083404236827422915e-02 -3.664034958894045262e-04 9.999998664737155263e-01 -3.644188736332433639e-04 -2.331092320525518166e-02 9.496712224474511605e-05 3.644536927357224518e-04 9.999999290773337046e-01 -1.250952567981766968e-02
9.999999300317590212e-01 3.524585785095000080e-04 -1.253370796796212413e-04 -7.929920447168545272e-03 -3.525155175476409422e-04 9.999998345560117130e-01 -4.545556601491072954e-04 -2.288527412450554882e-02 1.251768469005586971e-04 4.545998116084636791e-04 9.999998888348373693e-01 -1.355871999725482072e-02
9.999998982122112468e-01 4.324856467214332730e-04 -1.285756067017806601e-04 -1.106195548492407491e-02 -4.325414419433646534e-04 9.999998121726378919e-01 -4.342380478188988908e-04 -2.423973932825076658e-02 1.283877808279228162e-04 4.342936178954090844e-04 9.999998974527685158e-01 -1.144561665753523680e-02
9.999999216100382560e-01 3.948908658239015158e-04 -2.900126583701093531e-05 -9.044117420320140627e-03 -3.949026915145017287e-04 9.999998384275869956e-01 -4.088970032640119705e-04 -2.395608964828968915e-02 2.883979145871387400e-05 4.089084238868631463e-04 9.999999159810373239e-01 -1.286698974605952200e-02
9.999999205748928421e-01 3.920624746150824661e-04 -7.167408027544028531e-05 -1.127322074952701036e-02 -3.920971848148077144e-04 9.999998055624038651e-01 -4.849072588890595745e-04 -2.287698185967058928e-02 7.148395239864885754e-05 4.849353235787238516e-04 9.999998798638373154e-01 -1.152238007341627700e-02
9.999999473366846248e-01 3.140679125016887529e-04 -8.177971624307417257e-05 -8.022815476083121691e-03 -3.140984313754727913e-04 9.999998809428723989e-01 -3.734387726079367456e-04 -2.430867076876465013e-02 8.166242137019259534e-05 3.734644398203961413e-04 9.999999269277335401e-01 -1.145815652784425327e-02
9.999999217864630197e-01 3.537116502082909516e-04 -1.769606773883526446e-04 -6.725736450735941147e-03 -3.537752188370862222e-04 9.999998728653279878e-01 -3.593223139034040564e-04 -2.400506179659577313e-02 1.768335584013067943e-04 3.593848901003690892e-04 9.999999197861482170e-01 -1.012257427449351696e-02
9.999999276005526738e-01 3.794690890779868031e-04 2.832034621740348750e-05 -1.314624290678149607e-02 -3.794654863534421656e-04 9.999999199244548054e-01 -1.271107155856740164e-04 -2.593438826417051105e-02 -2.836857853759621731e-05 1.270999597874954493e-04 9.999999915203655609e-01 -1.181391139111837713e-02
9.999999148177798336e-01 3.968270784641322055e-04 -1.135457716443820429e-04 -7.632540169371869118e-03 -3.968535132945221378e-04 9.999998941361458726e-01 -2.328842946912319085e-04 -2.193244063516282261e-02 1.134533448292643717e-04 2.329293358906547461e-04 9.999999664360837981e-01 -9.894164118620804582e-03
9.999999209850726212e-01 3.953890717046767609e-04 4.119789528296785661e-05 -1.208796543015571226e-02 -3.953720581388935019e-04 9.999998369005552723e-01 -4.121649071550644115e-04 -2.116438567964976092e-02 -4.136085406399179403e-05 4.121485860900143960e-04 9.999999142113596973e-01 -1.269585647830484727e-02
9.999998941125172180e-01 4.527375810890169505e-04 -8.248376148669225448e-05 -1.340494092246706341e-02 -4.527525682857793873e-04 9.999998809873179573e-01 -1.817706746705822758e-04 -2.300534088090547616e-02 8.240145725425568508e-05 1.818080001570613127e-04 9.999999800778762715e-01 -1.311287133388303397e-02
9.999998435373742556e-01 5.389046196204845757e-04 -1.500232291638160667e-04 -1.228996288769491213e-02 -5.389746553678007252e-04 9.999997456226121795e-01 -4.671842811702539002e-04 -2.233405588453194965e-02 1.497714232337759199e-04 4.672650667906382525e-04 9.999998796158818815e-01 -1.414274312116337029e-02
9.999998934271855378e-01 4.600532930293407905e-04 -3.868480387114415435e-05 -1.028857211692661699e-02 -4.600673313314661002e-04 9.999998280423629815e-01 -3.636666333058793748e-04 -2.443809752597886006e-02 3.851749118665008010e-05 3.636843921625332646e-04 9.999999331249798118e-01 -1.132999433045933126e-02
9.999999065278818433e-01 3.593952919493359466e-04 -2.403729981465684451e-04 -7.556505326240543080e-03 -3.595021374699209054e-04 9.999998365430633473e-01 -4.446034067461359165e-04 -2.224376955220777954e-02 2.402131704846837692e-04 4.446897797940286765e-04 9.999998722742560187e-01 -1.210431212896152624e-02
9.999999463650688369e-01 3.274718242102436978e-04 5.655794271419982856e-06 -8.904028507195621903e-03 -3.274697494252713434e-04 9.999998804865990465e-01 -3.630295917458564812e-04 -2.572851691795867424e-02 -5.774675558115960946e-06 3.630277201726637786e-04 9.999999340887082422e-01 -1.232925610795013865e-02
9.999998779794988524e-01 4.778694957675742525e-04 -1.252264115333897058e-04 -8.966659880953490799e-03 -4.779119859751854746e-04 9.999998281710034131e-01 -3.394970317621634481e-04 -2.342737740725500672e-02 1.250641547406148874e-04 3.395568375391036357e-04 9.999999345299988018e-01 -1.120555163769472971e-02
9.999998966708684156e-01 4.480299637118954036e-04 -7.698911464307917323e-05 -7.580636903024495429e-03 -4.480516321476501812e-04 9.999998599583180825e-01 -2.816615350217939570e-04 -2.295695150528317269e-02 7.686291105440231297e-05 2.816960010160580682e-04 9.999999573696708444e-01 -1.395809155158582796e-02
9.999998866767294547e-01 4.759934708178683292e-04 8.755641260677052740e-06 -1.242865680334940062e-02 -4.759916136254774602e-04 9.999998644749783505e-01 -2.109079281070859815e-04 -2.431331012490987181e-02 -8.856030870211387194e-06 2.109037365942565605e-04 9.999999777205343943e-01 -1.488849053225733965e-02
9.999999029990646049e-01 4.393523412776264973e-04 3.116562609498012493e-05 -1.277847172867869856e-02 -4.393371371027484642e-04 9.999997853002521309e-01 -4.861918133423570815e-04 -1.942953057644075665e-02 -3.137922891439399721e-05 4.861780739643033027e-04 9.999998813230462913e-01 -1.184813716760324022e-02
9.999998856371882239e-01 4.698321274082723517e-04 -8.934928227719726398e-05 -1.206088993582961170e-02 -4.698744055922682750e-04 9.999997773905809906e-01 -4.737478078594470387e-04 -2.120518966032906155e-02 8.912668044789093117e-05 4.737897366213168543e-04 9.999998837897933202e-01 -1.260825137488251826e-02
9.999999472796623490e-01 3.240423188796144713e-04 -2.090829256907776677e-05 -1.134625422825863948e-02 -3.240554564928884796e-04 9.999997481419145018e-01 -6.314303822720743371e-04 -2.405648410870719900e-02 2.070367713927213883e-05 6.314371244293942977e-04 9.999998004291765774e-01 -8.156873985706795949e-03
9.999999173619674719e-01 3.966097122881739965e-04 -8.931237371053570376e-05 -1.355934581427548601e-02 -3.966517608707066439e-04 9.999998102818520307e-01 -4.712789029016780620e-04 -2.283164446705046244e-02 8.912544297800101256e-05 4.713142898668134075e-04 9.999998849596786199e-01 -1.241317559572236925e-02
9.999998945427472918e-01 4.592010374192102102e-04 6.986002244655217038e-06 -1.578544156344212704e-02 -4.591970904374146657e-04 9.999997406293541502e-01 -5.548688363238218554e-04 -2.310896425494111950e-02 -7.240796775883191977e-06 5.548655698576155032e-04 9.999998460358093810e-01 -1.140950881996422375e-02
9.999998817157202957e-01 4.705137527991702629e-04 -1.232284607247363770e-04 -1.081347931173616203e-02 -4.705631996568336150e-04 9.999998086678422160e-01 -4.015404452880702319e-04 -2.252454047643314555e-02 1.230395068477977533e-04 4.015983845717218791e-04 9.999999117899395218e-01 -1.294275528049234660e-02
9.999999310764052796e-01 3.567020419291533199e-04 -1.030084201342551720e-04 -8.407741907151409372e-03 -3.567410371109008241e-04 9.999998646259193880e-01 -3.787930253926593735e-04 -2.464412968052674680e-02 1.028732899467934382e-04 3.788297466165336407e-04 9.999999229524850763e-01 -1.251892682312011860e-02
9.999999058495714355e-01 4.266837640230319276e-04 -7.900447567953406964e-05 -1.020673942511998548e-02 -4.267062736664971822e-04 9.999998683146528178e-01 -2.851186042275366062e-04 -2.390570036502231988e-02 7.888280979983125800e-05 2.851522890901432594e-04 9.999999562327681613e-01 -1.337197813448211779e-02
9.999999272853473675e-01 3.650406243448613619e-04 -1.103382629125296104e-04 -1.166225184836759514e-02 -3.650977994225922422e-04 9.999997988764788293e-01 -5.186046557722773925e-04 -2.350343018572696382e-02 1.101489289573110076e-04 5.186449023205994945e-04 9.999998594372597749e-01 -1.271323305310021433e-02
9.999998270724167471e-01 5.878156553008493865e-04 -1.810464720030332034e-05 -1.259320191553164707e-02 -5.878214737078404049e-04 9.999997750475690950e-01 -3.230648880532252716e-04 -2.475449487966651513e-02 1.791474053295538270e-05 3.230754744884844522e-04 9.999999476505773144e-01 -1.394713457757509878e-02
9.999999324730900474e-01 3.038701562240273425e-04 -2.066800080994629608e-04 -7.886450292695612249e-03 -3.039760900345269442e-04 9.999998223627267757e-01 -5.127116658604609573e-04 -2.489448464014874449e-02 2.065241736160462120e-04 5.127744570213588204e-04 9.999998472049765885e-01 -1.076421871556621987e-02
9.999998559768761286e-01 5.352115499421204433e-04 -3.993372065241678186e-05 -1.246642417196386354e-02 -5.352195340042480197e-04 9.999998367320054315e-01 -2.001904547077056713e-04 -2.384758311096490946e-02 3.982656989413689433e-05 2.002117991851119663e-04 9.999999791644654801e-01 -1.381931356241162569e-02
9.999999284286779089e-01 3.737878624343039758e-04 -5.852475530060436565e-05 -1.003741893307255606e-02 -3.738141589855171706e-04 9.999998289000259222e-01 -4.499590012617625512e-04 -2.389235243713847684e-02 5.835655607935158733e-05 4.499808464421722106e-04 9.999998970557941735e-01 -1.157766255475601788e-02
9.999999515190426402e-01 2.851046808280597276e-04 -1.252082406993128012e-04 -9.710681319132222905e-03 -2.851695400022844179e-04 9.999998250226699303e-01 -5.182983468597115702e-04 -2.470170645476303314e-02 1.250604495119142349e-04 5.183340273111241344e-04 9.999998578447728548e-01 -1.258234829779720891e-02
9.999999530070956544e-01 3.051321926471365297e-04 2.966510342180883131e-05 -1.094533405484244236e-02 -3.051139774056845768e-04 9.999997661151551753e-01 -6.121072730810047215e-04 -2.309741703780324867e-02 -2.985187011159468246e-05 6.120981930814098490e-04 9.999998122222376606e-01 -9.247227782036590224e-03
9.999998984205107355e-01 4.475526134550185408e-04 -5.343678650516377318e-05 -1.138275872196095259e-02 -4.475764289137401761e-04 9.999998001574955664e-01 -4.464980764689232412e-04 -2.124034632958250041e-02 5.323694445191170025e-05 4.465219481628550499e-04 9.999998988919035492e-01 -1.121392626068242609e-02
9.999998817146922292e-01 4.850012797608215377e-04 -3.666361840396107990e-05 -1.066811567362616064e-02 -4.850155542543581658e-04 9.999998061992219078e-01 -3.903353162579161319e-04 -2.276133674314728683e-02 3.647429817769794961e-05 3.903530525152322560e-04 9.999999231469756111e-01 -1.395233317856964597e-02
9.999999189739331440e-01 4.024645632154895468e-04 8.617443906437814911e-06 -1.012179193150104101e-02 -4.024621959908808834e-04 9.999998817573353405e-01 -2.729647051272157286e-04 -2.525944813066317851e-02 -8.727301500786928553e-06 2.729612148177346770e-04 9.999999627079211306e-01 -1.496945493333206624e-02
9.999999219472212042e-01 3.655451913202594915e-04 -1.499403860816424228e-04 -6.261748121709081322e-03 -3.655901248182549085e-04 9.999998882446708981e-01 -2.997578125541421317e-04 -2.523741196579664878e-02 1.498307943059518706e-04 2.998126058850648251e-04 9.999999438314813860e-01 -1.201913699437913430e-02
9.999999030768045305e-01 4.358863510258700132e-04 -6.204290691911741444e-05 -1.040004236522474798e-02 -4.359229288752627224e-04 9.999997304813045274e-01 -5.907696368298023196e-04 -2.128484533489964983e-02 6.178538178440521602e-05 5.907966254999697311e-04 9.999998235708557059e-01 -1.341685945206425555e-02
9.999998794151806480e-01 4.710595584814240475e-04 -1.388249473345173749e-04 -1.035228820914106153e-02 -4.710711698300068181e-04 9.999998855500018546e-01 -8.361930002954564168e-05 -2.591734868514394136e-02 1.387855417841647797e-04 8.368468638054614352e-05 9.999999868676359149e-01 -1.509106422858271651e-02
9.999998846590473223e-01 4.259372811612589186e-04 -2.219440736729684299e-04 -9.227900926687555502e-03 -4.260304604108048981e-04 9.999998210684349909e-01 -4.199540468217540456e-04 -2.507426529538162377e-02 2.217651598843794331e-04 4.200485533240051728e-04 9.999998871896177421e-01 -1.245223824460641240e-02
9.999998873618073381e-01 4.742124071903514298e-04 1.997023845069938511e-05 -1.098662217004379299e-02 -4.742052378774446885e-04 9.999998236659983775e-01 -3.574879389556281754e-04 -2.380967958449722172e-02 -2.013976013574744197e-05 3.574784287016734936e-04 9.999999359016884526e-01 -1.286081644103400853e-02
9.999998963788870876e-01 4.416187697661455320e-04 -1.105211262003843656e-04 -6.931675412985355104e-03 -4.416667412645106116e-04 9.999998081133538719e-01 -4.344007513663257535e-04 -2.058998127953782023e-02 1.103292654774399380e-04 4.344495198636973924e-04 9.999998995404361102e-01 -1.438736482746411777e-02
9.999999151578201628e-01 4.038965327116019865e-04 -8.094308109586021175e-05 -6.765120521320238181e-03 -4.039332701157442081e-04 9.999998151949651692e-01 -4.543657355091989332e-04 -2.232825628061036252e-02 8.075954940242808296e-05 4.543983925683788548e-04 9.999998934998975963e-01 -1.034209201317004209e-02
9.999999062834488139e-01 4.033414437913816677e-04 -1.573169059387660989e-04 -7.865207162940365121e-03 -4.033983976274419479e-04 9.999998530518450224e-01 -3.621688818012156028e-04 -2.523895472416109315e-02 1.571708051124681910e-04 3.622323092531843508e-04 9.999999220424462543e-01 -1.361989381047156930e-02
9.999998970727097536e-01 4.130829609330835929e-04 -1.876615826582018424e-04 -3.451547514536812584e-03 -4.131327148647200736e-04 9.999998795047360112e-01 -2.651643945665453682e-04 -2.312569359958419404e-02 1.875520251638447588e-04 2.652418964186873708e-04 9.999999472353868768e-01 -1.425754878655397656e-02
9.999999009133264671e-01 4.396631924938797990e-04 -6.978139871040460527e-05 -7.797725427258443177e-03 -4.396856670640547529e-04 9.999998513729971839e-01 -3.223829785373329951e-04 -2.376131828727402751e-02 6.963964842108203432e-05 3.224136284803332778e-04 9.999999455997833353e-01 -1.227577274144413602e-02
9.999999519614030108e-01 2.960412026871955121e-04 -9.185109565513680484e-05 -6.393480005896454328e-03 -2.960732170824492346e-04 9.999998953645311550e-01 -3.487289326938150568e-04 -2.509583568326308883e-02 9.174784792364057678e-05 3.487561105970910348e-04 9.999999349756487632e-01 -1.307633193245077638e-02
9.999999421568540603e-01 3.395876618219599466e-04 1.913976602953233524e-05 -1.525170610420791342e-02 -3.395771293584017893e-04 9.999997923913912512e-01 -5.476356854800396847e-04 -2.449338637854504147e-02 -1.932573236541842738e-05 5.476291543830245911e-04 9.999998498642963529e-01 -8.432565682046432726e-03
9.999999470632966458e-01 3.242432942406689314e-04 2.719391345745589749e-05 -1.077453930229723550e-02 -3.242361140192598443e-04 9.999999126856400355e-01 -2.636284423614748879e-04 -2.221593983019273799e-02 -2.727939082467256262e-05 2.636196111640447585e-04 9.999999648801598529e-01 -1.388668257485133409e-02
9.999998526347859684e-01 5.415830635232132687e-04 -3.765644429361957458e-05 -1.202795818025807935e-02 -5.415938712922275383e-04 9.999998119830096899e-01 -2.875940365081430371e-04 -2.091246690171438827e-02 3.750068116772237587e-05 2.876143886335921600e-04 9.999999579357209400e-01 -1.458320516274289047e-02
9.999998898324924390e-01 3.703759858798432478e-04 -2.883685920180388681e-04 -3.746884857873814326e-03 -3.704563161709437200e-04 9.999998925821219631e-01 -2.785644857178166869e-04 -2.549844826531078718e-02 2.882653874600966189e-04 2.786712830030637755e-04 9.999999196225765052e-01 -1.490145645128377640e-02
9.999999320567416472e-01 3.629776361074218949e-04 -6.429274459463391609e-05 -1.147752510928130160e-02 -3.630058240628956240e-04 9.999998377690936247e-01 -4.389634071958424793e-04 -2.412163960724948361e-02 6.413340027911859794e-05 4.389867160201835075e-04 9.999999015886664733e-01 -1.025502088945959636e-02
9.999998919356807292e-01 4.648433256785215804e-04 7.008216483520086546e-06 -1.162231747823667082e-02 -4.648415127860779940e-04 9.999998590644509910e-01 -2.565029551685401059e-04 -2.264218047685478269e-02 -7.127449167373869215e-06 2.564996697483355520e-04 9.999999670784429640e-01 -1.420103545467193452e-02
9.999998883586963538e-01 4.725248972476767551e-04 -1.618346205817794251e-06 -1.331888238602603643e-02 -4.725258470730959179e-04 9.999996782459236178e-01 -6.482497187066274622e-04 -2.347834582293385763e-02 1.312031569087482361e-06 6.482504110547247182e-04 9.999997898847015065e-01 -1.076306512933831831e-02
9.999998701485992569e-01 5.077827581788699716e-04 4.311907852815787873e-05 -1.150945779726653476e-02 -5.077561628729754641e-04 9.999996822408080410e-01 -6.145748864662844936e-04 -2.273469454125150516e-02 -4.343113534139490892e-05 6.145529126945561971e-04 9.999998102190887916e-01 -8.249945704871280983e-03
9.999998800747257333e-01 4.870266455586426705e-04 -5.153035569470746909e-05 -1.184742714288897908e-02 -4.870373820221369663e-04 9.999998596519684702e-01 -2.085448751791138186e-04 -2.295038798029571878e-02 5.142878156823913317e-05 2.085699473886674904e-04 9.999999769267058358e-01 -1.368836439373161129e-02
9.999999329878106469e-01 3.179905219669112450e-04 -1.814006500989962195e-04 -9.202357731772158045e-03 -3.180961094016705282e-04 9.999997798500402935e-01 -5.823358765111904655e-04 -2.270273821240843815e-02 1.812154328915403551e-04 5.823935403390396309e-04 9.999998139892229965e-01 -1.029837039716083834e-02
9.999998822301772172e-01 4.813595882619966745e-04 -6.190613042819126421e-05 -1.427027404085220996e-02 -4.813944956918138275e-04 9.999997244589864387e-01 -5.651032042926366948e-04 -2.404781516557312135e-02 6.163409554251920845e-05 5.651329390218775986e-04 9.999998384128589990e-01 -1.024612615960121369e-02
9.999998977957109680e-01 4.331999113874846299e-04 1.294070771341248281e-04 -1.394751089611414620e-02 -4.331597069205661565e-04 9.999998579661836251e-01 -3.105489100042287728e-04 -2.380049211497572981e-02 -1.295415884959398036e-04 3.104928243444651337e-04 9.999999434064598125e-01 -9.605556463247634166e-03
9.999999214329424735e-01 3.755252860144635578e-04 -1.269435012907586802e-04 -1.101320831937015708e-02 -3.756114964947009083e-04 9.999996984047375692e-01 -6.797843674429455453e-04 -2.254131182651099644e-02 1.266881868049852351e-04 6.798319954846643092e-04 9.999997608891197931e-01 -1.063458728197460429e-02
9.999999331764058974e-01 2.720392242701827356e-04 -2.442163498017501278e-04 -7.002385629734772868e-03 -2.721861066915924089e-04 9.999997819889286932e-01 -6.016121435166061097e-04 -2.515361709691801145e-02 2.440526344783381144e-04 6.016785756244904778e-04 9.999997892104450781e-01 -1.075483915404936396e-02
9.999999218467804374e-01 3.697047905852518827e-04 -1.400877562642578169e-04 -1.068409523273228766e-02 -3.697840931163733991e-04 9.999997711749717411e-01 -5.664892638826094385e-04 -2.131815432050974957e-02 1.398782904338214067e-04 5.665410218463695982e-04 9.999998297325161101e-01 -1.050744311557189059e-02
9.999999193100311823e-01 3.720852400020169303e-04 -1.514340834601872346e-04 -6.928796271212756333e-03 -3.721771359086976103e-04 9.999997463583968349e-01 -6.072624503580970751e-04 -2.301514819837049974e-02 1.512080916759994534e-04 6.073187616748654608e-04 9.999998041498590062e-01 -1.022209870577438229e-02
9.999999253050069203e-01 3.696128574777234402e-04 -1.130313658572760431e-04 -9.507485381848014561e-03 -3.696647231959657490e-04 9.999998262487350686e-01 -4.591849935302483744e-04 -2.300403429861657204e-02 1.128616255613399002e-04 4.592267429537030322e-04 9.999998881863779721e-01 -1.214736693205395283e-02
9.999998939806840070e-01 4.491452354334872369e-04 -1.015231431830211818e-04 -6.277446607224261219e-03 -4.491709496437414485e-04 9.999998670162920655e-01 -2.534032876625756442e-04 -2.547702506091933591e-02 1.014093148243111697e-04 2.534488620576189500e-04 9.999999627397675450e-01 -9.726155991050053004e-03
9.999998770148160743e-01 4.848586294260621185e-04 -1.043179234141075053e-04 -1.024942594339788710e-02 -4.849047413813776532e-04 9.999997845473552749e-01 -4.424624376049333214e-04 -2.325448059408075085e-02 1.041033692294857202e-04 4.425129674588677863e-04 9.999998966722289939e-01 -1.205651711854492832e-02
9.999999260552334679e-01 3.818680991608016371e-04 -4.545378628540213756e-05 -1.208626746063530197e-02 -3.818735655598320608e-04 9.999999198486912988e-01 -1.203144567533574673e-04 -2.705848117856881827e-02 4.540783841188832380e-05 1.203318054710452193e-04 9.999999917290435247e-01 -1.226665367608401926e-02
9.999998861421913743e-01 4.738576161025522221e-04 -5.634115502508267045e-05 -8.289048836238179646e-03 -4.738862045802334192e-04 9.999997584345640123e-01 -5.084909631001547541e-04 -2.275623140904880354e-02 5.610018912248695294e-05 5.085176045160892016e-04 9.999998691311479115e-01 -1.119210301082245243e-02
9.999998941834489230e-01 4.588656861938785522e-04 3.278920957971963448e-05 -1.194532612773496760e-02 -4.588517154369101017e-04 9.999998044903054550e-01 -4.248233020521249652e-04 -2.111718927266416704e-02 -3.298413998151367290e-05 4.248082117296032943e-04 9.999999092248579302e-01 -1.155101753945488897e-02
9.999999253683909961e-01 3.847390654944214542e-04 -3.519688480082791457e-05 -1.212117492224649290e-02 -3.847550279717037005e-04 9.999998226323114636e-01 -4.546419479932219945e-04 -2.306798234406531520e-02 3.502196006397293078e-05 4.546554562572885047e-04 9.999998960307789897e-01 -1.243038251084984877e-02
9.999998955206389484e-01 4.545735397386333441e-04 -4.818051975582220592e-05 -7.095643642458035992e-03 -4.545870474954535369e-04 9.999998572743163949e-01 -2.807175678998835209e-04 -2.115414433511297182e-02 4.805290612543325861e-05 2.807394408275853829e-04 9.999999594379845869e-01 -1.174776548416837582e-02
9.999999281613064506e-01 3.784055098712220725e-04 -2.205456673440675153e-05 -1.095026307083794836e-02 -3.784185262915086318e-04 9.999997524536424764e-01 -5.932052470468776074e-04 -2.449808501503054903e-02 2.183008916627111691e-05 5.932135503056751476e-04 9.999998238103913195e-01 -1.172468041683995960e-02
9.999999144716780197e-01 4.048329572089961917e-04 -8.465614336944276620e-05 -9.249645933079055776e-03 -4.048505310872557174e-04 9.999998964833446413e-01 -2.076770151414374446e-04 -2.264341885619588352e-02 8.457206013189978776e-05 2.077112704812692358e-04 9.999999748516366083e-01 -1.362379138571506373e-02
9.999998998874561895e-01 4.414586537919390854e-04 -7.306901662849677142e-05 -1.275676440163982413e-02 -4.415011588048667855e-04 9.999997327573230121e-01 -5.827198360688302589e-04 -2.288119325282305869e-02 7.281175041351276001e-05 5.827520378048893935e-04 9.999998275490784572e-01 -1.081253136594191588e-02
9.999999099000724812e-01 4.238885242605044523e-04 -2.276201962814337258e-05 -1.245312665598142729e-02 -4.238914464209003795e-04 9.999999018986618360e-01 -1.285266902104273412e-04 -2.452934445693969595e-02 2.270753643325126490e-05 1.285363272739206957e-04 9.999999914812258694e-01 -1.317222325648497415e-02
9.999999168364687163e-01 3.998479157367910790e-04 -8.030218556928474249e-05 -1.239535881555810064e-02 -3.998916402024235012e-04 9.999997714095442136e-01 -5.452228359995653015e-04 -2.401199760370804209e-02 8.008416102607151968e-05 5.452549028485565580e-04 9.999998481416313423e-01 -1.190157311494330003e-02
9.999999305006018746e-01 3.725356526615362083e-04 1.468731009147946156e-05 -9.559672942437511672e-03 -3.725307847993597618e-04 9.999998761420705318e-01 -3.300561570456603971e-04 -2.297993528510732658e-02 -1.481026592993170984e-05 3.300506626510691342e-04 9.999999454234385077e-01 -1.302704688845922852e-02
9.999998931572278149e-01 4.473606958336130593e-04 -1.164202564483940959e-04 -1.004609992272414119e-02 -4.474027614764489636e-04 9.999998345561142976e-01 -3.615507230243946747e-04 -2.460461189272579452e-02 1.162584936332430841e-04 3.616027711592671246e-04 9.999999278635264277e-01 -1.410921458188680103e-02
9.999998983749996961e-01 4.412423636751379116e-04 -9.249269869152521722e-05 -7.201428364341820772e-03 -4.412669256191268643e-04 9.999998673428505125e-01 -2.657032140649113593e-04 -2.566879607189836987e-02 9.237544693699911084e-05 2.657440010517315597e-04 9.999999604232783224e-01 -7.936199939920309671e-03
9.999998697433413186e-01 4.905135311937748772e-04 -1.411010473635016058e-04 -6.876201547926639145e-03 -4.905887520453671964e-04 9.999997373187720084e-01 -5.335592596774788119e-04 -1.950496310261641900e-02 1.408392922924120872e-04 5.336284127852645954e-04 9.999998477023194221e-01 -1.206354177757622617e-02
9.999998713335895850e-01 5.071792071566763246e-04 -1.008870500185174023e-05 -1.080883185007674649e-02 -5.071827990363325525e-04 9.999998068459277079e-01 -3.592688967597430045e-04 -2.418663670457095807e-02 9.906489369653262954e-06 3.592739673725894910e-04 9.999999354118601635e-01 -1.447813532094286218e-02
9.999999121120252132e-01 4.096169459099063543e-04 -8.938468579543448907e-05 -9.741218770373870003e-03 -4.096320986192764253e-04 9.999999017240399635e-01 -1.695696999249158524e-04 -2.649882854798435786e-02 8.931521841975805041e-05 1.696062998795230304e-04 9.999999816280683573e-01 -1.299283475070258861e-02
9.999999149215286209e-01 4.069764216024546904e-04 -6.728184463866454697e-05 -1.133597536379678770e-02 -4.069975060209518451e-04 9.999998679860523376e-01 -3.136580008113137689e-04 -2.315937045417977222e-02 6.715418437764363350e-05 3.136853576905292845e-04 9.999999485457238269e-01 -1.452713952015048313e-02
9.999999012559446232e-01 3.985633307842825052e-04 -1.965581007696117009e-04 -4.449576370341535442e-03 -3.986465292181501558e-04 9.999998308988466977e-01 -4.234190139669210639e-04 -2.333356029911557231e-02 1.963893082714023215e-04 4.234973293837464075e-04 9.999998910404372943e-01 -1.033145367592656905e-02
9.999999248617569281e-01 3.806620615732742388e-04 -7.329792542458947132e-05 -1.143066134797738817e-02 -3.806737409307447560e-04 9.999999148409840499e-01 -1.593925075469060414e-04 -2.563686711134166227e-02 7.323724453531075965e-05 1.594203981884330878e-04 9.999999846105367407e-01 -1.419209518824035912e-02
9.999998496336827136e-01 5.377644220462923742e-04 1.074325119551318767e-04 -1.757310223354748360e-02 -5.377251006017371923e-04 9.999997885559253064e-01 -3.657051686516380883e-04 -2.310835497652867845e-02 -1.076291524339147973e-04 3.656473445266268229e-04 9.999999273588036086e-01 -1.169929574326944444e-02
9.999999473303384789e-01 3.225010413633066001e-04 -3.649795682246354520e-05 -9.395776358121846195e-03 -3.225169328872562816e-04 9.999998528378181151e-01 -4.362426223286377212e-04 -2.551069754030439035e-02 3.635726278585643418e-05 4.362543705843516858e-04 9.999999041799439992e-01 -1.200229233569007244e-02
9.999999272469572986e-01 3.779264114131828723e-04 -5.174365242712882450e-05 -8.024889819568403054e-03 -3.779435472692937894e-04 9.999998736137645228e-01 -3.315593327494361199e-04 -2.308078613682015140e-02 5.161834089376455745e-05 3.315788648306638043e-04 9.999999436953099785e-01 -1.242496112438524862e-02
9.999999177495335623e-01 3.994094711802691558e-04 -7.051733205854515967e-05 -6.470351684059749003e-03 -3.994333764591117501e-04 9.999998626610281383e-01 -3.393101370567629680e-04 -2.381929870727131707e-02 7.038179872710174077e-05 3.393382761483619992e-04 9.999999399477746964e-01 -1.405869847442978854e-02
9.999998930114903928e-01 4.354135093330346244e-04 -1.561786580554214415e-04 -1.019522902200751049e-02 -4.354729930099732475e-04 9.999998325870212978e-01 -3.810376275061714592e-04 -2.486222523641259258e-02 1.560127230149113925e-04 3.811055983515308299e-04 9.999999152090791599e-01 -1.232219425483482497e-02
9.999999250244622218e-01 3.735265378408158849e-04 -1.021209114971759598e-04 -1.066760584270490947e-02 -3.735927798996640115e-04 9.999997193445373522e-01 -6.494149352743150937e-04 -2.302571587552632026e-02 1.018783091610916817e-04 6.494530382441701232e-04 9.999997839155616575e-01 -9.675820937342356418e-03
9.999999026163618465e-01 4.380483028774692709e-04 -5.367151846355940590e-05 -7.141350954210213750e-03 -4.380724963750133745e-04 9.999998020798892551e-01 -4.515895840539749587e-04 -2.315277085384965725e-02 5.347368982783241040e-05 4.516130521177698040e-04 9.999998965929050021e-01 -1.168001287045697216e-02
9.999999549833834545e-01 2.737327655314013460e-04 -1.228954073138965679e-04 -9.515477481905051937e-03 -2.738231045052229133e-04 9.999996919025897490e-01 -7.356739230210100492e-04 -2.531626689091218477e-02 1.226939914312426304e-04 7.357075415311247878e-04 9.999997218400608068e-01 -1.131118711713742682e-02
9.999999118232643092e-01 4.173195865363697461e-04 -4.687749461679919724e-05 -5.646272136777760048e-03 -4.173359183995348763e-04 9.999998520409575375e-01 -3.489259068112652218e-04 -2.193366452794155708e-02 4.673187410505366224e-05 3.489454397322421832e-04 9.999999380264029680e-01 -1.154099231161771419e-02
9.999998663418028233e-01 4.695597905606620540e-04 -2.164015914750010204e-04 -3.279261966141913329e-03 -4.696626655825678238e-04 9.999997766187206372e-01 -4.755838410922289222e-04 -2.021684571645782080e-02 2.161782281262144005e-04 4.756854133011528471e-04 9.999998634949682774e-01 -1.290867409604115092e-02
9.999999305244026138e-01 3.721319794625181903e-04 -2.164821573525890124e-05 -9.820929406142034010e-03 -3.721389111012647394e-04 9.999998792120849966e-01 -3.210746853700806986e-04 -2.532986114069642886e-02 2.152873100311303669e-05 3.210827192332533445e-04 9.999999482209943613e-01 -1.161754306561205152e-02
9.999999152986235318e-01 3.918059865658776101e-04 -1.260574332342600471e-04 -8.427273744260889779e-03 -3.918609232208887408e-04 9.999998281411343060e-01 -4.360770955903821191e-04 -2.186406603616561015e-02 1.258865539953021005e-04 4.361264556632793573e-04 9.999998969729333442e-01 -1.283461787181252103e-02
9.999999408917042976e-01 3.348689925825164976e-04 -7.796796546015775063e-05 -7.735021948412541988e-03 -3.349196629938347826e-04 9.999997321550382345e-01 -6.507835227742826776e-04 -2.411823374240531018e-02 7.775001739687649373e-05 6.508095973398836344e-04 9.999997852006701216e-01 -1.118395701929398613e-02
9.999998908237783812e-01 4.631038037403475255e-04 -6.234542691090274723e-05 -9.899448973476660321e-03 -4.631308767899555462e-04 9.999997981729761287e-01 -4.349302571820058737e-04 -2.325369064543825887e-02 6.214399651502963782e-05 4.349590838180426833e-04 9.999999034741451354e-01 -1.152405408541459612e-02
9.999999130269863201e-01 4.168538933483307641e-04 -1.336045207421228067e-05 -8.789799132186720820e-03 -4.168609180638273423e-04 9.999997725772140633e-01 -5.301632140373778272e-04 -2.173868499330278148e-02 1.313944848031625630e-05 5.301687374061123245e-04 9.999998593740113684e-01 -1.060709665196328186e-02
9.999999006979503058e-01 4.360545083668990966e-04 9.197935647717471854e-05 -1.093740987556965361e-02 -4.360156168811197999e-04 9.999998157235883145e-01 -4.224259905547259530e-04 -2.347829073568038702e-02 -9.216354023984304621e-05 4.223858441997367565e-04 9.999999065478231142e-01 -1.159210537697899154e-02
9.999998676610910575e-01 5.074166111070200309e-04 -8.488713550594404649e-05 -9.930303531896743363e-03 -5.074513859003484777e-04 9.999997871394185056e-01 -4.101399303548828256e-04 -2.362184589144752586e-02 8.467900566944496876e-05 4.101829522009654123e-04 9.999999122894879244e-01 -1.245128885908533545e-02
9.999998890204047086e-01 4.557838545746189379e-04 -1.192472005104799697e-04 -9.144833003726683673e-03 -4.558531347347666795e-04 9.999997269709156589e-01 -5.815982937187416137e-04 -2.251873051867244249e-02 1.189820848874289480e-04 5.816525884128437253e-04 9.999998237615339569e-01 -1.184414165579452533e-02
9.999999143801170387e-01 4.095041583851777908e-04 -5.954609852028351332e-05 -8.869932726626726313e-03 -4.095450990736835390e-04 9.999996786614979705e-01 -6.891663671535400550e-04 -2.118502989353577073e-02 5.926386294057343456e-05 6.891906949899351828e-04 9.999997607517449039e-01 -9.475505272973763771e-03
9.999999351627471000e-01 3.484513600186227170e-04 -9.086133658652496457e-05 -8.683599924666251732e-03 -3.484989532060461413e-04 9.999998018234776964e-01 -5.243110354334308901e-04 -2.484226452930301393e-02 9.067862173539920924e-05 5.243426665494249368e-04 9.999998584208499297e-01 -1.256001228534016009e-02
9.999999046482688225e-01 4.189823856278124324e-04 1.231131244705885655e-04 -1.508465110541948317e-02 -4.189652184068179516e-04 9.999999025131968144e-01 -1.394357473425244902e-04 -2.630012019406019821e-02 -1.231715335409273035e-04 1.393841539603222937e-04 9.999999827001965214e-01 -1.404569112287309442e-02
9.999999222282308642e-01 3.926254829589562092e-04 -3.726105278755104458e-05 -9.328522154422709545e-03 -3.926449585470875056e-04 9.999997855652759116e-01 -5.241182422686650483e-04 -2.140912818910258725e-02 3.705526267017313210e-05 5.241328319025139598e-04 9.999998619556121904e-01 -9.709596741279196905e-03
9.999998883774864344e-01 4.549201155106912236e-04 -1.276413820497115351e-04 -6.514294549847835132e-03 -4.549536531729852281e-04 9.999998619656920162e-01 -2.628428664513371665e-04 -2.385654503747394045e-02 1.275217919752608315e-04 2.629009080562850521e-04 9.999999573104322304e-01 -1.320134812719975584e-02
9.999998863623273948e-01 4.682081539960108898e-04 -8.975562335507221478e-05 -1.159963291325425035e-02 -4.682330265629768354e-04 9.999998519334133418e-01 -2.772933372759623294e-04 -2.365446990757070697e-02 8.962577911622766642e-05 2.773353323436005837e-04 9.999999575259457263e-01 -1.238262073721779766e-02
9.999998919709982559e-01 4.464777591925335747e-04 -1.292873248950742338e-04 -7.732508889914137956e-03 -4.465166914278834187e-04 9.999998549338138254e-01 -3.012570573507010983e-04 -2.291861876855243174e-02 1.291528016173667235e-04 3.013147537865656185e-04 9.999999462642645831e-01 -1.226370609013387528e-02
9.999999350333360626e-01 3.187232847952231347e-04 -1.683698187109865924e-04 -6.662758060667955430e-03 -3.187432098174818778e-04 9.999999422010615868e-01 -1.183269509422470438e-04 -2.690414613763675300e-02 1.683320954793131091e-04 1.183806100233967477e-04 9.999999788249471777e-01 -1.303255108363944939e-02
9.999999360254079317e-01 3.553795536882849051e-04 -4.067126355636433181e-05 -8.052514696470270544e-03 -3.553903251945219428e-04 9.999999016990678280e-01 -2.651418632915039718e-04 -2.594525018154977478e-02 4.057703361677708793e-05 2.651563005352037725e-04 9.999999640225982755e-01 -1.315405082386997791e-02
9.999999230473823886e-01 3.917466989969249570e-04 -2.096057382879648715e-05 -1.246851859987643807e-02 -3.917597290046429892e-04 9.999997277680816588e-01 -6.252909101531597871e-04 -2.301711627690237322e-02 2.071561252917803822e-05 6.252990735771853104e-04 9.999998042857251024e-01 -1.227933335114568536e-02
9.999999177789883342e-01 3.822945785459427436e-04 -1.352496134308106427e-04 -6.374107783353967147e-03 -3.823370404731374914e-04 9.999998775909466620e-01 -3.140654913151179123e-04 -2.410250074454089661e-02 1.351295313978925132e-04 3.141171764624886521e-04 9.999999415349808407e-01 -1.354809375424310264e-02
9.999998948582559111e-01 4.556451850705398585e-04 -5.167709183668381975e-05 -7.250468010145746586e-03 -4.556535017243851108e-04 9.999998832238762292e-01 -1.610365873112043706e-04 -2.372078140640708488e-02 5.160371031500607375e-05 1.610601172608835182e-04 9.999999856981254265e-01 -1.363116707142968120e-02
9.999998531990093031e-01 5.276946193870795960e-04 -1.230443869927789102e-04 -8.381230702022495621e-03 -5.277273735170013701e-04 9.999998252898825157e-01 -2.663169061069108057e-04 -2.628882536032745368e-02 1.229038315569198653e-04 2.663818009364372864e-04 9.999999569674689059e-01 -1.343723144653776250e-02
9.999998924503825659e-01 4.611070913252842372e-04 -4.978994827157016100e-05 -1.088646940678312733e-02 -4.611280704802316163e-04 9.999998045687108483e-01 -4.221659883348817706e-04 -2.383560811900661131e-02 4.959527487085674995e-05 4.221889025083478851e-04 9.999999096481934080e-01 -1.328933485485251503e-02
9.999999037133893154e-01 4.371323922780991252e-04 3.857514715734454679e-05 -1.188554651332029977e-02 -4.371153939473856366e-04 9.999998078544750646e-01 -4.395700539576426831e-04 -2.326547753759345208e-02 -3.876728999271354811e-05 4.395531498772130958e-04 9.999999026448360695e-01 -1.121087038127660529e-02
9.999999044328958808e-01 4.042004632230626767e-04 -1.666005292980726402e-04 -7.679951479366700813e-03 -4.042726086325911113e-04 9.999998244345688070e-01 -4.332380229797933762e-04 -2.205027227397225384e-02 1.664253851020533481e-04 4.333053336423882255e-04 9.999998922743117413e-01 -1.451020319770682417e-02
9.999999290902494842e-01 3.765178046507819723e-04 -7.306424538993641551e-06 -8.152422398631774605e-03 -3.765244660783729873e-04 9.999994927500015507e-01 -9.342000692014205748e-04 -1.969137841155167712e-02 6.954677937564336969e-06 9.342027540412593074e-04 9.999995636081063788e-01 -8.422023413449726548e-03
9.999998843894067901e-01 4.736798540405099864e-04 8.275329092855640437e-05 -1.154403237374746274e-02 -4.736286262523113741e-04 9.999996968950067844e-01 -6.179696840863821644e-04 -1.924296017419477312e-02 -8.304598557038902855e-05 6.179304183513247613e-04 9.999998056324406193e-01 -1.130231518863459780e-02
9.999998847862598961e-01 4.783595389610531740e-04 3.998936618209335476e-05 -9.222105083503618489e-03 -4.783485627751252970e-04 9.999998480428653469e-01 -2.740394454027393861e-04 -2.346006868163829501e-02 -4.012044942215026063e-05 2.740202850101426386e-04 9.999999616513940426e-01 -1.311058554280682478e-02
9.999999331984494866e-01 3.619342172216162990e-04 5.105137123861322446e-05 -8.465548226392755060e-03 -3.619127390436226730e-04 9.999998462672029520e-01 -4.201017332109564491e-04 -2.399842753560425812e-02 -5.120341251528707030e-05 4.200832290427131501e-04 9.999999104539198935e-01 -1.170094902087033713e-02
9.999999130574247497e-01 4.130720000715656427e-04 -5.706296021724903937e-05 -1.015017602653339214e-02 -4.131033890826474536e-04 9.999997627824844804e-01 -5.511635862974726156e-04 -2.468931013811022368e-02 5.683527650388666845e-05 5.511871113173703266e-04 9.999998464810261334e-01 -7.777964656765000949e-03
9.999999396548179265e-01 3.315981677853081138e-04 1.035978953460936025e-04 -1.152082140450693890e-02 -3.315170602553565624e-04 9.999996393284866780e-01 -7.819463389774352572e-04 -2.161153784141309209e-02 -1.038571498856419621e-04 7.819119473587523607e-04 9.999996889134290523e-01 -7.412911989023800684e-03
9.999998956755453694e-01 4.486103730102653105e-04 8.600658594739351366e-05 -1.757981816061931352e-02 -4.485457695059604259e-04 9.999996183784306547e-01 -7.497002295879945117e-04 -2.343624124854554527e-02 -8.634287635516778997e-05 7.496615735236343905e-04 9.999997152759537711e-01 -1.031230357919683815e-02
9.999999409505712089e-01 3.273231382846365323e-04 -1.046800451679860987e-04 -6.990705219603985873e-03 -3.274047481864223201e-04 9.999996417760489420e-01 -7.805476662573905457e-04 -2.278532086332773002e-02 1.044245164281599623e-04 7.805818929486626296e-04 9.999996898934440104e-01 -9.479932858400940549e-03
9.999999089729849633e-01 4.263122064540003056e-04 1.764687811940780858e-05 -1.226050731271858749e-02 -4.263068680112358532e-04 9.999998637032179172e-01 -3.014245520213926330e-04 -2.461683963674482153e-02 -1.777537660825425129e-05 3.014170016365489736e-04 9.999999544156898956e-01 -1.070955497931439827e-02
9.999999297537069953e-01 3.729395466486535638e-04 3.752541663096676389e-05 -1.088319301491403809e-02 -3.729183788847272724e-04 9.999997722476586803e-01 -5.625275812513861641e-04 -2.630422566148112734e-02 -3.773519679287628290e-05 5.625135478572306641e-04 9.999998410770462032e-01 -9.540391955348790157e-03
9.999999285818246264e-01 3.777802209919617956e-04 -1.085931799872096883e-05 -8.198445598487027683e-03 -3.777833556193086568e-04 9.999998865571015916e-01 -2.901142740321128728e-04 -2.335489019921354464e-02 1.074971740588692238e-05 2.901183558212511691e-04 9.999999578576673764e-01 -1.265686958144423765e-02
9.999999002068932219e-01 4.283381214217545996e-04 -1.269335447105681271e-04 -6.383290346840960264e-03 -4.283803113496076234e-04 9.999998529550969684e-01 -3.325370219652859722e-04 -2.364043550756639300e-02 1.267910878368215424e-04 3.325913646511591769e-04 9.999999366532763556e-01 -9.913698998764217465e-03
9.999999027618661218e-01 3.944544291887097198e-04 -1.971837273353748159e-04 -5.981497300701707140e-03 -3.945609094267650855e-04 9.999997762218719721e-01 -5.402579738953171892e-04 -2.175336147819270649e-02 1.969705761345625901e-04 5.403357223923668145e-04 9.999998346197118693e-01 -1.123531543227352866e-02
9.999999296482841027e-01 3.734445045978590050e-04 3.524320133327537002e-05 -9.604436581550742508e-03 -3.734345020728728221e-04 9.999998901167530541e-01 -2.833971498410871401e-04 -2.612194725961871494e-02 -3.534903049256832601e-05 2.833839689163965584e-04 9.999999592217606592e-01 -1.118346827507421017e-02
9.999999112759887510e-01 4.212444529509836669e-04 7.572106141852375221e-07 -1.016214440086735289e-02 -4.212439423572731257e-04 9.999997427176918752e-01 -5.806194004049046453e-04 -2.342516201641313411e-02 -1.001793043947567870e-06 5.806190299603864857e-04 9.999998314400301291e-01 -1.032007256591391080e-02
9.999999395924388246e-01 3.403303511397139471e-04 -7.063859988091166528e-05 -7.757628872196721884e-03 -3.403705984366183976e-04 9.999997793193386997e-01 -5.705347789857789136e-04 -2.454494152286446074e-02 7.044441406863311895e-05 5.705587878647219030e-04 9.999998347498882945e-01 -1.140890446124915615e-02
9.999999380826098960e-01 3.510148558653479098e-04 2.495558418607423778e-05 -1.364018091358687110e-02 -3.509997609726450371e-04 9.999997570017714610e-01 -6.023258073131575316e-04 -2.522581309266927474e-02 -2.516700334945436537e-05 6.023170106560458157e-04 9.999998182901784771e-01 -1.177906524967371055e-02
9.999999483646926368e-01 3.036903143384903103e-04 -1.050820222362483053e-04 -5.273580058638743101e-03 -3.037333802515700186e-04 9.999998697997020125e-01 -4.100578408685226191e-04 -2.399110148025449668e-02 1.049574780396948700e-04 4.100897366544433743e-04 9.999999104049380749e-01 -1.048064836617207396e-02
9.999999334999308820e-01 3.532502875812523172e-04 -9.062994378037904581e-05 -8.213349905581165608e-03 -3.532819495572913520e-04 9.999998764946705920e-01 -3.495759380095916306e-04 -2.598051113633217599e-02 9.050644486715842809e-05 3.496079327278526789e-04 9.999999347912100767e-01 -1.242359653650149456e-02
9.999999328648866426e-01 3.518769076413042819e-04 -1.022363672604650019e-04 -1.195344706443209580e-02 -3.519037049877437825e-04 9.999999037048941108e-01 -2.622114053797897277e-04 -2.410218507768781618e-02 1.021440913587532074e-04 2.622473651747326954e-04 9.999999603962241856e-01 -1.061301621941224647e-02
9.999998951122286428e-01 4.579275335728935051e-04 -8.792504296262768689e-06 -1.233415841852933750e-02 -4.579315138872079236e-04 9.999997901987026649e-01 -4.581507648590791714e-04 -2.157654367940550766e-02 8.582702684457069143e-06 4.581547432120464895e-04 9.999998950100505990e-01 -1.177475850094895915e-02
9.999999211040148106e-01 3.871371967661267925e-04 -8.897274298812782398e-05 -7.598502616733557487e-03 -3.871805852245627016e-04 9.999998058955957836e-01 -4.881606472834703822e-04 -2.352021839015813395e-02 8.878374065717737425e-05 4.881950573311634413e-04 9.999998768912797820e-01 -1.152374091241492940e-02
9.999999442902696156e-01 3.142380130193259558e-04 -1.125758189346478090e-04 -1.068768853917823405e-02 -3.142920861635681209e-04 9.999998351077639125e-01 -4.806306169749068307e-04 -2.565666516944751716e-02 1.124247680463248830e-04 4.806659719312970209e-04 9.999998781602094100e-01 -8.009778275625559218e-03
9.999998882602464390e-01 4.708805781423218493e-04 -4.183722162193610717e-05 -1.018725561550000089e-02 -4.709066946973907526e-04 9.999996929108336818e-01 -6.264391359205508667e-04 -1.926248970761869350e-02 4.154223083739882723e-05 6.264587673938063622e-04 9.999998029115765297e-01 -1.254881033819910119e-02
9.999999059524234957e-01 3.914353124170539058e-04 -1.867428967042023685e-04 -7.466661567555834232e-03 -3.914834492881638347e-04 9.999998901394384632e-01 -2.578035967360260694e-04 -2.441500300890493691e-02 1.866419628437322384e-04 2.578766792871227355e-04 9.999999493319634558e-01 -1.178949105690153820e-02
9.999999318283764316e-01 3.310538381575089907e-04 -1.635419189683321882e-04 -5.168509106567711203e-03 -3.311683598367300314e-04 9.999996996540087002e-01 -7.007283998422404432e-04 -2.351358379214861169e-02 1.633098911104874200e-04 7.007825120257984422e-04 9.999997411166069439e-01 -9.234506827877233745e-03
9.999998692020003466e-01 5.021769560398991680e-04 -9.702390709949050150e-05 -1.006315287845479731e-02 -5.022167597687219936e-04 9.999997895695750261e-01 -4.106580307767698020e-04 -2.487868869214471604e-02 9.681766377143347980e-05 4.107067041400336554e-04 9.999999109729315050e-01 -1.291263781103578652e-02
9.999999755873758556e-01 2.203846270194864990e-04 1.597519201706339121e-05 -1.158402785068120278e-02 -2.203785395746850860e-04 9.999999034921027707e-01 -3.800657535325399281e-04 -2.637700071463199014e-02 -1.605895103506432733e-05 3.800622237091676398e-04 9.999999276471679410e-01 -1.279682617260079203e-02
9.999999165837087922e-01 4.066192678546428079e-04 -3.863521969215154067e-05 -6.922629331893461954e-03 -4.066374116936001667e-04 9.999998065084861887e-01 -4.707758539025650216e-04 -2.269090477938447842e-02 3.844378577402286621e-05 4.707915252028064559e-04 9.999998884384625475e-01 -8.816723577040365412e-03
9.999999503125019951e-01 2.727902242450026349e-04 -1.579867441764781322e-04 -5.092432888720804449e-03 -2.728701772646656008e-04 9.999998346149224782e-01 -5.062735418707676668e-04 -2.345118231203215803e-02 1.578486116661791702e-04 5.063166266313389764e-04 9.999998593633944166e-01 -1.493243277599686294e-02
9.999998913096604936e-01 4.646523995223874183e-04 -3.844645288232174994e-05 -9.797218975550869152e-03 -4.646798627992399996e-04 9.999996346874024944e-01 -7.174249771204959866e-04 -2.511502716976019012e-02 3.811308569263852433e-05 7.174427644813910531e-04 9.999997419113605401e-01 -1.059245026279017482e-02
9.999998959211543470e-01 4.397886377288445976e-04 -1.214205102447871089e-04 -9.770757401005790779e-03 -4.398421382190321072e-04 9.999998060530155275e-01 -4.409464153635641302e-04 -2.090628821709470536e-02 1.212265635656309241e-04 4.409997753727887856e-04 9.999998954114096561e-01 -1.258561228130548361e-02
9.999999194422128923e-01 3.855013059616283280e-04 -1.118195314942032844e-04 -7.270362940773929944e-03 -3.855492381174704616e-04 9.999998336766847684e-01 -4.289514069812840752e-04 -2.394893546061286488e-02 1.116541516626293532e-04 4.289944844068737501e-04 9.999999017482906760e-01 -1.245363769799493446e-02
9.999999031193874677e-01 4.246534769488734501e-04 -1.158875675068879154e-04 -1.152594315440102352e-02 -4.246926171936935652e-04 9.999998527211120258e-01 -3.379273033584209219e-04 -2.287916381004393915e-02 1.157440485298950363e-04 3.379764872600821948e-04 9.999999361873550541e-01 -1.456383567329148226e-02
9.999999221345958755e-01 3.889503584542700044e-04 -6.669108147890057386e-05 -9.130055596891508210e-03 -3.889804230213197208e-04 9.999998224740075381e-01 -4.513835585470877296e-04 -2.442001161583189084e-02 6.651550393863524258e-05 4.514094649713189895e-04 9.999998959023365108e-01 -1.525691833543882207e-02
9.999998871628135166e-01 4.749937334636677826e-04 7.388116350868316191e-06 -8.841452578872253595e-03 -4.749912483495222280e-04 9.999998318085158155e-01 -3.328170568415125168e-04 -2.275629781695109877e-02 -7.546201027734957228e-06 3.328135100432530209e-04 9.999999445888586580e-01 -9.328003821156050784e-03
9.999999120590742363e-01 4.120907746517199336e-04 -7.786076810754473496e-05 -6.805464348011829208e-03 -4.121234005458755179e-04 9.999998270969636671e-01 -4.194774021404635298e-04 -2.187692609084989845e-02 7.768789197525348194e-05 4.195094535425922472e-04 9.999999089879483272e-01 -1.036851122855396781e-02
9.999999172519059565e-01 4.067062450037929209e-04 -9.244720874164921438e-06 -8.015735496387814060e-03 -4.067103671893141791e-04 9.999998158872169807e-01 -4.503478226099266583e-04 -2.464496384276363902e-02 9.061559998675252693e-06 4.503515453155113729e-04 9.999998985504278126e-01 -1.134714912841618996e-02
9.999999190293781259e-01 3.974236625225215373e-04 -6.320533759073915193e-05 -7.077370822730076269e-03 -3.974617077461656506e-04 9.999997391716853867e-01 -6.030602882249279633e-04 -2.460273216371599084e-02 6.296565077570362087e-05 6.030853611438525110e-04 9.999998161614148673e-01 -7.997729531783629581e-03
9.999999019827267022e-01 4.413059562393184315e-04 3.581657731709350146e-05 -1.232515856732706132e-02 -4.412994147846756050e-04 9.999998859852594624e-01 -1.824424877976750818e-04 -2.645791221968063489e-02 -3.589708608997176575e-05 1.824266641280625125e-04 9.999999827156988985e-01 -1.257494323794431865e-02
9.999999190304256214e-01 4.023718662047548423e-04 -5.937400844776114471e-06 -7.351283302681923919e-03 -4.023747447382944103e-04 9.999997975048470211e-01 -4.930373255868290795e-04 -2.244265518957288402e-02 5.739015394472731803e-06 4.930396747741061861e-04 9.999998784392063467e-01 -1.244138637746373607e-02
9.999999127288108358e-01 4.177678903478885554e-04 -3.403274555582556028e-06 -7.220314229249038401e-03 -4.177677919007918893e-04 9.999999123179823535e-01 2.889778561155785432e-05 -2.475114666568539387e-02 3.415346925754997745e-06 -2.889636126324830918e-05 9.999999995764089489e-01 -1.196529783193492173e-02
9.999999208610232948e-01 3.801810689176592290e-04 -1.172156815924644163e-04 -6.809005057872455011e-03 -3.802388783241644581e-04 9.999998059086808722e-01 -4.935605191481688822e-04 -2.352751601537053996e-02 1.170280165785389618e-04 4.936050500963484440e-04 9.999998713289803831e-01 -9.406534942375661262e-03
9.999998959687067535e-01 4.323761449484820316e-04 -1.453019303298932249e-04 -5.046777681586916801e-03 -4.324750045124236739e-04 9.999996745811197130e-01 -6.810315874688424717e-04 -2.100862997896776191e-02 1.450074213366711758e-04 6.810943561225077120e-04 9.999997575413719364e-01 -1.128529960369319129e-02
9.999999074463759019e-01 4.292663893822116204e-04 -2.892756853382864716e-05 -8.591706573844006337e-03 -4.292833344156358382e-04 9.999997347898672562e-01 -5.883341056621836825e-04 -2.307067429105943979e-02 2.867500890869542889e-05 5.883464693822955177e-04 9.999998265128100527e-01 -1.006468133226059471e-02
9.999998555070038764e-01 5.241637141682276100e-04 -1.193212518425485700e-04 -1.005995147099899081e-02 -5.242120120006944122e-04 9.999997805483453739e-01 -4.051000385865081554e-04 -2.323342244313807148e-02 1.191088870212691380e-04 4.051625297354799092e-04 9.999999108279304938e-01 -1.380881457964214763e-02
9.999998658499457127e-01 5.026560634932861291e-04 -1.250446048595073062e-04 -8.364137268819713672e-03 -5.027082069530655097e-04 9.999997865660004148e-01 -4.173169467101125259e-04 -2.359717106180032886e-02 1.248348113827193583e-04 4.173797517260636699e-04 9.999999051049359711e-01 -1.213345509854959516e-02
9.999998784344429348e-01 4.666048892286898887e-04 -1.594056115493044110e-04 -9.277017061792383959e-03 -4.667119795571253796e-04 9.999996650063600612e-01 -6.724344770700869597e-04 -2.446547021242213502e-02 1.590917970412184651e-04 6.725087918843185818e-04 9.999997612105662181e-01 -9.953261570557602606e-03
9.999999681502569349e-01 2.437816632801804160e-04 -6.533873229857856428e-05 -7.418276409929941244e-03 -2.438118108599021997e-04 9.999998636519467077e-01 -4.617931648067251805e-04 -2.606398439795190591e-02 6.522614679136445252e-05 4.618090805040456865e-04 9.999998912386859340e-01 -1.208103064797391539e-02
9.999999407660759010e-01 3.435237769113539189e-04 -2.141064459568150548e-05 -9.621194572208863205e-03 -3.435400631545618014e-04 9.999996481078746724e-01 -7.653531194289984584e-04 -2.296263552044534861e-02 2.114772017542546550e-05 7.653604295597224048e-04 9.999997068877788386e-01 -9.985169656348789891e-03
9.999999385046747236e-01 3.489026232030580620e-04 3.545073690525517421e-05 -9.816072345847772634e-03 -3.488927790165088591e-04 9.999999006852918759e-01 -2.773162252550624316e-04 -2.660948240285008343e-02 -3.554748963383216724e-05 2.773038397464322328e-04 9.999999609192037342e-01 -1.021877548535633784e-02
9.999999257410068232e-01 3.768994110370224365e-04 -8.039872785808184193e-05 -4.423295059635267909e-03 -3.769339003032748337e-04 9.999998367713806013e-01 -4.293938857167245459e-04 -2.431514063111610974e-02 8.023687654185260591e-05 4.294241588880924349e-04 9.999999045781874374e-01 -1.277216196322198544e-02
9.999999284823721801e-01 3.715838767588920872e-04 -7.042588971181919677e-05 -8.509985641965586017e-03 -3.716055077101722477e-04 9.999998837139673080e-01 -3.073800082707327870e-04 -2.832771454261931096e-02 7.031166417770652426e-05 3.074061569879774449e-04 9.999999502785833494e-01 -1.297536940300383912e-02
9.999999075365945123e-01 4.269259569122358473e-04 -5.157669162883110625e-05 -1.524778439912303357e-02 -4.269590600372814371e-04 9.999997017913266895e-01 -6.435249014388382070e-04 -2.497910791747661244e-02 5.130193887519471395e-05 6.435468631246961130e-04 9.999997916074717663e-01 -1.286372056387835583e-02
9.999998941446350820e-01 4.445483040900766463e-04 -1.186871581130338797e-04 -8.648689401727392007e-03 -4.445981550588814666e-04 9.999998128307213685e-01 -4.203237947075342705e-04 -2.463968096072456648e-02 1.185002817804108608e-04 4.203765183581583461e-04 9.999999046203472686e-01 -1.141097886148848342e-02
9.999998850913145443e-01 4.695113756274528461e-04 -9.682735085877975994e-05 -9.180179221894435235e-03 -4.695608236790638082e-04 9.999997590465520281e-01 -5.112930372665699420e-04 -2.306307784901128269e-02 9.658726974346018221e-05 5.113384448982625065e-04 9.999998646016547976e-01 -1.008287795475353021e-02
9.999998976750019697e-01 4.467940830346595299e-04 -7.088113520195648382e-05 -8.252392391668514349e-03 -4.468264737343829334e-04 9.999997954677380951e-01 -4.576152243746392859e-04 -2.191283166611544819e-02 7.067666104357362496e-05 4.576468491701952902e-04 9.999998927817946859e-01 -1.137769408265210461e-02
9.999999318806610527e-01 3.538430405626655380e-04 1.050374705941271066e-04 -1.001406068308014624e-02 -3.537957520039562947e-04 9.999998362165771759e-01 -4.498849890692150429e-04 -2.374172512044240430e-02 -1.051966419485889049e-04 4.498477966661449095e-04 9.999998932850204802e-01 -9.243575353896166247e-03
9.999998622318541086e-01 5.176151767203006349e-04 -8.723467285899901241e-05 -4.895437194086829820e-03 -5.176775820459430426e-04 9.999996090510977487e-01 -7.168742574853278126e-04 -1.966974376281285103e-02 8.686357387438200031e-05 7.169193182118354605e-04 9.999997392403825458e-01 -1.215755380062144217e-02
9.999999705508615389e-01 2.403421751750638776e-04 -3.365996905333615508e-05 -6.215995393813003242e-03 -2.403603394460959426e-04 9.999998249479227219e-01 -5.406775089291970034e-04 -2.235549737989393423e-02 3.353001566843786656e-05 5.406855835829432050e-04 9.999998532671174889e-01 -1.185633435738268904e-02
9.999998415808714070e-01 5.485437159124593835e-04 -1.262422083703416400e-04 -6.883326619944035718e-03 -5.485936786289860112e-04 9.999997710855861310e-01 -3.960743599005554327e-04 -2.362433905268235268e-02 1.260249154871388678e-04 3.961435528871620564e-04 9.999999135937068795e-01 -1.319161035105920893e-02
9.999999329225915945e-01 3.463609622705179176e-04 1.191132249821547963e-04 -9.074202245887374660e-03 -3.463418671610924543e-04 9.999999271770678710e-01 -1.602945039314052382e-04 -2.502779067594362861e-02 -1.191687359490227601e-04 1.602532393375258302e-04 9.999999800585611665e-01 -1.299689117698380088e-02
9.999998980567291751e-01 4.494700228380788583e-04 -4.315422293736336759e-05 -1.061029152181180817e-02 -4.494794394139454128e-04 9.999998751256846674e-01 -2.184445408680582513e-04 -2.403114774426867717e-02 4.305603339398666150e-05 2.184639155905435256e-04 9.999999752095509731e-01 -1.121537303587844675e-02
9.999999331120505985e-01 3.598010229189027034e-04 -6.571277145533098310e-05 -4.537250538581992856e-03 -3.598195941344870972e-04 9.999998952725182022e-01 -2.828179485173806730e-04 -2.405043179559191585e-02 6.561100650521705237e-05 2.828415743989620267e-04 9.999999578476204132e-01 -1.124116986135781024e-02
9.999999141363703492e-01 4.143671830718660015e-04 5.112023180493387533e-06 -1.133983594914527750e-02 -4.143645547830060666e-04 9.999997872112633690e-01 -5.038656912483861555e-04 -2.556083267180424626e-02 -5.320807380061132945e-06 5.038635298000512797e-04 9.999998730463075525e-01 -1.085164505077546200e-02
9.999999302547922797e-01 3.734309768523579086e-04 6.225159345712721830e-06 -7.299205569703601584e-03 -3.734257215579718839e-04 9.999995909058886356e-01 -8.238582937026194203e-04 -2.142904233526650090e-02 -6.532810885944279045e-06 8.238559116651741985e-04 9.999996606090194584e-01 -8.587037014518012282e-03
9.999999357171102110e-01 3.563918499151650038e-04 -3.936564359107500553e-05 -8.973157854244824885e-03 -3.564047003723892055e-04 9.999998830523387783e-01 -3.269131566157864937e-04 -2.426259768298127256e-02 3.924912992392406660e-05 3.269271657582040061e-04 9.999999457887611687e-01 -9.798672526041806927e-03
9.999999249568995996e-01 3.698305643935042913e-04 -1.153714468789830542e-04 -7.691039067727474879e-03 -3.699162503368598844e-04 9.999996551404717327e-01 -7.435604416478835098e-04 -2.163906166278565038e-02 1.150964158360999533e-04 7.436030636796208369e-04 9.999997169033031374e-01 -9.011787707730797847e-03
9.999999067968574629e-01 4.314523883553719242e-04 1.594137823068929717e-05 -1.003645804376525515e-02 -4.314450676688922725e-04 9.999998027708792980e-01 -4.564149341279266875e-04 -2.348590400148445334e-02 -1.613829627726911685e-05 4.564080138172780490e-04 9.999998957153267698e-01 -1.126473378622191122e-02
9.999999037464752938e-01 4.226288945289542525e-04 -1.178595152701383223e-04 -1.140397737892207691e-02 -4.226812749813236279e-04 9.999998117649835372e-01 -4.447603670779972209e-04 -2.489558592559466821e-02 1.176715246259510856e-04 4.448101413363280765e-04 9.999998941483601023e-01 -1.220659659765624926e-02
9.999999353339512620e-01 3.589520829901337012e-04 2.201127918851383640e-05 -9.135489139383773730e-03 -3.589412509281283644e-04 9.999998154514212478e-01 -4.901627883035097498e-04 -2.564115877139788724e-02 -2.218721995597698518e-05 4.901548559087753019e-04 9.999998796276537982e-01 -1.368235966802778744e-02
9.999999381417965516e-01 3.202195406719746985e-04 -1.455157834043161954e-04 -8.515084068327937947e-03 -3.202740660893437993e-04 9.999998784621599857e-01 -3.748352376328017944e-04 -2.412813519210384866e-02 1.453957362759067385e-04 3.748818194361835444e-04 9.999999191615346339e-01 -1.234895394126357161e-02
9.999998930627943539e-01 4.491686033095322757e-04 -1.100952010739885908e-04 -7.982889561919621901e-03 -4.492175507628906627e-04 9.999998001030236949e-01 -4.449705415220142320e-04 -2.426005516149774138e-02 1.098953123952855067e-04 4.450199506934487178e-04 9.999998949398120063e-01 -8.574467438738818392e-03
9.999999455130970105e-01 3.247787346702714632e-04 -5.908940183511606089e-05 -3.958866342287157072e-03 -3.248120835153312674e-04 9.999997874973396428e-01 -5.652465605398743253e-04 -2.249471476687593327e-02 5.890580934215058933e-05 5.652657227522524860e-04 9.999998385020550939e-01 -8.109191146219165217e-03
9.999999407449424726e-01 3.355632157980665219e-04 -7.685319521678737398e-05 -6.090852813056322687e-03 -3.355789146268465411e-04 9.999999228150827646e-01 -2.043475453716140939e-04 -2.384867105601934378e-02 7.678461789251338849e-05 2.043733236337197477e-04 9.999999761675159027e-01 -1.516320026711294282e-02
9.999999203496732214e-01 3.979296988061632083e-04 -3.084750954522310430e-05 -6.096916333632013477e-03 -3.979436565190526583e-04 9.999998178565772111e-01 -4.537939702616496400e-04 -2.499436202459203935e-02 3.066692595644988288e-05 4.538062097470689548e-04 9.999998965594077971e-01 -9.925966029819471154e-03
9.999999151481456794e-01 4.026349364327434896e-04 -8.710780154806228978e-05 -8.966648341911503256e-03 -4.026752669202216732e-04 9.999998115232952012e-01 -4.634731085528989280e-04 -2.209776053370144516e-02 8.692117479314557789e-05 4.635081454433676983e-04 9.999998888021282006e-01 -1.071829759943998713e-02
9.999999226503891725e-01 3.928319833433476741e-04 -1.952436205540307153e-05 -8.915974889969693548e-03 -3.928386773863297085e-04 9.999998636582927425e-01 -3.440385116501717359e-04 -2.358628323599660029e-02 1.938921019179028345e-05 3.440461550233172953e-04 9.999999406278277103e-01 -1.140576073657907467e-02
9.999999283593415944e-01 3.760608615881902254e-04 4.311014611319329362e-05 -9.709461109371852680e-03 -3.760491555244922009e-04 9.999998925119418791e-01 -2.712277172561072336e-04 -2.089210252939114124e-02 -4.321213947836528493e-05 2.712114863510465559e-04 9.999999622881967642e-01 -1.421902604034225304e-02
9.999999208772101245e-01 3.796835967350549413e-04 1.186797252701972318e-04 -8.549170512441089595e-03 -3.796575766591943411e-04 9.999999039080361696e-01 -2.191925851390918003e-04 -2.458751385152997682e-02 -1.187629375643416054e-04 2.191475101990945007e-04 9.999999689345420162e-01 -1.212753487304455216e-02
9.999998929097035916e-01 4.481684454601417918e-04 1.154320386252544048e-04 -9.653844752476386723e-03 -4.481528161060068308e-04 9.999998904150009249e-01 -1.353897911571822486e-04 -2.579069145993603818e-02 -1.154927032763781986e-04 1.353380455251552983e-04 9.999999841721987082e-01 -1.394931180978570447e-02
9.999998628251071109e-01 5.198694210870720639e-04 -6.390988550007043226e-05 -4.837895226128426790e-03 -5.198923110145029858e-04 9.999998005364671982e-01 -3.586647127532553627e-04 -2.233675675683486489e-02 6.372341406780463379e-05 3.586978898721251497e-04 9.999999336372459302e-01 -1.052133708225628898e-02
9.999999204461186286e-01 3.987050004258472493e-04 1.187406515453713575e-05 -3.556560150354555472e-03 -3.987004352685774621e-04 9.999998475484667138e-01 -3.820240584833852491e-04 -2.482987256389690423e-02 -1.202637811395980297e-05 3.820192939578525150e-04 9.999999269579815664e-01 -9.448626310892058525e-03
9.999999321560079091e-01 3.590423342847588999e-04 -8.231335831216589046e-05 -6.197170230802529975e-03 -3.590819050081367090e-04 9.999998197434870617e-01 -4.812219479083475649e-04 -2.285239967656412310e-02 8.214056455650736071e-05 4.812514725591657120e-04 9.999998808246371995e-01 -1.090791872835877863e-02
9.999999385084948900e-01 3.500806535111820276e-04 -2.062625663325852367e-05 -8.695409626145305174e-03 -3.500943213232346886e-04 9.999997166716372288e-01 -6.664022849152146516e-04 -2.266369593135048044e-02 2.039295637590824047e-05 6.664094651343468057e-04 9.999997777409206368e-01 -1.204019883992153359e-02
9.999999279521289974e-01 3.760839924122386341e-04 5.153116145609281751e-05 -9.139687727922628929e-03 -3.760779654102308135e-04 9.999999224482464255e-01 -1.169199231377684263e-04 -2.326836788777967777e-02 -5.157512903639800141e-05 1.169005350408815766e-04 9.999999918368034368e-01 -1.351953021350464981e-02
9.999999206998783086e-01 3.792869074476941361e-04 -1.214107269650070497e-04 -2.234100805715193497e-03 -3.792975927405909959e-04 9.999999241955644935e-01 -8.799780863802838225e-05 -2.704334458678592928e-02 1.213773414802414227e-04 8.804385251774880209e-05 9.999999887575771185e-01 -1.250032670357250839e-02
9.999999731820428117e-01 2.312733905730909520e-04 -1.214129269299138968e-05 -6.330986995179249156e-03 -2.312773964977840157e-04 9.999999184832817356e-01 -3.309767648856700166e-04 -2.289732101090804009e-02 1.206474572085691668e-05 3.309795640783099574e-04 9.999999451531489392e-01 -1.202232390199091047e-02
9.999999082011928886e-01 4.274655194986584747e-04 -2.949078626499772427e-05 -8.081623352828620072e-03 -4.274751494054855648e-04 9.999998550683969478e-01 -3.273066074763430729e-04 -2.252731562074922547e-02 2.935086983871308371e-05 3.273191840707392430e-04 9.999999460000016382e-01 -1.220686722486681586e-02
9.999999330442892465e-01 3.646966509797281504e-04 -3.011034301145724173e-05 -5.461945286361003654e-03 -3.647039482579469039e-04 9.999999040447188348e-01 -2.426994583467628351e-04 -2.448983427763636034e-02 3.002182858010868892e-05 2.427104235202731989e-04 9.999999700948321024e-01 -1.178687461582999564e-02
9.999998927337624410e-01 4.625795569455351183e-04 2.348343421675073964e-05 -6.576215110231852998e-03 -4.625739369495483603e-04 9.999998645089595017e-01 -2.387653015910076422e-04 -2.414611754757145859e-02 -2.359387884401932027e-05 2.387544132178336055e-04 9.999999712194901358e-01 -1.253308479884826174e-02
9.999999063874933647e-01 4.319523970403751738e-04 -2.531752420339309029e-05 -2.710855352662749559e-03 -4.319660146890576323e-04 9.999997607109563091e-01 -5.403562303416427608e-04 -2.225730692621426948e-02 2.508411011530786223e-05 5.403671161312439833e-04 9.999998536867327203e-01 -1.001022696568651220e-02
9.999999178311137493e-01 4.050870039988189010e-04 1.552807512720958953e-05 -5.511474521754885537e-03 -4.050839133948491060e-04 9.999998982475033493e-01 -1.985282813287606962e-04 -2.298534976924724443e-02 -1.560849463398548731e-05 1.985219749058490346e-04 9.999999801723584714e-01 -1.240117183524443341e-02
9.999999184129834129e-01 3.981139327965255831e-04 6.839699959141494446e-05 -5.030428133458569699e-03 -3.980824874894837995e-04 9.999998153572920989e-01 -4.591483375817539351e-04 -2.017431731221957028e-02 -6.857978017214096990e-05 4.591210725375582599e-04 9.999998922519787170e-01 -1.120755506202128320e-02
9.999999622067424765e-01 2.346160577555735083e-04 1.433200476250229608e-04 -7.714878022832352862e-03 -2.345757455974971503e-04 9.999999329437024853e-01 -2.812264212609402823e-04 -2.490217890344859422e-02 -1.433860181073184188e-04 2.811927912895188135e-04 9.999999501851867256e-01 -1.149099623026994706e-02
9.999999371378884838e-01 3.405962268952587965e-04 9.857604128120847219e-05 -7.249835943953343055e-03 -3.405632596038681860e-04 9.999998861442460640e-01 -3.342598681382292179e-04 -2.496278225631011136e-02 -9.868987756557069777e-05 3.342262758124671797e-04 9.999999392762051187e-01 -1.318645366287816804e-02
9.999998812211822186e-01 4.864012012622430576e-04 -3.114947444650170813e-05 -9.577185216018212210e-03 -4.864109064687391543e-04 9.999998329311021728e-01 -3.123198752778044208e-04 -2.515660560331980586e-02 3.099755662246769675e-05 3.123349896896421914e-04 9.999999507426547973e-01 -1.077345300366732220e-02
9.999998956674842621e-01 4.543665236229031137e-04 -4.706240500241145425e-05 -7.540956350129317601e-03 -4.543867613149235748e-04 9.999998039288626739e-01 -4.309018708344505301e-04 -2.132141747583639335e-02 4.686660853292895750e-05 4.309232104763572571e-04 9.999999060540013529e-01 -9.527600020738106329e-03
9.999999206791112538e-01 3.846109047956736788e-04 1.035132890941704061e-04 -7.533119900590888769e-03 -3.845590855577696115e-04 9.999998009774780927e-01 -5.001608112644939869e-04 -2.382600723028132847e-02 -1.037056356509087781e-04 5.001209646811015505e-04 9.999998695617230426e-01 -7.957484485971109620e-03
9.999999402668430237e-01 3.062148355186131371e-04 1.603045618604123374e-04 -8.002777772813220517e-03 -3.061695007949178662e-04 9.999999131563924726e-01 -2.827525003258572886e-04 -2.375712199063896926e-02 -1.603911308047158710e-04 2.827034031339709010e-04 9.999999471763832970e-01 -1.025137553076630598e-02
9.999999361173351753e-01 3.409722832283267925e-04 1.072473073300069684e-04 -6.382890327129134983e-03 -3.409490492504039442e-04 9.999999184233470118e-01 -2.165839010738305234e-04 -2.397043779962854115e-02 -1.073211475431595048e-04 2.165473214360212856e-04 9.999999707943617588e-01 -1.422261718643506000e-02
9.999999600440758751e-01 2.797665498434920035e-04 4.051259688189966744e-05 -1.007560652436511293e-03 -2.797426754399433757e-04 9.999997879290423164e-01 -5.881219735167143338e-04 -2.550904524325807096e-02 -4.067712499997310394e-05 5.881106169820177546e-04 9.999998262352680634e-01 -1.045586445843353987e-02
9.999999112694553105e-01 3.780670288802276879e-04 1.858094147128736028e-04 -6.042877255744822339e-03 -3.780104479964918130e-04 9.999998822094072759e-01 -3.044516896042135930e-04 -2.324032366103906053e-02 -1.859244958253866524e-04 3.043814247562433056e-04 9.999999363916577400e-01 -1.078935152651248550e-02
9.999999329002974280e-01 3.234581423508882305e-04 1.719678883955348193e-04 -1.171311296964861262e-02 -3.234022223617804420e-04 9.999998948593478154e-01 -3.251059264541541821e-04 -2.577086026990229456e-02 -1.720730283264884164e-04 3.250502899089734144e-04 9.999999323662315254e-01 -1.344874293866834755e-02
9.999999257875835657e-01 3.847333425216665245e-04 2.009464168826132521e-05 -6.608434330658179492e-03 -3.847242672224175587e-04 9.999998248790159527e-01 -4.497007359712757108e-04 -2.443342456204701182e-02 -2.026765288877071711e-05 4.496929717686977543e-04 9.999998986823623870e-01 -1.038861890091726317e-02
9.999999320923067536e-01 3.655993236924355745e-04 -4.638121312771350472e-05 -8.809904559699354917e-03 -3.656126431936271249e-04 9.999998918393478986e-01 -2.874896044784476957e-04 -2.416074177567048217e-02 4.627610225453560408e-05 2.875065425806931922e-04 9.999999575988930411e-01 -1.212295854237339411e-02
9.999999264075672967e-01 3.809723492547277155e-04 -4.520638875125963178e-05 -2.757583942900235403e-03 -3.809958282654336901e-04 9.999997919593920370e-01 -5.205045106418091944e-04 -2.431625998676091235e-02 4.500808166937182009e-05 5.205216958499210046e-04 9.999998635153457549e-01 -1.175414052861262215e-02
9.999998878815592462e-01 4.717527069890993497e-04 4.104787835098713312e-05 -6.392990121212154334e-03 -4.717269037507051889e-04 9.999996925673638737e-01 -6.263709036566027883e-04 -2.014982673221710902e-02 -4.134335775099641638e-05 6.263514701085325402e-04 9.999998029868965022e-01 -9.586650203101163004e-03
9.999998917806042220e-01 4.644946869171697129e-04 2.611760058457757825e-05 -7.880967317436548408e-03 -4.644865783107548184e-04 9.999998441937770766e-01 -3.096227575114815587e-04 -2.241869600595197687e-02 -2.626141449042021864e-05 3.096105927972469304e-04 9.999999517254407611e-01 -1.138280271028748077e-02
9.999999042027604146e-01 4.229263523634536372e-04 1.128114422957879814e-04 -4.267309139623411303e-03 -4.228947048592068565e-04 9.999998712654123434e-01 -2.804119255775700957e-04 -2.216409002587234334e-02 -1.129300212143568682e-04 2.803641914213664027e-04 9.999999543209945330e-01 -1.207826983296156516e-02
9.999999274588566855e-01 3.763496330575049611e-04 5.866748437414000581e-05 -6.862638886791580170e-03 -3.763094939374942772e-04 9.999996961581124610e-01 -6.826979395690314228e-04 -2.077060263323984163e-02 -5.892439951535170963e-05 6.826758129830400382e-04 9.999997652404255533e-01 -7.869733772159104301e-03
9.999999109961905663e-01 4.218959107772515078e-04 -3.174578629870018396e-06 -3.317622152926844037e-03 -4.218976051009770993e-04 9.999997574980787896e-01 -5.540828747147888943e-04 -2.090746621617552495e-02 2.940812713875942739e-06 5.540841648154345642e-04 9.999998464906594275e-01 -1.186610703883974292e-02
9.999998769076928751e-01 4.314896734629527922e-04 2.449487191160386215e-04 -1.618802181109284602e-02 -4.314321227491716522e-04 9.999998793321172030e-01 -2.349547196482287587e-04 -2.287802216580641854e-02 -2.450500699398153528e-04 2.348490120498212923e-04 9.999999423978246371e-01 -1.377580919868722810e-02
9.999999621964422714e-01 2.703332293773600846e-04 5.025594934261526088e-05 -4.340234327712477053e-03 -2.703128691992869102e-04 9.999998815760059445e-01 -4.046981354346658628e-04 -2.495833467815293527e-02 -5.036534659042340403e-05 4.046845353747954301e-04 9.999999168464972499e-01 -9.359611038158070773e-03
9.999999126548620998e-01 4.101347833143286436e-04 -8.048799026608684042e-05 -3.013136169381279428e-03 -4.101638429589135647e-04 9.999998505937841564e-01 -3.613581226805845413e-04 -2.219958457560747625e-02 8.033977286055611578e-05 3.613911044501720050e-04 9.999999314706113918e-01 -1.098376002229315904e-02
9.999999243071504562e-01 3.834219082053542385e-04 6.612042837396028383e-05 -5.022839520794282128e-03 -3.834026235616619675e-04 9.999998840370570852e-01 -2.914274677120616531e-04 -2.276917153250582193e-02 -6.623216022599319789e-05 2.914020949765435157e-04 9.999999553486745851e-01 -1.153109732528088960e-02
9.999999028508523846e-01 4.338959924210307223e-04 7.766028007330485138e-05 -9.009638560945755492e-03 -4.338625839629164623e-04 9.999998135658308973e-01 -4.296896977529174278e-04 -2.349777749713818920e-02 -7.784670607558760507e-05 4.296559621888455045e-04 9.999999046674304948e-01 -9.074288105379723843e-03
9.999998999767346630e-01 4.469623643609600986e-04 1.642313755649190148e-05 -8.774228998374988819e-03 -4.469584466284381302e-04 9.999998718427490774e-01 -2.377904808177659039e-04 -2.264387992916440384e-02 -1.652941868950959367e-05 2.377831166427150824e-04 9.999999715925932398e-01 -1.138346521786344490e-02
9.999999028901398468e-01 4.406600375477987453e-04 -6.081522942009921008e-06 -4.952212545814725989e-03 -4.406609795107390651e-04 9.999998907809507509e-01 -1.557487511701237837e-04 -2.052967742934660306e-02 6.012890185786977392e-06 1.557514160049179933e-04 9.999999878522773944e-01 -1.427879198054500011e-02
9.999999586444301425e-01 2.815903007398814768e-04 -5.845143964943622799e-05 -1.375598606231572332e-03 -2.816118187258511915e-04 9.999998924700543856e-01 -3.684512925463669054e-04 -2.512798811703725183e-02 5.834768121311788573e-05 3.684677379954179582e-04 9.999999304131386157e-01 -1.255015065181805389e-02
9.999999422597634080e-01 3.375351923568571406e-04 -3.935710900731670544e-05 -8.598231710411657902e-03 -3.375488766508554384e-04 9.999998824074869397e-01 -3.482060677798373455e-04 -2.202414081361200177e-02 3.923957273718468625e-05 3.482193326928413016e-04 9.999999386013753711e-01 -1.374645966714537274e-02
9.999999207313913230e-01 3.711033890374993327e-04 1.442844139077777382e-04 -5.855718140425568083e-03 -3.710271430667311612e-04 9.999997917195945218e-01 -5.281110965521154232e-04 -2.087418432056699705e-02 -1.444803675129450158e-04 5.280575213268089412e-04 9.999998501399257611e-01 -8.267039268732952889e-03
9.999999224769988704e-01 3.925095070625595622e-04 -3.131736671202193958e-05 -6.040086767503360411e-03 -3.925217708084190508e-04 9.999998459157839470e-01 -3.925516236415321769e-04 -2.202897493568036977e-02 3.116328180360864613e-05 3.925638860291792405e-04 9.999999224608149273e-01 -1.053954817650468515e-02
9.999999204487878268e-01 3.924089351620594582e-04 -7.152711279769809714e-05 -5.232292894744645061e-03 -3.924501529416990985e-04 9.999997564400106009e-01 -5.771520700463101620e-04 -2.150625392564106675e-02 7.130061590931206187e-05 5.771800950313494888e-04 9.999998308892581456e-01 -1.012302548983409420e-02
9.999999517095977675e-01 3.090098318842069282e-04 -3.304838729663022459e-05 -1.097344726240378869e-02 -3.090294966249099227e-04 9.999997742349161500e-01 -5.966846797519478668e-04 -2.309283502618269396e-02 3.286399856558489544e-05 5.966948639364522610e-04 9.999998214371718097e-01 -8.144312536501595659e-03
9.999998898084113685e-01 4.666046356483224641e-04 -5.159201600413691616e-05 -1.044167155196486403e-02 -4.666054531396090425e-04 9.999998910152037013e-01 -1.583216150862767294e-05 -2.083950033595031309e-02 5.158462318489001662e-05 1.585623295138015570e-05 9.999999985433895011e-01 -1.532670722019675164e-02
9.999999187606208872e-01 3.936851259417412032e-04 -8.654026335167713021e-05 -3.021719233784531632e-03 -3.936941625006833080e-04 9.999999170508460100e-01 -1.044267133317733896e-04 -2.054166804780208078e-02 8.649914509351901344e-05 1.044607753165350937e-04 9.999999908025052342e-01 -1.053760152169964243e-02
9.999999673120009147e-01 2.546325042829208928e-04 2.316711639699758061e-05 -3.868310122723830902e-03 -2.546222876200659232e-04 9.999998708097469491e-01 -4.399428552663163430e-04 -2.336312906212283103e-02 -2.327913699014239318e-05 4.399369420941196592e-04 9.999999029563593211e-01 -8.616764389737220642e-03
9.999998780241629026e-01 4.804341375621395374e-04 -1.145998076702898388e-04 -4.643987532837461248e-03 -4.804459117058505432e-04 9.999998793094896365e-01 -1.027349647661277140e-04 -2.183729840156384966e-02 1.145504366203794653e-04 1.027900113163995421e-04 9.999999881557815051e-01 -1.112715270195355557e-02
9.999999411040386699e-01 3.428429536031280434e-04 1.578077495601666364e-05 -8.519914188966993054e-03 -3.428353822649495594e-04 9.999998273166460505e-01 -4.773178441669516706e-04 -2.870530154097972186e-02 -1.594441712424281559e-05 4.773124059203004920e-04 9.999998859588872246e-01 -7.317275062013336127e-03
9.999999016574857569e-01 4.424412294117442278e-04 3.048227237143803989e-05 -6.070189860180205850e-03 -4.424373082400940454e-04 9.999998938656852188e-01 -1.285285835810997179e-04 -2.658028331767750552e-02 -3.053913531377997002e-05 1.285150845197336042e-04 9.999999912751856845e-01 -1.258010956160967100e-02
9.999999277580502444e-01 3.801073572088230386e-04 -8.186727296734961831e-07 -6.345037293149504223e-03 -3.801074099132990759e-04 9.999999256334121123e-01 -6.521719511504327216e-05 -2.084493941789315047e-02 7.938833007603993889e-07 6.521750166032089159e-05 9.999999978725883087e-01 -1.065378634545355828e-02
9.999998986397307110e-01 4.501149600114445737e-04 1.074327125661755567e-05 -7.183977285549108908e-03 -4.501083709037818166e-04 9.999997152938893130e-01 -6.056536594031346850e-04 -2.277699322410234317e-02 -1.101588180228269779e-05 6.056487624521377476e-04 9.999998165336574374e-01 -8.016398121511666280e-03
9.999999607087325382e-01 2.117831639461925609e-04 1.836539650897977486e-04 -1.200728071648374251e-02 -2.117449681248944986e-04 9.999999559566785656e-01 -2.079722935788371374e-04 -2.709188037389483744e-02 -1.836980018621139129e-04 2.079333976784061996e-04 9.999999615089290028e-01 -1.168993544268036311e-02
9.999999537783489378e-01 2.715062832577830321e-04 1.368428982100818622e-04 -3.677515505807934723e-03 -2.714153100496487724e-04 9.999997424660118650e-01 -6.643819760420573107e-04 -2.142242493992345398e-02 -1.370232466794760325e-04 6.643448041509078441e-04 9.999997699348315283e-01 -1.017575623358393626e-02
9.999998814342913045e-01 4.738668886762908462e-04 1.121601654023535535e-04 3.484782371228299473e-03 -4.738702019806604834e-04 9.999998872888303802e-01 2.951498580740230526e-05 -2.247747437257070768e-02 -1.121461664155192839e-04 -2.956813159404750660e-05 9.999999932740298858e-01 -1.341382219862615605e-02
9.999997935040306762e-01 2.789078093041160236e-04 5.789651495686745815e-04 5.604864029611631923e-03 -2.789664244986785166e-04 9.999999559727995591e-01 1.011628126447938151e-04 -2.281437463791894174e-02 -5.789369088080601128e-04 -1.013243035184779910e-04 9.999998272822500089e-01 -9.872215275424459438e-03
9.999988381805269277e-01 1.774804787667851296e-04 1.513980375556339339e-03 -6.017796982595456992e-03 -1.773835315861521916e-04 9.999999822096201640e-01 -6.416875639237340414e-05 -2.385846553723723618e-02 -1.513991737149831531e-03 6.390012672916864410e-05 9.999988518717778385e-01 -5.985873136280078430e-03
9.999955186814349917e-01 2.244533647778511006e-04 2.985336835879395540e-03 -1.810865298145904884e-02 -2.262707527034767097e-04 9.999997892973928604e-01 6.084476222906010177e-04 -2.809638441023773817e-02 -2.985199638568483693e-03 -6.091203899817953333e-04 9.999953587664993648e-01 -1.355212702197169244e-02
9.999950455932475890e-01 3.042675680889372664e-04 3.133082903659118162e-03 -4.949834898991471027e-02 -3.065852507308480909e-04 9.999996797277577176e-01 7.392913258769439125e-04 -2.849972124578590768e-02 -3.132856957668328154e-03 -7.402482200604186633e-04 9.999948186060357846e-01 -1.529425459199767676e-02
9.999946444108879229e-01 2.697063117998352278e-04 3.261656988337705877e-03 -7.168392791601610470e-02 -2.734738384635258660e-04 9.999992959348026345e-01 1.154705054810854434e-03 -2.496711583153607417e-02 -3.261343260498561838e-03 -1.155590848467819183e-03 9.999940141065760679e-01 -1.979923732382952994e-02
9.999939374832359507e-01 -5.836447959719418694e-06 3.482091463350765401e-03 -1.037157877895049929e-01 1.805413437887049370e-06 9.999993299228742138e-01 1.157649495191328658e-03 -2.696773198311347083e-02 -3.482095886462600095e-03 -1.157636190233229424e-03 9.999932674202040017e-01 -2.279728658412139009e-02
9.999933162842793433e-01 3.099610052788119157e-05 3.656012068764775708e-03 -1.409579412866317771e-01 -3.343557120368056084e-05 9.999997768707955537e-01 6.671898067212528403e-04 -2.711815143092937905e-02 -3.655990572539185354e-03 -6.673075881907556631e-04 9.999930941924330963e-01 -2.245274636736385027e-02
9.999929246811647410e-01 -3.300443881589171040e-04 3.747219840659305173e-03 -1.810938256994560347e-01 3.268055008137976582e-04 9.999995725535978375e-01 8.649234699125104599e-04 -3.009913291157453180e-02 -3.747503701880128789e-03 -8.636927381713376374e-04 9.999926050976033487e-01 -2.466255364907177575e-02
9.999928736868509693e-01 -7.389961354917293918e-04 3.702223444541047782e-03 -2.176200794438254982e-01 7.379386105460212326e-04 9.999996865385974987e-01 2.870037314279234126e-04 -2.376298555854966174e-02 -3.702434378503854234e-03 -2.842696724481144155e-04 9.999931055609593278e-01 -2.154546055704956165e-02
9.999928845174991254e-01 -9.917267090546496959e-04 3.639696511984358545e-03 -2.804514546384536677e-01 9.883540720555701597e-04 9.999990807011471805e-01 9.283075585075392221e-04 -2.769980906340702848e-02 -3.640613793233483247e-03 -9.247036442071595403e-04 9.999929454018149366e-01 -2.846347403002559909e-02
9.999924761186363975e-01 -1.579782751842201188e-03 3.542878879392503434e-03 -3.306382730037850659e-01 1.578047679199836304e-03 9.999986336158678268e-01 4.924771669504098308e-04 -2.496786359675556149e-02 -3.543652045210581806e-03 -4.868826297405410772e-04 9.999936027167868335e-01 -2.974987485169776694e-02
9.999913964153619439e-01 -2.304366278598340111e-03 3.449201280404058309e-03 -3.925356179935394207e-01 2.301546055338471019e-03 9.999970140974796529e-01 8.213913357801251505e-04 -2.910508699415646078e-02 -3.451083767737982751e-03 -8.134457731930097146e-04 9.999937141431471943e-01 -2.825805909297471677e-02
9.999895530152376200e-01 -3.353637523505814243e-03 3.105957806507688226e-03 -4.588003566048505788e-01 3.347793383971000777e-03 9.999926197239524805e-01 1.884881677300378469e-03 -2.979654620660170811e-02 -3.112256093418728792e-03 -1.874463880900742365e-03 9.999934001013035534e-01 -3.139195404247394072e-02
9.999843066375800893e-01 -4.909498894882204784e-03 2.698758472913469555e-03 -5.311357609172112637e-01 4.904029187016608650e-03 9.999859154222812130e-01 2.029644464970903513e-03 -2.795845110325080943e-02 -2.708684999114440752e-03 -2.016377822631048103e-03 9.999942986062685391e-01 -2.451076497597670656e-02
9.999728958411640001e-01 -6.890179546778109516e-03 2.594803840670456552e-03 -6.016891806589309555e-01 6.882345664014951313e-03 9.999717681660406088e-01 3.015989208933581110e-03 -3.744902672010037153e-02 -2.615511291576070197e-03 -2.998049126049485112e-03 9.999920853692323419e-01 -2.259668026365086596e-02
9.999571102441242587e-01 -8.952143406904061740e-03 2.374194337148651489e-03 -6.846470321516272550e-01 8.944694960676497983e-03 9.999550982268124999e-01 3.129530977130253171e-03 -3.256428712514686241e-02 -2.402103741532517732e-03 -3.108160308115785059e-03 9.999922845882823763e-01 -2.284844900059912823e-02
9.999303366543607074e-01 -1.158534269166243066e-02 2.258687917259655491e-03 -7.596713371202430398e-01 1.157746082434679170e-02 9.999269512451004482e-01 3.471970105730005484e-03 -3.558655744409396082e-02 -2.298746886225100632e-03 -3.445578365728895007e-03 9.999914218389329701e-01 -2.243398889328011153e-02
9.998966372666324709e-01 -1.428258681286282729e-02 1.649998452666415595e-03 -8.401038711664002845e-01 1.427672330556708884e-02 9.998919133190287134e-01 3.512385620784892054e-03 -3.933060230629722293e-02 -1.699986062174854793e-03 -3.488465999572010288e-03 9.999924702973143065e-01 -2.021690445168430189e-02
9.998495110947535069e-01 -1.732627769763911765e-02 8.690585673909820980e-04 -9.097299745755673683e-01 1.732287251726241303e-02 9.998427887647914902e-01 3.783628507239361442e-03 -4.470626420221976427e-02 -9.344781396574266619e-04 -3.768004522283866474e-03 9.999924644173516786e-01 -1.887203738117211246e-02
9.997955389328915254e-01 -2.020968936511191930e-02 6.699132098546781849e-04 -1.001977809094734884e+00 2.020731451199110282e-02 9.997900975293116943e-01 3.380136747716091898e-03 -4.068836412878128195e-02 -7.380841069156846013e-04 -3.365908494350557806e-03 9.999940629277834780e-01 -1.459998031235584456e-02
9.997165259893440181e-01 -2.380290992054823196e-02 5.377184700666963598e-04 -1.076746947231552731e+00 2.380075112147988017e-02 9.997098139089900526e-01 3.716479786161231997e-03 -4.980951653554758357e-02 -6.260254650327587173e-04 -3.702628157179958628e-03 9.999929492930432762e-01 -1.756186970986316209e-02
9.996193803922701626e-01 -2.757983432022165574e-02 6.686412134863496757e-04 -1.159888615247132382e+00 2.757730963049629877e-02 9.996134426176426224e-01 3.529494800739634095e-03 -5.683736929202243271e-02 -7.657256269422236996e-04 -3.509712079965021051e-03 9.999935477713479681e-01 -2.231246312372918428e-02
9.995034827382305309e-01 -3.150477454943616945e-02 4.870038545837462830e-04 -1.214997335402483891e+00 3.150300228123521784e-02 9.994982198922698347e-01 3.296859317017394615e-03 -5.321449133461152864e-02 -5.906262950551809370e-04 -3.279880285842111474e-03 9.999944467569966688e-01 -2.150360134410696580e-02
9.993852647648160392e-01 -3.505727887030894718e-02 2.824308295615902834e-04 -1.311549503743528300e+00 3.505570874849155139e-02 9.993757721129157279e-01 4.377602056285523520e-03 -6.368142332090218072e-02 -4.357213442456474208e-04 -4.365010177082830067e-03 9.999903783697123849e-01 -2.265617480695100716e-02
9.992493629772084551e-01 -3.873617089253905688e-02 4.686706957679678950e-04 -1.379809952367833326e+00 3.873255279571716225e-02 9.992306035377768181e-01 6.163627939066847368e-03 -7.157161344612966714e-02 -7.070654471707304512e-04 -6.140848479207164368e-03 9.999808948361665895e-01 -2.110735274116124632e-02
9.990763270458430378e-01 -4.296912724046546977e-02 3.831954631727334769e-04 -1.467861754477447045e+00 4.296583275076058112e-02 9.990563594183762275e-01 6.350427044827053162e-03 -7.632817207802876369e-02 -6.557061719151611838e-04 -6.328097014870782966e-03 9.999797624134768581e-01 -1.885349487875211116e-02
9.988848460292104603e-01 -4.721252351284792315e-02 2.049261347580969570e-04 -1.546155108519231769e+00 4.720999741212397738e-02 9.988612747154416160e-01 6.882588184116177413e-03 -7.778184543837049492e-02 -5.296371364699875572e-04 -6.865238476216685079e-03 9.999762937110515670e-01 -2.296834177758191528e-02
9.986171154109085846e-01 -5.257111266895178603e-02 3.673133620892765020e-04 -1.611723430151369874e+00 5.256724945589533182e-02 9.985927460420207513e-01 7.015115025641388037e-03 -9.363599101791840462e-02 -7.355888611154136943e-04 -6.986105277983174940e-03 9.999753263161003103e-01 -2.788159433299064113e-02
9.983266118472657880e-01 -5.782688301172394379e-02 1.663630334918268176e-04 -1.698811810329351024e+00 5.782448998683662605e-02 9.983044859881829991e-01 6.669453917627466734e-03 -9.647531902931008596e-02 -5.517546938939038191e-04 -6.648673474825900730e-03 9.999777451057091371e-01 -3.013916455718320883e-02
9.979619541760524903e-01 -6.381140813445482229e-02 -2.054433144536863746e-04 -1.787298670095927910e+00 6.381131900412802260e-02 9.979385372138821486e-01 6.840432172053314760e-03 -1.086535457827307039e-01 -2.314778082500114679e-04 -6.839600666640901702e-03 9.999765828656478339e-01 -2.371769283296934483e-02
9.975217205155307854e-01 -7.035617845361301359e-02 -6.521127766762640403e-04 -1.881475033470112024e+00 7.035917843262978755e-02 9.974859056037356231e-01 8.453054720786447665e-03 -1.180433748390978255e-01 5.574867737616931137e-05 -8.477987807841130125e-03 9.999640596610080978e-01 -2.183474447703843968e-02
9.970172834792347949e-01 -7.717758566699588207e-02 -3.958689536613136674e-04 -1.969830749001574732e+00 7.717757807739475395e-02 9.969645471903197942e-01 1.026221660468189072e-02 -1.245590695932374398e-01 -3.973457888143873558e-04 -1.026215952869721088e-02 9.999472637079602766e-01 -2.743694815807918783e-02
9.964097300992538209e-01 -8.466162481992826894e-02 -2.429903375186759883e-04 -2.063067667248255965e+00 8.465948804787336301e-02 9.963543814923191411e-01 1.052224151322650111e-02 -1.362528781806158495e-01 -6.487255756160430643e-04 -1.050503526375053467e-02 9.999446101600509840e-01 -2.498619302273847806e-02
9.956290356354601245e-01 -9.339482579108397686e-02 -4.794924141484778100e-04 -2.162016776423869580e+00 9.339488271155968468e-02 9.955776590268384796e-01 1.012525218770317717e-02 -1.568065275415840842e-01 -4.682742287672961453e-04 -1.012577720893035466e-02 9.999486233572500993e-01 -2.316397305037053850e-02
9.946817241586815017e-01 -1.029956849204859415e-01 -3.956139391880487922e-04 -2.266413274461390071e+00 1.029939529109061974e-01 9.946236041672785744e-01 1.077644185274643888e-02 -1.809550720837632132e-01 -7.164400473790249026e-04 -1.075987560575163149e-02 9.999418542042833868e-01 -2.900570570523681307e-02
9.934417729296340926e-01 -1.143387314643286162e-01 -3.135019467117614944e-04 -2.363796459239118519e+00 1.143363564963775919e-01 9.933944647785902804e-01 9.728048741196666099e-03 -2.103344649775929776e-01 -8.008616539335211993e-04 -9.700094658881081022e-03 9.999526322697032121e-01 -2.957999028971750391e-02
9.918793414864293112e-01 -1.271824267003943132e-01 4.763367832762420992e-05 -2.468859432253820874e+00 1.271769521150026838e-01 9.918399846445392631e-01 8.914466499317395820e-03 -2.297364214786866976e-01 -1.181008468704889455e-03 -8.836017254954583316e-03 9.999602642190088542e-01 -2.641914999048042625e-02
9.900195003849453501e-01 -1.409287831690085036e-01 6.833227451303031498e-04 -2.569880849013684188e+00 1.409167055131630153e-01 9.899790726951246400e-01 9.160662362138806761e-03 -2.586084202575328894e-01 -1.967476217093015126e-03 -8.972942784850354223e-03 9.999578067768626344e-01 -3.216465406696606549e-02
9.877229343225749636e-01 -1.562132229202418954e-01 9.132338211801982247e-04 -2.671973451552074774e+00 1.561997242079387338e-01 9.876879363092750941e-01 8.613165989787745572e-03 -2.834219146755878049e-01 -2.247480446818793387e-03 -8.364774714169350561e-03 9.999624889837100961e-01 -3.536503978727854880e-02
9.849517134969708598e-01 -1.728265872263740344e-01 1.045382714262640868e-03 -2.780971603422401017e+00 1.728092211922022114e-01 9.849099335888692464e-01 9.454934731185042976e-03 -3.273179248374369354e-01 -2.663671921514238882e-03 -9.132002391719403617e-03 9.999547546679710130e-01 -3.959313634948749550e-02
9.816417031429721662e-01 -1.907316221440624737e-01 1.007453637996114223e-03 -2.873234180678862160e+00 1.907128258925497033e-01 9.815968059476187779e-01 9.814713207339037515e-03 -3.585379499958296634e-01 -2.860889443906592614e-03 -9.442397458390811363e-03 9.999513270358180161e-01 -4.336128371492922740e-02
9.777859688671418636e-01 -2.096040626906796323e-01 8.578974902153762563e-04 -2.988854482339557972e+00 2.095852310472265112e-01 9.777391058149875747e-01 1.001358521161384990e-02 -3.959506235585670830e-01 -2.937688067211391765e-03 -9.611340474206701151e-03 9.999494947855968041e-01 -4.796989304362921785e-02
9.733199912826635547e-01 -2.294512110885651157e-01 5.799116591368228251e-04 -3.103895772347697868e+00 2.294328636399903532e-01 9.732685385212542784e-01 1.043613953628010592e-02 -4.292710065519708129e-01 -2.958994628440928584e-03 -1.002465244980049394e-02 9.999453738544453740e-01 -4.687993951494602574e-02
9.681727153450676582e-01 -2.502814176230302445e-01 8.973583591226571860e-04 -3.226982130393367232e+00 2.502534628350930324e-01 9.681072384237340289e-01 1.189870801138561730e-02 -4.773863989131302832e-01 -3.846764631688966672e-03 -1.129543740764765367e-02 9.999288052128962878e-01 -4.966081234701888447e-02
9.622259479013638428e-01 -2.722498923492939760e-01 1.105124074751766272e-03 -3.331644967757632525e+00 2.722078533664091249e-01 9.621347243531849225e-01 1.412999508667159808e-02 -5.289061540313668708e-01 -4.910167888067024436e-03 -1.329542446396842978e-02 9.998995559247345621e-01 -5.198120004044596426e-02
9.553869672320834949e-01 -2.953559448709546786e-01 7.801734525491576524e-04 -3.438834815863970107e+00 2.953136326031716719e-01 9.552886856980321584e-01 1.460771637412899837e-02 -5.850511037854189134e-01 -5.059766743976065045e-03 -1.372562598847966615e-02 9.998929972504877473e-01 -5.698920858185041460e-02
9.479421064856486945e-01 -3.184426235741245059e-01 2.413316818791070087e-04 -3.546535937319483800e+00 3.184069281048471645e-01 9.478466650164456553e-01 1.427332314488911902e-02 -6.299056642642830717e-01 -4.773979898997377652e-03 -1.345344232898117685e-02 9.998981018105113083e-01 -5.457486295067263959e-02
9.399814138086709514e-01 -3.412255670174401678e-01 -2.326072564187270895e-04 -3.662504570946776727e+00 3.411924195948249361e-01 9.398801523272449776e-01 1.459561830970466587e-02 -6.754855807164803494e-01 -4.761775189888586834e-03 -1.379897376674775467e-02 9.998934512331103530e-01 -5.860836764846785035e-02
9.308400829924359243e-01 -3.654244975129952722e-01 -1.294801271332518891e-03 -3.766730845635652081e+00 3.654013389699850567e-01 9.307275868359653481e-01 1.510035042206593972e-02 -7.512172733493607257e-01 -4.312930702338574861e-03 -1.452913355828475486e-02 9.998851448569647804e-01 -5.091518543295996124e-02
9.211610457778699468e-01 -3.891754289240767495e-01 -2.193914668520370505e-03 -3.897715285624910209e+00 3.891614247238774360e-01 9.210412082990371285e-01 1.537784520932874294e-02 -8.151658164007394847e-01 -3.963993687853569099e-03 -1.501925893290994435e-02 9.998793470284184082e-01 -5.440929638177206124e-02
9.102783591300686039e-01 -4.139852998237630866e-01 -3.079030329017158965e-03 -3.996496742853671069e+00 4.139816990672817165e-01 9.101566736079815811e-01 1.529648082031415633e-02 -8.814828266658335520e-01 -3.530118196233518642e-03 -1.519871766861737722e-02 9.998782612126212443e-01 -4.685121852860935771e-02
8.984337862740945369e-01 -4.390928482951783618e-01 -3.768588034598119307e-03 -4.109704636961872382e+00 4.390948902012053456e-01 8.983029382578225919e-01 1.573240343139383629e-02 -9.580124793797923921e-01 -3.522652128439366596e-03 -1.578929053127691579e-02 9.998691360499745162e-01 -5.175148363306111138e-02
8.857064649462247363e-01 -4.642226146560013422e-01 -4.628389898178620135e-03 -4.211657448239104262e+00 4.642336540652387544e-01 8.855677100185164186e-01 1.602951673863106663e-02 -1.033392132901255867e+00 -3.342511528658382094e-03 -1.634610096019379483e-02 9.998608066120497906e-01 -5.726315569506047060e-02
8.724007215257162384e-01 -4.887688236952502652e-01 -4.692340962201799713e-03 -4.337899910936072523e+00 4.887722943931064323e-01 8.722417565952841345e-01 1.720355446554995560e-02 -1.109395241899534534e+00 -4.315705355868250208e-03 -1.730187958668004400e-02 9.998409971834849586e-01 -5.643321627708772908e-02
8.578926022193309464e-01 -5.138051882161379647e-01 -4.950920960657963048e-03 -4.445353593271392789e+00 5.138085477137536161e-01 8.577325103087362068e-01 1.719642569336901627e-02 -1.192006844639404317e+00 -4.589046875878635516e-03 -1.729651189555428056e-02 9.998398728415623937e-01 -6.813820971967739226e-02
8.425760839947139536e-01 -5.385450386991442739e-01 -5.897793791612933323e-03 -4.561366392300707950e+00 5.385642317367634879e-01 8.424286903411980498e-01 1.620092542302339553e-02 -1.290401776221764107e+00 -3.756457308911179127e-03 -1.682685308229960042e-02 9.998513619746907111e-01 -6.506863959085321114e-02
8.263580905374154906e-01 -5.631119798278396704e-01 -6.099539062396916803e-03 -4.659243415153809131e+00 5.631373479088597200e-01 8.262418557305144517e-01 1.416768258447197518e-02 -1.382447503785332987e+00 -2.938297315477294766e-03 -1.514245737886093547e-02 9.998810291190765032e-01 -6.596781099076313992e-02
8.093086843968675392e-01 -5.873526641300257367e-01 -6.025055877786986841e-03 -4.760003070094791511e+00 5.873751731965555223e-01 8.091997118827582991e-01 1.364669196910405814e-02 -1.486804975553759345e+00 -3.139947404009575498e-03 -1.458335456356943394e-02 9.998887270585552489e-01 -6.371829062578550362e-02
7.910591681601993885e-01 -6.117074467275384064e-01 -6.276311579627157598e-03 -4.869946172995889278e+00 6.117303591924543316e-01 7.909489982958747278e-01 1.362533439661592176e-02 -1.591583019046140191e+00 -3.370476157439872191e-03 -1.461785603065149722e-02 9.998874727559796671e-01 -7.069067791575463222e-02
7.714393194229133277e-01 -6.362494289767376410e-01 -8.248671073964815997e-03 -4.968635430715271362e+00 6.363000368805540319e-01 7.713321625768102541e-01 1.299838607867412690e-02 -1.697938586609300637e+00 -1.907750422087006129e-03 -1.527609581866114230e-02 9.998814936699569333e-01 -8.073375421342680880e-02
7.515505331123800703e-01 -6.595982999465163088e-01 -1.009350710527602557e-02 -5.069906815127933619e+00 6.596747338190837029e-01 7.514379816820636604e-01 1.304627327782500491e-02 -1.808645665658488388e+00 -1.020655067186864882e-03 -1.646336525001014517e-02 9.998639486783558183e-01 -8.136843276102460887e-02
7.304847757022379096e-01 -6.828374021812432249e-01 -1.118367780611371869e-02 -5.162245875262427397e+00 6.829280868875734489e-01 7.303593721323877741e-01 1.357997343369393359e-02 -1.918307419177585516e+00 -1.104809880326619326e-03 -1.755761153621115955e-02 9.998452428606456888e-01 -7.569923838053174703e-02
7.082129281104502239e-01 -7.059091095648700742e-01 -1.125955107160594125e-02 -5.253537558737552793e+00 7.059981098829603008e-01 7.080981832866076742e-01 1.279185943284472451e-02 -2.047542813612274415e+00 -1.057022443267367166e-03 -1.700858199955633532e-02 9.998547848766375923e-01 -7.938481410928152626e-02
6.847980860970024342e-01 -7.286455654251784431e-01 -1.127924040076234286e-02 -5.351340288919284482e+00 7.287315129543846526e-01 6.846850284628741568e-01 1.252173413390056389e-02 -2.174566467512208501e+00 -1.401179013038457693e-03 -1.679439749169401447e-02 9.998579823700212144e-01 -8.436954126302539936e-02
6.601023369504690486e-01 -7.510886623642527571e-01 -1.143354802577302085e-02 -5.449596914021126004e+00 7.511748202544299424e-01 6.600020598810333317e-01 1.156159020570633744e-02 -2.302402232504184632e+00 -1.137614073422344926e-03 -1.622042609673957081e-02 9.998677930657845492e-01 -8.985823075391752290e-02
6.340800389883399779e-01 -7.731742165312434079e-01 -1.200562568270449604e-02 -5.535699483736652660e+00 7.732672304559347065e-01 6.339925600160628560e-01 1.054628591996896458e-02 -2.441761269419568503e+00 -5.426389920876577028e-04 -1.597074630883044827e-02 9.998723122499406646e-01 -9.269957733963761493e-02
6.069574312143390937e-01 -7.946321225303014657e-01 -1.274623618987441587e-02 -5.613094954741360887e+00 7.947343207481756266e-01 6.068831805175579630e-01 9.495505731597846111e-03 -2.594727337607811268e+00 1.900424847668948872e-04 -1.589323912734666791e-02 9.998736764375145691e-01 -9.145666679837335944e-02
5.781935020566179029e-01 -8.157966267555960549e-01 -1.296680200226463589e-02 -5.703831154700085726e+00 8.158994633443752420e-01 5.781316870353352400e-01 8.474559525806437885e-03 -2.756779321392463622e+00 5.830020428564199097e-04 -1.547954204551273139e-02 9.998800147444956155e-01 -9.088166428438938793e-02
5.487650164810512488e-01 -8.358713299179111322e-01 -1.326938236781203748e-02 -5.795128113601611730e+00 8.359759018463657210e-01 5.487166048990012035e-01 7.374214482979934288e-03 -2.925375258568633896e+00 1.117235975210437854e-03 -1.513959482412190194e-02 9.998847655860689798e-01 -9.340847198477168767e-02
5.180754386995710670e-01 -8.552453186363465631e-01 -1.238082257390167064e-02 -5.886515042371987860e+00 8.553342834784127824e-01 5.180385472718020967e-01 6.271127954144219835e-03 -3.106827087838196721e+00 1.050390515089886980e-03 -1.383865937106167412e-02 9.999036894548123389e-01 -1.024706121670474757e-01
4.861957484162853782e-01 -8.737468678616585605e-01 -1.342032506120839803e-02 -5.958175939778025842e+00 8.738476102903288689e-01 4.861724803180554888e-01 5.164626797176147428e-03 -3.298779938616668517e+00 2.012016234201559339e-03 -1.423833857495775124e-02 9.998966054068115783e-01 -1.175373389196393559e-01
4.532649856098101004e-01 -8.912643090373619792e-01 -1.409908710880077194e-02 -6.068286692241535718e+00 8.913702536144112454e-01 4.532613514074371186e-01 3.635696663240529231e-03 -3.506807082835456058e+00 3.150204602338886432e-03 -1.421544084760690760e-02 9.998939931068877573e-01 -1.189037591377897773e-01
4.189938316885816749e-01 -9.078439342470607798e-01 -1.623453291208350538e-02 -6.131163680463711962e+00 9.079743009649144936e-01 4.190220474444467103e-01 1.786768352562455135e-03 -3.718265862044049186e+00 5.180520409569412330e-03 -1.548918359068334090e-02 9.998666148035666446e-01 -1.381259351453510142e-01
3.850198189997544596e-01 -9.227511151404597101e-01 -1.703286487012470665e-02 -6.212536976075473838e+00 9.228868279715803924e-01 3.850711904398005925e-01 2.846894998246921309e-04 -3.953167436837108362e+00 6.296167998928244025e-03 -1.582901773091566905e-02 9.998548897039837291e-01 -1.474605469889028464e-01
3.504811326591091847e-01 -9.364111894794526769e-01 -1.723542482856556257e-02 -6.287250002628121059e+00 9.365370250006687103e-01 3.505634575478492887e-01 -1.913905211544304893e-03 -4.191493602008623753e+00 7.834312376120283750e-03 -1.547082582718694969e-02 9.998496272423059716e-01 -1.559018128525842262e-01
3.158497959271980293e-01 -9.486155209058024784e-01 -1.917028718652788802e-02 -6.357177878344929312e+00 9.487598133702849212e-01 3.159750369727050701e-01 -3.820018552019895184e-03 -4.439990999440350805e+00 9.681061091351183048e-03 -1.698144601322002303e-02 9.998089355202841588e-01 -1.580384365309582539e-01
2.818792279767513564e-01 -9.592462767199678719e-01 -1.976566304599997742e-02 -6.430473214591843956e+00 9.593899355415093089e-01 2.820321055834031920e-01 -5.370567922825942968e-03 -4.708314774215024201e+00 1.072624885117308066e-02 -1.744912665572502519e-02 9.997902157769352760e-01 -1.646573113854095660e-01
2.486740508762113888e-01 -9.683518824456147644e-01 -2.135060154800082211e-02 -6.488741171227657034e+00 9.685093385649352626e-01 2.488731772227105454e-01 -7.197414081816706256e-03 -4.997838268806635398e+00 1.228322151794772679e-02 -1.888844686763451949e-02 9.997461422995455038e-01 -1.725893568577952786e-01
2.173286573354900608e-01 -9.758384752022823960e-01 -2.252831590042211896e-02 -6.540664776408332770e+00 9.759935316138815820e-01 2.175858520845906918e-01 -9.644854498524785269e-03 -5.292734423473492988e+00 1.431366291882229733e-02 -1.989138731858466208e-02 9.996996807857548850e-01 -1.783000599456229240e-01
1.864096549002417502e-01 -9.822240114355977880e-01 -2.207786042752364966e-02 -6.568093419166522118e+00 9.823580579272682689e-01 1.866833414944906455e-01 -1.104427596406819083e-02 -5.600470267394223711e+00 1.496952179869708716e-02 -1.962960442166563832e-02 9.996952495866512356e-01 -1.743913025898877478e-01
1.554961918576166779e-01 -9.875874071924130027e-01 -2.218214314509869486e-02 -6.604466693293954194e+00 9.877559511958751148e-01 1.557310491057511403e-01 -9.274762490615554023e-03 -5.928623150130969854e+00 1.261408706404570403e-02 -2.046835365415853106e-02 9.997109238699832812e-01 -1.820768818108783882e-01
1.261324195789935709e-01 -9.917646448813915994e-01 -2.221490257082515962e-02 -6.655238493733436123e+00 9.919544933214992088e-01 1.263373664054998069e-01 -8.071742480614966034e-03 -6.266291950301200231e+00 1.081184110083014197e-02 -2.101806401451700515e-02 9.997206335151012091e-01 -2.029972055979420154e-01
9.812652925079355659e-02 -9.949315025707790028e-01 -2.196564251878548729e-02 -6.699873664855015676e+00 9.951045730442332760e-01 9.835640042851037657e-02 -9.638838043633322916e-03 -6.628640307372810625e+00 1.175044514925073849e-02 -2.091228559705296877e-02 9.997122602772474664e-01 -2.352085409911978120e-01
7.354956511141619302e-02 -9.970518291902912278e-01 -2.186575820879887305e-02 -6.706644161649737867e+00 9.971715211976457383e-01 7.386320667224703651e-02 -1.389906507905544139e-02 -7.014952136102807323e+00 1.547316327893876256e-02 -2.078164118317504458e-02 9.996642959547054064e-01 -2.460942593395641365e-01
4.900015221312342684e-02 -9.985688963238853466e-01 -2.142765454792986551e-02 -6.726779296809589859e+00 9.986229724517903250e-01 4.938274793657308065e-02 -1.770601861995876186e-02 -7.398455956171961390e+00 1.873883593523996416e-02 -2.053055046984417903e-02 9.996136016101099253e-01 -2.532550022810680090e-01
2.626609972096408813e-02 -9.994134555369832418e-01 -2.197354998433528883e-02 -6.732721279101608225e+00 9.994628228609666598e-01 2.668568318224847843e-02 -1.902472153433760332e-02 -7.809632848709877173e+00 1.959994188273654278e-02 -2.146204106262592989e-02 9.995775222914704550e-01 -2.623737925142836103e-01
6.795901584713742727e-03 -9.996928671846931902e-01 -2.383247833383978984e-02 -6.757700401421277370e+00 9.997784067292084798e-01 7.267475271258221417e-03 -1.975654926232200265e-02 -8.234035685177000019e+00 1.992368332487389621e-02 -2.369293365257169048e-02 9.995207310188409799e-01 -2.859671961062835166e-01
-1.205448341676857403e-02 -9.996346560535205317e-01 -2.419181365959703969e-02 -6.768226651114765069e+00 9.996722930097126092e-01 -1.150147583655110155e-02 -2.286968823239534515e-02 -8.677383575513879066e+00 2.258309137019354554e-02 -2.445956811069713646e-02 9.994457131384054671e-01 -3.065033741413145107e-01
-2.940126643110309995e-02 -9.991911061793407045e-01 -2.743535795588509033e-02 -6.747388009364108541e+00 9.992706567476122848e-01 -2.871237748459187430e-02 -2.517447000312801261e-02 -9.124055975209039104e+00 2.436637217604705266e-02 -2.815550946251791503e-02 9.993065331481704172e-01 -3.212169461265801385e-01
-4.490832298740286832e-02 -9.986159193958790148e-01 -2.737677952905599038e-02 -6.755160855695501176e+00 9.987015041879576671e-01 -4.421861752872986717e-02 -2.529860458841921497e-02 -9.595298280539701352e+00 2.405302593753150253e-02 -2.847734880149072056e-02 9.993050047644189693e-01 -3.300053136646994845e-01
-5.995070253908225261e-02 -9.977858017350598185e-01 -2.879942920923532837e-02 -6.703304691117426550e+00 9.979243454043665862e-01 -5.922948086457690414e-02 -2.527586681687395836e-02 -1.006386477327961693e+01 2.351412579536322350e-02 -3.025495751462066105e-02 9.992655920387709667e-01 -3.428001549875116516e-01
-7.516332117760346487e-02 -9.967885295142874247e-01 -2.762431139525350215e-02 -6.691961462183523501e+00 9.968982982745072663e-01 -7.446579030639863261e-02 -2.546819524436070778e-02 -1.054764349596591444e+01 2.332933870749169178e-02 -2.945290315991739086e-02 9.992938849255754707e-01 -3.620698578668493095e-01
-8.872841973598187548e-02 -9.956911250156723625e-01 -2.695275677782233911e-02 -6.663885559898322875e+00 9.958126166708146654e-01 -8.807629533495781038e-02 -2.449078759187682877e-02 -1.106019616802023364e+01 2.201136088402368823e-02 -2.901292413455069247e-02 9.993366550987308194e-01 -3.730114022513357774e-01
-1.016661821340313909e-01 -9.944680122204997419e-01 -2.640757622767401711e-02 -6.583852683303111242e+00 9.946190847816304137e-01 -1.010784061127144584e-01 -2.271633780892317461e-02 -1.155475202850339400e+01 1.992143559158225316e-02 -2.857496263598942668e-02 9.993931198047361075e-01 -3.889608802617534056e-01
-1.150387799797213534e-01 -9.930296643221738773e-01 -2.565472429529624607e-02 -6.535450749133103088e+00 9.931794994102983720e-01 -1.144857197133731241e-01 -2.207944588102736874e-02 -1.208361681191851922e+01 1.898844515686930190e-02 -2.801973874991212435e-02 9.994270024317091217e-01 -4.295840474548392462e-01
-1.263881917408536393e-01 -9.916908518078647594e-01 -2.398498344267736837e-02 -6.470958415036516698e+00 9.917872073159808011e-01 -1.258488386957450078e-01 -2.280800738560060867e-02 -1.262951328988399169e+01 1.960000996007680435e-02 -2.667066255682756445e-02 9.994521075904859719e-01 -4.538695098411505424e-01
-1.379700038125031003e-01 -9.901327073266669165e-01 -2.452549554230309958e-02 -6.398719739652037219e+00 9.902722009099261813e-01 -1.374539401840227659e-01 -2.161902936096843364e-02 -1.317540697992590282e+01 1.803458207390573609e-02 -2.726969401245813579e-02 9.994654159282374550e-01 -4.507057721400828942e-01
-1.482035632936623548e-01 -9.886067255938539855e-01 -2.631436754490242697e-02 -6.327957344513769122e+00 9.888333707516352433e-01 -1.477120823945267114e-01 -1.974096249566201916e-02 -1.372872431614347377e+01 1.562909826616915715e-02 -2.894620574335279861e-02 9.994587777688312968e-01 -4.792233360414784316e-01
-1.592266815927643464e-01 -9.868853355357716239e-01 -2.653673632923113715e-02 -6.252662686094415889e+00 9.871196178127876752e-01 -1.587260985746102582e-01 -2.002213170603520109e-02 -1.430254550596847984e+01 1.554747554062462823e-02 -2.938299061330295475e-02 9.994473051970509392e-01 -4.997437555703523326e-01
-1.690185839453975380e-01 -9.852760539092072500e-01 -2.576462450282410513e-02 -6.140719341900972239e+00 9.854980885198955098e-01 -1.685422246037102667e-01 -1.967323173531757008e-02 -1.489368239812062278e+01 1.504113700224574829e-02 -2.871612996852695998e-02 9.994744359292155877e-01 -5.121808913314237488e-01
-1.789361527414320419e-01 -9.836011862714304499e-01 -2.259556613765345556e-02 -6.035098434675037815e+00 9.837417527265802653e-01 -1.785102397894560433e-01 -1.965345339644539169e-02 -1.549007944546128357e+01 1.529762014587941234e-02 -2.574491517496878268e-02 9.995514904992229832e-01 -5.423979925238088251e-01
-1.893544781996609749e-01 -9.817080666539336198e-01 -1.985329831171023934e-02 -5.920305052826177139e+00 9.817430170280621038e-01 -1.889122832852822287e-01 -2.219904813842851418e-02 -1.609422834016756454e+01 1.804245271493876840e-02 -2.369432615929443348e-02 9.995564260243634536e-01 -5.779861863132306210e-01
-1.976442918699521933e-01 -9.800792817247204747e-01 -1.952781162033150053e-02 -5.803687170173692067e+00 9.800187321398465823e-01 -1.970992394499233580e-01 -2.674274595012197248e-02 -1.672885567635752579e+01 2.236109442386165908e-02 -2.442317227161201754e-02 9.994515946813392615e-01 -5.989517791425548188e-01
-2.052974213766874945e-01 -9.785260396248239845e-01 -1.843254062013805969e-02 -5.672456773637447824e+00 9.783871227915376112e-01 -2.047195584320067874e-01 -2.912971590653556583e-02 -1.735584889914931850e+01 2.473068396508937283e-02 -2.401441594414110633e-02 9.994056739363622599e-01 -6.059740213106952211e-01
-2.126384831050540936e-01 -9.769636972417806708e-01 -1.807788084650137003e-02 -5.542657551431755536e+00 9.768143154967202646e-01 -2.120622518190701522e-01 -2.938357350300075180e-02 -1.800297442626159850e+01 2.487304848744726141e-02 -2.390681130261022858e-02 9.994047207367969810e-01 -6.205736728704268623e-01
-2.198131674230707766e-01 -9.753992357063846486e-01 -1.668839154204286579e-02 -5.398179912995139773e+00 9.752494783874915418e-01 -2.192962132886824844e-01 -2.824226867464301946e-02 -1.865987422866933088e+01 2.388778620902030914e-02 -2.248336767910760758e-02 9.994617910888585754e-01 -6.348180621716494887e-01
-2.249014481303452107e-01 -9.742929956492899501e-01 -1.313382118829872769e-02 -5.253632141864050809e+00 9.741131257476337568e-01 -2.245027249806399172e-01 -2.649801351373375080e-02 -1.932549347266080986e+01 2.286825031908004333e-02 -1.875326922256941725e-02 9.995625833430934470e-01 -6.631804503045866106e-01
-2.276676590414278001e-01 -9.736608247978992825e-01 -1.233025879091468810e-02 -5.096614391918320663e+00 9.734921806971988945e-01 -2.273066941645478234e-01 -2.538977958032209020e-02 -2.000180194308403259e+01 2.191828336386970888e-02 -1.778384219956605922e-02 9.996015825366167951e-01 -7.042140500904368050e-01
-2.292152002577594327e-01 -9.733292272772948728e-01 -9.518786684295288403e-03 -4.944057526651431722e+00 9.731442276032656880e-01 -2.289364295097276181e-01 -2.405043707559547175e-02 -2.070450841954130894e+01 2.122979629791787309e-02 -1.477587806617952290e-02 9.996654286186087424e-01 -7.228945237832621329e-01
-2.307528772172139364e-01 -9.729780953907458674e-01 -8.169182769270913122e-03 -4.795341278298053567e+00 9.727924455675321935e-01 -2.305140821181966559e-01 -2.319732289934165956e-02 -2.140275716606076628e+01 2.068737538526753406e-02 -1.329976828716599932e-02 9.996975285864612149e-01 -7.517438506886026106e-01
-2.320105404976029739e-01 -9.726822266828050179e-01 -7.771421666397254797e-03 -4.618637300585083594e+00 9.725008493570769241e-01 -2.317855096384045244e-01 -2.275028613412096931e-02 -2.212497024277585211e+01 2.032749604326424334e-02 -1.283602035373485745e-02 9.997109729740834005e-01 -7.771358271689126074e-01
-2.335692034800259942e-01 -9.723068241181926918e-01 -8.054002744521603432e-03 -4.455283962867601311e+00 9.721508614135307980e-01 -2.333522686818761682e-01 -2.166613375090479729e-02 -2.286288310905132803e+01 1.918670988607741948e-02 -1.289024730860461980e-02 9.997328201508471901e-01 -8.016984882912283616e-01
-2.349183375879894120e-01 -9.719827074126018429e-01 -7.936696860465022180e-03 -4.274085622182371758e+00 9.718361941835824691e-01 -2.347106099976262183e-01 -2.110310941727435927e-02 -2.360137066392329075e+01 1.864903046496135461e-02 -1.267067665350776404e-02 9.997458014988370723e-01 -8.372906333091552078e-01
-2.362013500590638970e-01 -9.716821595270563883e-01 -6.534760009764944630e-03 -4.100376851261083644e+00 9.715162040736924354e-01 -2.360180708451741216e-01 -2.125406912887503955e-02 -2.435794676891577382e+01 1.910987833916250392e-02 -1.136886506170724058e-02 9.997527501616398915e-01 -8.599678055396171583e-01
-2.376493784641118268e-01 -9.713382208542971075e-01 -4.983334675275070957e-03 -3.903528615782934974e+00 9.711694539010586880e-01 -2.375026481513138887e-01 -2.055198113092035483e-02 -2.512556590409766955e+01 1.877936960495913549e-02 -9.723827957158325680e-03 9.997763662168598353e-01 -8.820389242928754481e-01
-2.390066836953820550e-01 -9.710078887822528593e-01 -4.414189937636007685e-03 -3.718043586664041555e+00 9.708313870378620924e-01 -2.388691993215739662e-01 -2.068631323817189324e-02 -2.588390489846626608e+01 1.903215932825162368e-02 -9.229601264738703653e-03 9.997762706578330327e-01 -9.104321704919450253e-01
-2.409849200236114097e-01 -9.705155424804180475e-01 -5.084301955337197643e-03 -3.541369323284420556e+00 9.703625723459672336e-01 -2.408433523424320932e-01 -1.977265334644662947e-02 -2.668147827189381260e+01 1.796514706178375942e-02 -9.698527609310683695e-03 9.997915743053370496e-01 -9.340773837932588863e-01
-2.434820981969793574e-01 -9.698917922992832397e-01 -5.136057756829383314e-03 -3.357367391973724580e+00 9.697787343265372728e-01 -2.433613134559786673e-01 -1.744928533750108104e-02 -2.746204876144376428e+01 1.567400086887085764e-02 -9.229428196856693731e-03 9.998345579897726099e-01 -9.559098683857524259e-01
-2.463878156693884158e-01 -9.691549329015176628e-01 -5.635629823238543813e-03 -3.160393405829691638e+00 9.690686167382880356e-01 -2.462728898624141349e-01 -1.598998966708281566e-02 -2.826110163421974875e+01 1.410887452036464415e-02 -9.401050623903232234e-03 9.998562696235971936e-01 -9.852534963104364607e-01
-2.501853031245200309e-01 -9.681764220427135914e-01 -6.459868591793569564e-03 -2.951119915934369509e+00 9.681093299383409789e-01 -2.500665468334630215e-01 -1.520024469968447867e-02 -2.906758564828123781e+01 1.310112149599918299e-02 -1.005673688165103184e-02 9.998636020265554425e-01 -1.011356667508343854e+00
-2.538930243831743483e-01 -9.672097647545238042e-01 -6.603266934244091807e-03 -2.762228594733201703e+00 9.671454866803282924e-01 -2.537728497963092633e-01 -1.513103757002485540e-02 -2.988624292368217894e+01 1.295915742096040782e-02 -1.022798470351278348e-02 9.998637149964586524e-01 -1.043223573624050049e+00
-2.566361507113787965e-01 -9.664745791264216512e-01 -8.048232823061093888e-03 -2.538323206763298590e+00 9.663983009167499416e-01 -2.564725935690284619e-01 -1.720850751852644883e-02 -3.070946536468783350e+01 1.456743391581622089e-02 -1.219412365464113586e-02 9.998195303233876619e-01 -1.072346807870292906e+00
-2.606722368001930246e-01 -9.654010394356857816e-01 -7.128675836462032567e-03 -2.318126939750621673e+00 9.652818854866710430e-01 -2.604976728584463275e-01 -1.928325658338168880e-02 -3.153915774663133220e+01 1.675907248357177970e-02 -1.190779127883578349e-02 9.997886466623965296e-01 -1.098923546216496128e+00
-2.638116054158201607e-01 -9.645343245866079274e-01 -8.773456745393480236e-03 -2.107138749082682061e+00 9.644035746829947575e-01 -2.635829340509088792e-01 -2.120806482478848273e-02 -3.238415394864293262e+01 1.814337301107649819e-02 -1.405608667679100234e-02 9.997365875278307890e-01 -1.112277863977322534e+00
-2.674348395055197725e-01 -9.635154061224338040e-01 -1.080133253065642361e-02 -1.884129689292853183e+00 9.634186984492471018e-01 -2.671718889407898589e-01 -2.106165321181548145e-02 -3.322103256158532503e+01 1.740741493293041994e-02 -1.603882557464813424e-02 9.997198297414204848e-01 -1.136995612811434686e+00
-2.707798843045099435e-01 -9.625740105954390113e-01 -1.138105369846469268e-02 -1.653194794691876357e+00 9.625017297922126014e-01 -2.705203945475720406e-01 -2.022711740903678293e-02 -3.406763111525801691e+01 1.639129039055881032e-02 -1.643138038348809782e-02 9.997306313886256124e-01 -1.163062873326544455e+00
-2.746740612220792688e-01 -9.614604789527584350e-01 -1.216172293387788629e-02 -1.430908707744460440e+00 9.614248325738943279e-01 -2.744264100657564098e-01 -1.877329929835034467e-02 -3.491732135841699858e+01 1.471228737019282008e-02 -1.684912079635655924e-02 9.997497965628198147e-01 -1.188622708193305622e+00
-2.771968942638187161e-01 -9.607405999108935557e-01 -1.180599400088384703e-02 -1.195376235038826618e+00 9.607263913935549793e-01 -2.769858347470764426e-01 -1.684185937642439235e-02 -3.577897257493263794e+01 1.291056497780589812e-02 -1.601084112608260057e-02 9.997884627645293731e-01 -1.214067392178115989e+00
-2.788841820359959645e-01 -9.602394573863592964e-01 -1.279833932374837419e-02 -9.555356639293266507e-01 9.602646675385861919e-01 -2.786929013196000615e-01 -1.490083987399113720e-02 -3.664522453696537241e+01 1.074156807723606472e-02 -1.644540159570166693e-02 9.998070651282018328e-01 -1.238381148987635738e+00
-2.798017086500401152e-01 -9.599628207095236565e-01 -1.350506175104357678e-02 -7.063248647452308182e-01 9.600032400858866666e-01 -2.796081360115728054e-01 -1.459689345768936351e-02 -3.751507858049249222e+01 1.023634987455246045e-02 -1.704913876903758202e-02 9.998022524515286502e-01 -1.265962368113849212e+00
-2.805180957904618855e-01 -9.597867566045364951e-01 -1.090778536585146168e-02 -4.620077190007447765e-01 9.597937892667256499e-01 -2.803623291953395436e-01 -1.388691654290223274e-02 -3.839295324014467070e+01 1.027034647666079728e-02 -1.436475603384100401e-02 9.998440747266585937e-01 -1.284915102150901767e+00
-2.815309144742377256e-01 -9.595072558321673384e-01 -9.282790617923811910e-03 -1.981455866441793612e-01 9.594851914496114187e-01 -2.813838020986100252e-01 -1.453696334594323757e-02 -3.929291942366509716e+01 1.133629489028531272e-02 -1.299930471771123218e-02 9.998512421823999574e-01 -1.323165796228537250e+00
-2.817589472598952538e-01 -9.594507052085193832e-01 -8.138790744840834757e-03 6.584935337623065710e-02 9.594078108388275350e-01 -2.816183284671590070e-01 -1.509203666514633869e-02 -4.017885336850068256e+01 1.218803257634436255e-02 -1.206073577418533341e-02 9.998529844498018626e-01 -1.330586832922739493e+00
-2.828287979920323103e-01 -9.591582207733485577e-01 -4.835137039223647536e-03 3.041213324364901993e-01 9.590601449449497329e-01 -2.827162586823648849e-01 -1.658781036519604499e-02 -4.110365300540556888e+01 1.454336282270239818e-02 -9.328697696592041372e-03 9.998507218559014031e-01 -1.378565128818555863e+00
-2.821933631277245280e-01 -9.593416420633826824e-01 -5.524455691364670538e-03 5.893890038794702413e-01 9.592096319968406171e-01 -2.820440583769686094e-01 -1.918413450294941675e-02 -4.200257793567035236e+01 1.684599919234722881e-02 -1.071274654480042221e-02 9.998007048263942709e-01 -1.390748852125627488e+00
-2.832860298537714372e-01 -9.590174850047865629e-01 -5.872711950759913584e-03 8.398877108724658314e-01 9.589358241720369325e-01 -2.831630164734948996e-01 -1.614903151972773426e-02 -4.292387912059255228e+01 1.382426876269825938e-02 -1.020634889985577894e-02 9.998523491166018129e-01 -1.389293139023340062e+00
-2.834000727552499210e-01 -9.589661549533362583e-01 -8.265132618095593492e-03 1.084096854956706268e+00 9.589722543221417261e-01 -2.833132049562505639e-01 -1.028801903325987296e-02 -4.383248759242390236e+01 7.524240843241295114e-03 -1.084165820160444028e-02 9.999129183313146818e-01 -1.396654206645252305e+00
-2.840721763786871468e-01 -9.587147802779401040e-01 -1.299879551899083691e-02 1.352961913551602446e+00 9.588028638937367010e-01 -2.840424041216075834e-01 -4.120782436972740027e-03 -4.472854848823129004e+01 2.584458989948598337e-04 -1.363388200606402423e-02 9.999070209103612106e-01 -1.444203508665483415e+00
-2.841105165511311204e-01 -9.587190739689163133e-01 -1.178777307493870420e-02 1.617870505355362587e+00 9.587913868396400474e-01 -2.840959148534745182e-01 -2.930474977819844378e-03 -4.567924823547550517e+01 -5.393559185253167217e-04 -1.213459405399026046e-02 9.999262276393245941e-01 -1.481915178011608658e+00
-2.845653992119558384e-01 -9.585986858241216657e-01 -1.054007155694119090e-02 1.877499930233611058e+00 9.586518463080285768e-01 -2.845120475724308706e-01 -6.287475984815614309e-03 -4.661429635232544655e+01 3.028388876226424664e-03 -1.189345717196588909e-02 9.999246844317768446e-01 -1.499704681765398506e+00
-2.853700178645766639e-01 -9.583822221646677297e-01 -8.213960280388598809e-03 2.142018696354398344e+00 9.584005434689247815e-01 -2.853036508417703954e-01 -8.380041332632967577e-03 -4.756374672634794365e+01 5.687809778590856985e-03 -1.026367654158409810e-02 9.999311505110990428e-01 -1.495405440563231547e+00
-2.851483351480783579e-01 -9.584468272138672029e-01 -8.372954480985284748e-03 2.422755498378157402e+00 9.584776056817471135e-01 -2.851053578186477644e-01 -5.967775766343006230e-03 -4.849551525853422618e+01 3.332621565732120025e-03 -9.726990687754871745e-03 9.999471382449862666e-01 -1.504908798391879188e+00
-2.856987919728135594e-01 -9.582511510010801592e-01 -1.144254653283434051e-02 2.708511292329033981e+00 9.583188095702989129e-01 -2.856922124261107032e-01 -2.240308182776939733e-03 -4.943292925908635738e+01 -1.122268539748529775e-03 -1.160566091329844930e-02 9.999320222628975685e-01 -1.524291998921838420e+00
-2.862425617971532388e-01 -9.581229183492395718e-01 -8.103650442928832937e-03 2.957928645115710520e+00 9.581452317659513440e-01 -2.862710025444474282e-01 2.574479420614395921e-03 -5.038755786829845817e+01 -4.786507872009475653e-03 -7.027548447163644435e-03 9.999638507985636471e-01 -1.529065817557355933e+00
-2.859421326686475417e-01 -9.582394719216298373e-01 -3.769776785265103666e-03 3.236726860632488822e+00 9.582404112583883249e-01 -2.859524507355152290e-01 2.551499093870084924e-03 -5.133418481091700158e+01 -3.522924054525430372e-03 -2.882771364676857406e-03 9.999896392633506048e-01 -1.559673197850857118e+00
-2.864374233832038263e-01 -9.580958430916947099e-01 -2.440888514737512595e-03 3.509229818612549234e+00 9.580982777334627887e-01 -2.864332688942666238e-01 -1.916421831127732359e-03 -5.231097496208134601e+01 1.136964113991905615e-03 -2.887546013549548152e-03 9.999951846830611446e-01 -1.573758234848278814e+00
-2.852355527569496729e-01 -9.583912097469082791e-01 -1.126803106230922155e-02 3.791078607288908220e+00 9.584569952989659969e-01 -2.852042805130051151e-01 -4.325105484390622326e-03 -5.327239456848035815e+01 9.314523858056625218e-04 -1.203359704852768886e-02 9.999271598157620788e-01 -1.577290098301512122e+00
-2.837045028009801961e-01 -9.588296376908684859e-01 -1.254914247122057742e-02 4.057491501349391072e+00 9.588947049031272263e-01 -2.837532055011295351e-01 2.250172102998674629e-03 -5.423282233778891026e+01 -5.718391104490726587e-03 -1.139492230906912797e-02 9.999187245708700544e-01 -1.552118702587288457e+00
-2.834549464986954592e-01 -9.588760535021972897e-01 -1.449162952112509513e-02 4.324897056049438859e+00 9.588735528264045183e-01 -2.836204266119191075e-01 1.099833153076308460e-02 -5.520092508870311576e+01 -1.465615888013200446e-02 -1.077810880957606569e-02 9.998345009930675875e-01 -1.584464472869290930e+00
-2.840020678506900431e-01 -9.587615916418349427e-01 -1.091035515637767128e-02 4.616455134119124004e+00 9.586853360620424258e-01 -2.841359917978884542e-01 1.375371159217571304e-02 -5.618109678896009740e+01 -1.628655500004175943e-02 -6.553514966877807719e-03 9.998458879079805683e-01 -1.600198637609659302e+00
-2.837856897440522164e-01 -9.588208299223592856e-01 -1.132688854757364118e-02 4.895339946873951575e+00 9.587892851802656269e-01 -2.839060198781627742e-01 1.097626978420198143e-02 -5.717618821659903006e+01 -1.374004794880790380e-02 -7.745191082351679523e-03 9.998756038108715938e-01 -1.612954723894191922e+00
-2.849589103271958912e-01 -9.583967658850323090e-01 -1.655471434097737990e-02 5.173171512739367373e+00 9.584524315168345687e-01 -2.851235481639735614e-01 8.573144100944082510e-03 -5.817378752796302877e+01 -1.293661247127463054e-02 -1.342391241214119582e-02 9.998262062138676409e-01 -1.589692914586056105e+00
-2.870668896551832883e-01 -9.577454167714029021e-01 -1.778531747588434422e-02 5.437148432430869427e+00 9.577604166112678730e-01 -2.873011212238993362e-01 1.237134245056662613e-02 -5.913867622991986650e+01 -1.695833818320308800e-02 -1.348267027717240177e-02 9.997652886387674576e-01 -1.574914377320420167e+00
-2.886373311365976191e-01 -9.572730985453709041e-01 -1.779623208207941482e-02 5.731274640459615988e+00 9.572004157989277839e-01 -2.889301976925394699e-01 1.693236113612671401e-02 -6.011735159511334103e+01 -2.135076266384106428e-02 -1.214724922049498917e-02 9.996982491075717681e-01 -1.571358876927127168e+00
-2.909138515589376195e-01 -9.566102941961001083e-01 -1.630570482412134481e-02 6.025406923495916445e+00 9.565102982605115933e-01 -2.911798315865252174e-01 1.738835808148396847e-02 -6.109702112207796887e+01 -2.138177472421698422e-02 -1.053806036294224063e-02 9.997158441237841142e-01 -1.589701886396406527e+00
-2.933014515616365059e-01 -9.559185856226652955e-01 -1.392537875964459243e-02 6.304002390273941714e+00 9.558519032060085463e-01 -2.934919124604951080e-01 1.447882784194806996e-02 -6.206679098928204752e+01 -1.792756667577154878e-02 -9.063938567359016221e-03 9.997982033237696742e-01 -1.578686984807990079e+00
-2.956331347934100795e-01 -9.551674170544725007e-01 -1.600796708805753144e-02 6.586764797284920370e+00 9.551434806586871495e-01 -2.958475367288243563e-01 1.323504305411380907e-02 -6.304893126349557519e+01 -1.737759951935852198e-02 -1.137718813559273658e-02 9.997842660413197580e-01 -1.551931200005931100e+00
-2.971178493825860634e-01 -9.547019157512007803e-01 -1.628605660752355938e-02 6.871615803872372474e+00 9.546170451184420314e-01 -2.973742488518651972e-01 1.657869980061763698e-02 -6.400598816550387937e+01 -2.067077031044970911e-02 -1.062111960503529795e-02 9.997299190640527300e-01 -1.537900384888956751e+00
-2.986260885997113479e-01 -9.542456338960154660e-01 -1.541847588396958943e-02 7.165807768203313444e+00 9.540216908860897904e-01 -2.989146404264055867e-01 2.219574408669823529e-02 -6.496715030260648405e+01 -2.578900006029490044e-02 -8.081332193583871254e-03 9.996347430659741073e-01 -1.525877806743628717e+00
-2.997089669195657780e-01 -9.539187215340765302e-01 -1.461532946400697502e-02 7.467138263510947560e+00 9.536258597249419600e-01 -2.999928723694391675e-01 2.453561063774591100e-02 -6.594072820287175318e+01 -2.778947299785760466e-02 -6.584013608338768787e-03 9.995921147918366279e-01 -1.522367705322116738e+00
-2.998403471179691970e-01 -9.539190756923221493e-01 -1.158288698947718826e-02 7.742381770872485802e+00 9.536117109350946697e-01 -3.000411633831723823e-01 2.449500032831661983e-02 -6.690339670096631153e+01 -2.684159095963854422e-02 -3.700987278542099742e-03 9.996328484431831196e-01 -1.520083734044743284e+00
-2.989652795928621765e-01 -9.541921221495432981e-01 -1.171134604696819417e-02 8.034648838711177632e+00 9.539566427070380605e-01 -2.991579384972034572e-01 2.170833174585909409e-02 -6.786803175302316049e+01 -2.421746127705744212e-02 -4.682078886690406970e-03 9.996957500686440845e-01 -1.499070884586251262e+00
-2.993568449530176756e-01 -9.540271587956634658e-01 -1.475329321049291889e-02 8.318024305483239900e+00 9.538497394996658940e-01 -2.996117894314308527e-01 2.008606701385987070e-02 -6.882283395054534481e+01 -2.358291402312614679e-02 -8.059523236855332951e-03 9.996893968878990400e-01 -1.479598180346858971e+00
-2.992971456354571735e-01 -9.539857507683633386e-01 -1.823200334256845634e-02 8.617575416626399587e+00 9.538434839897861339e-01 -2.996353451497385523e-01 2.003167454795725180e-02 -6.977394453672324914e+01 -2.457288469681271834e-02 -1.139505457394393226e-02 9.996330957244538018e-01 -1.462020522121503907e+00
-2.993180177576747480e-01 -9.539547041545073380e-01 -1.947168887340624752e-02 8.892750423307122176e+00 9.537663466989647620e-01 -2.997155037811077283e-01 2.236901195229655873e-02 -7.072574093781432225e+01 -2.717499121905174800e-02 -1.187599324414762535e-02 9.995601435808807445e-01 -1.455659126211068966e+00
-2.990028652416668042e-01 -9.540399398058082570e-01 -2.012659516835609702e-02 9.157760771181720827e+00 9.537746540984380905e-01 -2.994539386093544864e-01 2.532287204738403047e-02 -7.166444914669399679e+01 -3.018601951746205034e-02 -1.162462504662186563e-02 9.994766992366248548e-01 -1.433363665089753658e+00
-2.988445057150816986e-01 -9.541479965470097691e-01 -1.713365371688609085e-02 9.455647959474980269e+00 9.537091355585614050e-01 -2.992434379733514560e-01 2.987054703236886530e-02 -7.261769684408723435e+01 -3.362805604968641116e-02 -7.413873212015151606e-03 9.994069182915618077e-01 -1.406970231245277869e+00
-2.977080791398334925e-01 -9.545209223129409448e-01 -1.611547337704004323e-02 9.759284743669415008e+00 9.538871959741813678e-01 -2.981034054946168355e-01 3.512231465906176520e-02 -7.356549209832363090e+01 -3.832906167668480302e-02 -4.916146879373903267e-03 9.992530783187836274e-01 -1.384859367558914922e+00
-2.957666388360498666e-01 -9.552119747071202704e-01 -9.600975376658188454e-03 1.002403732187177710e+01 9.543775033712139644e-01 -2.959103822615160029e-01 4.000783331744466736e-02 -7.448158320589151060e+01 -4.105698976039654641e-02 2.670027477478941098e-03 9.991532387696105966e-01 -1.362985313606237314e+00
-2.935186341790024800e-01 -9.559359388235955102e-01 -5.769944156491334589e-03 1.029591344185585555e+01 9.551832474996221345e-01 -2.935190617423574233e-01 3.836044952737240055e-02 -7.545370988324853556e+01 -3.836372092746239554e-02 5.748152754452177243e-03 9.992473085554104406e-01 -1.356708060922573011e+00
-2.916748003905403896e-01 -9.564913926980246339e-01 -7.072942255389120039e-03 1.057959635020590028e+01 9.559423712142347540e-01 -2.917478362214873111e-01 3.251742571855856939e-02 -7.638814922921285699e+01 -3.316615341093169522e-02 2.723188464562507037e-03 9.994461418762059512e-01 -1.331464095720798824e+00
-2.897458181071000394e-01 -9.570600043625590025e-01 -9.138322570088956015e-03 1.085939711498294180e+01 9.566263955031221178e-01 -2.898896207842085460e-01 2.880880397141607693e-02 -7.731738528605572469e+01 -3.022085891871642907e-02 -3.947301058266077141e-04 9.995431675886168321e-01 -1.294452517182966611e+00
-2.879652848555148137e-01 -9.575526620829551971e-01 -1.299592460460746376e-02 1.113062879230657032e+01 9.571372030245525186e-01 -2.882274051013485328e-01 2.851907314147993089e-02 -7.825027579940154965e+01 -3.105429603214605871e-02 -4.226379905822533027e-03 9.995087635481576527e-01 -1.264846819820111268e+00
-2.874262973929846976e-01 -9.576807392087768322e-01 -1.528807757308572012e-02 1.139435411679678012e+01 9.572436283023485482e-01 -2.877672274102344718e-01 2.957463273065589343e-02 -7.919015456387975860e+01 -3.272246383066491904e-02 -6.133887663355872162e-03 9.994456542412455402e-01 -1.241327344730418059e+00
-2.876544973461661048e-01 -9.575641047772943670e-01 -1.805201924887261250e-02 1.166247162854895336e+01 9.571866404917667159e-01 -2.880762537273359181e-01 2.838674515478455812e-02 -8.010492840588615593e+01 -3.238248628881408575e-02 -9.113576750192940723e-03 9.994339984707854008e-01 -1.234559953169201307e+00
-2.872064102072823255e-01 -9.577071199552039671e-01 -1.759404226782345856e-02 1.190630349645691943e+01 9.573707839740637215e-01 -2.876008583627117643e-01 2.696160714592737290e-02 -8.100213356654388974e+01 -3.088138478708952681e-02 -9.100475637484790881e-03 9.994816263521478783e-01 -1.215319538699127566e+00
-2.888863708453132673e-01 -9.571838212159623493e-01 -1.854176751511070129e-02 1.220903797949009295e+01 9.568712080617227667e-01 -2.893046484370435656e-01 2.646340063550126423e-02 -8.194501399142171749e+01 -3.069455847472232768e-02 -1.009716771203818773e-02 9.994778092999212493e-01 -1.198351086495984763e+00
-2.911562177870573032e-01 -9.564850678483015622e-01 -1.908852606936988633e-02 1.247837024987251553e+01 9.561621942016764741e-01 -2.915956098197998170e-01 2.694176518414697838e-02 -8.284314057928260411e+01 -3.133552649957385000e-02 -1.040746451911340152e-02 9.994547360736313335e-01 -1.177885049968927733e+00
-2.945078362191744237e-01 -9.554946535919812689e-01 -1.717851457362669018e-02 1.274336262767727312e+01 9.551105426453085911e-01 -2.948977014745119418e-01 2.827007235266353058e-02 -8.374026713076689532e+01 -3.207780745183978072e-02 -8.081622537982826801e-03 9.994527010544175250e-01 -1.157211477603333538e+00
-2.989227467961925733e-01 -9.541102739631235341e-01 -1.785431505623807924e-02 1.302289770931450619e+01 9.537351275129168915e-01 -2.993312219883176861e-01 2.810918157649195531e-02 -8.464993736366666610e+01 -3.216361287807606439e-02 -8.625813679849938034e-03 9.994453948784420838e-01 -1.137772680089508492e+00
-3.047248869362530477e-01 -9.522960331590839544e-01 -1.658338057909030175e-02 1.330194795468334767e+01 9.519181870483361951e-01 -3.050881397782690407e-01 2.780273603901137550e-02 -8.554082232461676938e+01 -3.153582797273173782e-02 -7.313835980043443402e-03 9.994758623178787715e-01 -1.117089616883933045e+00
-3.110424910402204701e-01 -9.502603577528484502e-01 -1.605681323202661284e-02 1.360989205219541098e+01 9.498831835849633753e-01 -3.113852209152370154e-01 2.758952221563315890e-02 -8.644842013310955053e+01 -3.121708358600937608e-02 -6.670583154576059312e-03 9.994903686436895640e-01 -1.096788766678696181e+00
-3.189943981102135728e-01 -9.475865938643283082e-01 -1.795051818527419740e-02 1.390394722820203910e+01 9.472747463252183531e-01 -3.193789031513836196e-01 2.583933424744419213e-02 -8.734695377277797945e+01 -3.021802353597194402e-02 -8.761469684605175529e-03 9.995049313041345362e-01 -1.084460632962433113e+00
-3.265923386469453682e-01 -9.450158233336588554e-01 -1.680886630066114398e-02 1.419320041003240540e+01 9.446915087792445709e-01 -3.269400297008722145e-01 2.584898871603633075e-02 -8.821064217822006981e+01 -2.992319460110640095e-02 -7.437111590085416883e-03 9.995245328629001058e-01 -1.058964620613497276e+00
-3.361637054237447408e-01 -9.416457978330589063e-01 -1.723817215583224247e-02 1.450788822532170741e+01 9.413519840671161765e-01 -3.365129705535068183e-01 2.480852152451877221e-02 -8.911459763406334389e+01 -2.916170856278896620e-02 -7.887463038892678080e-03 9.995435871832938357e-01 -1.043849772289462852e+00
-3.449753362945383039e-01 -9.384855044965361159e-01 -1.539399878119065632e-02 1.482051457631118829e+01 9.382211606494763600e-01 -3.452584987181916976e-01 2.318669382429212888e-02 -8.997692718087492381e+01 -2.707528495946567859e-02 -6.444137904006779979e-03 9.996126259855747653e-01 -1.030822960398118049e+00
-3.556484428412807763e-01 -9.344450730148096129e-01 -1.807181847536156252e-02 1.514230870059784451e+01 9.342525336855838081e-01 -3.559842416821519806e-01 2.115237514237916158e-02 -9.085167495361595513e+01 -2.619901532983064454e-02 -9.360832917213528573e-03 9.996129182846641426e-01 -1.008069420195225163e+00
-3.666442763167737651e-01 -9.301161293188915380e-01 -2.135323453347654291e-02 1.546338654901730436e+01 9.299421779946939193e-01 -3.670713735665599442e-01 2.159056026561822009e-02 -9.169646833399968955e+01 -2.791988947407741256e-02 -1.194121808552069987e-02 9.995388372050021397e-01 -9.815793523333121717e-01
-3.758691382982071727e-01 -9.263356100181888708e-01 -2.499456915429684734e-02 1.577205768434437338e+01 9.261166349023333133e-01 -3.764412099655782273e-01 2.449477485081757999e-02 -9.256311818009960746e+01 -3.209936805840008650e-02 -1.394105636011981619e-02 9.993874511502286451e-01 -9.689968870980520954e-01
-3.863805744679796872e-01 -9.220206097297876102e-01 -2.424967849854734250e-02 1.613745355059499431e+01 9.217033642813873273e-01 -3.869569004659754174e-01 2.696785961708766596e-02 -9.339384213295494419e+01 -3.424850279604492453e-02 -1.193115316392190546e-02 9.993421274214060457e-01 -9.563035605174914355e-01
-3.970008762280804460e-01 -9.174769112233983615e-01 -2.502841677071504858e-02 1.648755615920600448e+01 9.172152874586464444e-01 -3.975808143447015497e-01 2.540890622149398134e-02 -9.428592912126090653e+01 -3.326290311881718170e-02 -1.286908844915042247e-02 9.993637805310587874e-01 -9.544342649305566084e-01
-4.069034323842961043e-01 -9.130433054347307786e-01 -2.795566337260147263e-02 1.684290442117945119e+01 9.129291768138279028e-01 -4.075256090823301536e-01 2.198172109603057853e-02 -9.514104834142385414e+01 -3.146291203158088634e-02 -1.657710298644828398e-02 9.993674423463105860e-01 -9.283971156749726283e-01
-4.177644584114420523e-01 -9.080245264643701519e-01 -3.105344791183071301e-02 1.724171035761997217e+01 9.079842462829029737e-01 -4.184696125703578073e-01 2.116109296690989530e-02 -9.599533394277416676e+01 -3.220971573707974434e-02 -1.935568895410455167e-02 9.992936963255523164e-01 -9.010232382880045687e-01
-4.267884202614458111e-01 -9.038172291087880339e-01 -3.108151696230410793e-02 1.759904583508592069e+01 9.037135777372838907e-01 -4.275260881789101908e-01 2.287385708651558033e-02 -9.683662168799430958e+01 -3.396194549221899506e-02 -1.832649156437554314e-02 9.992550855332483772e-01 -8.873406621921668957e-01
-4.365206826057980161e-01 -8.991387444379744798e-01 -3.161031331161098107e-02 1.803358165694182702e+01 8.990099826990457510e-01 -4.372893991642324285e-01 2.364386568165446206e-02 -9.768571222428016654e+01 -3.508197061778299541e-02 -1.809695083669747573e-02 9.992205741009944076e-01 -8.739902528092623468e-01
-4.471508519921642555e-01 -8.938681410856077481e-01 -3.249402890668229293e-02 1.844175182067019136e+01 8.937697038013979745e-01 -4.479370265245400939e-01 2.298122784952081818e-02 -9.855721734139994794e+01 -3.509746610566980701e-02 -1.876610297861312435e-02 9.992076867451984423e-01 -8.516593529560286813e-01
-4.574900452099259218e-01 -8.886153048462451798e-01 -3.264503831427249120e-02 1.884353653730318712e+01 8.885145144288114638e-01 -4.582782801661518524e-01 2.286865924523995980e-02 -9.941921370531402147e+01 -3.528195262094842993e-02 -1.854340641443422491e-02 9.992053472117407020e-01 -8.266708055281720702e-01
-4.658088701781772367e-01 -8.842837647468060336e-01 -3.262391558680836218e-02 1.924014731697861791e+01 8.841980292639455286e-01 -4.665834623018942362e-01 2.221976036196686433e-02 -1.002397493774554391e+02 -3.487035283268138941e-02 -1.849584039900657728e-02 9.992206775182310707e-01 -8.069855904841474192e-01
-4.749658297888493252e-01 -8.794120633481806726e-01 -3.227821820232189970e-02 1.966762979673115197e+01 8.793464372016949193e-01 -4.757093760301152052e-01 2.122340538561994644e-02 -1.010379798916521139e+02 -3.401916976152547650e-02 -1.830334382562057161e-02 9.992535632622344677e-01 -7.870084515511432954e-01
-4.827713123631235392e-01 -8.750795225410609168e-01 -3.417146745594519530e-02 2.009947983166985352e+01 8.751327059028783939e-01 -4.835261680244595794e-01 1.857934049284008099e-02 -1.018633315359063687e+02 -3.278119912204017355e-02 -2.093499618694676795e-02 9.992432731409853774e-01 -7.693302967072207510e-01
-4.908187125945746021e-01 -8.705884838185948826e-01 -3.424446245751737450e-02 2.056634711516537450e+01 8.706767920077681522e-01 -4.915501843767682844e-01 1.733032304114311140e-02 -1.026816683693719767e+02 -3.192045149504361967e-02 -2.130981187276506303e-02 9.992632169218662597e-01 -7.474325300961367491e-01
-4.984625448980845586e-01 -8.662661924291035209e-01 -3.343613595545825296e-02 2.101376431183008364e+01 8.662904045594349567e-01 -4.991943620681794092e-01 1.859902809563724127e-02 -1.035104334028941366e+02 -3.280283980929103033e-02 -1.969448486669908571e-02 9.992677824112100593e-01 -7.227404922293092504e-01
-5.042971359293516587e-01 -8.628725125858449641e-01 -3.369607865518596534e-02 2.146207849749030316e+01 8.628884233037372731e-01 -5.050426848064220042e-01 1.885352620698438689e-02 -1.043083279778847725e+02 -3.328614756047782591e-02 -1.956817691406513571e-02 9.992542813676495994e-01 -7.097144515064717218e-01
-5.115346433195389064e-01 -8.586698598145728889e-01 -3.191207497845584967e-02 2.190597439650113998e+01 8.586096665123329474e-01 -5.122408832943874391e-01 1.996792557867032789e-02 -1.050865388348122309e+02 -3.349252533183624814e-02 -1.718573036637300461e-02 9.992911995096356303e-01 -6.862089646298281664e-01
-5.176280831779258573e-01 -8.550840175778378072e-01 -2.987457761901405467e-02 2.234725654106858883e+01 8.549872888704408425e-01 -5.182658600308823749e-01 1.993073493355634884e-02 -1.058253762480473341e+02 -3.252542656273347405e-02 -1.522567600476456423e-02 9.993549296500449097e-01 -6.710220041515637668e-01
-5.240905865148588472e-01 -8.511239010281211881e-01 -3.028468630472011536e-02 2.283122793343300572e+01 8.510411874642180852e-01 -5.247350861066973904e-01 1.954447867506675651e-02 -1.066184677305090247e+02 -3.252621040899624644e-02 -1.553043810292776758e-02 9.993502144531200004e-01 -6.504715831892778910e-01
-5.307315549318495362e-01 -8.470880929660872249e-01 -2.767271858807204832e-02 2.327775035072506782e+01 8.469400763440576574e-01 -5.313013818649044984e-01 2.028173339181801871e-02 -1.073684949224984422e+02 -3.188296848641469783e-02 -1.267297849399261558e-02 9.994112626618338879e-01 -6.295475497417016841e-01
-5.379019361339865135e-01 -8.425179146501772243e-01 -2.872404212753201791e-02 2.380771893475144907e+01 8.425144991134497774e-01 -5.384402912745660519e-01 1.585470007307347717e-02 -1.081652046483261671e+02 -2.882405045239392477e-02 -1.567214809958576011e-02 9.994616340251387676e-01 -6.196635920347732807e-01
-5.459544692402531485e-01 -8.372649104409084497e-01 -3.035106687169951065e-02 2.428133452010041893e+01 8.374084077054014807e-01 -5.464596968152012346e-01 1.135598783025042018e-02 -1.089412226113972793e+02 -2.609360493408294582e-02 -1.921638627276059386e-02 9.994747892162662017e-01 -5.967021689433824605e-01
-5.534197992985120385e-01 -8.323489776691860298e-01 -3.035959678089605526e-02 2.475885476501168370e+01 8.325207116025297172e-01 -5.539020227052777745e-01 1.009029209198458212e-02 -1.096307396667256739e+02 -2.521488637229545721e-02 -1.969082569172427022e-02 9.994881094277958677e-01 -5.711862597023222854e-01
-5.629895073028035046e-01 -8.257373344493155187e-01 -3.465067333667736643e-02 2.524633108592150066e+01 8.260331904415222359e-01 -5.635548569923587436e-01 8.665532184248954731e-03 -1.103869056916395834e+02 -2.668300870403772507e-02 -2.374400255246115338e-02 9.993619161184936761e-01 -5.469161354132587860e-01
-5.727893428295773859e-01 -8.188699664425608260e-01 -3.693706537307311910e-02 2.571555345970582351e+01 8.191797568112130223e-01 -5.734517369462296399e-01 9.880861441340340473e-03 -1.110785140200293455e+02 -2.927276497246780740e-02 -2.459844409820630823e-02 9.992687435207555646e-01 -5.407581048608912644e-01
-5.809992304434274946e-01 -8.129765273825333427e-01 -3.884662338346697025e-02 2.604783007530907568e+01 8.133802820481049745e-01 -5.816756921916556022e-01 8.118244113084002386e-03 -1.117470274709749418e+02 -2.919607845307329794e-02 -2.688038390216106882e-02 9.992122066723211349e-01 -5.358031926854165405e-01
-5.911474919712240705e-01 -8.056311928056849592e-01 -3.876885236486971031e-02 2.657805412251408583e+01 8.060741375278053233e-01 -5.917800605503125144e-01 6.390989178727877681e-03 -1.124549051652636109e+02 -2.809141403490382147e-02 -2.747255200889180474e-02 9.992277674996692394e-01 -5.247807163467956837e-01
-6.008426558000163897e-01 -7.984058599061201189e-01 -3.919420668638770588e-02 2.707226727925247189e+01 7.989205567278814257e-01 -6.014236316602774579e-01 3.944530012025906224e-03 -1.131708616568171948e+02 -2.672165800123669360e-02 -2.894301553824950302e-02 9.992238261990911141e-01 -5.067108587733238911e-01
-6.118034555427734889e-01 -7.900403065265229063e-01 -3.915157529872653058e-02 2.760083403725163720e+01 7.905664614983131111e-01 -6.123680397718109791e-01 3.170775763745892293e-03 -1.138669938008087854e+02 -2.648021407566514968e-02 -2.901203077715086565e-02 9.992282523685085405e-01 -4.837693930987492785e-01
-6.234606110955761560e-01 -7.808272142944684413e-01 -4.007153389116028391e-02 2.813889743950700861e+01 7.813910366090098814e-01 -6.240368686312752766e-01 2.456520890946706833e-03 -1.145228956450273756e+02 -2.692423289451398999e-02 -2.977999339005361901e-02 9.991937938535544461e-01 -4.641903786994875381e-01
-6.349823157028177123e-01 -7.713528174734611831e-01 -4.257099622168805664e-02 2.870750277515335114e+01 7.720040373557819358e-01 -6.356152058254657122e-01 1.753975137295436370e-03 -1.151977446305635624e+02 -2.841170618926102884e-02 -3.175123776320606939e-02 9.990919046067010534e-01 -4.476256813821947733e-01
-6.477876663350981001e-01 -7.604142933356938805e-01 -4.627355436655712639e-02 2.924882845784606289e+01 7.612521693048234228e-01 -6.484555229993939074e-01 -7.545987588311981690e-04 -1.158666899496607670e+02 -2.943253421554247254e-02 -3.571466341216794627e-02 9.989285203385324108e-01 -4.432279987095143481e-01
-6.618617701292235367e-01 -7.481106984197481991e-01 -4.763801160916039668e-02 2.981231664294321959e+01 7.490583685597405061e-01 -6.624962684447234240e-01 -3.202309555784804435e-03 -1.165262312335795940e+02 -2.916432288854477195e-02 -3.780313752866563265e-02 9.988595321976774244e-01 -4.291651882666317475e-01
-6.746732943358813017e-01 -7.365486650243340261e-01 -4.808336468602825847e-02 3.036361663355013718e+01 7.375528771926510574e-01 -6.752713992444224766e-01 -4.928560278926226966e-03 -1.171757928622784988e+02 -2.883919645766317222e-02 -3.878919196918761275e-02 9.988311665806052231e-01 -4.118936749470081815e-01
-6.892845078064651076e-01 -7.229803173760130930e-01 -4.675818627258357396e-02 3.094228129694968032e+01 7.239600908442280769e-01 -6.898134028587493694e-01 -6.265468889495421495e-03 -1.178063842751828503e+02 -2.772461289764240056e-02 -3.816975142147177591e-02 9.988865881143937919e-01 -3.880908526112096246e-01
-7.025009934692482139e-01 -7.101730708395613823e-01 -4.633102230243153069e-02 3.149299620996405480e+01 7.111630983867540667e-01 -7.029862711036788392e-01 -7.572986986734857318e-03 -1.184113560101845906e+02 -2.719194118069575422e-02 -3.826894425392392274e-02 9.988974352951496272e-01 -3.653269757092826309e-01
-7.173915036636521192e-01 -6.951137304151655538e-01 -4.654387454876473401e-02 3.209973027110658705e+01 6.961648829683791950e-01 -7.178137092175821410e-01 -9.896190185111673407e-03 -1.190138579171871669e+02 -2.653085355442114449e-02 -3.950165373576846467e-02 9.988672249906497269e-01 -3.647691340825364170e-01
-7.322990467260798164e-01 -6.793497655494016296e-01 -4.713811844435421283e-02 3.275785943293410440e+01 6.804420538633374482e-01 -7.327210039002167719e-01 -1.088768924159018436e-02 -1.196095539017071161e+02 -2.714254033455006446e-02 -4.004780258239195451e-02 9.988290424347959773e-01 -3.492393036751321733e-01
-7.479016105558446981e-01 -6.620950698047384231e-01 -4.767913030443035605e-02 3.342681212360489695e+01 6.631860738337633787e-01 -7.483816378294247951e-01 -1.044775727556047570e-02 -1.201644372690729909e+02 -2.876477704453038811e-02 -3.943402972368723752e-02 9.988080620920247732e-01 -3.447769738870194445e-01
-7.631554912416184111e-01 -6.445052268804890572e-01 -4.697561824795770669e-02 3.398278290279790070e+01 6.455663201141655927e-01 -7.636285874316006694e-01 -1.074740856751772375e-02 -1.206824376051232122e+02 -2.894516400891222405e-02 -3.852782087253498605e-02 9.988382173795721242e-01 -3.303910114038376422e-01
-7.789055472947885583e-01 -6.254716874576670138e-01 -4.573091493153904480e-02 3.462349658201909364e+01 6.264891959189970994e-01 -7.793486120944455031e-01 -1.127067978151119129e-02 -1.212313730987254417e+02 -2.859083397965121037e-02 -3.742871912789612343e-02 9.988902117827955784e-01 -3.078503751286200130e-01
-7.945102542514191901e-01 -6.052663749778967039e-01 -4.905171973133350821e-02 3.533560778253684731e+01 6.064651202844887345e-01 -7.949969906777735185e-01 -1.341054402975392842e-02 -1.217449257090112127e+02 -3.087901820229015451e-02 -4.040297185395422264e-02 9.987062060981248823e-01 -2.880617243098310687e-01
-8.098693001718798579e-01 -5.844797044672566111e-01 -4.995189388849251982e-02 3.600291121124070770e+01 5.857236957007169176e-01 -8.103881886804165102e-01 -1.409737357092424870e-02 -1.222281530038088704e+02 -3.224079607063345954e-02 -4.067503796396564758e-02 9.986521277972801869e-01 -2.768823378097508559e-01
-8.245633843651388739e-01 -5.635758340906638075e-01 -4.977453557112564153e-02 3.667797830551962335e+01 5.647748039610503978e-01 -8.251367532901522361e-01 -1.337008527399575347e-02 -1.227287128021361582e+02 -3.353574171720793279e-02 -3.913588633241071868e-02 9.986709850732226057e-01 -2.564753035204720977e-01
-8.393120430405772714e-01 -5.412964118377313616e-01 -5.053205850329434839e-02 3.736524423372191706e+01 5.425725222076992482e-01 -8.398713523865555253e-01 -1.520426207688698600e-02 -1.232105928491787665e+02 -3.421041580685779682e-02 -4.017842670135850225e-02 9.986067000960827666e-01 -2.514141702986516513e-01
-8.543704381521342039e-01 -5.174570527871324988e-01 -4.784718309832478034e-02 3.810470602731653855e+01 5.187761465515916548e-01 -8.546682895299342331e-01 -2.033284635419668751e-02 -1.236534086384773445e+02 -3.037209538793558122e-02 -4.219376011982214902e-02 9.986476968517766784e-01 -2.334494925462184955e-01
-8.687044832293367991e-01 -4.932884758198446407e-01 -4.493328875540306827e-02 3.882282665612626715e+01 4.945617423559089953e-01 -8.688325186862174698e-01 -2.321071888397200494e-02 -1.240725442714677627e+02 -2.758992230093756243e-02 -4.238554113034826570e-02 9.987203122442108727e-01 -2.055490923005209303e-01
-8.818465210266077658e-01 -4.695448006715542411e-01 -4.329426651772342455e-02 3.956984787580103102e+01 4.708125110437618721e-01 -8.818594152816358056e-01 -2.568172742842260436e-02 -1.244671910372547359e+02 -2.612073496977113107e-02 -4.303082431993128509e-02 9.987322240528941908e-01 -1.941398958887302628e-01
-8.948355901319529071e-01 -4.443540293445050748e-01 -4.264696045641208633e-02 4.029968362474183863e+01 4.456529278909245884e-01 -8.947696817207694275e-01 -2.794073255155228586e-02 -1.248597626268606859e+02 -2.574363014150696585e-02 -4.400810469475539832e-02 9.986994303728031763e-01 -1.719177187583104394e-01
-9.068355461122140637e-01 -4.192165597343312511e-01 -4.366655870901534064e-02 4.103986150471658334e+01 4.205728457416776922e-01 -9.068154273365434115e-01 -2.835951637799625016e-02 -1.252241644500912656e+02 -2.770873020400225692e-02 -4.408238638233537288e-02 9.986435647817306638e-01 -1.595758779729878618e-01
-9.182861052587061312e-01 -3.933944200034877881e-01 -4.462576830126289279e-02 4.180980017233771662e+01 3.948342500217325024e-01 -9.182698977467181889e-01 -2.977095735872973409e-02 -1.255632497788229642e+02 -2.926677119146554873e-02 -4.495803824186635211e-02 9.985600787634690834e-01 -1.464604450937710967e-01
-9.287890527827632470e-01 -3.678731373049656250e-01 -4.494719432638867584e-02 4.257460025225967826e+01 3.693514059058749521e-01 -9.287870771456537833e-01 -3.056311964889433727e-02 -1.258906556976403550e+02 -3.050302253292001484e-02 -4.498800036498247501e-02 9.985217300780926397e-01 -1.321991162509507101e-01
-9.383569042459728449e-01 -3.426610445658237469e-01 -4.549427203994384911e-02 4.333384945937660149e+01 3.441203258911101903e-01 -9.384699098696555053e-01 -2.924772774006172485e-02 -1.261781842750538658e+02 -3.267294844200639009e-02 -4.310031097917748494e-02 9.985363496799843919e-01 -1.148175217460383202e-01
-9.479141477865008492e-01 -3.151823193820610935e-01 -4.603122823221644788e-02 4.416010335816689292e+01 3.167776059817054013e-01 -9.479359142692861395e-01 -3.270245842596562064e-02 -1.264760133410949976e+02 -3.332741772273292713e-02 -4.558078528939756013e-02 9.984045649129192901e-01 -1.016922463130049276e-01
-9.563672463775241273e-01 -2.885345143384736577e-01 -4.592955572534132558e-02 4.495906725395883541e+01 2.901087735356834285e-01 -9.564497228161167319e-01 -3.226185429839789620e-02 -1.267322613413896306e+02 -3.462065238060332145e-02 -4.417874783913282311e-02 9.984235817861681905e-01 -7.811278972796378839e-02
-9.641109298729502175e-01 -2.615341274694534812e-01 -4.571668257506648902e-02 4.579654637971625419e+01 2.630756522396625052e-01 -9.642547272232823152e-01 -3.168630976348237038e-02 -1.269781518217019425e+02 -3.579547590893530917e-02 -4.257606365720330299e-02 9.984517828651108262e-01 -5.833857867273141429e-02
-9.710977093692668705e-01 -2.342917620187897898e-01 -4.556982669736985014e-02 4.664572619289956634e+01 2.358743197241887357e-01 -9.712198064116227547e-01 -3.309672081392894816e-02 -1.271843445899922784e+02 -3.650402922637162317e-02 -4.288890164245402759e-02 9.984127392840836945e-01 -4.245007939835451771e-02
-9.775215031729751480e-01 -2.065241963620294829e-01 -4.242012669446380141e-02 4.747539198049184961e+01 2.080162236141218923e-01 -9.775207870733506610e-01 -3.438548462712043285e-02 -1.273818816091428232e+02 -3.436512105467120354e-02 -4.243662518047220528e-02 9.985079725754771873e-01 -2.748562150143175897e-02
-9.830750647946043808e-01 -1.788739942360647039e-01 -3.959180675858618020e-02 4.832490696327623425e+01 1.803030220623787205e-01 -9.829503942627122459e-01 -3.604639585566861426e-02 -1.275478049320725376e+02 -3.246901925809207723e-02 -4.257483534913166640e-02 9.985655442593679432e-01 -5.287181092715375480e-03
-9.878815814872328183e-01 -1.501881466413448885e-01 -3.915994846773020871e-02 4.923886374948564537e+01 1.516336318836573327e-01 -9.877443392577069936e-01 -3.699137664862909430e-02 -1.277071178017802282e+02 -3.312435112373910556e-02 -4.248106487580261686e-02 9.985480141126106268e-01 1.711358562608328998e-02
-9.917891579273131475e-01 -1.224363879053573662e-01 -3.692691608816483367e-02 5.010334186576070437e+01 1.238681887385844060e-01 -9.915179667149417453e-01 -3.935471382591258088e-02 -1.278373310945385271e+02 -3.179525174858240100e-02 -4.360564869764529256e-02 9.985427428840922826e-01 2.538787257594797911e-02
-9.948473493919757216e-01 -9.521007460040076253e-02 -3.483953357324119648e-02 5.100836938583248070e+01 9.659498608900105032e-02 -9.944995857083110957e-01 -4.049669972582858185e-02 -1.279288366438726001e+02 -3.079220790258002660e-02 -4.365335864244994368e-02 9.985720926454412227e-01 4.005545635143646643e-02
-9.972300251489901735e-01 -6.711808424723859912e-02 -3.205370034139493063e-02 5.191796450641080440e+01 6.841357438772630029e-02 -9.968063220403837743e-01 -4.119149402516014691e-02 -1.280231796079951891e+02 -2.918663697852919015e-02 -4.327030283557604246e-02 9.986369816469710115e-01 6.055627477380990525e-02
-9.987581640546087103e-01 -4.003594745270427913e-02 -2.965219457447640025e-02 5.284831887983494170e+01 4.124563756165319089e-02 -9.982920068017996362e-01 -4.137470891688779101e-02 -1.280773501853990126e+02 -2.794507315545501427e-02 -4.254635198668454271e-02 9.987036000823895643e-01 7.979598798557363537e-02
-9.995388662463130514e-01 -1.367826371531036950e-02 -2.711014500190913126e-02 5.375323452807258207e+01 1.480465127946362439e-02 -9.990166040484064203e-01 -4.179290772665717607e-02 -1.281081730904650726e+02 -2.651183058144530869e-02 -4.217499184936297080e-02 9.987584256967664276e-01 7.579551608394917428e-02
-9.996607246963657989e-01 1.243288740288367618e-02 -2.288796206797943239e-02 5.470568002950757602e+01 -1.145728036273105550e-02 -9.990403640698345411e-01 -4.227388893916916857e-02 -1.281299120952109263e+02 -2.339158445816963416e-02 -4.199731265455551588e-02 9.988438614242372005e-01 8.855550282760452085e-02
-9.991650120524041556e-01 3.676124208546182465e-02 -1.782946347825487346e-02 5.563942397501982384e+01 -3.596763193504685929e-02 -9.984292774922057800e-01 -4.295704016208784504e-02 -1.281219956925725114e+02 -1.938061249104088696e-02 -4.227988797154261930e-02 9.989178159043553551e-01 1.028774703988300787e-01
-9.980887208830307999e-01 5.998180887318262100e-02 -1.486902309017178181e-02 5.658850318691274595e+01 -5.927817166942676852e-02 -9.972737771299676757e-01 -4.394441730797041951e-02 -1.280764210026458159e+02 -1.746435245908007153e-02 -4.297901875780956588e-02 9.989233205498477819e-01 1.169359072409676265e-01
-9.965589707626963945e-01 8.202049859723957448e-02 -1.195222153187464401e-02 5.753021659186348558e+01 -8.140119430083980756e-02 -9.956476486880849741e-01 -4.538287373373005307e-02 -1.280400751491215772e+02 -1.562252719592959957e-02 -4.425378483134434493e-02 9.988981625624496763e-01 1.129751327886636125e-01
-9.947517477886964610e-01 1.020594001279887947e-01 -7.269051805541709189e-03 5.847328542485435321e+01 -1.015946907204449551e-01 -9.936566264189402586e-01 -4.821853991112655391e-02 -1.279609593107202699e+02 -1.214409675244175826e-02 -4.722697978265410351e-02 9.988103590237709106e-01 1.063526215909256639e-01
-9.924780734424718531e-01 1.223604763082658947e-01 -3.897123407328493151e-03 5.947049552791128235e+01 -1.220139926274947662e-01 -9.912632744484421998e-01 -5.009696929783861302e-02 -1.278619322505947338e+02 -9.992964334269400367e-03 -4.924463998759858602e-02 9.987367551536375787e-01 1.299056968908531284e-01
-9.899657790593049400e-01 1.412416531199274239e-01 -4.307169928016016044e-03 6.042919302466989251e+01 -1.408253701140284864e-01 -9.886462737637663478e-01 -5.240954593593107752e-02 -1.277544677823734958e+02 -1.166067840676210214e-02 -5.127709817361975064e-02 9.986163866973583048e-01 1.420017807214973282e-01
-9.874386610411016729e-01 1.578914838244395435e-01 -5.930431217393723579e-03 6.138266262696700437e+01 -1.573576687909455651e-01 -9.861022193055947183e-01 -5.330081756569201440e-02 -1.276461519364873567e+02 -1.426375655911910935e-02 -5.169808909843799649e-02 9.985608908979365372e-01 1.324871162718089801e-01
-9.848755217989391131e-01 1.731812074251245503e-01 -5.336286481001877198e-03 6.238053506351969446e+01 -1.726552270073973827e-01 -9.835311742464357687e-01 -5.344718769337613445e-02 -1.274834451457418965e+02 -1.450445260669731493e-02 -5.171748911471604065e-02 9.985564191234898024e-01 1.171168910439063099e-01
-9.824722028653645189e-01 1.863921211610531092e-01 -2.519476797613665314e-03 6.334237790046242367e+01 -1.859816076176880328e-01 -9.810441866361535590e-01 -5.443478203500383417e-02 -1.273336277970076935e+02 -1.261793255381541204e-02 -5.301208387352564916e-02 9.985141494940978912e-01 1.170294667331889527e-01
-9.800183471667769375e-01 1.988964525620383617e-01 -2.059216384346997802e-03 6.432319201737986702e+01 -1.985051012053738462e-01 -9.786430917474879809e-01 -5.341744818113529358e-02 -1.271619580246372152e+02 -1.263977883680810280e-02 -5.194131431983833175e-02 9.985701456863911307e-01 1.280348859320288857e-01
-9.777425364088917492e-01 2.097833266434006305e-01 -3.238573223705531329e-03 6.532560247793190911e+01 -2.093161210350347190e-01 -9.763892749382492298e-01 -5.339237080522409723e-02 -1.269864702446370472e+02 -1.436293732633550993e-02 -5.152610647138305966e-02 9.985683583920046402e-01 1.333964668726199954e-01
-9.758842679501257278e-01 2.182688553004353826e-01 -2.932979829136190750e-03 6.630136626312331316e+01 -2.177923130360075177e-01 -9.744833255537493910e-01 -5.430245482393144391e-02 -1.267802358177439999e+02 -1.471067459181170205e-02 -5.235413091294760513e-02 9.985202256478514782e-01 1.291326129386672350e-01
-9.738391993645009181e-01 2.272289967572339864e-01 -2.048612019544466308e-03 6.728730685206133444e+01 -2.267958799193189046e-01 -9.724662293183521378e-01 -5.360094856174843492e-02 -1.265854272020580567e+02 -1.417189577261652664e-02 -5.173408806724093950e-02 9.985603344317670604e-01 1.246393633776558124e-01
-9.721175753809747633e-01 2.344893469693511978e-01 -1.471662564130920680e-03 6.826312820475837384e+01 -2.340725591394782756e-01 -9.707275665578274371e-01 -5.383334080609307459e-02 -1.263779445029582433e+02 -1.405192835018523843e-02 -5.198786091677864984e-02 9.985488498943601021e-01 1.267759994963284786e-01
-9.707415501722158613e-01 2.401237410295757879e-01 -1.196561993693511221e-03 6.924549010329725718e+01 -2.397278968581306735e-01 -9.694042958861435189e-01 -5.278111959008301157e-02 -1.261539309750513667e+02 -1.383395222839546232e-02 -5.094997656077022985e-02 9.986053883554796284e-01 1.307080797130240057e-01
-9.694896069066508693e-01 2.451324074723993940e-01 -7.002978727546757196e-05 7.022645781115794250e+01 -2.448243220421046362e-01 -9.682853800765867103e-01 -4.984449885658966822e-02 -1.259340956325449667e+02 -1.228631082287792720e-02 -4.830657860801366998e-02 9.987569879745213930e-01 1.236375117079743513e-01
-9.684988888196975898e-01 2.490120330150043249e-01 1.705803663635913243e-03 7.124372968964912900e+01 -2.487902456515534988e-01 -9.672980423502828273e-01 -4.937520565667050804e-02 -1.256940508364909448e+02 -1.064499979635307597e-02 -4.824421912651225691e-02 9.987788440383509325e-01 1.225540845006211077e-01
-9.677689816469043915e-01 2.518220739458299495e-01 2.973421114199879985e-03 7.224187124901135348e+01 -2.516862489445260143e-01 -9.667001577598552942e-01 -4.631238580536075483e-02 -1.254598052113442890e+02 -8.788074382426050782e-03 -4.556805965552684912e-02 9.989225804266528286e-01 1.282864658174086014e-01
-9.674299595626544290e-01 2.531244232266002259e-01 2.701796473060829023e-03 7.321955023091666703e+01 -2.529841462900888627e-01 -9.664106018737146364e-01 -4.527218032780354340e-02 -1.252097323284136081e+02 -8.848449777740801866e-03 -4.448117525829425878e-02 9.989710356074006370e-01 1.368153068171278075e-01
-9.671180122685176794e-01 2.543169670878058786e-01 2.372887359992389804e-03 7.419972109204532273e+01 -2.541653321595211401e-01 -9.661235563445217389e-01 -4.478010500346881612e-02 -1.249610912025083422e+02 -9.095838115042177360e-03 -4.391075184442654045e-02 9.989940498320200035e-01 1.295062035699588998e-01
-9.669259689568130423e-01 2.550528177319311141e-01 1.493559939928045541e-03 7.517206761825345041e+01 -2.548673158361555724e-01 -9.659636748369211379e-01 -4.423607366942302471e-02 -1.247041972765988618e+02 -9.839810586349943475e-03 -4.315366800884721382e-02 9.990199893212012849e-01 1.284882232931351953e-01
-9.667077936194202747e-01 2.558755672845444140e-01 1.932826851823040175e-03 7.614171588879982266e+01 -2.557157377098542850e-01 -9.657758672388127019e-01 -4.343311808148515168e-02 -1.244606474983741009e+02 -9.246796198725251367e-03 -4.248138799510872005e-02 9.990544672000536419e-01 1.190398405101445872e-01
-9.664855915793173491e-01 2.566950162516430378e-01 3.642787186988681678e-03 7.710276614272706297e+01 -2.565986220746858115e-01 -9.654902933223775685e-01 -4.456052792877863988e-02 -1.242273420827273611e+02 -7.921389770915110429e-03 -4.400184236929525344e-02 9.990000447700240205e-01 1.134080495397201405e-01
-9.664681749517213261e-01 2.567705089983848832e-01 2.858760488878676377e-03 7.809047494045309179e+01 -2.566430375014809306e-01 -9.654966701458648215e-01 -4.416481901814402894e-02 -1.239838540967959517e+02 -8.580099326086788533e-03 -4.341757300916342793e-02 9.990201680886332536e-01 1.165824756757852243e-01
-9.663341827340249379e-01 2.572852005032293943e-01 1.604019669908849895e-03 7.907137864779923575e+01 -2.570997546199834116e-01 -9.653603127559317043e-01 -4.448800658326772239e-02 -1.237401755691843164e+02 -9.897648763288845533e-03 -4.340267454691722204e-02 9.990086307882494188e-01 1.240749833326693918e-01
-9.663018071967729439e-01 2.574098300203319645e-01 9.984059635122083387e-04 8.004313114578800992e+01 -2.571959668789123854e-01 -9.653256658871000040e-01 -4.468325637732817324e-02 -1.234906269829160408e+02 -1.053812252702440375e-02 -4.343429737624310283e-02 9.990007055970002714e-01 1.160891122472521020e-01
-9.662525440208208360e-01 2.575957060245109287e-01 6.880467480269373669e-04 8.100534856646281412e+01 -2.573685534383006179e-01 -9.652812243913270196e-01 -4.464958609310372417e-02 -1.232483163153471963e+02 -1.083738304571687724e-02 -4.331985774844737680e-02 9.990024729957525107e-01 1.174930886062904994e-01
-9.663506365531608910e-01 2.572265497731249795e-01 9.743317724284011275e-04 8.195937248249974516e+01 -2.570052481924199883e-01 -9.653476552978195180e-01 -4.530128929929904541e-02 -1.230036773216011312e+02 -1.071212545447353115e-02 -4.402733813032575633e-02 9.989728944589280069e-01 1.081692720264255392e-01
-9.663038627498712341e-01 2.573967012655929421e-01 1.944996026773144950e-03 8.292349540681111364e+01 -2.572099797531587906e-01 -9.652543866340372869e-01 -4.611936034624453118e-02 -1.227680947557176125e+02 -9.993555270511845015e-03 -4.506558843907403078e-02 9.989340426624409019e-01 1.095856990635816208e-01
-9.662258021110380346e-01 2.576886001567579298e-01 2.069947196349429704e-03 8.390968414396289177e+01 -2.575242288363087106e-01 -9.652531637836485601e-01 -4.435765286324350881e-02 -1.225101827999875042e+02 -9.432438392167187199e-03 -4.339257027329777860e-02 9.990135704530119787e-01 1.150236654689509586e-01
-9.661490277969788654e-01 2.579668066004083826e-01 3.030309652853122818e-03 8.486995037677398557e+01 -2.578497598530966051e-01 -9.651976926057920236e-01 -4.366824397391217555e-02 -1.222731183354026996e+02 -8.340109562724675948e-03 -4.297139607754124624e-02 9.990414914756231557e-01 1.113576306925809917e-01
-9.662673851357180821e-01 2.575213691205298638e-01 3.175667883836949014e-03 8.583436464448455183e+01 -2.574052273666560531e-01 -9.652844829559352746e-01 -4.436683320249867196e-02 -1.220363853411842001e+02 -8.359984698302970127e-03 -4.368765741928996166e-02 9.990102598288245206e-01 1.098640557166176840e-01
-9.664766452806732300e-01 2.567421989955497863e-01 2.517415176381734582e-03 8.678874557154890113e+01 -2.565933014123927824e-01 -9.654758567876631226e-01 -4.490264613604508931e-02 -1.217811831804744429e+02 -9.097900535122846119e-03 -4.404331067320423065e-02 9.989881956204388347e-01 1.106813390641676470e-01
-9.664996721674454783e-01 2.566576995030367403e-01 2.282319706395126956e-03 8.777192224964193201e+01 -2.565008237255155255e-01 -9.655118093580252747e-01 -4.465728851958710582e-02 -1.215295126747321035e+02 -9.258030307969594697e-03 -4.374667159904437053e-02 9.989997585570243865e-01 1.055069487474935147e-01
-9.667454911663436734e-01 2.557167227305996993e-01 3.480376799186233119e-03 8.874385369079470820e+01 -2.556256437830028427e-01 -9.658145260739602334e-01 -4.310256911892937359e-02 -1.212845897105457027e+02 -7.660649247243356275e-03 -4.255888791359001277e-02 9.990645902597226069e-01 9.551787706078540552e-02
-9.668196639326526176e-01 2.554183778133767291e-01 4.603227728402070097e-03 8.972347693700626792e+01 -2.553807312741980806e-01 -9.659148359844939025e-01 -4.229907467658098469e-02 -1.210243899996063419e+02 -6.357635080369015632e-03 -4.207115282725567423e-02 9.990943892216171962e-01 9.458423933835392872e-02
-9.669270706466689402e-01 2.550074845859006678e-01 4.819009544861007840e-03 9.069759425385953477e+01 -2.549853648633031433e-01 -9.660629047108649781e-01 -4.129077193175657856e-02 -1.207801961227875722e+02 -5.873989527939871107e-03 -4.115394205606886374e-02 9.991355510131761930e-01 8.903288906667962410e-02
-9.671187262821273611e-01 2.542820306914397310e-01 4.692348988402857655e-03 9.169212149576755166e+01 -2.542641398749929671e-01 -9.663168138233908522e-01 -3.976886339113321067e-02 -1.205423392522442469e+02 -5.578211617319003661e-03 -3.965430858832744154e-02 9.991978879899876542e-01 8.217249039367896524e-02
-9.673390079949216735e-01 2.534084782936043001e-01 6.275885392511049848e-03 9.267812149992516879e+01 -2.534622439167022456e-01 -9.666109355186021102e-01 -3.768541155596259740e-02 -1.202893558276422539e+02 -3.483463345556952421e-03 -3.804526862485026889e-02 9.992699450181057319e-01 6.289518406926496163e-02
-9.674191417623007050e-01 2.530257524120546608e-01 8.841536367094390142e-03 9.368770645358317495e+01 -2.531800080536119046e-01 -9.667875565351146117e-01 -3.495288329180508413e-02 -1.200380064775880413e+02 -2.960922532788158590e-04 -3.605258860517560754e-02 9.993498502438150632e-01 5.365198263058854750e-02
-9.675122483098569370e-01 2.525957344093838763e-01 1.074450211491741018e-02 9.470029065444893490e+01 -2.528204148417820263e-01 -9.668548029438742697e-01 -3.568792321165468323e-02 -1.197710332130665307e+02 1.373756302094560587e-03 -3.724493230625666035e-02 9.993052225467478067e-01 4.968375179735162045e-02
-9.675229629172984458e-01 2.525390983996179672e-01 1.110495404466684509e-02 9.571094921304087677e+01 -2.527754806244177366e-01 -9.669016023628623779e-01 -3.472531846922342208e-02 -1.195185917827596853e+02 1.967897242335054069e-03 -3.640460310981912667e-02 9.993351951427146274e-01 3.859531204710174579e-02
-9.673070864425772353e-01 2.533802653080233780e-01 1.074437841339007452e-02 9.675370988558759677e+01 -2.536027953790773726e-01 -9.666894274786337338e-01 -3.460018752127637376e-02 -1.192446637909759630e+02 1.619472323442513063e-03 -3.619381098209608488e-02 9.993434771659042148e-01 2.191088848612139303e-02
-9.671498686422210778e-01 2.539541969544626410e-01 1.133125904821767095e-02 9.775718386758160250e+01 -2.541996940023734664e-01 -9.664961706366549388e-01 -3.560432155417385391e-02 -1.189933750841194779e+02 1.909751590431638373e-03 -3.731511749721446586e-02 9.993017236315935303e-01 4.884048660417788373e-03
-9.668560428547017249e-01 2.550598055341227743e-01 1.157099793886749717e-02 9.879542886418451531e+01 -2.553130193685653748e-01 -9.662111121592223961e-01 -3.537440996666959409e-02 -1.187287990942373028e+02 2.157436660556725193e-03 -3.715618845985590307e-02 9.993071415356844511e-01 -9.123098798167854351e-03
-9.665783227301291136e-01 2.561917281276303582e-01 9.599190811667794240e-03 9.982033318819918577e+01 -2.563708771500436967e-01 -9.659807317497750567e-01 -3.398822203389525315e-02 -1.184650375522006698e+02 5.651320258450933005e-04 -3.531323161469747396e-02 9.993761335436894822e-01 -1.196156309005393277e-02
-9.664258648964805243e-01 2.568539432643860421e-01 6.862906502822667398e-03 1.008275244884216306e+02 -2.569358277554860681e-01 -9.658111989030701006e-01 -3.453561188904580304e-02 -1.182101961139465232e+02 -2.242336139064708255e-03 -3.513943515298909026e-02 9.993799037522056450e-01 -2.122883414172400257e-02
-9.662717416001143089e-01 2.574884077626469203e-01 4.317551386115848697e-03 1.018477771729953645e+02 -2.574861718568025593e-01 -9.657021129766790724e-01 -3.347088726690665428e-02 -1.179703186499012588e+02 -4.448896972067411734e-03 -3.345368231077449489e-02 9.994303669858976003e-01 -4.019080572145792424e-02
-9.660035480277721076e-01 2.584807417379334504e-01 4.985112374516226935e-03 1.028691832507211643e+02 -2.585036107828154739e-01 -9.654605872950947631e-01 -3.258431511598756936e-02 -1.176819781149306863e+02 -3.609488419138520005e-03 -3.276523356134260212e-02 9.994565578658204386e-01 -5.548937426766109571e-02
-9.658325477540645743e-01 2.591024938694904134e-01 5.778180207932973739e-03 1.038788126811549120e+02 -2.591513563148066246e-01 -9.652902106768022072e-01 -3.248666943909483962e-02 -1.174094929069823650e+02 -2.839756278708798366e-03 -3.287410595059706009e-02 9.994554662115691102e-01 -6.161297373246878845e-02
-9.657546819269252625e-01 2.593889894197362045e-01 5.936876369924170074e-03 1.049108258657357453e+02 -2.594435275493532922e-01 -9.652194746621418631e-01 -3.225556921207723554e-02 -1.171583868742104926e+02 -2.636350809938018108e-03 -3.269125113309461622e-02 9.994620211652391895e-01 -6.486513726514743505e-02
-9.656080904834418721e-01 2.599329532723310132e-01 5.989607085165175350e-03 1.059330140847859951e+02 -2.599879099781773339e-01 -9.650602684287324928e-01 -3.263380095765164302e-02 -1.168999856680262468e+02 -2.702268437804112265e-03 -3.306868765587493014e-02 9.994494282553472164e-01 -8.200634533477901833e-02
-9.655157834337786404e-01 2.602591119512534523e-01 6.668326894996476698e-03 1.069331418077698999e+02 -2.603363718153721140e-01 -9.649660764238223720e-01 -3.264115287052728881e-02 -1.166405773261521261e+02 -2.060448218746377229e-03 -3.325155631617055657e-02 9.994448902033610249e-01 -9.368002549108392363e-02
-9.653189182019028536e-01 2.609804712894032708e-01 6.969918509920658943e-03 1.079651820192897844e+02 -2.610653571839819942e-01 -9.647334575332968676e-01 -3.367840842050590089e-02 -1.163597673618662611e+02 -2.065293318834488922e-03 -3.433000904886376187e-02 9.994084175351517496e-01 -9.940750284998657593e-02
-9.651498497094140872e-01 2.616263686470000072e-01 6.116439440911392890e-03 1.089814665729259673e+02 -2.616829584980051582e-01 -9.645819003199125330e-01 -3.322328711068007340e-02 -1.161108751349453172e+02 -2.792281181953832399e-03 -3.366601853037973213e-02 9.994292382955394238e-01 -1.058547560651496577e-01
-9.650165771248936375e-01 2.621399210492597609e-01 5.066326419173549506e-03 1.099857762297249195e+02 -2.621618902247617733e-01 -9.644598749296793283e-01 -3.298928559216147971e-02 -1.158496141922437630e+02 -3.761540175788302600e-03 -3.316340517477146810e-02 9.994428644853061705e-01 -1.172322328267175195e-01
-9.648634983684208910e-01 2.627140206804927658e-01 4.446667412136054952e-03 1.109979125913959450e+02 -2.627178210137462444e-01 -9.643295543242367263e-01 -3.237062214531123000e-02 -1.155718101620203555e+02 -4.216163491728193956e-03 -3.240145050105747854e-02 9.994660424290052747e-01 -1.286953852198889359e-01
-9.648156986232708787e-01 2.629099965918353377e-01 3.000229839697917626e-03 1.120037321662170484e+02 -2.628613340570137846e-01 -9.642562812625641300e-01 -3.337278985816796717e-02 -1.153161334239396041e+02 -5.881049599488654203e-03 -3.298723598043983712e-02 9.994384700999979776e-01 -1.289469324750250334e-01
-9.646569210235694802e-01 2.634983774925643285e-01 2.372715116002010148e-03 1.130000051272233605e+02 -2.634299613979808052e-01 -9.641076539157308334e-01 -3.318263248170895408e-02 -1.150644121728366969e+02 -6.456017015742001978e-03 -3.263490033296214538e-02 9.994464883736308147e-01 -1.406848918894351430e-01
-9.643365325459020143e-01 2.646736036382124069e-01 1.713339256326888022e-03 1.140148716839806582e+02 -2.645833681232261370e-01 -9.637932327762389617e-01 -3.313979128992941559e-02 -1.147956092976207998e+02 -7.119923203605693293e-03 -3.241123249328580619e-02 9.994492576912847870e-01 -1.405777638708169408e-01
-9.639329803927069173e-01 2.661268905600142620e-01 3.112463490434342651e-03 1.150370345044014044e+02 -2.660695795922801143e-01 -9.633150342139354949e-01 -3.508737197947387615e-02 -1.145101820236456120e+02 -6.339410328822985517e-03 -3.465000689900928077e-02 9.993794018771798848e-01 -1.480472168825754387e-01
-9.633718316678276938e-01 2.681163845794335976e-01 5.321490947698501173e-03 1.160294678739129495e+02 -2.681302859835610897e-01 -9.627044132653657105e-01 -3.614363591540030451e-02 -1.142473062014694705e+02 -4.567678166473456043e-03 -3.624661362491706645e-02 9.993324368370574140e-01 -1.546269826855716789e-01
-9.623169849109015628e-01 2.718165269154780295e-01 7.861058737327879936e-03 1.170525712023343914e+02 -2.719141594680710705e-01 -9.615443921953021889e-01 -3.866615726894718358e-02 -1.139685561447012248e+02 -2.951343632200520602e-03 -3.934663306054151516e-02 9.992212628018640741e-01 -1.626319939447827267e-01
-9.604608936429251953e-01 2.782662893540571725e-01 9.096372278727508226e-03 1.180573561477768862e+02 -2.784033421983685419e-01 -9.596101343319419774e-01 -4.049653243917588491e-02 -1.136679263808603793e+02 -2.539848789016472749e-03 -4.142779618056402491e-02 9.991382721473179851e-01 -1.607672639166091433e-01
-9.581805840667391161e-01 2.860171926554971322e-01 9.172448957235795550e-03 1.190643567519279031e+02 -2.861471196612232482e-01 -9.572804256468067097e-01 -4.164147670793571371e-02 -1.133784565314970791e+02 -3.129572423810989944e-03 -4.252472432308334466e-02 9.990905132146216117e-01 -1.665850572842210997e-01
-9.555843149996662289e-01 2.945336109109993328e-01 1.041964333541494855e-02 1.200575114820097014e+02 -2.947066977732817894e-01 -9.546430432035533098e-01 -4.248084686024546086e-02 -1.130991489695943386e+02 -2.564997197274374204e-03 -4.366476962723300770e-02 9.990429463644364683e-01 -1.824524553674172211e-01
-9.528349612090110110e-01 3.032662132608259231e-01 1.162499845853656212e-02 1.210490022056534940e+02 -3.034844992600872482e-01 -9.519145417254256669e-01 -4.190303043741142736e-02 -1.127979195618433437e+02 -1.641768284477190766e-03 -4.345467921778430748e-02 9.990540503139579975e-01 -1.928172416404766998e-01
-9.499631167680585575e-01 3.121265963690588174e-01 1.212702009117563526e-02 1.220319309430851575e+02 -3.123586691713569619e-01 -9.490547571565779439e-01 -4.155875011658809876e-02 -1.124774902466639617e+02 -1.462385115367380219e-03 -4.326725964675883634e-02 9.990624633475967409e-01 -2.059404681028304540e-01
-9.465799700321892995e-01 3.222746659197422425e-01 1.119821579994775135e-02 1.230070891366800794e+02 -3.224589566348632363e-01 -9.457028327666749945e-01 -4.082123690308233493e-02 -1.121492132044564727e+02 -2.565466081217228009e-03 -4.225153018774379515e-02 9.991037116227236003e-01 -1.984313392367381135e-01
-9.423593530444220878e-01 3.344009293575978536e-01 1.161327565405923662e-02 1.239874351953783105e+02 -3.345897058723816819e-01 -9.414516977987394952e-01 -4.145394354369168199e-02 -1.118188453653622645e+02 -2.928899164818556371e-03 -4.295019390460713682e-02 9.990729214581641759e-01 -2.191091072673794493e-01
-9.373175946098085687e-01 3.482827200586962046e-01 1.161351541818470175e-02 1.249703210735841452e+02 -3.484634623502391726e-01 -9.364764542033235939e-01 -3.981288897873441757e-02 -1.114564240783657993e+02 -2.990357527042321155e-03 -4.136420712501731600e-02 9.991396599717576876e-01 -2.183343934794367003e-01
-9.317741714421947652e-01 3.628325991758943880e-01 1.222286404555355394e-02 1.259280516496529572e+02 -3.630250757195278566e-01 -9.309230323830202103e-01 -3.993873028488959670e-02 -1.110824142445520550e+02 -3.112527655151308553e-03 -4.165108346562910319e-02 9.991273689652508949e-01 -2.375877609803165036e-01
-9.250754667300854495e-01 3.795901304889821026e-01 1.211254252874421553e-02 1.268950304429610156e+02 -3.797632255037208249e-01 -9.242277116569175277e-01 -3.978730399903342152e-02 -1.106927127826321708e+02 -3.908120452902147379e-03 -4.140615703693119320e-02 9.991347540505419733e-01 -2.371195366594700538e-01
-9.178430534316731615e-01 3.968221144331284256e-01 9.815231078545590820e-03 1.278340024848525331e+02 -3.969001724853936097e-01 -9.170970297864908805e-01 -3.746052638300713389e-02 -1.102967141435911316e+02 -5.863646018074215871e-03 -3.827855082691420524e-02 9.992499037776441106e-01 -2.424550362984256302e-01
-9.095616695910286875e-01 4.154453563826429607e-01 1.013533758727651335e-02 1.287668303952692384e+02 -4.155233373159127330e-01 -9.088298416774683863e-01 -3.699560813563070732e-02 -1.098623439666182264e+02 -6.158356351502096773e-03 -3.786125640278675125e-02 9.992640291275893816e-01 -2.558323323459597010e-01
-9.002787601675932283e-01 4.351347457754144998e-01 1.248627275240434334e-02 1.297011701165538682e+02 -4.352839324894831607e-01 -8.995101590587035734e-01 -3.754160179829487548e-02 -1.094181115171973744e+02 -5.104126164733306485e-03 -3.923298062780138096e-02 9.992170540602256512e-01 -2.550655059782829248e-01
-8.896152560678828314e-01 4.564636043619801908e-01 1.502245190992814415e-02 1.306322000597382953e+02 -4.567022247151705794e-01 -8.889164963448861201e-01 -3.536298156231670875e-02 -1.089487200808780756e+02 -2.788208706437218538e-03 -3.832023510614842449e-02 9.992616201332111814e-01 -2.645588692383746277e-01
-8.782406686587099776e-01 4.779938492032841379e-01 1.466997051932037582e-02 1.315293317882925237e+02 -4.782044979600700296e-01 -8.775627110032495626e-01 -3.470081247086484466e-02 -1.084765216375724322e+02 -3.712955823957095683e-03 -3.749091063501534815e-02 9.992900707884696532e-01 -2.567234553938830266e-01
-8.659288183764496383e-01 4.998979009585626798e-01 1.641249888853512154e-02 1.324188829099216491e+02 -5.001501409894807404e-01 -8.651614456459215674e-01 -3.668118638666157533e-02 -1.079705577817096156e+02 -4.137386814094670857e-03 -3.997201001786893082e-02 9.991922339785719309e-01 -2.673868058650685220e-01
-8.527669879317248958e-01 5.219519717258164215e-01 1.883091879958116027e-02 1.332880429383557157e+02 -5.222781794554612889e-01 -8.519327329273037597e-01 -3.789619809809943729e-02 -1.074660008237071906e+02 -3.737319201556671324e-03 -4.215160469463692661e-02 9.991042361357743706e-01 -2.786762079462949959e-01
-8.384054611855344952e-01 5.445913711185235151e-01 2.228275465570755259e-02 1.341800607848813911e+02 -5.450407398227419264e-01 -8.374981735888364920e-01 -3.908198008463719536e-02 -1.069102370393954118e+02 -2.621942793438286796e-03 -4.491155462008699500e-02 9.989875262860798966e-01 -2.879247275467836098e-01
-8.233067461159563338e-01 5.670795469254803489e-01 2.422373332824929656e-02 1.349970734832599248e+02 -5.675950721911200425e-01 -8.224524032266329332e-01 -3.752170637771937850e-02 -1.063671562942267173e+02 -1.354924561412399614e-03 -4.464114565409245394e-02 9.990021683118093243e-01 -2.942951591456516303e-01
-8.071367302296948987e-01 5.898447900561729629e-01 2.476736472458030205e-02 1.358499566440795832e+02 -5.903599237854300075e-01 -8.062537759855377129e-01 -3.781546106329243540e-02 -1.057775323754061816e+02 -2.336471361155943380e-03 -4.514390714627343482e-02 9.989777617878727867e-01 -2.843253886622620907e-01
-7.905252832701277210e-01 6.119388794957903999e-01 2.450682088522764326e-02 1.366505086003856491e+02 -6.124106669956941307e-01 -7.895549175677986087e-01 -3.944879076225780296e-02 -1.051872633944105502e+02 -4.790767872439653102e-03 -4.619350501661762670e-02 9.989210222209862211e-01 -2.891805449447362175e-01
-7.728746784349683763e-01 6.341456153222418957e-01 2.289257520441012259e-02 1.374526899156621482e+02 -6.345078170622752145e-01 -7.718528304330299905e-01 -4.053440806889526543e-02 -1.045651557823178450e+02 -8.035018178951745457e-03 -4.585353552203601940e-02 9.989158581985411178e-01 -3.022406185080787067e-01
-7.542967840091021614e-01 6.561139230879190487e-01 2.347086623170642483e-02 1.382229281585769627e+02 -6.564815236223165984e-01 -7.533045854736649671e-01 -3.955010296926581709e-02 -1.039088462997922733e+02 -8.268662060118484383e-03 -4.524070550182374834e-02 9.989418941014314157e-01 -3.146830862424132569e-01
-7.343036202210221353e-01 6.785445495249781134e-01 1.937750340740747312e-02 1.389809414036555495e+02 -6.787491643104748285e-01 -7.335107163635565808e-01 -3.551902202421726440e-02 -1.032335745006195822e+02 -9.887632393093315208e-03 -3.923421070362784202e-02 9.991811204349431152e-01 -2.968032151946549679e-01
-7.144288876788629228e-01 6.994743853918320431e-01 1.808172084766803203e-02 1.396849918512984061e+02 -6.996004781897974256e-01 -7.136273628186421414e-01 -3.598830297355688074e-02 -1.025451798658479987e+02 -1.226928533978781898e-02 -3.836106381470238968e-02 9.991886175381231583e-01 -3.103094547307565509e-01
-6.932921558448128518e-01 7.203739643749559329e-01 2.018261858645591794e-02 1.403946982262348797e+02 -7.205760181742029147e-01 -6.925237994464377156e-01 -3.436552386003297738e-02 -1.018332114571624913e+02 -1.077908495441401091e-02 -3.836845906134795509e-02 9.992055207384916704e-01 -3.246887243452186711e-01
-6.712203736231977524e-01 7.409637306833963821e-01 2.087965141512082567e-02 1.410888964735629258e+02 -7.412317204928520198e-01 -6.706938425952709837e-01 -2.730029372705949919e-02 -1.010912673488445819e+02 -6.224673848912955568e-03 -3.380117329754082911e-02 9.994091925315902181e-01 -3.246205879669787908e-01
-6.481293854227356821e-01 7.612528123868462782e-01 2.055371944680494181e-02 1.417382038391818639e+02 -7.615197338703691976e-01 -6.477425954291810006e-01 -2.274258099140420014e-02 -1.003280691898282697e+02 -3.999334160264522361e-03 -3.039219800437318458e-02 9.995300493853011004e-01 -3.119588532429404260e-01
-6.239088048079838300e-01 7.811735373871475652e-01 2.248794716401510477e-02 1.423684835543765246e+02 -7.814924414992897583e-01 -6.235467416770935634e-01 -2.142486454407886709e-02 -9.955552351716636394e+01 -2.714251042631646467e-03 -3.094132236469528466e-02 9.995175173097434751e-01 -3.155474604777481762e-01
-5.991770462486146753e-01 8.001600513944453485e-01 2.703256184384306496e-02 1.429872383178787061e+02 -8.006138805243043777e-01 -5.987461370983282460e-01 -2.281397858579365528e-02 -9.878240093076927053e+01 -2.069192297670332040e-03 -3.531225654085436844e-02 9.993741856675349977e-01 -3.283589220874021941e-01
-5.735907379900884173e-01 8.184898931206501249e-01 3.267965957651795122e-02 1.435610184284674631e+02 -8.191403310361314860e-01 -5.730516473646515285e-01 -2.491841728203228468e-02 -9.798600016066089324e+01 -1.668339942090243293e-03 -4.106220052234804685e-02 9.991551993196602366e-01 -3.400062997735826542e-01
-5.466700963369008903e-01 8.364840935903439245e-01 3.802850168145519016e-02 1.441459424752895870e+02 -8.373457277790101738e-01 -5.459968725506707532e-01 -2.719461954485605931e-02 -9.715932285997511997e+01 -1.984423694474826520e-03 -4.670948870359822175e-02 9.989065450406503510e-01 -3.307503987574065829e-01
-5.196759430952767600e-01 8.533392921612202864e-01 4.182064825775125283e-02 1.446603472130450996e+02 -8.543554981951276828e-01 -5.188368864487648002e-01 -2.974841106468343113e-02 -9.636618148984329935e+01 -3.687393109361664003e-03 -5.118923435309644110e-02 9.986821643625107825e-01 -3.525516208758966985e-01
-4.914756159395791135e-01 8.696913384481943510e-01 4.570224025097922860e-02 1.451877138129653986e+02 -8.708839053421441045e-01 -4.905774477922977272e-01 -2.991640236530256763e-02 -9.550172242943135359e+01 -3.597547633744448831e-03 -5.450452775222844326e-02 9.985070425905400171e-01 -3.542929684595437778e-01
-4.637036373296044012e-01 8.845818061410289923e-01 4.993961324042330702e-02 1.456685400471227183e+02 -8.859878915450277725e-01 -4.628317984497993809e-01 -2.849881359118179927e-02 -9.463277590864768740e+01 -2.095890989239041369e-03 -5.746089616166309699e-02 9.983455577357099875e-01 -3.694654497428230266e-01
-4.364842712659962043e-01 8.983374764104186116e-01 4.971176332677286480e-02 1.461301323730679371e+02 -8.997049344863420339e-01 -4.355968980856141926e-01 -2.804234718819125990e-02 -9.377622597195589549e+01 -3.537201501984715748e-03 -5.696596224453574081e-02 9.983698549878396999e-01 -3.542758422025974463e-01
-4.097029754123375778e-01 9.109255876094721760e-01 4.855971350598818626e-02 1.465492784321585304e+02 -9.122002954634230720e-01 -4.087729652241999800e-01 -2.820077755827150520e-02 -9.287529645905262043e+01 -5.838911787861529937e-03 -5.585012748273851524e-02 9.984220902837797063e-01 -3.666089984898880383e-01
-3.832166696474578749e-01 9.224633801234400909e-01 4.697122986228260966e-02 1.469662418869621376e+02 -9.236104161738049045e-01 -3.821821511934085369e-01 -2.967494635203126244e-02 -9.195076971752123995e+01 -9.422485643739080680e-03 -5.475505127467837629e-02 9.984553576006904851e-01 -3.649251099974462065e-01
-3.575734290172544183e-01 9.327833678686202612e-01 4.534789397309105935e-02 1.473441516005395044e+02 -9.337678225264125498e-01 -3.563375046812217728e-01 -3.318488162326228841e-02 -9.103326335813231651e+01 -1.479515026177759783e-02 -5.421043612535877271e-02 9.984199177405949088e-01 -3.568266066169861195e-01
-3.331756354731618686e-01 9.418258502619208938e-01 4.425001361340190342e-02 1.477217574209228133e+02 -9.426764194722684342e-01 -3.318039694038497078e-01 -3.559907379763398855e-02 -9.009390840470175021e+01 -1.884579778472192380e-02 -5.357418842984629920e-02 9.983860186507182988e-01 -3.702279833212787641e-01
-3.097555077375009902e-01 9.496577373076547923e-01 4.692235498507474345e-02 1.480672444627545019e+02 -9.506493933660008500e-01 -3.083993348078380992e-01 -3.399384031480858631e-02 -8.912727377681626706e+01 -1.781169041057614755e-02 -5.513648756891421920e-02 9.983199444168995296e-01 -3.867264796738977273e-01
-2.870213080809586592e-01 9.565964665128796618e-01 5.041794285722382002e-02 1.483824767593697231e+02 -9.578475754399796704e-01 -2.859348650294138983e-01 -2.773581043948040309e-02 -8.813851328959033538e+01 -1.211573057617241003e-02 -5.625347291788016652e-02 9.983430051112460735e-01 -3.944137813540566917e-01
-2.651437087407393922e-01 9.628370205508394175e-01 5.141678297403995401e-02 1.486923319766098928e+02 -9.641610960932261998e-01 -2.642223064787833642e-01 -2.408222447527659515e-02 -8.711589134935812240e+01 -9.601796272730221335e-03 -5.595931214233059586e-02 9.983868793659868013e-01 -3.655454345223034807e-01
-2.446185501149723551e-01 9.683489912906314556e-01 4.961850466809798049e-02 1.489796451306420977e+02 -9.695455359017220998e-01 -2.436478430032269771e-01 -2.484315618487373256e-02 -8.609996443109703534e+01 -1.196740359651008410e-02 -5.418449654568160967e-02 9.984592237955914884e-01 -3.496060899093805241e-01
-2.255540852980771893e-01 9.730726160519780343e-01 4.748724559874893669e-02 1.492206798250498423e+02 -9.740995160862674362e-01 -2.244559338178874486e-01 -2.738003891021667177e-02 -8.506792635329200891e+01 -1.598397203450337145e-02 -5.243298259020944679e-02 9.984965172557824786e-01 -3.656766619208016156e-01
-2.087681594731644052e-01 9.770062032280036890e-01 4.329820370002410157e-02 1.494866250872933335e+02 -9.778183416096319913e-01 -2.077649975829196638e-01 -2.655177183210840827e-02 -8.404194872369836844e+01 -1.694539459942667400e-02 -4.788094227313843820e-02 9.987093015317942690e-01 -3.706719236753351909e-01
-1.930442336952565563e-01 9.803009824547573858e-01 4.176012014729530569e-02 1.496974389351681509e+02 -9.810622808281895812e-01 -1.921573591006243975e-01 -2.433825129121297559e-02 -8.298938588269234629e+01 -1.583429724862274457e-02 -4.566763778971666410e-02 9.988311878823949996e-01 -3.830083789893363733e-01
-1.774212910805801346e-01 9.832740210367697520e-01 4.115683448656563825e-02 1.499113356530538681e+02 -9.840406045915798261e-01 -1.766698766778520835e-01 -2.125660334828427186e-02 -8.189714982051339121e+01 -1.362989297450647314e-02 -4.427137030162867776e-02 9.989265597561794996e-01 -3.813215931922815383e-01
-1.616442486321401084e-01 9.860100109412215375e-01 4.068654823548702171e-02 1.500971583155966016e+02 -9.867529920868483018e-01 -1.609157086841793427e-01 -2.060745744979163366e-02 -8.080397342389218807e+01 -1.377205460216295724e-02 -4.347865018509294854e-02 9.989594273479294184e-01 -3.689844781899589976e-01
-1.460495034231492073e-01 9.884329091093049247e-01 4.086473710969359963e-02 1.502955267442327738e+02 -9.891518963757778282e-01 -1.452486956371483728e-01 -2.193951476502694828e-02 -7.970819055169305045e+01 -1.575018864075514169e-02 -4.362568744407792354e-02 9.989237863570908926e-01 -3.658598808687156811e-01
-1.304801915468470352e-01 9.906735621947064807e-01 3.925318817402936172e-02 1.504735846566556177e+02 -9.912953086761325805e-01 -1.296559992531348404e-01 -2.286772508516978636e-02 -7.859886121974467699e+01 -1.756503933269189938e-02 -4.189528643719434703e-02 9.989675942515601204e-01 -3.669937812369689079e-01
-1.150161078322470554e-01 9.925916139795709636e-01 3.915587817972779328e-02 1.506271549082230194e+02 -9.931922016163224898e-01 -1.141746230950787117e-01 -2.309558585147152357e-02 -7.747423477238540102e+01 -1.845387720284298247e-02 -4.154567724862865546e-02 9.989661711566053537e-01 -3.721310801447120231e-01
-9.820286101274187940e-02 9.943539768252903643e-01 4.020406521874116124e-02 1.507199548158927769e+02 -9.949882880431915044e-01 -9.734078085873075492e-02 -2.287092116402131975e-02 -7.632978391277156049e+01 -1.882829631087078875e-02 -4.224856391702014324e-02 9.989297042846017050e-01 -3.744840862254740221e-01
-8.177348255099047003e-02 9.958573552086524838e-01 3.976462784659103716e-02 1.508304678842104352e+02 -9.964719868380226275e-01 -8.093765292166003877e-02 -2.219630110655133187e-02 -7.518889838833021599e+01 -1.888589406803681606e-02 -4.143940655774158710e-02 9.989625111016549042e-01 -3.653969651101003913e-01
-6.574574885210084096e-02 9.970386832460005344e-01 3.989186155621102930e-02 1.509560298544457453e+02 -9.976551045215701352e-01 -6.491918477438070323e-02 -2.167468261543401345e-02 -7.404268268470292469e+01 -1.902074988316555457e-02 -4.122333755044531312e-02 9.989688921644176434e-01 -3.613515107283977179e-01
-4.935051740771164569e-02 9.979617909741087534e-01 4.045726370868852478e-02 1.510273514476763808e+02 -9.985995323751708508e-01 -4.852780050913834547e-02 -2.107193664640324982e-02 -7.289456304515292118e+01 -1.906568561239845028e-02 -4.144051559729840933e-02 9.989590498595366519e-01 -3.491011622542697923e-01
-3.277621282734449748e-02 9.985948386122044385e-01 4.164214414755257332e-02 1.510936127274630394e+02 -9.992840045423523332e-01 -3.195402643762296907e-02 -2.025878714089301633e-02 -7.173828655578715541e+01 -1.889968610029242602e-02 -4.227633488079271529e-02 9.989271812156559349e-01 -3.532080804960848197e-01
-1.567497034255093541e-02 9.990204558122723899e-01 4.138144720562426243e-02 1.511550198110963379e+02 -9.997127850322179432e-01 -1.490859762248850605e-02 -1.876382573614878563e-02 -7.054584377477604562e+01 -1.812850639415016993e-02 -4.166368424686571481e-02 9.989672140105406717e-01 -3.469534471187973868e-01
9.861617221461017532e-04 9.990804542894525797e-01 4.286342661590830661e-02 1.511813181735846854e+02 -9.998345642467838523e-01 1.763594956785392940e-03 -1.810342140248446391e-02 -6.936560669312881089e+01 -1.816236820186538023e-02 -4.283848257175728452e-02 9.989169098525285673e-01 -3.376526926666615358e-01
1.737428383794576564e-02 9.989926176988491724e-01 4.137492046789569694e-02 1.511777773330298373e+02 -9.996923393360044319e-01 1.808932082904548752e-02 -1.697065529259824193e-02 -6.821778794056609740e+01 -1.770200356530708674e-02 -4.106733805075994670e-02 9.989995559619941901e-01 -3.338929238075926675e-01
3.373908700564987040e-02 9.986369590583963340e-01 3.982333499362047946e-02 1.511736386064770272e+02 -9.992953163509952219e-01 3.436349705649634906e-02 -1.510035712257193526e-02 -6.704328670511718258e+01 -1.644824377228577827e-02 -3.928579987815861846e-02 9.990926289397750182e-01 -3.352773190619872112e-01
5.048070971371845794e-02 9.979796384983157242e-01 3.857899802928606292e-02 1.511432227838002973e+02 -9.985775875173430460e-01 5.109933152389993516e-02 -1.522038179809937636e-02 -6.585241257915312474e+01 -1.716099213470523993e-02 -3.775578710596556170e-02 9.991396303250104083e-01 -3.084812081921332050e-01
6.714059120973632500e-02 9.970222309590266452e-01 3.793167521802876668e-02 1.510824877382046907e+02 -9.975703127497678180e-01 6.778877375237045422e-02 -1.606714877376164835e-02 -6.468465742358186787e+01 -1.859064626484460692e-02 -3.676075524296928965e-02 9.991511571040918582e-01 -3.062785758759698496e-01
8.240096456829242022e-02 9.957566728355210506e-01 4.097230212081840600e-02 1.510199774318463710e+02 -9.964117923410529265e-01 8.311319015898827045e-02 -1.599180107230923145e-02 -6.352511707976720601e+01 -1.932928136570538982e-02 -3.950754515933205951e-02 9.990322981537588243e-01 -3.107689861579111534e-01
9.845726861465972646e-02 9.942074148041671888e-01 4.310200232775320689e-02 1.509343842591019609e+02 -9.949523350608436845e-01 9.919017703707819211e-02 -1.520393806196423427e-02 -6.232112934679049943e+01 -1.939116319684804080e-02 -4.138749964836469647e-02 9.989549827993901010e-01 -2.904708880790120573e-01
1.134697058730034097e-01 9.924449475518503094e-01 4.666531824791754490e-02 1.508402664802894719e+02 -9.933232404180999398e-01 1.143039327258484894e-01 -1.560612075341972875e-02 -6.117532448715345339e+01 -2.082224509013434061e-02 -4.458292320579972795e-02 9.987886648660067035e-01 -2.842764379832616872e-01
1.276687545262034928e-01 9.907065489129018854e-01 4.691719362952993799e-02 1.506988399822163842e+02 -9.916030168948265500e-01 1.284805973665059387e-01 -1.470350236236546253e-02 -5.999718864624515646e+01 -2.059480514651378102e-02 -4.464605291384961261e-02 9.987905606067600806e-01 -2.711112893818670155e-01
1.422734860049919836e-01 9.887385665448745753e-01 4.641446117324330572e-02 1.505743145979172368e+02 -9.896156936280567917e-01 1.430563377851588880e-01 -1.398796414322961770e-02 -5.881315052794424503e+01 -2.047032245145483445e-02 -4.394236276790430828e-02 9.988243262206166762e-01 -2.665006497428359933e-01
1.542709955177903602e-01 9.870808600619855877e-01 4.326471588310677047e-02 1.504046932636654503e+02 -9.878690093690546403e-01 1.548850721281748166e-01 -1.119976590742076741e-02 -5.768663036909924813e+01 -1.775613320443251292e-02 -4.101207298430785408e-02 9.990008656653427410e-01 -2.602835674231514518e-01
1.670703144822181796e-01 9.850202731565578240e-01 4.269158568817969096e-02 1.502145828255084155e+02 -9.858487037796705987e-01 1.675024313673671716e-01 -6.728204686852623170e-03 -5.652456866550089387e+01 -1.377836242007908149e-02 -4.096336114039086235e-02 9.990656433738674957e-01 -2.625146076639359727e-01
1.787396351109145909e-01 9.829885875981789756e-01 4.225611779736883344e-02 1.500389864321620337e+02 -9.838320577746233475e-01 1.790542272753701536e-01 -3.750438125233990748e-03 -5.533362843896963312e+01 -1.125277439534796281e-02 -4.090257138447486729e-02 9.990997721546487353e-01 -2.285560464947269943e-01
1.886108647179835507e-01 9.811913802819379748e-01 4.110251780469231092e-02 1.498308968654521323e+02 -9.819656746415426074e-01 1.889836726096371100e-01 -5.346523088058438740e-03 -5.418887819865886257e+01 -1.301366713660124380e-02 -3.935284928300489954e-02 9.991406296001977827e-01 -2.066586713545653931e-01
1.979559542112427351e-01 9.792503235269843787e-01 4.338483679478487981e-02 1.496330271347012513e+02 -9.800573170212997232e-01 1.985144926513981167e-01 -8.924772084757840590e-03 -5.303356584219508107e+01 -1.735210481637134566e-02 -4.075291497467870699e-02 9.990185705863574572e-01 -2.059107354829871062e-01
2.053434744235272946e-01 9.777115723951925741e-01 4.375087102294860503e-02 1.494018763122262214e+02 -9.785270723969690110e-01 2.059196408843167736e-01 -9.048208701203026491e-03 -5.190973427530619944e+01 -1.785570200592304438e-02 -4.095342112522004641e-02 9.990014970964280483e-01 -2.278358872493603249e-01
2.124737527185313057e-01 9.761931046397388512e-01 4.361108641826714344e-02 1.492051101659500034e+02 -9.770352719650016171e-01 2.129656421201251704e-01 -6.907431437268901978e-03 -5.074407342342809812e+01 -1.603064996234550982e-02 -4.114192180056951836e-02 9.990247046641123063e-01 -2.295386102208216150e-01
2.172849469604898054e-01 9.752019867009952270e-01 4.205159875485491722e-02 1.489615179677756771e+02 -9.759892813188308924e-01 2.177292685478937895e-01 -6.236053622608486550e-03 -4.960114068349801641e+01 -1.523727571999631061e-02 -3.968690906675361590e-02 9.990959787098647737e-01 -1.993302728932550560e-01
2.219713608465085641e-01 9.741070589280576009e-01 4.294359916784633302e-02 1.487283554279774478e+02 -9.749243048741823570e-01 2.224427255590862296e-01 -6.467890527885155304e-03 -4.847002312375384037e+01 -1.585290906369102304e-02 -4.043107210555495212e-02 9.990565618019148220e-01 -1.962096334384883234e-01
2.260943843686074040e-01 9.730567779418614061e-01 4.518668230101122174e-02 1.485009756862257291e+02 -9.739858980494396912e-01 2.265498781145117990e-01 -5.159760031023375923e-03 -4.732695168431553867e+01 -1.525777683832630835e-02 -4.284459857345578049e-02 9.989652349385681473e-01 -2.021707119323779278e-01
2.300059498143121883e-01 9.719845671359762518e-01 4.840727526388322738e-02 1.482512932329675550e+02 -9.730907212103078185e-01 2.304056722479085051e-01 -2.770286420410685707e-03 -4.618745086625163765e+01 -1.384598644594270747e-02 -4.646748803931905619e-02 9.988238389283076168e-01 -2.014778772676914798e-01
2.332096058107192560e-01 9.711903979625070571e-01 4.901520847641599454e-02 1.480219353761709158e+02 -9.723388272022812640e-01 2.335689660032559956e-01 -1.656270366561479572e-03 -4.506360904816047253e+01 -1.305698543859819087e-02 -4.727313216607907653e-02 9.987966590369034003e-01 -1.808962046551902680e-01
2.360437701736088911e-01 9.704292805846697068e-01 5.050098954557186853e-02 1.477517570515321665e+02 -9.716507316617071233e-01 2.364164662667167516e-01 -1.452630613284466290e-03 -4.393293167246198294e+01 -1.334894077223555513e-02 -4.872643903531681531e-02 9.987229545354415761e-01 -1.811548866461601681e-01
2.383413990966556928e-01 9.697703642165833582e-01 5.233371917606225582e-02 1.474833445213570258e+02 -9.710790209949857754e-01 2.387525555593564275e-01 -1.658973710493410201e-03 -4.281106726048358269e+01 -1.410363273455643961e-02 -5.042477466764878208e-02 9.986282740039960082e-01 -1.718577997558317638e-01
2.413273343899926815e-01 9.689652550599276992e-01 5.354859626327104771e-02 1.472278188281435689e+02 -9.702989042750639337e-01 2.418770991271708415e-01 -3.937674049213005581e-03 -4.168542005450782284e+01 -1.676764846582687318e-02 -5.100787589808241512e-02 9.985574808482863274e-01 -1.597416689403931556e-01
2.430832811394355586e-01 9.685680343180058660e-01 5.278713220778821769e-02 1.469893868970771393e+02 -9.697954818758907081e-01 2.438026939799223525e-01 -7.547830001374819693e-03 -4.057763365796644450e+01 -2.018023190742917680e-02 -4.935797103443114592e-02 9.985772623749736843e-01 -1.467623226671933845e-01
2.451566503354158377e-01 9.680136721968320979e-01 5.336428801350749651e-02 1.467157893489618630e+02 -9.692162926237675169e-01 2.460097217172897976e-01 -9.949619576458670553e-03 -3.946121428392550001e+01 -2.275950142691290229e-02 -4.928232197983074825e-02 9.985255419025760304e-01 -1.530469098747336831e-01
2.459626047057395237e-01 9.678919472749265562e-01 5.184183142570956276e-02 1.464585641206067521e+02 -9.689983095358389864e-01 2.468271476233595829e-01 -1.089198371749281261e-02 -3.835422891869449558e+01 -2.333823470829044996e-02 -4.755562632952969188e-02 9.985959088649682958e-01 -1.439447696726471604e-01
2.462157344036315643e-01 9.679443427399941902e-01 4.961412589738453671e-02 1.461697908300810980e+02 -9.689290418430932528e-01 2.470638709616849726e-01 -1.165999721077055212e-02 -3.723493697826968685e+01 -2.354408633501940684e-02 -4.520169269157549991e-02 9.987003970026233635e-01 -1.347040153747808278e-01
2.473791600889251874e-01 9.677044094510670602e-01 4.849460878783806023e-02 1.459093166182343850e+02 -9.686526327507348766e-01 2.481742312659213356e-01 -1.102850838264939938e-02 -3.611594647351387266e+01 -2.270744844792348463e-02 -4.424620733615349660e-02 9.987625568262311626e-01 -1.245951922289547237e-01
2.475622910818807976e-01 9.677551395236065890e-01 4.650700978077068615e-02 1.456383405358360790e+02 -9.686487703094673885e-01 2.482502549522442037e-01 -9.558801735223058232e-03 -3.501636129615491910e+01 -2.079595654199479712e-02 -4.268255897767012780e-02 9.988722277385273518e-01 -1.162470641622601608e-01
2.485802492103310612e-01 9.675697233320627033e-01 4.490757388732307537e-02 1.453551535774316221e+02 -9.684015699551087319e-01 2.492239407488898995e-01 -9.264268054745899636e-03 -3.388676206368259614e+01 -2.015586781217839143e-02 -4.118565099387888617e-02 9.989481884170182679e-01 -9.451676064369365915e-02
2.485902782664295152e-01 9.676533375576127360e-01 4.301036925928417021e-02 1.450925633686943570e+02 -9.683837220021788150e-01 2.492444511402642504e-01 -1.049621519951219120e-02 -3.280215085615127180e+01 -2.087679354880564095e-02 -3.904128441111538728e-02 9.990194880978705561e-01 -7.349859396420108104e-02
2.493838065274999460e-01 9.675318603947057339e-01 4.110737356957919197e-02 1.448232662843080334e+02 -9.681599285044707459e-01 2.500504342060978491e-01 -1.187994899331657611e-02 -3.169314580576762808e+01 -2.177314576094888793e-02 -3.683584495512960688e-02 9.990841058923822793e-01 -6.965276087444050024e-02
2.496236040690343050e-01 9.674819585065415062e-01 4.082543636870150650e-02 1.445341352960356005e+02 -9.681042347495062428e-01 2.502762474680934046e-01 -1.166150118507040638e-02 -3.057981581980034491e+01 -2.149992902117034421e-02 -3.661229187966758003e-02 9.990982399804617664e-01 -6.232940604052272793e-02
2.506633861302314803e-01 9.672115926145083975e-01 4.086076314242098606e-02 1.442779407224633701e+02 -9.678563354824164522e-01 2.512792576661161403e-01 -1.062301886682881502e-02 -2.950555106082582668e+01 -2.054216922656420738e-02 -3.688454660025806270e-02 9.991083772555415798e-01 -4.850809800811299588e-02
2.512480840543210858e-01 9.670283507696069147e-01 4.160010896117392887e-02 1.440108828912248953e+02 -9.676844058659853642e-01 2.519077985330725467e-01 -1.137328793935292286e-02 -2.840905511096239522e+01 -2.147768374587259027e-02 -3.739825992019819856e-02 9.990696068104972793e-01 -3.205907385035482171e-02
2.510712205248077367e-01 9.669910273717551297e-01 4.349247297433304210e-02 1.437198099707362076e+02 -9.676996310036002358e-01 2.518071389252870551e-01 -1.227146846529811319e-02 -2.730337746735520454e+01 -2.281811508297850941e-02 -3.900663748379104567e-02 9.989783860789397396e-01 -2.359506071611778416e-02
2.519227164369782224e-01 9.667321688055295903e-01 4.431544582060804871e-02 1.434597478524266592e+02 -9.674673779642036786e-01 2.526870691290499238e-01 -1.249470554198374786e-02 -2.619581049224836988e+01 -2.327697390865315213e-02 -3.972604801047227574e-02 9.989394494120890089e-01 -1.175201816423150462e-02
2.527399478936523392e-01 9.665032649810229026e-01 4.465375144857331585e-02 1.431866695226001411e+02 -9.672462897724213304e-01 2.535214072681208908e-01 -1.270869681838649422e-02 -2.512778908423684499e+01 -2.360367887557625333e-02 -3.997918004168795475e-02 9.989216843693609071e-01 -4.264470250505575724e-03
2.529868613845245862e-01 9.664564627796597973e-01 4.426684444274175956e-02 1.429044488681746827e+02 -9.671586800253239025e-01 2.538007847411423157e-01 -1.375679152276609515e-02 -2.404235366823227338e+01 -2.453029993178104662e-02 -3.933277533037068951e-02 9.989250207931730241e-01 2.531932407434331345e-02
2.533063236372000704e-01 9.664469101475489099e-01 4.261779288434319746e-02 1.426456493404936907e+02 -9.669965234793740372e-01 2.542086531533601645e-01 -1.719547141864229134e-02 -2.297367254816534299e+01 -2.745232195048638579e-02 -3.685553590955828462e-02 9.989434616077644824e-01 4.549213159216437818e-02
2.544635055967283677e-01 9.664137994995446457e-01 3.595403252681349249e-02 1.423553795169452201e+02 -9.665972748315129204e-01 2.553374470113082828e-01 -2.219226078153677811e-02 -2.188022605418550270e+01 -3.062731793644235881e-02 -2.910594938430894826e-02 9.991070068330994980e-01 6.440139694503457801e-02
2.554940886946156509e-01 9.662404435964778715e-01 3.319903310700408894e-02 1.420652766076673856e+02 -9.662349837719237389e-01 2.563761592791294897e-01 -2.571421951202792003e-02 -2.078895485343051064e+01 -3.335755946771026825e-02 -2.550823613493261727e-02 9.991179125169170616e-01 9.468472840320255046e-02
2.555438453775071284e-01 9.662406689338497445e-01 3.280720632091722183e-02 1.418021658044982587e+02 -9.661379304597583761e-01 2.564756616715463400e-01 -2.824419044052321748e-02 -1.974902625945805568e+01 -3.570493541341675930e-02 -2.447865738456894008e-02 9.990625370397364646e-01 1.040417439908208341e-01
2.559420905445659034e-01 9.661780676831149828e-01 3.152122799683811788e-02 1.415168207150619821e+02 -9.659195037866555866e-01 2.569049484384129389e-01 -3.161265045775205063e-02 -1.866331642822911974e+01 -3.864140898677623920e-02 -2.235596105989007959e-02 9.990030292812378532e-01 1.388980968793184223e-01
2.561700310493039145e-01 9.660969812548716451e-01 3.214868583692330473e-02 1.412600214361557676e+02 -9.657347975076656654e-01 2.572231550020224744e-01 -3.453330870627199095e-02 -1.758829904799953425e+01 -4.163191169393643670e-02 -2.220070584358599386e-02 9.988863361690468734e-01 1.620737489063481807e-01
2.569189372602724286e-01 9.658244361961020319e-01 3.429020446336637079e-02 1.409694573961262734e+02 -9.654547639701082096e-01 2.580932737329282856e-01 -3.584634957445845954e-02 -1.652870047716675828e+01 -4.347135149428466711e-02 -2.389603521958861762e-02 9.987688526863942595e-01 1.967589210162040692e-01
2.567051255483651095e-01 9.658470306440005704e-01 3.524190562329036769e-02 1.406994655064365247e+02 -9.655328772535182180e-01 2.579026170438730725e-01 -3.510702295889660957e-02 -1.546958110840689393e+01 -4.299699356938414818e-02 -2.501506580031535865e-02 9.987619861725998138e-01 2.142750367640954556e-01
2.569610305800209549e-01 9.657792248426586568e-01 3.523517594895268085e-02 1.404376060397590322e+02 -9.656390214024856977e-01 2.580493134493846985e-01 -3.085177741597387724e-02 -1.439096065378859635e+01 -3.888841864063470599e-02 -2.609675630251671180e-02 9.989027230929642398e-01 2.444636074712819018e-01
2.582566171615066630e-01 9.654737133603303878e-01 3.411786190671700636e-02 1.401595849365820357e+02 -9.654546025097074935e-01 2.591962388427712649e-01 -2.673425254538971257e-02 -1.335588943848670418e+01 -3.465443956240851081e-02 -2.603494918117700910e-02 9.990601839910114856e-01 2.767580963818176976e-01
2.590868169623308237e-01 9.652608101470091517e-01 3.384656067068309016e-02 1.398994295827010319e+02 -9.652910235450333776e-01 2.599731029661477844e-01 -2.504447232654418570e-02 -1.229484133809692281e+01 -3.297364304983370353e-02 -2.618308857595794473e-02 9.991131991586504890e-01 3.242373131507650941e-01
2.600831779505430319e-01 9.649430470536570770e-01 3.523714642967157307e-02 1.396134684305418148e+02 -9.649727908622708350e-01 2.610454126900189076e-01 -2.613054545093454820e-02 -1.125539699389635473e+01 -3.441298358027204685e-02 -2.720677223006574830e-02 9.990373056609528346e-01 3.482628670813989746e-01
2.598831904732633036e-01 9.649531657546199792e-01 3.641586478614424610e-02 1.393575971016492474e+02 -9.649327083049932252e-01 2.609512734523407596e-01 -2.844822179645669843e-02 -1.022666993258187951e+01 -3.695396797231585012e-02 -2.774564438987235995e-02 9.989317211225431370e-01 3.813048363662319140e-01
2.606946882052135761e-01 9.647065972936985645e-01 3.714109150440378371e-02 1.390919040525024002e+02 -9.645976987407717251e-01 2.618682269316393030e-01 -3.124598060996582050e-02 -9.190265256202112099e+00 -3.986927541183397927e-02 -2.768055022134983598e-02 9.988214194809382773e-01 4.069644760824369656e-01
2.611752031231782678e-01 9.645425854772629037e-01 3.801465602807214961e-02 1.388322126447419294e+02 -9.643993525531149302e-01 2.624241030853974310e-01 -3.267229578024866826e-02 -8.192914337398233826e+00 -4.148978265755198791e-02 -2.812811617435851536e-02 9.987429133725219677e-01 4.232249776109168193e-01
2.618829637696193369e-01 9.643866616303427008e-01 3.709016251304138312e-02 1.385610055119095421e+02 -9.642340730775338375e-01 2.630820964713890819e-01 -3.225620605596932894e-02 -7.174134326132065809e+00 -4.086521258749883229e-02 -2.731624762941748177e-02 9.987911979047136013e-01 4.511422072193583821e-01
2.615639530805893842e-01 9.644906706740333791e-01 3.663392730956143567e-02 1.382992286337999133e+02 -9.643352972969153614e-01 2.627384222910372213e-01 -3.203054535729107227e-02 -6.169925857162576577e+00 -4.051830243727454900e-02 -2.694935312049863071e-02 9.988152980057315444e-01 4.949350184225668747e-01
2.622908517791735505e-01 9.643127399652036136e-01 3.611715122018326063e-02 1.380644519351029658e+02 -9.641285145772149345e-01 2.634534953710870875e-01 -3.237998073645827202e-02 -5.195061333196123066e+00 -4.073961767572585602e-02 -2.632860262897394887e-02 9.988228512761982980e-01 5.183824141401131014e-01
2.630082996037254595e-01 9.642013186064123387e-01 3.380017064614204703e-02 1.377842337170727944e+02 -9.638789311490807421e-01 2.641227864191635910e-01 -3.430101715241567345e-02 -4.231309925568548458e+00 -4.200048122033261250e-02 -2.355782015937214063e-02 9.988398213341587173e-01 5.627196443720673402e-01
2.629255958545235750e-01 9.641869279678848548e-01 3.483818277240506578e-02 1.375423568418086688e+02 -9.638746202355630288e-01 2.640925316968603664e-01 -3.465329947208657668e-02 -3.249986216004693063e+00 -4.261276224995536738e-02 -2.446840077767490490e-02 9.987919952888341113e-01 5.823115462915048335e-01
2.630824076502991105e-01 9.641063699080582028e-01 3.586856961333552418e-02 1.372867078778110965e+02 -9.638327379316095067e-01 2.642855280011672248e-01 -3.434549427529946797e-02 -2.285500271818683871e+00 -4.259225366729479934e-02 -2.553560633047860171e-02 9.987661551800296467e-01 6.193672990974796733e-01
2.636795336563118042e-01 9.639912237477865631e-01 3.455465332636653564e-02 1.370265467602638410e+02 -9.636778895561176617e-01 2.648302840688695481e-01 -3.449414178211892418e-02 -1.358021612410988954e+00 -4.240316860492891055e-02 -2.420415617315987630e-02 9.988073538537922680e-01 6.463516418775341332e-01
2.637740047942956911e-01 9.639673662678904797e-01 3.449914729072631886e-02 1.367833961615407929e+02 -9.636668355932515029e-01 2.649142017761844659e-01 -3.415692713921245072e-02 -4.225567115249034833e-01 -4.206547716060442949e-02 -2.423597463758986326e-02 9.988208613964815186e-01 6.805779331943940802e-01
2.640766938100186922e-01 9.639170691654974643e-01 3.357653282011308082e-02 1.365624779609107691e+02 -9.636389546329513500e-01 2.651526574453811902e-01 -3.307617511417541151e-02 4.991766227125176147e-01 -4.078559668024747675e-02 -2.362100801918509685e-02 9.988886740171653011e-01 7.055605273118485954e-01
2.646446354754276031e-01 9.637844081511098837e-01 3.290640541499886829e-02 1.363153541159796873e+02 -9.635452400429970199e-01 2.656611914362067006e-01 -3.169703064639418227e-02 1.411108997137837218e+00 -3.929105879004548413e-02 -2.331836118372273420e-02 9.989556880698080565e-01 7.405859375328661676e-01
2.648932884328188964e-01 9.636791047178445702e-01 3.397247226645026125e-02 1.360881276792109986e+02 -9.635778150859576341e-01 2.658787849724786323e-01 -2.874484253480756937e-02 2.313339484467698881e+00 -3.673336376784357843e-02 -2.512080473529547386e-02 9.990093118444380860e-01 7.660636471671474768e-01
2.651833642100142052e-01 9.636020136675136349e-01 3.389605582654853927e-02 1.358494137457948341e+02 -9.635751479576158962e-01 2.661116421188068348e-01 -2.659940157055577445e-02 3.211646921737417060e+00 -3.465137199302083248e-02 -2.560767821404429448e-02 9.990713334049876604e-01 7.953404782015611740e-01
2.653364460264273639e-01 9.635527292815142530e-01 3.409850880354479974e-02 1.356270663995431391e+02 -9.635676365968705026e-01 2.662438899576802243e-01 -2.552647174886444117e-02 4.094624950548554132e+00 -3.367462114808651708e-02 -2.608311624612401694e-02 9.990924336284117135e-01 8.241230838145648940e-01
2.663141338278413039e-01 9.632526617343358799e-01 3.494412373559182411e-02 1.353894298090223458e+02 -9.632713897839592088e-01 2.672640303073090529e-01 -2.604165363794211027e-02 4.960934705946669965e+00 -3.442399952777291938e-02 -2.672541420378652180e-02 9.990499189170938266e-01 8.623312647953433885e-01
2.673703299884898632e-01 9.629082716171000200e-01 3.634235946671884876e-02 1.351569608020307385e+02 -9.629493691005684974e-01 2.683805780311745437e-01 -2.646465342863388304e-02 5.827516818876907756e+00 -3.523661713253721517e-02 -2.791998900011450485e-02 9.989889163666322291e-01 8.804322263549877459e-01
2.698112554222065196e-01 9.621831866426699964e-01 3.748868880112174451e-02 1.349359546083630335e+02 -9.622574457748994670e-01 2.708596981490187794e-01 -2.637483584823377761e-02 6.661954807555951596e+00 -3.553159853623702458e-02 -2.895754235970974394e-02 9.989489307477238400e-01 9.038904399972607084e-01
2.725076777752084567e-01 9.614033636254527559e-01 3.798865569602322828e-02 1.347109534743828192e+02 -9.615084031485524596e-01 2.735582920932159157e-01 -2.583508270551640104e-02 7.500835452078391974e+00 -3.523004718367866994e-02 -2.948615328309259903e-02 9.989441478561568166e-01 9.289888498059245547e-01
2.759724983634327389e-01 9.603097954853270224e-01 4.054968360320539145e-02 1.344804865703108874e+02 -9.605383275393393205e-01 2.770707110022980202e-01 -2.445286137150686628e-02 8.318535640215172222e+00 -3.471745196949271167e-02 -3.220120802591076165e-02 9.988782612142814710e-01 9.437778635393950788e-01
2.813074359671878244e-01 9.587358990352348176e-01 4.112909394809423358e-02 1.342617350217208241e+02 -9.590062606910293441e-01 2.823996263564823583e-01 -2.361023053219204679e-02 9.121287995689437267e+00 -3.425081635896448651e-02 -3.280132517943591675e-02 9.988748443329878990e-01 9.714689895097465833e-01
2.878070432014851465e-01 9.566385589037831316e-01 4.483049743657274711e-02 1.340355152790838247e+02 -9.570463010164865780e-01 2.890126815254929760e-01 -2.310947045634082972e-02 9.903630167985150834e+00 -3.506399279258114177e-02 -3.625379338268872736e-02 9.987272795267118086e-01 1.000518045527264865e+00
2.971311344872040738e-01 9.536776116819751792e-01 4.703298728742614371e-02 1.337834775714448199e+02 -9.541694452650270053e-01 2.984042115544458529e-01 -2.270674450216723234e-02 1.066307135222480085e+01 -3.568975535438713431e-02 -3.813055863504472009e-02 9.986352196157159966e-01 1.014975851145645258e+00
3.066493399846639822e-01 9.505720000543911308e-01 4.877555738074240699e-02 1.335682362315026523e+02 -9.511320728406300606e-01 3.079758440105738737e-01 -2.233068553731637484e-02 1.141628537861226000e+01 -3.624861786514630563e-02 -3.954430701436734835e-02 9.985601060935750395e-01 1.047448339664997619e+00
3.175908460981352044e-01 9.468707000194328538e-01 5.071421810087912985e-02 1.333194839806041898e+02 -9.474773998899700400e-01 3.190127122237850221e-01 -2.274788196941965671e-02 1.216769991055622668e+01 -3.771778318894892373e-02 -4.082605642235612176e-02 9.984541060781350064e-01 1.070928194369426434e+00
3.304963229366922883e-01 9.423662369846277365e-01 5.213497784524431800e-02 1.330696711118504822e+02 -9.430286039715533031e-01 3.319628586324371300e-01 -2.230947280414860567e-02 1.286969824828652875e+01 -3.833057021573850476e-02 -4.179157664735441008e-02 9.983908210236248637e-01 1.080637818024307917e+00
3.445678163119201276e-01 9.373059363096031271e-01 5.225515973508361445e-02 1.328173508246657946e+02 -9.379935137912045473e-01 3.460031808303897782e-01 -2.121242413461791113e-02 1.358323253371319161e+01 -3.796298254797000199e-02 -4.170588223117640408e-02 9.984084491526149518e-01 1.107311279418600636e+00
3.599088300866231660e-01 9.315010830212241411e-01 5.264376842558821101e-02 1.325756206868314848e+02 -9.321929117106003693e-01 3.613576186966795944e-01 -2.090566342397559563e-02 1.425256588161482263e+01 -3.849687491813839207e-02 -4.155001490725063196e-02 9.983945046316500260e-01 1.132665982774909263e+00
3.782685985492214575e-01 9.241577533043099368e-01 5.334148814167100766e-02 1.322869498637232653e+02 -9.249011819089324460e-01 3.797030558077283957e-01 -1.958042672142807847e-02 1.491875204774054353e+01 -3.834932921627741409e-02 -4.192894485239370694e-02 9.983843410872121904e-01 1.147775347243805477e+00
3.966493510531720057e-01 9.162801036208860772e-01 5.567821850213144907e-02 1.320072461887403392e+02 -9.171362748811806576e-01 3.981441741869063411e-01 -1.850053661388404921e-02 1.556776975045609746e+01 -3.911963193128035338e-02 -4.372628806732856144e-02 9.982773492999441611e-01 1.181861383084450656e+00
4.157845268221632695e-01 9.078341555753266512e-01 5.440931192381773251e-02 1.317295296763224144e+02 -9.086293353656894611e-01 4.172204883953824495e-01 -1.788281222222880620e-02 1.621674073364234303e+01 -3.893530742713176285e-02 -4.200250031326346195e-02 9.983585687511701279e-01 1.200008424762158521e+00
4.372272146660962089e-01 8.977911706180812246e-01 5.294692354991979016e-02 1.314377686143279789e+02 -8.985348527824518206e-01 4.385803840143979171e-01 -1.680372250445480442e-02 1.682303109515901696e+01 -3.830771576086206692e-02 -4.022761137084921584e-02 9.984559370310059911e-01 1.219592724140417861e+00
4.594702922720813043e-01 8.867045131269202241e-01 5.140191550470241816e-02 1.311315380714199534e+02 -8.874368082815498049e-01 4.606974037583050352e-01 -1.462236213737084026e-02 1.740699080658731290e+01 -3.664644352094420521e-02 -3.889741083036349356e-02 9.985709937725165686e-01 1.246136188036458980e+00
4.834334474886857747e-01 8.738591283349234073e-01 5.159772933621051272e-02 1.308037384071393205e+02 -8.746580182914730495e-01 4.845895765235093133e-01 -1.209517921841216960e-02 1.798065041392077390e+01 -3.557320457740589109e-02 -3.928315350227837288e-02 9.985947030516794110e-01 1.263207858615892798e+00
5.082363988388015619e-01 8.595278458503678998e-01 5.392258433009701479e-02 1.304825681284509358e+02 -8.604958206110804309e-01 5.093769780906148847e-01 -9.057422333612006812e-03 1.853907918516898334e+01 -3.525202976420779843e-02 -4.179684674328641020e-02 9.985040400497507962e-01 1.287454161358592808e+00
5.358869745511993798e-01 8.425498202832263361e-01 5.417518661365222643e-02 1.301393119038879149e+02 -8.435370145400002961e-01 5.370147661544677486e-01 -7.774704513752398599e-03 1.906890093113815965e+01 -3.564345106146358383e-02 -4.153241229860775430e-02 9.985011783272613739e-01 1.302930067196516939e+00
5.635876277390579059e-01 8.244120609197594929e-01 5.209356646427668047e-02 1.297793488851445716e+02 -8.253261727272678261e-01 5.646195371140194652e-01 -6.441033912329671533e-03 1.958588836285863266e+01 -3.472311142573782788e-02 -3.936409681111512071e-02 9.986214364868158944e-01 1.323662668242844065e+00
5.925832477059636005e-01 8.038976690848651518e-01 5.092771520058460982e-02 1.294005153987600920e+02 -8.047975005428074091e-01 5.935323347708593156e-01 -4.511174895336464430e-03 2.006757714248843172e+01 -3.385376869068539019e-02 -3.831325123161097301e-02 9.986921533292039133e-01 1.327886593816358873e+00
6.229616332074708884e-01 7.805900565285577297e-01 5.097025796973157080e-02 1.290107920656923284e+02 -7.815767055438140876e-01 6.238084839772145562e-01 -9.103114037497944677e-04 2.055801573704065532e+01 -3.250625938207803850e-02 -3.927007722616893126e-02 9.986997567494687589e-01 1.349537444052654189e+00
6.528950869916556599e-01 7.558274133991064181e-01 4.952702831537178496e-02 1.286187756907057178e+02 -7.567952598419876997e-01 6.536508500719524495e-01 1.225103476708590960e-03 2.100303987946709228e+01 -3.144741736787393799e-02 -3.828168430440401226e-02 9.987720323394679856e-01 1.375556397617955229e+00
6.836786003093869857e-01 7.282142555890093183e-01 4.782854203312973673e-02 1.282116078997738668e+02 -7.291126908746301538e-01 6.843907396475196192e-01 1.999871993662189276e-03 2.143947378305236739e+01 -3.127707596311966182e-02 -3.623966666807418302e-02 9.988535583731863454e-01 1.398087215137258532e+00
7.157551271236054502e-01 6.968495737007519564e-01 4.577411524337882814e-02 1.277706409315056391e+02 -6.976789006614413369e-01 7.164039358445105643e-01 3.090675679370183133e-03 2.183399990607535202e+01 -3.063902029048268597e-02 -3.414780136579219361e-02 9.989470346786680777e-01 1.403915174819972522e+00
7.467476121498809460e-01 6.636857865817751279e-01 4.346470331931790582e-02 1.273113788680169023e+02 -6.645033653494045733e-01 7.472592716094149656e-01 6.233653102440063834e-03 2.220327406642920209e+01 -2.834221558048280812e-02 -3.353740719907193080e-02 9.990355154498392620e-01 1.403304897991418665e+00
7.776441748654944197e-01 6.274061322016577513e-01 4.038666327226896752e-02 1.268886836182660147e+02 -6.282078931152244028e-01 7.779779779499765846e-01 1.025226075633712229e-02 2.257265300448279177e+01 -2.498760336118814596e-02 -3.334383150084734709e-02 9.991315271649028329e-01 1.408297620704081154e+00
8.057417181727581923e-01 5.911717454838318897e-01 3.600348502936429052e-02 1.264003377300274877e+02 -5.918191239792208735e-01 8.060071406696345253e-01 1.012984107179713301e-02 2.292127159692875438e+01 -2.303059019470984903e-02 -2.946958652052480976e-02 9.993003229166618206e-01 1.439019551543503139e+00
8.326281534916888383e-01 5.528475186266681440e-01 3.301483239260050162e-02 1.259494196120009093e+02 -5.533953023219775336e-01 8.328594016646385656e-01 9.942656837495263480e-03 2.325046600879565872e+01 -2.199994039133247939e-02 -2.654878915664806577e-02 9.994054054350690608e-01 1.439405736060030305e+00
8.570783467560161295e-01 5.142904398663254995e-01 3.036529236722238650e-02 1.253846526390171050e+02 -5.147919707124752886e-01 8.572388216191558774e-01 1.143807664106918053e-02 2.352737396496359779e+01 -2.014781397997630896e-02 -2.543513651680525886e-02 9.994734210662790108e-01 1.456397210902894868e+00
8.801054187076314816e-01 4.739347563325457258e-01 2.828955103688254522e-02 1.248745518453969510e+02 -4.743264689257007949e-01 8.803045301825579427e-01 8.850707028038933347e-03 2.380122263895581725e+01 -2.070876225583442864e-02 -2.120803806579941650e-02 9.995605865994073858e-01 1.482185175816795653e+00
9.006256918509187859e-01 4.334943046492626961e-01 3.092007456380944236e-02 1.243381586810379247e+02 -4.339552143914338078e-01 9.008805779909543343e-01 9.851705415021149922e-03 2.405099799435409480e+01 -2.358463645601733064e-02 -2.229062659186369089e-02 9.994733077401762866e-01 1.456698434586348068e+00
9.203554283017644222e-01 3.898620881483754741e-01 3.087778839761298397e-02 1.238059805316175783e+02 -3.904018413056284387e-01 9.205421662984787368e-01 1.373034486636533560e-02 2.429944475676057536e+01 -2.307136530138834477e-02 -2.469154287630692321e-02 9.994288568023325103e-01 1.448903130744162437e+00
9.369944764278638205e-01 3.479719018401072894e-01 3.093390808912645229e-02 1.232304708472018149e+02 -3.486004415738092055e-01 9.371017947726222319e-01 1.783138713022976510e-02 2.452857982957092275e+01 -2.278339909743962860e-02 -2.749148526777201590e-02 9.993623641898010668e-01 1.463966334698710181e+00
9.518554021808136589e-01 3.053198804995573834e-01 2.740554518910272297e-02 1.226722463579710052e+02 -3.058400814324372941e-01 9.519260623380922937e-01 1.728052167737698444e-02 2.472628427702015586e+01 -2.081196590452520298e-02 -2.483027208366685168e-02 9.994750220286232611e-01 1.470051383795152766e+00
9.647759060160930877e-01 2.622081910125708126e-01 2.131468350425987784e-02 1.220327937668656091e+02 -2.625180757639137830e-01 9.648355031053116315e-01 1.329330069267368498e-02 2.487492071391643478e+01 -1.707955105509122162e-02 -1.842054591897016730e-02 9.996844364195461852e-01 1.468309596668400108e+00
9.755521809568032943e-01 2.190856203106415490e-01 1.730413822329068471e-02 1.214114842504410916e+02 -2.193197783225608599e-01 9.755660830442514087e-01 1.302507001238832444e-02 2.501434760547968139e+01 -1.402772480363690191e-02 -1.650177521708558886e-02 9.997654296619620240e-01 1.477177953762374596e+00
9.836822431489868901e-01 1.789571433703577019e-01 1.853605530348790414e-02 1.207430768481364112e+02 -1.792371350927602636e-01 9.836956288930196468e-01 1.472953153018371521e-02 2.513307255697475640e+01 -1.559788169307511040e-02 -1.781152806485531218e-02 9.997196884878885026e-01 1.467895651853005523e+00
9.901372085204789286e-01 1.388269590486576055e-01 1.885162435150084664e-02 1.200689535570758153e+02 -1.392207639844844080e-01 9.900282451424935459e-01 2.148610467810997682e-02 2.523803713144729244e+01 -1.568079000047667426e-02 -2.389872925273838628e-02 9.995913983026726291e-01 1.471678507157150539e+00
9.949429645181405713e-01 9.870371065064612037e-02 1.860308726444398833e-02 1.194055683932056127e+02 -9.911490642114109684e-02 9.948180791151123303e-01 2.265446511007690802e-02 2.532137514601229000e+01 -1.627060776879354215e-02 -2.438374392976364047e-02 9.995702578360445845e-01 1.485955660427335401e+00
9.980934866250202875e-01 5.886525222080352809e-02 1.855462297722430820e-02 1.187066037217916090e+02 -5.929928109614856363e-02 9.979569542750118538e-01 2.378051038520035548e-02 2.537945209760753684e+01 -1.711686929224738238e-02 -2.483544832785757744e-02 9.995450031327201001e-01 1.475336037293037528e+00
9.996259357978906079e-01 2.179096636682164786e-02 1.652701609931188712e-02 1.180171051204207799e+02 -2.215663538460213230e-02 9.995063331559963515e-01 2.227495203189306869e-02 2.541286326872302936e+01 -1.603346452882371473e-02 -2.263280283964476738e-02 9.996152681138953389e-01 1.478137482748004938e+00
9.997802957035750726e-01 -1.425326611918368083e-02 1.536895324960760659e-02 1.172947786205504030e+02 1.389463970179930126e-02 9.996344204552701784e-01 2.319406016887376465e-02 2.540085087098506023e+01 -1.569392578658667520e-02 -2.297541826640858362e-02 9.996128404759848651e-01 1.476278120572910524e+00
9.987627151314609764e-01 -4.808957782203499010e-02 1.266615033627653715e-02 1.165593751901169384e+02 4.776257943422402424e-02 9.985466960279339999e-01 2.496461207302551680e-02 2.538166661627543874e+01 -1.384828022470223526e-02 -2.432875572490306865e-02 9.996080915915311893e-01 1.451630225018066600e+00
9.968013295981370536e-01 -7.944442497736295405e-02 8.700152162096352892e-03 1.158392704382707450e+02 7.918728220984017074e-02 9.965014909021465694e-01 2.672364055387021348e-02 2.535385391827361445e+01 -1.079275885764246004e-02 -2.594921903148433850e-02 9.996049991789016653e-01 1.474981673547987260e+00
9.939844671727224856e-01 -1.094857053425854071e-01 2.785559417787747058e-03 1.150974836988634991e+02 1.093894820339731122e-01 9.937151659194121134e-01 2.375100504172378280e-02 2.526929343127905625e+01 -5.368448178543598799e-03 -2.330341918953216310e-02 9.997140243158409989e-01 1.461341845368522741e+00
9.906558399318137198e-01 -1.363750430684720627e-01 -1.689506843053507554e-03 1.143708968863090973e+02 1.363816907033043591e-01 9.904594173290014458e-01 1.975290013051883217e-02 2.517289042299833923e+01 -1.020414642609732657e-03 -1.979874366979178860e-02 9.998034649362770310e-01 1.481312282526341839e+00
9.867751943440875584e-01 -1.620946436922605371e-01 -2.056934841610507259e-04 1.136455788832682430e+02 1.620735290375225901e-01 9.866245223658726138e-01 1.744199099767302849e-02 2.508002617649649579e+01 -2.624311080417478931e-03 -1.724466152553683768e-02 9.998478557439327563e-01 1.485149164362970398e+00
9.827569786516765493e-01 -1.848991473899012639e-01 1.013016431606991730e-03 1.129268558018093671e+02 1.848545535053965072e-01 9.826144713842560607e-01 1.725093252114871800e-02 2.494969970154575023e+01 -4.185087320220454848e-03 -1.676621362342835958e-02 9.998506784117122681e-01 1.482237647376702272e+00
9.784208747741798273e-01 -2.066096621392499999e-01 2.244841473726241418e-03 1.121967233375279989e+02 2.065456189611403204e-01 9.782972464115119449e-01 1.653496144134340359e-02 2.480939145701178816e+01 -5.612405029192777534e-03 -1.571448926630921242e-02 9.998607681734396069e-01 1.472964990663343521e+00
9.742078640406518497e-01 -2.256359080615043256e-01 2.733977148877449713e-03 1.114849332611301520e+02 2.255703052845669243e-01 9.741085805531849440e-01 1.518257767006039524e-02 2.465531021370544451e+01 -6.088925298992273888e-03 -1.417428250263370187e-02 9.998810002693921950e-01 1.464423116461204488e+00
9.698914732069484623e-01 -2.435271233137585867e-01 2.251756525423928047e-03 1.107523948135709588e+02 2.434695075926571195e-01 9.697976339676673829e-01 1.466792492111443531e-02 2.448655246109877126e+01 -5.755785711584672504e-03 -1.367806125832833793e-02 9.998898847205756057e-01 1.449576781609313469e+00
9.658800568423794308e-01 -2.589838423929438083e-01 1.756465213010776141e-03 1.100402075324280275e+02 2.589294581569743237e-01 9.657792036158183713e-01 1.503547670976725092e-02 2.431466528267071681e+01 -5.590303105041564448e-03 -1.406766651336913664e-02 9.998854180682513748e-01 1.455118484262433620e+00
9.617997606991172121e-01 -2.737456914471277925e-01 2.125259931679954108e-03 1.093302754007801383e+02 2.736850344124747147e-01 9.617028650866402684e-01 1.497001071874166055e-02 2.411826854720003155e+01 -6.141844500460254437e-03 -1.381650088957252914e-02 9.998856844883563522e-01 1.455668607325721231e+00
9.582055859760678640e-01 -2.860597014533766691e-01 3.449957276508226495e-03 1.086230780798996562e+02 2.859748993213259149e-01 9.581098585981564497e-01 1.561588336541679285e-02 2.392348345943256760e+01 -7.772513011745833464e-03 -1.397662548604014163e-02 9.998721128109050449e-01 1.452778664125268238e+00
9.549273789969733306e-01 -2.968067388209280622e-01 4.411420295078358547e-03 1.079132728580079146e+02 2.967062848934803321e-01 9.548385700021572164e-01 1.576977295415467675e-02 2.371938171352195823e+01 -8.892769128640926057e-03 -1.375009182778852770e-02 9.998659178246752655e-01 1.444909030658430904e+00
9.520924403113502077e-01 -3.057704413780006347e-01 4.941890130407797406e-03 1.072133776725221566e+02 3.056668211959786552e-01 9.520163343788663468e-01 1.525429427524314062e-02 2.349918761232385123e+01 -9.369072420246692470e-03 -1.301292641503454424e-02 9.998714338471319518e-01 1.441451020178903919e+00
9.503957966543253866e-01 -3.109894227233572228e-01 5.780021848895612428e-03 1.065062226171110211e+02 3.108829819916000825e-01 9.503386735383730910e-01 1.442834305768654797e-02 2.329105743623718183e+01 -9.980040375209926415e-03 -1.191572616649737640e-02 9.998791998333812492e-01 1.447720969087521903e+00
9.488517359207402357e-01 -3.156558186344338157e-01 6.464317367113696020e-03 1.058332554109581025e+02 3.155394196585321054e-01 9.488004418985417354e-01 1.458067531819197578e-02 2.307644077591749365e+01 -1.073582217824086901e-02 -1.179515213620002841e-02 9.998728001619201500e-01 1.441894633608707732e+00
9.476459137240821340e-01 -3.192580503623837496e-01 6.443560930529138205e-03 1.051107062865469857e+02 3.191440397053363354e-01 9.475973800321126905e-01 1.436270430226081578e-02 2.283782610639666544e+01 -1.069131042926231047e-02 -1.155433397675039754e-02 9.998760889445486022e-01 1.442831331917180604e+00
9.468746030330745800e-01 -3.215176799119983664e-01 7.407268833643734611e-03 1.043976442100238984e+02 3.213844182607913380e-01 9.468290729113321147e-01 1.505863164688198835e-02 2.262267971731224492e+01 -1.185503379226446330e-02 -1.187805507800208243e-02 9.998591750725329685e-01 1.449700367276861579e+00
9.460381278012373052e-01 -3.239403149890478506e-01 8.633253601171014466e-03 1.037066581283640545e+02 3.237791394217927610e-01 9.459960123747372940e-01 1.608146275721041019e-02 2.240052476107030088e+01 -1.337645759153009012e-02 -1.241840949788046260e-02 9.998334128659696063e-01 1.452791782262042419e+00
9.458651796148404012e-01 -3.244080980329274166e-01 9.922092494059382359e-03 1.029923156818053371e+02 3.242173283335443301e-01 9.458295074350426823e-01 1.701960256516224165e-02 2.216831996906940816e+01 -1.490590475377017755e-02 -1.288133511750865455e-02 9.998059237694177925e-01 1.447616655925499929e+00
9.453639483397143772e-01 -3.258660343491963096e-01 9.916291327587827345e-03 1.022903408574204462e+02 3.256589345289376825e-01 9.453140014519912926e-01 1.810240366175792578e-02 2.195178987550979599e+01 -1.527296752783938172e-02 -1.388403093204041913e-02 9.997869623791453275e-01 1.452431107692445433e+00
9.450089101064020891e-01 -3.268964107648370532e-01 9.843599199357259619e-03 1.015929105102101175e+02 3.266594552575467492e-01 9.449286880235274744e-01 2.008419376048127883e-02 2.172477892179922065e+01 -1.586695013023285347e-02 -1.576423730386999206e-02 9.997498330638168174e-01 1.450552662355811151e+00
9.447498849580330260e-01 -3.276491257894582065e-01 9.680146579875661961e-03 1.008998096920358876e+02 3.273996743088069539e-01 9.446519057074167502e-01 2.102927254716823249e-02 2.149298861859737997e+01 -1.603459168022212250e-02 -1.669812598232474007e-02 9.997319963138394661e-01 1.453391452439212861e+00
9.446202549515991809e-01 -3.280518691836658562e-01 8.633947932404616513e-03 1.002039117258493803e+02 3.277998337239878546e-01 9.444827722653514890e-01 2.235088147057702132e-02 2.126834348608456793e+01 -1.548686352306383879e-02 -1.828288865665938026e-02 9.997129053062706605e-01 1.460509136435111710e+00
9.446309267365127216e-01 -3.280179770202417133e-01 8.753228038004004508e-03 9.951799293071744046e+01 3.277446673169280844e-01 9.444725390482524574e-01 2.355962705761431228e-02 2.104150230394405341e+01 -1.599516471665829442e-02 -1.938632852989202043e-02 9.996841125911356540e-01 1.469484044695057667e+00
9.446640808935524714e-01 -3.279142854904176230e-01 9.055144254355849964e-03 9.883988409760138438e+01 3.276022748092203285e-01 9.444704835363129103e-01 2.553928868505922142e-02 2.082209557707983549e+01 -1.692701407344375172e-02 -2.115956281605449810e-02 9.996328071303427487e-01 1.473482978378799269e+00
9.447424208157428893e-01 -3.276805852447116640e-01 9.337685018818165858e-03 9.817911571971158935e+01 3.273441720860102433e-01 9.445305993424797375e-01 2.660338145976414229e-02 2.060388223664782004e+01 -1.753714083346605279e-02 -2.207670623065937851e-02 9.996024548432639323e-01 1.479875225784359039e+00
9.447085187681925067e-01 -3.277861484120179747e-01 9.058447584403777827e-03 9.752153190681443107e+01 3.274499167237476804e-01 9.444841796045850835e-01 2.694784800866759783e-02 2.039464841387793470e+01 -1.738869174194641876e-02 -2.249167366926153183e-02 9.995957973152623799e-01 1.480037216272195755e+00
9.449039042526166110e-01 -3.272349654122859164e-01 8.595879035746278179e-03 9.686137704716422547e+01 3.269080191213477038e-01 9.446697053514041542e-01 2.702396757479177264e-02 2.018108714751777200e+01 -1.696345361051974920e-02 -2.272499068179607146e-02 9.995978271461885001e-01 1.491855582439407080e+00
9.452060195161454681e-01 -3.263731960836818713e-01 8.131269592085117043e-03 9.621563979050243631e+01 3.260405522643454179e-01 9.449406059397297275e-01 2.801445204629453289e-02 1.996605966141314781e+01 -1.682673306623086798e-02 -2.382830507935452397e-02 9.995744459151689743e-01 1.496493743224200257e+00
9.454179896309461428e-01 -3.257751610880939008e-01 7.441054818859091542e-03 9.554801583883084959e+01 3.254761413699632788e-01 9.451659300218634430e-01 2.695637443840579600e-02 1.975303956029674168e+01 -1.581474872317679969e-02 -2.306315551929233668e-02 9.996089158143592890e-01 1.501583194309458635e+00
9.456704071276152979e-01 -3.250441700557905045e-01 7.332707033653707365e-03 9.492537158232936179e+01 3.247635099272070391e-01 9.454392360746453061e-01 2.594828526878215080e-02 1.955197422435778520e+01 -1.536696778576235496e-02 -2.215712982103108450e-02 9.996363928421160283e-01 1.511654009924197739e+00
9.461108836935737676e-01 -3.237379912133857562e-01 8.240679480039933905e-03 9.429671793825923487e+01 3.234481502941901621e-01 9.459077279677801098e-01 2.529553794916889267e-02 1.933847861508614230e+01 -1.598404904614566385e-02 -2.126695122775690630e-02 9.996460508383891996e-01 1.516487528021722042e+00
9.466203158090247261e-01 -3.222221672723977193e-01 9.102341045257297814e-03 9.368415470074177165e+01 3.219317088670902161e-01 9.464521643920138505e-01 2.425438809013925889e-02 1.913490392218262670e+01 -1.643023187953407058e-02 -2.002936430639585055e-02 9.996643797000451803e-01 1.521621805286841989e+00
9.470353555822053071e-01 -3.209863687681226985e-01 9.580518719885534537e-03 9.305197046312170528e+01 3.206880370391553825e-01 9.468764980918323859e-01 2.416775246812713149e-02 1.893182795736427337e+01 -1.682908712136554213e-02 -1.981535831032030584e-02 9.996620095796848737e-01 1.521079315675583965e+00
9.476129227705338831e-01 -3.191392967411027515e-01 1.341110996447189736e-02 9.242768775626970523e+01 3.187467657738118354e-01 9.475054422191946379e-01 2.517809110682803914e-02 1.872907223955323275e+01 -2.074241796660452816e-02 -1.958433657704932232e-02 9.995930201101460577e-01 1.582603702273364998e+00
9.480327016528725670e-01 -3.178043368568202465e-01 1.531012959933612284e-02 9.180501417860671154e+01 3.173442678329695954e-01 9.479389066156933552e-01 2.654138270400739283e-02 1.853559721927950932e+01 -2.294803404200251168e-02 -2.030351688249134798e-02 9.995304672349839548e-01 1.516885951181717429e+00
9.487031087214166103e-01 -3.159868292871365059e-01 1.071145256134551672e-02 9.116893523191559723e+01 3.156704200683112527e-01 9.485659152936318783e-01 2.397686875077755658e-02 1.833284488320362726e+01 -1.773689353571650598e-02 -1.936564119182109661e-02 9.996551278036324151e-01 1.517229600220878050e+00
9.493715829772056969e-01 -3.140663561671492299e-01 7.478058292871579520e-03 9.056192614683426712e+01 3.138110251815641738e-01 9.491764739689777519e-01 2.422110105582727865e-02 1.813806049707125823e+01 -1.470502995346564985e-02 -2.064812791170720155e-02 9.996786568207617352e-01 1.531510174574666205e+00
9.500181426139616692e-01 -3.120905538366925969e-01 8.063182176312687008e-03 8.991334460687085084e+01 3.118184513842663930e-01 9.498243044473259067e-01 2.455695533885541085e-02 1.794959682759021646e+01 -1.532260019443869650e-02 -2.081530411996415295e-02 9.996659147099171694e-01 1.543379160904245539e+00
9.506823482552104743e-01 -3.101527269722114122e-01 2.891135458319238002e-03 8.929876042038732464e+01 3.100046748896184146e-01 9.504467627217513259e-01 2.341052704167003937e-02 1.774681126407731213e+01 -1.000870913871777443e-02 -2.135970931418928673e-02 9.997217555672772704e-01 1.543317560413975276e+00
9.512372786192804242e-01 -3.084350044464197471e-01 3.935453429869872552e-03 8.867775588350198746e+01 3.082560293726962497e-01 9.509945809677305961e-01 2.423896291994183383e-02 1.756093842613364586e+01 -1.121873952138492669e-02 -2.184387787658613814e-02 9.996984469718761535e-01 1.583089946472346243e+00
9.518476672328669563e-01 -3.064769856091227873e-01 7.607606185123525280e-03 8.806042028157848733e+01 3.062097873710190044e-01 9.516370925121031554e-01 2.494815166204165241e-02 1.737298415759540759e+01 -1.488571454883356841e-02 -2.141731648907191018e-02 9.996597991576346987e-01 1.570872382193215122e+00
9.522540683823798036e-01 -3.051938852129983393e-01 8.299498441029005621e-03 8.744140584095330837e+01 3.048815309828982190e-01 9.520106627602453742e-01 2.688773055443214113e-02 1.717793580907380857e+01 -1.610718196383379569e-02 -2.307358701907484544e-02 9.996040057274435675e-01 1.558912991991964425e+00
9.528761484915408975e-01 -3.032605277542470557e-01 7.752286031285638736e-03 8.681630270585287690e+01 3.029437147893598303e-01 9.525967242982043004e-01 2.801047168471690330e-02 1.699072095406078731e+01 -1.587927270492232174e-02 -2.434200404807880178e-02 9.995775685420160706e-01 1.555641510835532593e+00
9.533972220270275910e-01 -3.016497599228428195e-01 6.415556577827467508e-03 8.619346779170399486e+01 3.013900607783086549e-01 9.531368066276102446e-01 2.634879719866176084e-02 1.680502533224518302e+01 -1.406301145850406137e-02 -2.318728506617610124e-02 9.996322231276107972e-01 1.562498488264296048e+00
9.539231354595296697e-01 -2.999895469641523094e-01 6.076458167745179585e-03 8.556721463773145331e+01 2.997388235900786957e-01 9.536586453052097179e-01 2.630258286777186275e-02 1.661182105156964539e+01 -1.368536678293829495e-02 -2.326929189725004260e-02 9.996355589842116363e-01 1.572768178655200355e+00
9.544420668667007446e-01 -2.983199791140608292e-01 6.747670202808057557e-03 8.493525110776157305e+01 2.980416725790598909e-01 9.541661633765948780e-01 2.716788676938701463e-02 1.642626424894897141e+01 -1.454312200270448455e-02 -2.391908708745296708e-02 9.996081106465507515e-01 1.569143300596068880e+00
9.548659425239565124e-01 -2.969317619315301471e-01 7.909523413624308316e-03 8.429613253798402184e+01 2.966164315034292565e-01 9.545922178775533284e-01 2.779190759615757927e-02 1.623728750722847991e+01 -1.580266958767710672e-02 -2.419145143163578190e-02 9.995824374740546192e-01 1.581598968842879316e+00
9.554944731402471580e-01 -2.948736154649383434e-01 8.936593178118682618e-03 8.366569305318141403e+01 2.945129550063556589e-01 9.552060308133115685e-01 2.904407046805287940e-02 1.604470330441639447e+01 -1.710061776534449463e-02 -2.511950634527817736e-02 9.995381829965479525e-01 1.577863468846169903e+00
9.558725755816918079e-01 -2.935679505437767678e-01 1.120168116409451034e-02 8.301485214921564193e+01 2.931374299112375903e-01 9.556067141261344045e-01 2.977003695223172375e-02 1.585533624509292494e+01 -1.944393046553864052e-02 -2.517272986969656262e-02 9.994940056018218888e-01 1.586197162059526544e+00
9.562670823094855388e-01 -2.921863754638974742e-01 1.343090768062583928e-02 8.234927014749746377e+01 2.917131142128326360e-01 9.560602007168216288e-01 2.919506121955999997e-02 1.566814661489152982e+01 -2.137115541209185648e-02 -2.400030410418045948e-02 9.994834961690279851e-01 1.587912880864555287e+00
9.567062404075855619e-01 -2.906032894497111441e-01 1.621412109057461526e-02 8.168957612893028397e+01 2.900826924097734127e-01 9.565789938168750561e-01 2.843695044561819069e-02 1.547278559916892959e+01 -2.377395897981975093e-02 -2.250237204858919829e-02 9.994640774543148698e-01 1.596529109534731150e+00
9.571032790554928615e-01 -2.891254676759633102e-01 1.896779267407756875e-02 8.099555797691886028e+01 2.885636854542887320e-01 9.570602026122007056e-01 2.769057621265053060e-02 1.526846832221092498e+01 -2.615937029742028408e-02 -2.102932513320779698e-02 9.994365686851089947e-01 1.596621060353246024e+00
9.574725875281903109e-01 -2.877378150498169918e-01 2.128835172047912130e-02 8.029083897873587716e+01 2.871336896713790887e-01 9.574960280675509638e-01 2.748818816551740207e-02 1.506494110204902981e+01 -2.829290341885334556e-02 -2.020658367287935658e-02 9.993954200352188622e-01 1.595607615549793579e+00
9.578859966271248139e-01 -2.862613523877811650e-01 2.255782771727029776e-02 7.957283835210706968e+01 2.856600628834654598e-01 9.579639403967140643e-01 2.652201672340850566e-02 1.485720732778984576e+01 -2.920181390208812997e-02 -1.896119793752967103e-02 9.993936797041290676e-01 1.604163472293137938e+00
9.582680941069362524e-01 -2.848444320787133499e-01 2.420556396693387263e-02 7.883182651736622404e+01 2.843045108268670296e-01 9.584465857647788134e-01 2.347524988999038359e-02 1.464355300939276816e+01 -2.988653436340901054e-02 -1.561383194793910037e-02 9.994313399681803434e-01 1.611572007204127299e+00
9.585777945446416481e-01 -2.838198434637386747e-01 2.397724460172197605e-02 7.808153195708298711e+01 2.833458991873478716e-01 9.587802342748136253e-01 2.134394002311758645e-02 1.442422433263473458e+01 -2.904674191273428144e-02 -1.366597302261615167e-02 9.994846311777558778e-01 1.606799745243562949e+00
9.590620794136638372e-01 -2.822807558054252208e-01 2.274868631803751359e-02 7.729233887507143663e+01 2.818489702084601700e-01 9.592413008034177402e-01 2.042755059873469295e-02 1.419941871251182164e+01 -2.758778387751627259e-02 -1.317959534228614962e-02 9.995324969415773086e-01 1.609544676292039123e+00
9.594263743073079276e-01 -2.812315730615334020e-01 2.024437189461638503e-02 7.650593070561536990e+01 2.808180981802461673e-01 9.595303599668660866e-01 2.104005785053853633e-02 1.397655531151751163e+01 -2.534221801792229875e-02 -1.450140040453254224e-02 9.995736497963277900e-01 1.615249295836455490e+00
9.597017670037973902e-01 -2.803880208360289283e-01 1.884346512672644899e-02 7.569912697658581635e+01 2.800290626680604911e-01 9.597911695059162529e-01 1.961211354705957866e-02 1.375712649610606420e+01 -2.358479313335990618e-02 -1.354506214900625359e-02 9.996300759876811659e-01 1.637186855085146719e+00
9.601686832788016712e-01 -2.788307544782017700e-01 1.815241042691313408e-02 7.487819031102490897e+01 2.784746891805757740e-01 9.602375537989247256e-01 1.989190182239862492e-02 1.352237114310310417e+01 -2.297710017700189261e-02 -1.404459432928067790e-02 9.996373353534130368e-01 1.638242605559840914e+00
9.604694368151874828e-01 -2.777506481862013765e-01 1.878931538404250701e-02 7.404644430496384189e+01 2.773789018667117134e-01 9.605487502107660225e-01 2.017531327706384436e-02 1.328681757336498670e+01 -2.365175974948639792e-02 -1.416601211280662902e-02 9.996198869352546090e-01 1.649894961406377814e+00
9.607257071509749391e-01 -2.769421649800375973e-01 1.758274358482751071e-02 7.320035141184061445e+01 2.766184524126752420e-01 9.607960117842873071e-01 1.879509303781607202e-02 1.306056208307501798e+01 -2.209858366938505236e-02 -1.319321773018366367e-02 9.996687409340148101e-01 1.637709331218276665e+00
9.610355249428365054e-01 -2.760265730153205754e-01 1.483410879719191354e-02 7.234380004050727564e+01 2.757691762098947175e-01 9.610684159137794502e-01 1.728760780361824831e-02 1.282767035983111548e+01 -1.902843258083507932e-02 -1.252321527780690322e-02 9.997405102462728621e-01 1.642907718654406102e+00
9.614116907150437319e-01 -2.748593713025003216e-01 1.182738179724841278e-02 7.146260381823806540e+01 2.746362686266462516e-01 9.613875652789879434e-01 1.757467723317362313e-02 1.257693769814925311e+01 -1.620126252479169721e-02 -1.364827214816159880e-02 9.997755966989883003e-01 1.641006566769421582e+00
9.618723287756738571e-01 -2.732431194969999200e-01 1.182458370311315760e-02 7.056558684768863543e+01 2.730296124087944198e-01 9.618557013759498897e-01 1.698353545535031747e-02 1.234194056475431545e+01 -1.601417745910037674e-02 -1.310753129398585862e-02 9.997858464383865273e-01 1.665805101556355083e+00
9.622683238746599921e-01 -2.718149887559782596e-01 1.250138998596441071e-02 6.967001966854081729e+01 2.715733798957536416e-01 9.622469186871055458e-01 1.813192784150530895e-02 1.209742710222078621e+01 -1.695795375562048068e-02 -1.405273508083972056e-02 9.997574448014856507e-01 1.651898192196806336e+00
9.628809139468513800e-01 -2.696981648374942586e-01 1.110159613314747919e-02 6.876495505528198748e+01 2.694263123543807481e-01 9.627860145212548959e-01 2.127328022385575543e-02 1.185833770296919276e+01 -1.642582613226085606e-02 -1.749257339726487462e-02 9.997120595984775315e-01 1.648365457378827781e+00
9.632548892006912444e-01 -2.684156481019915885e-01 9.646672042231281205e-03 6.783716758980784789e+01 2.681439971437538650e-01 9.631051989250962730e-01 2.296023948715613869e-02 1.161383022378986496e+01 -1.545364755867392921e-02 -1.952986574276214735e-02 9.996898364572923690e-01 1.642896048165769729e+00
9.636982532791222855e-01 -2.669173716666654039e-01 6.386965309537025008e-03 6.689658303064908296e+01 2.666816552472941471e-01 9.634525730574302615e-01 2.529889763740508085e-02 1.136849220747636835e+01 -1.290625342489119635e-02 -2.267721698239041905e-02 9.996595282631293156e-01 1.639731524380932948e+00
9.639950705755622185e-01 -2.658867733466064309e-01 4.210423005408411162e-03 6.595987662331725687e+01 2.657042141438616945e-01 9.637295723536011272e-01 2.503161911316299434e-02 1.112404807777431870e+01 -1.071328560001635379e-02 -2.301163029783947350e-02 9.996777932801514943e-01 1.634965798481079258e+00
9.643177219893485086e-01 -2.647264342748049115e-01 3.353513077035076475e-03 6.498608694903103356e+01 2.645927011035336118e-01 9.641092703569180689e-01 2.200039392096751409e-02 1.087414644578622891e+01 -9.057238881116981902e-03 -2.032805466557629018e-02 9.997523376377459581e-01 1.648534916762076197e+00
9.646897239835866555e-01 -2.633491408929379274e-01 4.578911219874007635e-03 6.405265145739424781e+01 2.632088952902287282e-01 9.645272769641586308e-01 2.020419338392488023e-02 1.062680010398442221e+01 -9.737241740404944598e-03 -1.828556757510381783e-02 9.997853890393215703e-01 1.644558440886515926e+00
9.652126636815386851e-01 -2.613826439846070882e-01 6.605095679889426072e-03 6.307559013412584648e+01 2.612229728093650727e-01 9.650965774104831585e-01 1.873912338676888070e-02 1.036716310939871022e+01 -1.127263685086895596e-02 -1.636183647006867262e-02 9.998025894947991654e-01 1.635705728780939783e+00
9.656011414858197694e-01 -2.598948182610087976e-01 8.313783668915334518e-03 6.208476715651962508e+01 2.597422987852171516e-01 9.655457141647164621e-01 1.598161687737773007e-02 1.010284290682606745e+01 -1.218087760383163541e-02 -1.327242621786335619e-02 9.998377212917255452e-01 1.627686256544027321e+00
9.660977163366053500e-01 -2.580719123630599299e-01 7.354626775121981749e-03 6.109258459684251363e+01 2.579399641340268667e-01 9.660397931012414396e-01 1.530009952732742928e-02 9.841247560789547322e+00 -1.105338807249187962e-02 -1.288433904652230670e-02 9.998558978243716755e-01 1.611856057306774614e+00
9.664782781684790880e-01 -2.566851805561696231e-01 5.697008677293361086e-03 6.008240111697821106e+01 2.565766027840697405e-01 9.664053829773779913e-01 1.513547667673687154e-02 9.589227552960238654e+00 -9.390672416128590869e-03 -1.316639030538313201e-02 9.998692221648862732e-01 1.607979922540222040e+00
9.669876308217549843e-01 -2.548116026247143062e-01 2.443154125863985365e-03 5.906383758034561282e+01 2.547370734909206180e-01 9.668653554070288925e-01 1.674538446920146445e-02 9.334285199846707570e+00 -6.629119335328721545e-03 -1.557021772301386137e-02 9.998568012928648052e-01 1.587490935437961603e+00
9.674894969879361817e-01 -2.529006909839734973e-01 -2.305149536505144391e-03 5.802781761154898987e+01 2.529053116229048048e-01 9.673646237212066845e-01 1.563931340410001578e-02 9.076950799309994267e+00 -1.725273052349471370e-03 -1.571385602048877908e-02 9.998750412709348501e-01 1.567099990882473648e+00
9.679157963756483962e-01 -2.511018469339097448e-01 -9.320600270278405625e-03 5.697295971487552890e+01 2.512145713238335132e-01 9.678298648204901600e-01 1.402112385783907053e-02 8.814982513671253628e+00 5.500025202907053538e-03 -1.591273786637509638e-02 9.998582572000109803e-01 1.548736113269599812e+00
9.681955228251677426e-01 -2.496707780452636083e-01 -1.618431858606530008e-02 5.596344521641675129e+01 2.498564324833088546e-01 9.682241628563554858e-01 1.066459591009447094e-02 8.559542507748957973e+00 1.300741035606196513e-02 -1.436917011703074502e-02 9.998121494664110598e-01 1.533489635437047305e+00
9.685386693873707653e-01 -2.480796751038482906e-01 -1.973121127125988458e-02 5.490332914616682558e+01 2.482894096988194910e-01 9.686444055405846187e-01 8.965748403870056268e-03 8.301660459791504465e+00 1.688830746143486772e-02 -1.358272482837705013e-02 9.997651197416230762e-01 1.535260023456529899e+00
9.691021640746667609e-01 -2.459010211434724813e-01 -1.933089193268276718e-02 5.387073394323050479e+01 2.460724326168418630e-01 9.692260379324542097e-01 7.017499404330748529e-03 8.055802664724478035e+00 1.701039352829882348e-02 -1.155747346169558668e-02 9.997885132936065178e-01 1.520317762069224976e+00
9.696972071081260136e-01 -2.435739805220145660e-01 -1.894841776708192788e-02 5.283593768419396497e+01 2.437575116964637856e-01 9.698029407010299030e-01 8.033162346604359738e-03 7.804745883626984515e+00 1.641956194328718366e-02 -1.240855425727593886e-02 9.997881904490911742e-01 1.481956740589834398e+00
9.702183688128128702e-01 -2.414183275074982538e-01 -1.983703501530107230e-02 5.179918025559404526e+01 2.416171686570840471e-01 9.703362338500005624e-01 8.290783197990012759e-03 7.554444494709601443e+00 1.724704683419383405e-02 -1.283683838552178609e-02 9.997688507602070507e-01 1.449626311996623507e+00
9.707157135953479177e-01 -2.392732460567863206e-01 -2.143168441890021605e-02 5.073243231447521140e+01 2.395195224578312021e-01 9.708427240096303423e-01 9.736713883024369909e-03 7.311916004870663954e+00 1.847705974472619098e-02 -1.458488798255989927e-02 9.997229012583120911e-01 1.415924336278645335e+00
9.712056244685809414e-01 -2.371807432055426101e-01 -2.247064862360579132e-02 4.966815721692935170e+01 2.374513256251276072e-01 9.713457146475291681e-01 1.021619267920703331e-02 7.064900510016807189e+00 1.940368407358904548e-02 -1.525770909407771214e-02 9.996953032560332852e-01 1.394634106127818463e+00
9.715442557246123378e-01 -2.356307733600666865e-01 -2.408106747528226954e-02 4.862729382122495281e+01 2.359115071466474645e-01 9.717278110410394465e-01 9.530059983857324182e-03 6.819206056936609528e+00 2.115466758120957205e-02 -1.493987595586481788e-02 9.996645838182626198e-01 1.347728009732845456e+00
9.720395471283453936e-01 -2.331111477619096095e-01 -2.825440857892827506e-02 4.756287731634819949e+01 2.335061278086399128e-01 9.722867410994098236e-01 1.154908464837785080e-02 6.577665559114356242e+00 2.477916646100666170e-02 -1.782374455219921938e-02 9.995340449600571553e-01 1.308358975043072192e+00
9.724401778737727930e-01 -2.308591547199329574e-01 -3.262132945356899238e-02 4.650506549486019026e+01 2.313194733198884467e-01 9.728148566916412499e-01 1.107049507222218621e-02 6.344994036579991281e+00 2.917878880285836724e-02 -1.831134294543311503e-02 9.994064703603335875e-01 1.268880234796819773e+00
9.728969667586869763e-01 -2.284613554905572386e-01 -3.573375317056514539e-02 4.543814683162772639e+01 2.290119787308121935e-01 9.733483272695608868e-01 1.210567624965648223e-02 6.109437068940554383e+00 3.201570967060903689e-02 -1.996103322498542568e-02 9.992880222845835769e-01 1.242603022590520467e+00
9.732322555645124273e-01 -2.266506911614026565e-01 -3.805838831792350552e-02 4.435302031595333716e+01 2.273109204610682943e-01 9.737220782936923946e-01 1.396637679113370452e-02 5.865774034423787420e+00 3.389280401681128013e-02 -2.224361566638107662e-02 9.991779117817350953e-01 1.195206375366199669e+00
9.736775436271380979e-01 -2.243785600064934771e-01 -4.007870808943912733e-02 4.326878883738901749e+01 2.251171216583669199e-01 9.742174684686057962e-01 1.491997536842358182e-02 5.636501938461704775e+00 3.569765494599418804e-02 -2.354964837265871580e-02 9.990851272476305445e-01 1.151206069112492569e+00
9.740708880878679032e-01 -2.222663256631624840e-01 -4.223251652919204208e-02 4.222117739852408391e+01 2.231404179047536962e-01 9.746346716640535979e-01 1.719333259488881049e-02 5.408495053580746337e+00 3.733977601931568607e-02 -2.617130613747001983e-02 9.989598609836172205e-01 1.096322673717928797e+00
9.745817329717053612e-01 -2.199056732413297854e-01 -4.280117557520294463e-02 4.114140200908330769e+01 2.208308189770979424e-01 9.751426027425642573e-01 1.818388584677294029e-02 5.181719311290726715e+00 3.773851009167727977e-02 -2.717350163624766488e-02 9.989181175949284341e-01 1.049164485575555750e+00
9.751596440566110413e-01 -2.177026122900145855e-01 -4.085634836787374602e-02 4.004044166886934164e+01 2.186525667833837949e-01 9.755899119250267537e-01 2.038084363527452661e-02 4.937247832965515393e+00 3.542207840582504291e-02 -2.880792166506818477e-02 9.989571462306323646e-01 1.004000154475403139e+00
9.757379319961121400e-01 -2.156119004571761533e-01 -3.803940643149709977e-02 3.896681534613463782e+01 2.164695880375049619e-01 9.760836470340805704e-01 2.004074463816892318e-02 4.723578168777372355e+00 3.280861952275552357e-02 -2.778888936840809287e-02 9.990752584801443348e-01 9.533993044792715699e-01
9.764473613421282838e-01 -2.130303851441293084e-01 -3.418487282116224046e-02 3.788185079485794660e+01 2.138115276882067983e-01 9.766478261579782938e-01 2.106310249379004726e-02 4.490299459644457869e+00 2.889950089178613263e-02 -2.787613073353799320e-02 9.991935449040917350e-01 8.980869921277269130e-01
9.771359836035947710e-01 -2.101881311152592746e-01 -3.203465438808008464e-02 3.679355711744813817e+01 2.109173233894204580e-01 9.772705128619066928e-01 2.135947993291836475e-02 4.268170133983977266e+00 2.681701395458788162e-02 -2.762777999282662808e-02 9.992585018550942388e-01 8.424955014161243927e-01
9.776566477439263547e-01 -2.077123509763206810e-01 -3.229641420414842284e-02 3.571235949254629816e+01 2.084942126082984792e-01 9.777517995178585108e-01 2.305605878229169056e-02 4.034917037612508750e+00 2.678884893225094710e-02 -2.927452458892622691e-02 9.992123697079745570e-01 7.893038963777851968e-01
9.784742655052280913e-01 -2.038694768851233297e-01 -3.202105768131616181e-02 3.461885942524336457e+01 2.046488845737646223e-01 9.785585765360573784e-01 2.327974073267668337e-02 3.828840540820789951e+00 2.658845205870316586e-02 -2.933170095198821270e-02 9.992160454730610875e-01 7.597841501965556521e-01
9.792432609527862430e-01 -2.005393765261531680e-01 -2.943797441211323113e-02 3.353944654420157434e+01 2.013087760474606969e-01 9.791825046575602931e-01 2.600767688519902213e-02 3.619396256683255153e+00 2.360958620952947201e-02 -3.139396492116913739e-02 9.992282053665064723e-01 7.264498892033555144e-01
9.798865921283038682e-01 -1.979160624811345526e-01 -2.552447405083015791e-02 3.244303735564908209e+01 1.985765909011416586e-01 9.797237919580640275e-01 2.662008669294866833e-02 3.404614989014001836e+00 1.973839176371497764e-02 -3.115322907334873784e-02 9.993197047008032241e-01 6.892066347550924732e-01
9.805214561345230173e-01 -1.949851676003733214e-01 -2.363172596558896221e-02 3.135991020337078794e+01 1.956234325472954449e-01 9.802610454798889039e-01 2.863137005524071452e-02 3.207067177694910232e+00 1.758256791274452960e-02 -3.269659200817640055e-02 9.993106554875963443e-01 6.398356134057788802e-01
9.810377105624527028e-01 -1.923594888961404348e-01 -2.372419613845068095e-02 3.030917124033736343e+01 1.929924426208304844e-01 9.807970791644252673e-01 2.812483941167203891e-02 3.002869306017305284e+00 1.785854254367183133e-02 -3.217011862841457487e-02 9.993228486930759713e-01 6.139058335247563614e-01
9.817201453877660855e-01 -1.889033182448340842e-01 -2.326139489212549621e-02 2.922965121427318991e+01 1.895040270186272580e-01 9.815061699994562794e-01 2.708988731763924823e-02 2.814500319844777554e+00 1.771383300430335456e-02 -3.100281612220863112e-02 9.993623194353352668e-01 5.813582061518206556e-01
9.823400339651695568e-01 -1.857588499478657340e-01 -2.239882433885895252e-02 2.816846658971735096e+01 1.863428905440568384e-01 9.820959447477952686e-01 2.763842346782700854e-02 2.615388588923282853e+00 1.686371279262278630e-02 -3.132419152028870224e-02 9.993670047639270360e-01 5.445435071244010272e-01
9.829413565811055964e-01 -1.826123299323440530e-01 -2.188667346988555987e-02 2.711403850333136134e+01 1.831618032426358122e-01 9.827263232002613202e-01 2.647125838287349778e-02 2.452489124876828352e+00 1.667463197667276575e-02 -3.002849720505874204e-02 9.994099489190668706e-01 5.170019627098312309e-01
9.833572046171956682e-01 -1.802598522715812834e-01 -2.269347445586328629e-02 2.606844800997965805e+01 1.808184739638024896e-01 9.831836527347148635e-01 2.558484838338750608e-02 2.255123021937806005e+00 1.769993211884290582e-02 -2.926244440694507343e-02 9.994150397831083055e-01 4.871021201076324858e-01
9.838761804627801366e-01 -1.771378904726245707e-01 -2.469472156697083420e-02 2.502623419577827235e+01 1.777569854913720604e-01 9.837403290028615688e-01 2.564018721738846318e-02 2.079785074481931950e+00 1.975134484398276963e-02 -2.961642872914536581e-02 9.993661748931310651e-01 4.493683134909580712e-01
9.842743587189697330e-01 -1.744941498095625987e-01 -2.749142497187755108e-02 2.398607128602251493e+01 1.751684319466716711e-01 9.842365424491622550e-01 2.438132390268883329e-02 1.914245927708045247e+00 2.280366667576197437e-02 -2.881354175339535459e-02 9.993246582528115818e-01 4.324749648121264389e-01
9.845695661835882628e-01 -1.720280631289741180e-01 -3.207981978651495286e-02 2.294586248867538458e+01 1.727857589385615733e-01 9.847013056606123138e-01 2.254817368435530281e-02 1.745111245357567675e+00 2.771012178320175073e-02 -2.774318159111279283e-02 9.992309367810252585e-01 3.925198077552266018e-01
9.847543384137238398e-01 -1.699922367417998348e-01 -3.689894875527890972e-02 2.193694757401081574e+01 1.708715688039225689e-01 9.850447664346644316e-01 2.212950727774785215e-02 1.564461110725636095e+00 3.258527191827608610e-02 -2.809710955980172439e-02 9.990739474546961318e-01 3.556211498720096564e-01
9.848863408799229946e-01 -1.678244882180596476e-01 -4.282331956857496347e-02 2.090802783655062314e+01 1.688305468286822042e-01 9.854203897076034835e-01 2.104523709152116701e-02 1.408310343634347372e+00 3.866706611362125123e-02 -2.795705101185252950e-02 9.988609819645515309e-01 3.191038218142622784e-01
9.850461525520352035e-01 -1.657248290240476429e-01 -4.711006669222504717e-02 1.990882593656828448e+01 1.668900047562610622e-01 9.857310785225185112e-01 2.195375014631190461e-02 1.262773765540237125e+00 4.279957536046226363e-02 -2.948765637010453133e-02 9.986484238534875102e-01 2.827139876448956923e-01
9.852913080427099235e-01 -1.639432727679234481e-01 -4.820416585716441604e-02 1.890674700289673282e+01 1.651394811689900488e-01 9.860258900698614104e-01 2.195212676202733595e-02 1.116115480799041215e+00 4.393165203890506132e-02 -2.958965063157058262e-02 9.985962459968069638e-01 2.522786444063768729e-01
9.853928260780069337e-01 -1.636933466532279335e-01 -4.696239529473672514e-02 1.796565606668265502e+01 1.648529273194760669e-01 9.860737155533060294e-01 2.195768310408735199e-02 9.519350305533768042e-01 4.271405698760391556e-02 -2.937883174638751885e-02 9.986552926686703691e-01 2.115257087842158379e-01
9.854917145360801989e-01 -1.634555160686560760e-01 -4.569874006816485729e-02 1.702242027948119940e+01 1.645618551386190676e-01 9.861308428657107328e-01 2.157212508082065328e-02 7.999004557293224460e-01 4.153885422363252228e-02 -2.877941997524844503e-02 9.987223180493844943e-01 1.544765472333070599e-01
9.855630137846553840e-01 -1.625457141209647460e-01 -4.737548603402213371e-02 1.607020004407356240e+01 1.636984389889181435e-01 9.862753171199354352e-01 2.153647860649918200e-02 6.585462109690207733e-01 4.322461021726888009e-02 -2.898084987188954964e-02 9.986449536279238259e-01 9.421892808894261062e-02
9.855736477852438115e-01 -1.618575898039220917e-01 -4.946418310755004710e-02 1.512456486309775094e+01 1.631316378836708825e-01 9.863389481467995656e-01 2.288117322743106127e-02 5.238405951094116109e-01 4.508495878686325647e-02 -3.062025457033206582e-02 9.985137688061567207e-01 5.193957600397570984e-02
9.855029723549246778e-01 -1.621495925818035311e-01 -4.991393694656105079e-02 1.421920134117664247e+01 1.635220094576547989e-01 9.862295070842848066e-01 2.473685059636383798e-02 3.797248795846821512e-01 4.521552718558514289e-02 -3.254026705892080346e-02 9.984471378672452602e-01 1.936241242368974547e-02
9.852989757156371819e-01 -1.642528557262150080e-01 -4.697795052832785118e-02 1.332520107912419505e+01 1.656811191864394350e-01 9.857733116297352494e-01 2.829743489925655789e-02 2.335844546757129270e-01 4.166167537405152804e-02 -3.566479304230519426e-02 9.984950312027075503e-01 -1.523028570409387661e-02
9.847175073370942888e-01 -1.685065681569168083e-01 -4.401098985645615635e-02 1.244195567125037982e+01 1.699880285161516347e-01 9.849134688893477207e-01 3.239643436766662804e-02 8.672763587761536663e-02 3.788800471304728384e-02 -3.938267749596233158e-02 9.985056353402926854e-01 -7.218576507805279929e-02
9.837309582324522683e-01 -1.745469774283447961e-01 -4.250593466852679164e-02 1.154332085349858517e+01 1.760631335052620372e-01 9.837571161098976891e-01 3.498155973692326781e-02 -6.009839113952206158e-02 3.570959018934028589e-02 -4.189617133086777356e-02 9.984836182885135081e-01 -1.053030434026839823e-01
9.820911617166211416e-01 -1.839488857778929787e-01 -4.074012144727554713e-02 1.070418794055542655e+01 1.853745721112664557e-01 9.820621653333347911e-01 3.449886133672060845e-02 -2.132082229268116857e-01 3.366330478103745499e-02 -4.143320938921318808e-02 9.985740188213969581e-01 -1.369364732446186061e-01
9.802219724079259677e-01 -1.941223950590029446e-01 -3.848870667687100122e-02 9.851958334944345808e+00 1.954470552399264760e-01 9.801151318327466777e-01 3.427501930943677860e-02 -3.778251823468176673e-01 3.106981497970495373e-02 -4.111963141188210852e-02 9.986710381821706228e-01 -1.738394923303750450e-01
9.775812111619953670e-01 -2.072454376156055433e-01 -3.720623828031225516e-02 9.024303715887944222e+00 2.085802340227001506e-01 9.773237032327046769e-01 3.650568548411241288e-02 -5.497118711450162953e-01 2.879690181592981998e-02 -4.344775811755439976e-02 9.986405913813680701e-01 -2.216617404511533884e-01
9.740283013777863985e-01 -2.231775636861239032e-01 -3.821836179989690496e-02 8.210396064996782428e+00 2.245790053232209482e-01 9.737372756365845206e-01 3.741641888207462852e-02 -7.313316570875560974e-01 2.886413829043314727e-02 -4.502769260554039671e-02 9.985686598394362123e-01 -2.475619739401450636e-01
9.696880455025771450e-01 -2.412156665029073221e-01 -3.898841673396261087e-02 7.417616229015642659e+00 2.426368681415714268e-01 9.694083955881521719e-01 3.707711935546455922e-02 -9.204775477394786520e-01 2.885211645532488947e-02 -4.541326673088275784e-02 9.985515462784201324e-01 -2.755671319021526511e-01
9.643404041306938845e-01 -2.618975504473374794e-01 -3.817404913350066348e-02 6.632710931287971512e+00 2.633108580698435008e-01 9.639462127094395871e-01 3.840691374804588998e-02 -1.122996427808395925e+00 2.673905345523079624e-02 -4.708898035863924580e-02 9.985327490589566146e-01 -2.892192354313383174e-01
9.576277864087838765e-01 -2.857599294471064866e-01 -3.592054310224439967e-02 5.886703772626187714e+00 2.870875052003157846e-01 9.570788587046917817e-01 3.975955955902744227e-02 -1.349552712936889165e+00 2.301710346197022306e-02 -4.838719811385872038e-02 9.985634141110092399e-01 -3.123477700302564886e-01
9.489683692103960677e-01 -3.135164037810301285e-01 -3.415404507516032334e-02 5.152375962401664289e+00 3.147565425527985017e-01 9.483066670454848301e-01 4.053127379162713151e-02 -1.581760275615178513e+00 1.968128945158197779e-02 -4.921310593420560875e-02 9.985943706250017815e-01 -3.312006947618305053e-01
9.385186296826593111e-01 -3.436904748594531989e-01 -3.255210018050167659e-02 4.385618308483425487e+00 3.448414951696844866e-01 9.377535191346565435e-01 4.126354998676611679e-02 -1.862547347136880527e+00 1.634395741019499873e-02 -4.995192528667403292e-02 9.986178849842554106e-01 -3.536093954485315938e-01
9.257298744288823267e-01 -3.768794814622544176e-01 -3.140152925260447647e-02 3.720737042660389626e+00 3.779348983488297065e-01 9.249437944006441148e-01 4.054861042652357916e-02 -2.126261658332949889e+00 1.376271034536202462e-02 -4.940479380458166758e-02 9.986840111602682812e-01 -3.837743020581182440e-01
9.116212667814812542e-01 -4.099468691314027136e-01 -2.983672967912237919e-02 2.989349180910884751e+00 4.108837299658091857e-01 9.108344982337858164e-01 3.943446809871044983e-02 -2.436575690576068709e+00 1.101028597332411561e-02 -4.820872654362091253e-02 9.987765977844598186e-01 -4.021600572285389252e-01
8.951186227736038781e-01 -4.448110133453881399e-01 -3.009673682450183033e-02 2.323810314816545208e+00 4.457133859897982608e-01 8.943779382819693202e-01 3.778466701645265963e-02 -2.765849088907513575e+00 1.011082140563610877e-02 -4.723627757909375918e-02 9.988325712375587528e-01 -4.263167504553192488e-01
8.760085129726948860e-01 -4.812554806326695966e-01 -3.165829365951830510e-02 1.710988543283236130e+00 4.821544226866258942e-01 8.754516412132452574e-01 3.333971472881738091e-02 -3.135991930775229530e+00 1.167038470629365270e-02 -4.447006022523636998e-02 9.989425488277172693e-01 -4.415259885999950895e-01
8.547364786224759259e-01 -5.180168110589461472e-01 -3.292621401739335291e-02 1.087081019516120906e+00 5.188584436933106891e-01 8.544573964284517542e-01 2.623877082096816998e-02 -3.537162369304279963e+00 1.454192271679637105e-02 -3.951127873671581026e-02 9.991133025489749020e-01 -4.749292194692226188e-01
8.315337172275810707e-01 -5.544481940177488077e-01 -3.374725561275996460e-02 4.372893132310707864e-01 5.552531934100690680e-01 8.313812772465061229e-01 2.233971909185927807e-02 -3.955160710470623897e+00 1.567061956958917812e-02 -3.731450110611597704e-02 9.991806942107742673e-01 -4.801948211115513732e-01
8.052925828531276586e-01 -5.919452450780519071e-01 -3.323676922611525780e-02 -1.563271088136324316e-01 5.927020694069096152e-01 8.051521992746820677e-01 2.083729639383037277e-02 -4.395301917090371546e+00 1.442611931861272762e-02 -3.647962213340764925e-02 9.992302658768963397e-01 -4.838631101418442437e-01
7.766179573725622287e-01 -6.292344905111666442e-01 -3.047136746360069176e-02 -7.570561716274761821e-01 6.298407516681761020e-01 7.765342809076308805e-01 1.717958411335544430e-02 -4.856723920926448557e+00 1.285207456488439252e-02 -3.253408251026202597e-02 9.993879915471187703e-01 -4.956787954501908899e-01
7.444646803194835405e-01 -6.670283142685790034e-01 -2.907864712165345034e-02 -1.278826784081293244e+00 6.675749032759422663e-01 7.443642592912371736e-01 1.629717775477351055e-02 -5.377692430478937524e+00 1.077442662082073871e-02 -3.154484826694959471e-02 9.994442627144269897e-01 -5.267865915006220146e-01
7.097580995091975486e-01 -7.037656668442802133e-01 -3.094069084608840753e-02 -1.833447567966923764e+00 7.043360412259176417e-01 7.097371894327684227e-01 1.355960777453718222e-02 -5.900770686851990909e+00 1.241697255264211271e-02 -3.141668514747236740e-02 9.994292424583823831e-01 -5.732086684052771774e-01
6.732222525340646468e-01 -7.386932903678906648e-01 -3.322681832867158125e-02 -2.346311945574738100e+00 7.392430890387657882e-01 6.734004159288811131e-01 7.178797380954095309e-03 -6.435160301505355562e+00 1.707202382433264942e-02 -2.939562196349871509e-02 9.994220546925468573e-01 -5.727190776676917006e-01
6.338114279628312975e-01 -7.727945568574178248e-01 -3.273601492547009023e-02 -2.856025468449531868e+00 7.732985039848061515e-01 6.340245111221750607e-01 4.726841190049845508e-03 -7.048677822251402603e+00 1.710255871644274575e-02 -2.831063733269315735e-02 9.994528554629807937e-01 -5.922920544094348871e-01
5.932809288537551629e-01 -8.043297502721326042e-01 -3.273212922542735603e-02 -3.312559168321031144e+00 8.048235326447502613e-01 5.935040524462288358e-01 3.467135346485816696e-03 -7.662803334069137051e+00 1.663793123311922001e-02 -2.840057315299993751e-02 9.994581465388078234e-01 -6.040651564960382025e-01
5.508484257376221604e-01 -8.339837035404171761e-01 -3.220549781512716675e-02 -3.733112337554064020e+00 8.344569984134824203e-01 5.510677671849335546e-01 2.415318790093640318e-03 -8.280666242602585214e+00 1.573307526230025705e-02 -2.820457759237982032e-02 9.994783500104137408e-01 -6.274533702806937008e-01
5.067451351523778458e-01 -8.615628062407049148e-01 -3.031334525005754607e-02 -4.099033531688525578e+00 8.619204564555064119e-01 5.070380822709684709e-01 -2.347310526172895640e-03 -8.976846648975620013e+00 1.739237588688892847e-02 -2.493820418475771461e-02 9.995376887476271621e-01 -6.513718016542388023e-01
4.637825482933218835e-01 -8.854312372082770999e-01 -3.028649984149452828e-02 -4.482741092337899858e+00 8.857207669356073065e-01 4.641680540625287010e-01 -6.836709949023807298e-03 -9.629029898286997735e+00 2.011146224442915409e-02 -2.365463510526243096e-02 9.995178774380748532e-01 -7.020861458381725262e-01
4.186680409920139900e-01 -9.075157849520338882e-01 -3.364775643542655681e-02 -4.835810053737381153e+00 9.078361803337829938e-01 4.191981954565630053e-01 -1.031225479637676648e-02 -1.036569652181076862e+01 2.346361278509973697e-02 -2.622923916530003896e-02 9.993805510823962068e-01 -7.204256550327605702e-01
3.728813165016746645e-01 -9.273108091671231623e-01 -3.246824609020798613e-02 -5.135436157939762047e+00 9.275694755137868786e-01 3.734324499511628148e-01 -1.277002014698806059e-02 -1.106718571709094867e+01 2.396647439871660984e-02 -2.535485207255058770e-02 9.993911844593861282e-01 -7.155053291651521929e-01
3.246189935001555504e-01 -9.453731113446489642e-01 -2.986953973366522977e-02 -5.380817288384480257e+00 9.456315720141291736e-01 3.250545400343141100e-01 -1.097615639141089929e-02 -1.180098661309318864e+01 2.008579261755906106e-02 -2.468251097336366176e-02 9.994935390390579100e-01 -7.401328450992449293e-01
2.762591170263741791e-01 -9.605914396051700166e-01 -3.074063134539803746e-02 -5.613912895307734630e+00 9.609570603637397346e-01 2.765997103304920768e-01 -7.357199066210672392e-03 -1.258283743784956066e+01 1.557011216802298148e-02 -2.750793341354825297e-02 9.995003177589414367e-01 -7.754878112713810001e-01
2.270492413590030900e-01 -9.730586496076943925e-01 -4.006877113661611728e-02 -5.784351439785872628e+00 9.737602354798101656e-01 2.274823258669932402e-01 -6.541804977469589666e-03 -1.336052277296118440e+01 1.548049717020574985e-02 -3.753206416013415286e-02 9.991755092880655331e-01 -8.317889097482767946e-01
1.797739278194658563e-01 -9.828735946025528580e-01 -4.050718341063086481e-02 -5.956328866488633800e+00 9.835655607833463376e-01 1.802960535195113623e-01 -9.597954060236628740e-03 -1.415029303391720283e+01 1.673686091618929381e-02 -3.811600866660267567e-02 9.991331479656806458e-01 -8.384099833369711430e-01
1.330788467097166750e-01 -9.904796016105663625e-01 -3.521618023318185547e-02 -6.091444276539631275e+00 9.910130665487763002e-01 1.334675612748214002e-01 -8.916950872436069445e-03 -1.497012929142688975e+01 1.353227564088827113e-02 -3.371303722673842096e-02 9.993399364734341095e-01 -8.472407187796259231e-01
9.037769820843466473e-02 -9.952032143313032098e-01 -3.744908342796180595e-02 -6.212281479805230155e+00 9.958375046976025713e-01 9.075343775521063638e-02 -8.454452625605061999e-03 -1.579937272002645621e+01 1.181253149032205664e-02 -3.652910782619885749e-02 9.992627724352590723e-01 -8.626503070576132526e-01
4.742757507926593369e-02 -9.980272239243304089e-01 -4.113739693235300698e-02 -6.257440818400365146e+00 9.988092012249391027e-01 4.785577926338858284e-02 -9.487040394847092925e-03 -1.665944441268475629e+01 1.143698677563400462e-02 -4.063846324988600045e-02 9.991084578923145054e-01 -9.152949110653811893e-01
7.660751170645348045e-03 -9.992325499841671066e-01 -3.841385091316643074e-02 -6.309759664963595860e+00 9.998224806777474827e-01 8.315255083910511047e-03 -1.690750307632527330e-02 -1.752592376378047234e+01 1.721394838197285934e-02 -3.827750753841017289e-02 9.991188679989565502e-01 -9.630776699833570875e-01
-3.134550703819101447e-02 -9.988002617056392918e-01 -3.762308338720646989e-02 -6.278092067762942818e+00 9.992312044087977574e-01 -3.042781859568238073e-02 -2.472140746963449182e-02 -1.840711629407825001e+01 2.354695989415295232e-02 -3.836906397841460120e-02 9.989861638696106994e-01 -9.813287152444218897e-01
-6.596115389923942751e-02 -9.971904019875644787e-01 -3.550251200143266644e-02 -6.245557098681396191e+00 9.975440210486511416e-01 -6.506093434568700762e-02 -2.594226066133402397e-02 -1.928546467918723906e+01 2.355954673497672250e-02 -3.712650002721740866e-02 9.990328176527129012e-01 -9.718517822849156440e-01
-9.847439850731502797e-02 -9.946140864301015183e-01 -3.233592292856694167e-02 -6.162058602914141758e+00 9.949422488247025020e-01 -9.775580401218197935e-02 -2.310247349706580355e-02 -2.018622139924257297e+01 1.981702142726145602e-02 -3.444737805801469099e-02 9.992100198659020771e-01 -1.005956488477773858e+00
-1.267661615438118172e-01 -9.914559148630749386e-01 -3.074913281107296420e-02 -6.079311757689557894e+00 9.917855971228272116e-01 -1.261527368477044220e-01 -2.113803022273665067e-02 -2.108995205609869572e+01 1.707833783313141354e-02 -3.317613399995386625e-02 9.993035947615723780e-01 -1.044045624761269719e+00
-1.541369557311157434e-01 -9.876461722620731853e-01 -2.822830657577911351e-02 -5.960128125356786377e+00 9.879339762297422167e-01 -1.536191664177485317e-01 -1.968782151978590647e-02 -2.201600179899462972e+01 1.510819263869112028e-02 -3.092232403164852164e-02 9.994076007242439497e-01 -1.072958101025468514e+00
-1.773954181173682254e-01 -9.838041300145407009e-01 -2.569629147119412496e-02 -5.855274938560669717e+00 9.840383290934545668e-01 -1.769420039519764842e-01 -1.897614577950973089e-02 -2.294554528241690150e+01 1.412205728264227453e-02 -2.865241703798270673e-02 9.994896730280375952e-01 -1.104346280062036278e+00
-1.968409496387796553e-01 -9.802002593206804448e-01 -2.147305686234290273e-02 -5.719291398516427094e+00 9.803589741509618483e-01 -1.965048667564648077e-01 -1.679640255989023681e-02 -2.389029199022779437e+01 1.224427796731557098e-02 -2.435752382779323225e-02 9.996283252708150213e-01 -1.126831378888738078e+00
-2.137401624889728735e-01 -9.767163483237915056e-01 -1.844770593410798021e-02 -5.517031378917381268e+00 9.768137779903315332e-01 -2.134485117995806591e-01 -1.657033298048361802e-02 -2.481877189006005580e+01 1.224687974150094963e-02 -2.156171899241973375e-02 9.996925058258547825e-01 -1.163350644629196573e+00
-2.262052809445780910e-01 -9.739479035074192215e-01 -1.602036592175700574e-02 -5.320735263503048706e+00 9.739937141785780517e-01 -2.259362661479813461e-01 -1.700142276494391244e-02 -2.578875623049004417e+01 1.293891839992133801e-02 -1.944954731954766369e-02 9.997271125129011393e-01 -1.196467452387639074e+00
-2.369169855267735103e-01 -9.714505854515521621e-01 -1.241378236877424893e-02 -5.097922705683722633e+00 9.714390229506196794e-01 -2.367007239794955975e-01 -1.670305219566797089e-02 -2.674579008370258038e+01 1.328783856034419265e-02 -1.601646939063551545e-02 9.997834295727862086e-01 -1.210302239563122884e+00
-2.455910038847700372e-01 -9.693099466408436893e-01 -1.110342973734828112e-02 -4.883979419940174260e+00 9.693039693132148304e-01 -2.454200414837799660e-01 -1.479250851219046474e-02 -2.769908430984627756e+01 1.161352144992812419e-02 -1.439550553277351916e-02 9.998289331348878539e-01 -1.230900539007078187e+00
-2.515377793345145996e-01 -9.678036839658596957e-01 -9.207326837574700620e-03 -4.644529553613724993e+00 9.678112692119418270e-01 -2.514346944485127966e-01 -1.104271752330127435e-02 -2.867982303596413374e+01 8.372141289990853857e-03 -1.168861531622572558e-02 9.998966364159154185e-01 -1.249136610846910855e+00
-2.579325146799087420e-01 -9.661200568011555356e-01 -9.102401624770557753e-03 -4.367046659820019272e+00 9.661406892862776097e-01 -2.578511964878286156e-01 -9.215691595733781563e-03 -2.963767361514157983e+01 6.556399338108960181e-03 -1.117122708758793576e-02 9.999161051341853845e-01 -1.287995929446328791e+00
-2.629012993103188589e-01 -9.647798160102051268e-01 -9.100188907807843161e-03 -4.119513909666871143e+00 9.648017975312999095e-01 -2.628217653415340638e-01 -9.067035871531833879e-03 -3.063679952964263009e+01 6.355965486240580664e-03 -1.116361412751443877e-02 9.999174843035715243e-01 -1.319925716454515729e+00
-2.678350646404723534e-01 -9.634161205757061364e-01 -9.682807535853125633e-03 -3.862188192311698742e+00 9.634236971169303221e-01 -2.677173126199047237e-01 -1.192561753085300338e-02 -3.163808278958730114e+01 8.897076964974524188e-03 -1.252274477679080761e-02 9.998820044777082527e-01 -1.347021033321698313e+00
-2.723874759049528804e-01 -9.621382364121766617e-01 -9.750743647030494371e-03 -3.612376198670678384e+00 9.621186840180977473e-01 -2.722326414936540595e-01 -1.473182829956813655e-02 -3.264698892918841722e+01 1.151958459976681198e-02 -1.339413817174104661e-02 9.998439359354549527e-01 -1.369465165765680226e+00
-2.755065471253911324e-01 -9.612297440801167436e-01 -1.155515402690434311e-02 -3.361812252316886518e+00 9.612116768145763102e-01 -2.752993650012591775e-01 -1.680392756451877870e-02 -3.365194672455326952e+01 1.297130842634189145e-02 -1.573654103938455090e-02 9.997920315882864450e-01 -1.380934310120421227e+00
-2.805025133859689324e-01 -9.597697332462644670e-01 -1.266487767033904442e-02 -3.077829572555387916e+00 9.597750863330908322e-01 -2.802868142592284673e-01 -1.646467136349353752e-02 -3.466013657544637283e+01 1.225249502738305976e-02 -1.677381575887189682e-02 9.997842344546605808e-01 -1.394362655902748660e+00
-2.851860518992500593e-01 -9.583528923629127672e-01 -1.512116065660638886e-02 -2.742604406954846752e+00 9.584220984163879242e-01 -2.849743899371110500e-01 -1.471999808057661112e-02 -3.567722377109318188e+01 9.797809202894629255e-03 -1.869039266345649472e-02 9.997773112801175976e-01 -1.427846842091201163e+00
-2.884259436637398033e-01 -9.573736065913844850e-01 -1.569243198879061163e-02 -2.455096315283469721e+00 9.574783395744609349e-01 -2.882643027353794518e-01 -1.178647575039215925e-02 -3.670603451534950068e+01 6.760492832733808882e-03 -1.842468911518136895e-02 9.998073947322305699e-01 -1.440002466708294016e+00
-2.922648431373631173e-01 -9.561555061756699114e-01 -1.865233158799276328e-02 -2.204723421631921809e+00 9.563265109783681828e-01 -2.921127553944209976e-01 -1.047580699610712283e-02 -3.773781877206258173e+01 4.567916566310624253e-03 -2.089942927751212848e-02 9.997711478071823477e-01 -1.474928845193852256e+00
-2.964808439028587816e-01 -9.548884677448075120e-01 -1.694471494118729438e-02 -1.877393520321509301e+00 9.550314102360876189e-01 -2.963620858768685751e-01 -9.193449493289689717e-03 -3.877810496299583320e+01 3.756947835424434556e-03 -1.890841667036979173e-02 9.998141612897598618e-01 -1.489539894773424411e+00
-3.002946233030564516e-01 -9.537264742575514154e-01 -1.513114382127463305e-02 -1.542978301643850081e+00 9.538401253884217779e-01 -3.001968512047287208e-01 -8.418178079299313762e-03 -3.980617202489438000e+01 3.486317569016685828e-03 -1.696062573485640837e-02 9.998500801410409311e-01 -1.520294867443774178e+00
-3.034690112811085916e-01 -9.527609531577337920e-01 -1.237438191699527859e-02 -1.218279760922856170e+00 9.528244852765893613e-01 -3.033608893670774465e-01 -9.882866802229823069e-03 -4.086589011583286180e+01 5.662106090767527258e-03 -1.478975789764297617e-02 9.998745939414072081e-01 -1.535364519895188407e+00
-3.076233653102306564e-01 -9.514608511967904692e-01 -9.492826389929678171e-03 -8.967584859694246457e-01 9.514710271958586318e-01 -3.075078438449552753e-01 -1.190841622976435490e-02 -4.190783866804635949e+01 8.411273267273228216e-03 -1.269545635219469608e-02 9.998840312074060988e-01 -1.578934700878707575e+00
-3.100680249752312823e-01 -9.506783085993825155e-01 -8.280908425381332608e-03 -5.821552666142043586e-01 9.506206951834553776e-01 -3.099034395496570449e-01 -1.673774299699934409e-02 -4.294607725737571968e+01 1.334592719860642866e-02 -1.306184183757305890e-02 9.998256220504415648e-01 -1.581231530314241462e+00
-3.132064862883667811e-01 -9.496389143214034601e-01 -9.361055022000869946e-03 -2.317466524921619198e-01 9.496133105518375084e-01 -3.130464550380418487e-01 -1.537782193009562884e-02 -4.398238825763550608e+01 1.167293303233814424e-02 -1.370581602305838073e-02 9.998379334847672384e-01 -1.576743242513797272e+00
-3.161105764853748279e-01 -9.486189259648581951e-01 -1.400845220281933534e-02 9.668948825907563993e-02 9.487188701653642697e-01 -3.160349440453575909e-01 -7.376959456496403819e-03 -4.501114774457516887e+01 2.570762948479363499e-03 -1.562201785299453458e-02 9.998746640102349481e-01 -1.570341111941460088e+00
-3.193695789246705496e-01 -9.474732494780621073e-01 -1.724858193324981318e-02 4.397939707950462296e-01 9.476101908457350564e-01 -3.194283157313699828e-01 6.908767994728767792e-04 -4.607244564721140279e+01 -6.164272761842740089e-03 -1.612428698491374587e-02 9.998509934505517283e-01 -1.616428960946018289e+00
-3.220132691725199892e-01 -9.466351742314490503e-01 -1.375868388905070183e-02 7.451392383977551992e-01 9.467136972423668695e-01 -3.220698107147973999e-01 2.052431788218210713e-03 -4.712363384307034408e+01 -6.374160839234663777e-03 -1.236462422376148791e-02 9.999032383860473328e-01 -1.651220595338720898e+00
-3.238956558454560430e-01 -9.460265649900384544e-01 -1.119564447999220683e-02 1.116724097947717986e+00 9.460908667914829095e-01 -3.238962927354097077e-01 -1.806466833500726833e-03 -4.816784465550009031e+01 -1.917262128543270952e-03 -1.117720375000738967e-02 9.999356950403156530e-01 -1.667696506186606697e+00
-3.253111332029522962e-01 -9.455641328090548248e-01 -9.007627712030842962e-03 1.466448361380477738e+00 9.456065781605103027e-01 -3.253055901895820501e-01 -2.114787790675733570e-03 -4.920931389566316483e+01 -9.305641656574905902e-04 -9.205636030618673943e-03 9.999571942383824741e-01 -1.649647212110559424e+00
-3.271704214397995747e-01 -9.449078500118626156e-01 -1.042450567586163286e-02 1.809397419919808403e+00 9.449574290669982002e-01 -3.271929425833685623e-01 4.853567207142744401e-04 -5.025348729849667961e+01 -3.869442062478413782e-03 -9.691919719724358465e-03 9.999455455692368711e-01 -1.646942606813516008e+00
-3.278040431229417018e-01 -9.446837400975421906e-01 -1.082314673710095196e-02 2.164161743913870950e+00 9.447137774344643857e-01 -3.278656747340012445e-01 4.469681547969799398e-03 -5.129929350162848323e+01 -7.770973789450268641e-03 -8.759596154662973103e-03 9.999314383671776829e-01 -1.669741750280632209e+00
-3.287823554754118471e-01 -9.443770522110878085e-01 -7.358395399395044160e-03 2.519274450620341721e+00 9.443837217074023682e-01 -3.288178971138152051e-01 4.263415079250498958e-03 -5.232656060431357048e+01 -6.445843466217817536e-03 -5.547413180760209055e-03 9.999638379973994073e-01 -1.696327246747048267e+00
-3.309621313982814561e-01 -9.436188676436725320e-01 -6.892039240500736491e-03 2.874359231593354380e+00 9.436385060375050982e-01 -3.309763695215323098e-01 1.006348879223861476e-03 -5.338784767444450807e+01 -3.230711916242231217e-03 -6.170530242272927873e-03 9.999757432310631966e-01 -1.694775034081233756e+00
-3.322376131186751125e-01 -9.431120824245498024e-01 -1.256058962576018026e-02 3.200998812846618247e+00 9.431801072882961545e-01 -3.322792781467391876e-01 1.329107344629424335e-03 -5.442181183413131151e+01 -5.427120849458918692e-03 -1.140531881890485127e-02 9.999202293460174307e-01 -1.677783383574817044e+00
-3.308880590247706976e-01 -9.435778008379240855e-01 -1.319189745268536593e-02 3.548816476636068806e+00 9.435583841212409340e-01 -3.310316023299018640e-01 1.075425542820399906e-02 -5.545408681711878529e+01 -1.451441163810145152e-02 -8.888870738871786775e-03 9.998551494217807756e-01 -1.649702943977194636e+00
-3.297429559537397581e-01 -9.439593105916925797e-01 -1.450527296761449855e-02 3.914326368230713449e+00 9.438210773113088203e-01 -3.299701762632467061e-01 1.792921627172925497e-02 -5.650010749708084745e+01 -2.171075810916849036e-02 -7.778349587423290940e-03 9.997340347579855013e-01 -1.686736608687301686e+00
-3.298011549518127250e-01 -9.439782210091878234e-01 -1.167546360952595105e-02 4.287851744564764367e+00 9.437803348705630091e-01 -3.299773979179126404e-01 1.983926337651489846e-02 -5.756920842700077401e+01 -2.258047164964114770e-02 -4.476060979991961300e-03 9.997350084755658450e-01 -1.688572452032241600e+00
-3.295540210319599095e-01 -9.440095976031211977e-01 -1.549280002384321314e-02 4.618289432377145509e+00 9.438997744985603289e-01 -3.297945650229867631e-01 1.699295675426430730e-02 -5.863634111886491240e+01 -2.115095551251487335e-02 -9.023553221078872352e-03 9.997355713195482663e-01 -1.677853887983659531e+00
-3.278025919878841954e-01 -9.446148454819197626e-01 -1.575609021667278078e-02 4.977060211108983445e+00 9.444355674052857808e-01 -3.280768887920337273e-01 2.017458938300237259e-02 -5.968890523816801164e+01 -2.422642569048699332e-02 -8.267329311638841813e-03 9.996723120891966019e-01 -1.650279266812381129e+00
-3.253796409624638564e-01 -9.454617973804489983e-01 -1.516835320645195002e-02 5.336468600902412263e+00 9.451288499500520857e-01 -3.256787223937144260e-01 2.578423488210231443e-02 -6.075769782966132482e+01 -2.931801894880458823e-02 -5.946383133012107802e-03 9.995524469911485355e-01 -1.637332562852488183e+00
-3.226366553916980018e-01 -9.464460157663996398e-01 -1.206349183686282987e-02 5.699553637606853407e+00 9.460494512710667658e-01 -3.228521442892529625e-01 2.751233675824392086e-02 -6.184546142228227694e+01 -2.993366571641037713e-02 -2.536171518762604313e-03 9.995486698926880909e-01 -1.640833502730925764e+00
-3.202445692530461741e-01 -9.472641316186356519e-01 -1.157932685690485006e-02 6.050078721331153098e+00 9.469588508600230714e-01 -3.204379002045770752e-01 2.425874866293343049e-02 -6.293658023877425478e+01 -2.668989767014900982e-02 -3.196413537746526073e-03 9.996386508615415778e-01 -1.630383077099789801e+00
-3.185009239492833100e-01 -9.478246369746988753e-01 -1.362420584745720371e-02 6.377562775240755322e+00 9.475629517320773854e-01 -3.187430666270594792e-01 2.296323100758800029e-02 -6.398911351281576287e+01 -2.610773724569820028e-02 -5.595982414832386537e-03 9.996434719589513129e-01 -1.599034176933227691e+00
-3.161104434986718448e-01 -9.486088318945304909e-01 -1.467894957120581025e-02 6.739430785037609617e+00 9.482284462168665273e-01 -3.164072550597686884e-01 2.737266386406874558e-02 -6.505939557990350863e+01 -3.061047683491820853e-02 -5.266212629972863088e-03 9.995175164577629889e-01 -1.569976107282222255e+00
-3.130788215886745607e-01 -9.496489874164660838e-01 -1.218409493070323445e-02 7.083237008520713474e+00 9.490664570797767707e-01 -3.133137235447466251e-01 3.327717958118934366e-02 -6.617125972883012253e+01 -3.541908404412023176e-02 -1.145135639294534227e-03 9.993718913113674995e-01 -1.556461292103531679e+00
-3.108012880487172058e-01 -9.504266007090554913e-01 -9.583110645564670016e-03 7.426085371703935678e+00 9.497772612188044583e-01 -3.109436064121808285e-01 3.517424767347458042e-02 -6.727719812636452446e+01 -3.641034763358601961e-02 1.830380900412515756e-03 9.993352471940402104e-01 -1.542341749967288678e+00
-3.078906101220155733e-01 -9.513625877834112066e-01 -1.061125640574531875e-02 7.775888619718215544e+00 9.508599188150935744e-01 -3.080728882464880414e-01 3.092750094514226666e-02 -6.838002996010348511e+01 -3.269230774168457171e-02 -5.675312687017798185e-04 9.994653025073892971e-01 -1.531984454829184550e+00
-3.055427846232308675e-01 -9.520703805143515552e-01 -1.433866485103959046e-02 8.138175528884088905e+00 9.517030857949008160e-01 -3.058313783552078502e-01 2.698896993401753153e-02 -6.946771602566752790e+01 -3.008061250992663180e-02 -5.399866556940077084e-03 9.995328899969181391e-01 -1.495561553567782642e+00
-3.029704014192735606e-01 -9.528026163213051403e-01 -1.939356060392863346e-02 8.435184860950226238e+00 9.524920588324434778e-01 -3.034105300423593499e-01 2.647504705980209191e-02 -7.056640345120395352e+01 -3.110970460804387064e-02 -1.045105683222565321e-02 9.994613357622583738e-01 -1.470574367783563208e+00
-3.001393692829247284e-01 -9.536839177064667661e-01 -2.008342879784138016e-02 8.772004127642414772e+00 9.532816965225185957e-01 -3.006348829051618265e-01 2.954106044147891685e-02 -7.164814872939085433e+01 -3.421061351999959976e-02 -1.027872982733827462e-02 9.993617871567355149e-01 -1.446004702018585553e+00
-2.980266216934678858e-01 -9.543940357759839177e-01 -1.766797201144284374e-02 9.111496722871768483e+00 9.538030807637517539e-01 -2.984758085960283469e-01 3.423265699256466954e-02 -7.273699614190535101e+01 -3.794490589483712206e-02 -6.649523020054629030e-03 9.992577084784567409e-01 -1.412468010835223664e+00
-2.963630945672006134e-01 -9.549048340277030977e-01 -1.804644360725338875e-02 9.441028526270232035e+00 9.541050037108715909e-01 -2.968606720765377682e-01 3.946369552363111766e-02 -7.380765990600843907e+01 -4.304135300196403058e-02 -5.522619216195208749e-03 9.990580276451050956e-01 -1.375251766129602427e+00
-2.953929424686044247e-01 -9.552609614421965212e-01 -1.481570390037020325e-02 9.763513635009129388e+00 9.542041192966940200e-01 -2.957629916593151331e-01 4.493051833866761047e-02 -7.488431481127794598e+01 -4.730230705542381314e-02 -8.650476730606105821e-04 9.988802447907002557e-01 -1.340101428857176424e+00
-2.958782040056820994e-01 -9.551690176170340996e-01 -1.040366169539297912e-02 1.009525848513701440e+01 9.541344670137492656e-01 -2.960431181818499180e-01 4.456333728280024997e-02 -7.599008907157414683e+01 -4.564545154297855456e-02 3.258827993282766965e-03 9.989523876476378295e-01 -1.333933870800539268e+00
-2.969606465897132730e-01 -9.548049541618983671e-01 -1.272296674140879942e-02 1.042069419664577801e+01 9.540851310558242648e-01 -2.972309403730361010e-01 3.708545239545243261e-02 -7.706418801055595225e+01 -3.919103304339695282e-02 -1.125873468217670256e-03 9.992311020636246433e-01 -1.300176809042055792e+00
-3.002588171136186812e-01 -9.537181357877796417e-01 -1.632054572606224038e-02 1.074924268237844416e+01 9.532093018949823193e-01 -3.006415699013748610e-01 3.172811410003006233e-02 -7.814355262810205716e+01 -3.516631232026137116e-02 -6.030249988933888451e-03 9.993632805722943990e-01 -1.246617612584028922e+00
-3.050124631356484484e-01 -9.521169370494753093e-01 -2.099370175136704847e-02 1.108789612156105520e+01 9.516626178403316816e-01 -3.055551694055708145e-01 3.121378303013115987e-02 -7.920195634334660895e+01 -3.613390558745154663e-02 -1.045832832085174038e-02 9.992922316465178145e-01 -1.200069887159009863e+00
-3.112307478295043839e-01 -9.500227714404548829e-01 -2.433424229038964881e-02 1.141600383305899236e+01 9.495640520994748091e-01 -3.119072852323560019e-01 3.227934905860632003e-02 -8.027773695188909642e+01 -3.825614410392195325e-02 -1.306059576687188320e-02 9.991826100717805526e-01 -1.176788927583446442e+00
-3.182844261474279679e-01 -9.476026528555102635e-01 -2.728069593961610431e-02 1.174854880129942636e+01 9.472491189451304194e-01 -3.190437287183400805e-01 3.049927571962063669e-02 -8.133828362815155799e+01 -3.760492953667556731e-02 -1.613417072249173634e-02 9.991624281381751294e-01 -1.158420418984330791e+00
-3.263054368605369793e-01 -9.449118656276710437e-01 -2.581333122667740093e-02 1.208568775334127388e+01 9.445596851884642264e-01 -3.269948415265302999e-01 2.968795594122467310e-02 -8.238126733871820306e+01 -3.649332798881534112e-02 -1.469489058404321521e-02 9.992258489432476187e-01 -1.121250974775217513e+00
-3.345015115478457979e-01 -9.420462580855788470e-01 -2.564344744524095845e-02 1.245664911871782898e+01 9.416849834522663665e-01 -3.351818812859603813e-01 2.970687453065296718e-02 -8.342608498841516962e+01 -3.658046894835292190e-02 -1.421105494906702189e-02 9.992296608898668664e-01 -1.093332723879486990e+00
-3.418045183557505973e-01 -9.395346496085356103e-01 -2.107874318486377754e-02 1.282088828654845258e+01 9.390216556738657516e-01 -3.423416010952596844e-01 3.225768639139561106e-02 -8.445789241967040084e+01 -3.752334477188598583e-02 -8.767573364468993907e-03 9.992572883135510953e-01 -1.060952005710916524e+00
-3.492465927343105236e-01 -9.368247622075889236e-01 -1.965152349935456524e-02 1.321767590970057782e+01 9.362829911409005224e-01 -3.497288312730653659e-01 3.261755773987232154e-02 -8.550640062231123295e+01 -3.742964011959327292e-02 -7.007816298253303176e-03 9.992746932373326452e-01 -1.031529629486142241e+00
-3.571106276437978622e-01 -9.338749537960407965e-01 -1.869679902961734683e-02 1.358432228120324226e+01 9.333284557658526603e-01 -3.575518360033405063e-01 3.247580983856619002e-02 -8.654809565310506514e+01 -3.701342023288361344e-02 -5.852797731147248508e-03 9.992976290748887269e-01 -1.001888135939847491e+00
-3.652128529620929931e-01 -9.307504355149034403e-01 -1.797773116234601537e-02 1.397757895419369945e+01 9.302237434971299956e-01 -3.656189857618151740e-01 3.172608203043441460e-02 -8.757246094373972767e+01 -3.610206450085891305e-02 -5.136539449535380136e-03 9.993349072731144700e-01 -9.788628193522356247e-01
-3.728292715719541128e-01 -9.277286343572453964e-01 -1.783017808066402268e-02 1.438672100894708805e+01 9.272099570314178418e-01 -3.732241489647767363e-01 3.139156268236460018e-02 -8.855778613154718926e+01 -3.577750461766886908e-02 -4.828625203418839516e-03 9.993481147904743622e-01 -9.488069842734973003e-01
-3.808605836533796585e-01 -9.244789847987668896e-01 -1.684703185286232432e-02 1.477775315659144617e+01 9.239696920944671099e-01 -3.812141530489468466e-01 3.091565303157771741e-02 -8.959619593503944657e+01 -3.500319850817101147e-02 -3.791593175912736421e-03 9.993800077591490361e-01 -9.233789256933595535e-01
-3.888010806794162111e-01 -9.211923699517459152e-01 -1.543817355736491065e-02 1.519605839773248945e+01 9.207159822691471929e-01 -3.890984314092540419e-01 2.974038778109991399e-02 -9.060517605085745174e+01 -3.340358741831463141e-02 -2.651078221938753688e-03 9.994384283812245418e-01 -8.976421983603578569e-01
-3.972702597802003077e-01 -9.175192229264557131e-01 -1.829798492098299798e-02 1.563670451298546915e+01 9.171259864296517073e-01 -3.976482571842183122e-01 2.749160908640292320e-02 -9.165018842465377702e+01 -3.250024161972638742e-02 -5.859958786559281430e-03 9.994545488269859224e-01 -8.715760542912748265e-01
-4.061491842742886438e-01 -9.135493689311984244e-01 -2.168849087144982327e-02 1.603473413823224902e+01 9.130899907199311327e-01 -4.066561632627839207e-01 2.995719819761471711e-02 -9.263274016249653187e+01 -3.618713799308712759e-02 -7.636452317202219522e-03 9.993158537885514781e-01 -8.262105375783344030e-01
-4.140956428370466402e-01 -9.099380372003940121e-01 -2.318549194623821530e-02 1.646439884581786117e+01 9.093371745162811548e-01 -4.146837546817336295e-01 3.381252197342283355e-02 -9.361267268435773303e+01 -4.038194673167375820e-02 -7.081811713396554860e-03 9.991592197013812182e-01 -8.083697710847518314e-01
-4.226158821801449528e-01 -9.060317439743321710e-01 -2.241193961766271836e-02 1.688407700785670684e+01 9.054321584875836271e-01 -4.231653944567677628e-01 3.352096817182622507e-02 -9.461931696782065160e+01 -3.985501852124780781e-02 -6.125997328200478292e-03 9.991866940910762995e-01 -8.030309052766810840e-01
-4.328906915805638134e-01 -9.010982711231058095e-01 -2.505104627198820669e-02 1.737174775906336777e+01 9.007199323464806229e-01 -4.334902357486893343e-01 2.810371827237022682e-02 -9.562369102585478231e+01 -3.618359590151862953e-02 -1.039813866417798639e-02 9.992910617498752535e-01 -7.750088671007753227e-01
-4.428508536418421793e-01 -8.961264291925884473e-01 -2.899214253338997654e-02 1.786169405959396883e+01 8.959054568109257044e-01 -4.435469275722405680e-01 2.489046994511572020e-02 -9.660657066689614680e+01 -3.516438369721761048e-02 -1.495145283735979311e-02 9.992696934113796114e-01 -7.353099610324160817e-01
-4.516118566498600329e-01 -8.916675498203532335e-01 -3.123638148144352450e-02 1.832870286632106627e+01 8.914110887512500803e-01 -4.524139916402175055e-01 2.660546966227892926e-02 -9.759580476583215614e+01 -3.785500997595808020e-02 -1.582911127359904607e-02 9.991578641281988471e-01 -6.960449609590949605e-01
-4.612242995077509011e-01 -8.866646033216428746e-01 -3.313648680007747621e-02 1.878863121469660413e+01 8.863896423036502492e-01 -4.621141789862215910e-01 2.763851647958071728e-02 -9.855385562082415163e+01 -3.981893464283146888e-02 -1.662428327899427918e-02 9.990686090767624261e-01 -6.791270210405783159e-01
-4.722056764726551004e-01 -8.808444781491862052e-01 -3.368685824549402102e-02 1.928993196268297794e+01 8.805680247827090135e-01 -4.731139575276452347e-01 2.762493292891670185e-02 -9.952733532310026021e+01 -4.027099245083517326e-02 -1.661892008496030498e-02 9.990505786272446676e-01 -6.491310683836228890e-01
-4.804436126876372448e-01 -8.763385070362799123e-01 -3.470959680568695693e-02 1.976728565372653890e+01 8.761235250765063709e-01 -4.813679863340065701e-01 2.631407488014083154e-02 -1.004819370197393340e+02 -3.976812581527774254e-02 -1.776746510724108719e-02 9.990509563310530083e-01 -6.200179130146926676e-01
-4.891646885520211652e-01 -8.714962460936501731e-01 -3.481667008478269570e-02 2.029669342745365057e+01 8.713015674590557369e-01 -4.900788676219137718e-01 2.561800246648879287e-02 -1.014448695946979484e+02 -3.938890723143176342e-02 -1.780439702053707857e-02 9.990653219019405284e-01 -5.852968068750546982e-01
-4.991938645347220871e-01 -8.657680634942238607e-01 -3.537153999523148101e-02 2.080519178730669694e+01 8.656516129374548507e-01 -5.000906369936810592e-01 2.359321526665833849e-02 -1.024073622915977353e+02 -3.811522826062788138e-02 -1.884184234300177382e-02 9.990956982916757712e-01 -5.644697747353826234e-01
-5.085332374615559869e-01 -8.603207893796857020e-01 -3.524323701417501897e-02 2.135688343549090717e+01 8.602398215256408243e-01 -5.094002861520802172e-01 2.233378441543694762e-02 -1.032904217251198418e+02 -3.716713405801490983e-02 -1.896016422532031259e-02 9.991291789911967980e-01 -5.181137449274036966e-01
-5.177937428203285286e-01 -8.546895669342013946e-01 -3.735483994302330607e-02 2.189148405826280097e+01 8.546696439712526683e-01 -5.187241714411827687e-01 2.156463849302011140e-02 -1.042260682039266300e+02 -3.780792993339807812e-02 -2.076001287665758810e-02 9.990693580991576450e-01 -5.027538940806075551e-01
-5.280131895309622125e-01 -8.484276780913633242e-01 -3.704789774106147932e-02 2.242189241374537900e+01 8.483661549457809370e-01 -5.289442772136462301e-01 2.219952121314637539e-02 -1.051129083766688552e+02 -3.843096173048390907e-02 -1.970854255340868597e-02 9.990668819073282858e-01 -4.720838358697059256e-01
-5.375586219829887602e-01 -8.424561174600818658e-01 -3.603356883515695247e-02 2.299581862018130352e+01 8.423688427201903028e-01 -5.384481308111621622e-01 2.209848947062861488e-02 -1.060209525823632504e+02 -3.801921542684480460e-02 -1.847432213082030733e-02 9.991062199152125345e-01 -4.419643480536950553e-01
-5.479969308007865969e-01 -8.357368931643598398e-01 -3.525917233898563652e-02 2.359890594542710573e+01 8.356460190503099961e-01 -5.488459678299403288e-01 2.153681589468671442e-02 -1.068705776083654229e+02 -3.735096617168939120e-02 -1.766207799037588719e-02 9.991461135991194231e-01 -4.149770036673251505e-01
-5.584233061350493132e-01 -8.288618834700913762e-01 -3.393212773622255457e-02 2.412803776232389552e+01 8.287569376831595003e-01 -5.592134869968743427e-01 2.102888964140513933e-02 -1.077185000219120923e+02 -3.640534854799037240e-02 -1.637846419364089381e-02 9.992028805507258138e-01 -3.862091007121210562e-01
-5.713891102041223080e-01 -8.199679300759686873e-01 -3.416252894800486661e-02 2.473866155431377223e+01 8.200078752700113993e-01 -5.721102677817753168e-01 1.664109343110549769e-02 -1.086424068278148241e+02 -3.318989651937465785e-02 -1.850500320788937489e-02 9.992777369772675167e-01 -3.644007788296559913e-01
-5.828255464427495314e-01 -8.117205232323178032e-01 -3.773823756052191447e-02 2.530711532271800834e+01 8.120018747874111487e-01 -5.835476212631970361e-01 1.118610998424445988e-02 -1.094404609878094163e+02 -3.110205380836948696e-02 -2.412396898601610121e-02 9.992250479058012447e-01 -3.444527816467271020e-01
-5.949301212987402332e-01 -8.028605875195163888e-01 -3.838004398450174659e-02 2.589999118900287201e+01 8.031671423027232359e-01 -5.956606836813032047e-01 1.053050038775354275e-02 -1.102722714491629148e+02 -3.131600696762774916e-02 -2.456067837530005391e-02 9.992077265405953090e-01 -3.097859317017154224e-01
-6.101012208440342866e-01 -7.911468677892858903e-01 -4.316403489872918525e-02 2.660352673110904931e+01 7.915863797227973286e-01 -6.109778138645842738e-01 9.854663843475996998e-03 -1.111472182523928751e+02 -3.416875411280063252e-02 -2.815571967765514994e-02 9.990193950494036246e-01 -2.864216533192982528e-01
-6.234682893971613682e-01 -7.805738673774988978e-01 -4.462879877818100305e-02 2.717112683912714388e+01 7.810787815901648612e-01 -6.243713154899168671e-01 8.740557185317696445e-03 -1.119566367079793991e+02 -3.468759232696221745e-02 -2.940914753664599160e-02 9.989654012891432400e-01 -2.670248834129189119e-01
-6.326934573433787845e-01 -7.732383269475986420e-01 -4.244383077667077120e-02 2.756765531542445657e+01 7.736701591196738503e-01 -6.335279413383529956e-01 8.765410899999707961e-03 -1.125521110229202577e+02 -3.366710439369499652e-02 -2.729170718312948565e-02 9.990604029756242621e-01 -2.372854026444686792e-01
-6.457137395306036254e-01 -7.623474034081852979e-01 -4.336130873250931134e-02 2.803301854231435541e+01 7.629301479338229663e-01 -6.464650485116441025e-01 4.531051033477790334e-03 -1.133137626497353949e+02 -3.148580554327762293e-02 -3.015588777893108210e-02 9.990491812091065738e-01 -2.252520717039869780e-01
-6.623852664906837440e-01 -7.478809874878032948e-01 -4.381537729008891380e-02 2.874930450514411007e+01 7.485194810995009496e-01 -6.631074104291616589e-01 2.673695096598741397e-03 -1.140824193437255332e+02 -3.105390710079607847e-02 -3.102564723414988346e-02 9.990360674472649194e-01 -2.044081730993293211e-01
-6.783579174961247293e-01 -7.333648866485515949e-01 -4.479373614647849666e-02 2.941412026091925469e+01 7.340427269377113317e-01 -6.791006442913264385e-01 1.894716339110438796e-03 -1.148511969149845555e+02 -3.180897351045497423e-02 -3.159522040051651603e-02 9.989944600672523434e-01 -1.785009669267480226e-01
-6.939124838929794370e-01 -7.185544907577986473e-01 -4.652857730367293554e-02 3.005919157947607800e+01 7.193025157570382966e-01 -6.946963290326213514e-01 9.493425593764730306e-04 -1.155094822245866197e+02 -3.300538620718315719e-02 -3.280936205556338886e-02 9.989165081406032876e-01 -1.578999582138940483e-01
-7.100750396860006086e-01 -7.025598265278027998e-01 -4.693749205825064469e-02 3.071694247484773399e+01 7.033222974742527889e-01 -7.108710163616722699e-01 3.794332760289968439e-04 -1.162228401513047800e+02 -3.363307726140579712e-02 -3.274275865343178465e-02 9.988977564609271553e-01 -1.327127922161136786e-01
-7.271641564459581097e-01 -6.849171198991031995e-01 -4.605245320135919335e-02 3.139097533598060963e+01 6.856371859155577786e-01 -7.279434051141211448e-01 2.196311838781929708e-04 -1.169336128174640095e+02 -3.367400875506032509e-02 -3.141556649280596858e-02 9.989389987928544157e-01 -1.151173546193012681e-01
-7.432086865560685318e-01 -6.677420974789698427e-01 -4.196831517270890183e-02 3.214181980011216666e+01 6.682813524307004149e-01 -7.439069821060673160e-01 1.560757665472993841e-03 -1.176009839567403219e+02 -3.226270628130409324e-02 -2.688667376811884613e-02 9.991177230687342536e-01 -8.440378032722670176e-02
-7.590313179405325794e-01 -6.496955234747386898e-01 -4.203790145486683422e-02 3.293791476360614467e+01 6.502755558420998394e-01 -7.596984104730126752e-01 -1.630838149102766931e-04 -1.182497113679326475e+02 -3.183017209028097400e-02 -2.746000545782005184e-02 9.991160033939526786e-01 -5.826603561562807010e-02
-7.763956859563334589e-01 -6.289986762811057286e-01 -3.962832397830399339e-02 3.375406768593639839e+01 6.294477620575201771e-01 -7.770414457904356587e-01 1.451331130752522890e-03 -1.188808302543366437e+02 -3.170573551833699016e-02 -2.381715261326186259e-02 9.992134354428842125e-01 -3.058241118667606728e-02
-7.912915153599683338e-01 -6.100699466185439679e-01 -4.089496238453036586e-02 3.443563353653084391e+01 6.105282741796044244e-01 -7.919928565442190260e-01 1.594242018435087279e-03 -1.195183988494687668e+02 -3.336111722017351400e-02 -2.370602062448735198e-02 9.991621792466383045e-01 -1.779612998527287451e-02
-8.066255258484441582e-01 -5.896146035061631263e-01 -4.135069985128977249e-02 3.519792688149866677e+01 5.901340734070934513e-01 -8.073051339574109919e-01 -4.428175935836397865e-04 -1.201144046654243311e+02 -3.312154056270658065e-02 -2.475964491559919448e-02 9.991445959055722525e-01 1.587708164683187401e-03
-8.217633439774106874e-01 -5.683424072342015965e-01 -4.113288988677889918e-02 3.604366133046405452e+01 5.688151853074095987e-01 -8.224653307761978782e-01 2.542290518590800946e-04 -1.206634048021227130e+02 -3.397486503772866040e-02 -2.318809626722272837e-02 9.991536522127407727e-01 3.107114931391627075e-02
-8.370410749114515214e-01 -5.451887486552881024e-01 -4.616781613682904156e-02 3.694739137729104073e+01 5.458045642875813952e-01 -8.379120500399283022e-01 -8.797717291596800129e-04 -1.212066213071519769e+02 -3.820492781685755346e-02 -2.593500984437391993e-02 9.989333104605897518e-01 6.150170644519700747e-02
-8.511033556192648675e-01 -5.227490145256505905e-01 -4.854426703652706815e-02 3.779742766489074768e+01 5.234977741004217533e-01 -8.520208529067716530e-01 -3.247571636912417216e-03 -1.216603889338229010e+02 -3.966306293130354016e-02 -2.817683485661006890e-02 9.988157524835235002e-01 7.766658068587542485e-02
-8.632574375953978585e-01 -5.025616842356313008e-01 -4.709936273931283196e-02 3.859945059785950150e+01 5.033159544792596973e-01 -8.640882181635745063e-01 -4.959959191972174164e-03 -1.222699315065547978e+02 -3.820531898069561005e-02 -2.798758237500361540e-02 9.988778948536345403e-01 9.397603375509153145e-02
-8.760239165680084872e-01 -4.801657694666676135e-01 -4.497701000793245113e-02 3.940862504461730254e+01 4.811670384732738004e-01 -8.765125228476821073e-01 -1.428560029361871687e-02 -1.227881014257084189e+02 -3.256345625480407124e-02 -3.415598222453438554e-02 9.988858744560594749e-01 1.214095827546567419e-01
-8.889204751594648179e-01 -4.560228030694704615e-01 -4.316934003208847126e-02 4.021931903697068833e+01 4.571747272807245577e-01 -8.891122851119589443e-01 -2.169362110223831824e-02 -1.232682836329429676e+02 -2.848960465880816251e-02 -3.901983523410917226e-02 9.988322155785230860e-01 1.510930361108138997e-01
-9.017767495520372378e-01 -4.301271175599249430e-01 -4.230078844152425355e-02 4.109700113729201121e+01 4.313493587121471906e-01 -9.018217372119706754e-01 -2.559853566881015868e-02 -1.237024834248037450e+02 -2.713714615665890548e-02 -4.133058225591285106e-02 9.987769311821629303e-01 1.687912212038023274e-01
-9.140018546364040430e-01 -4.032980103193989918e-01 -4.417379980715648718e-02 4.197658267768700568e+01 4.046376857179279640e-01 -9.140775894379403743e-01 -2.702783346826620123e-02 -1.241135937510982075e+02 -2.947800898291587715e-02 -4.257787404007212784e-02 9.986581855777358907e-01 1.943681860719978227e-01
-9.254960044588289581e-01 -3.760525275889723407e-01 -4.518453519092111709e-02 4.287003504810627419e+01 3.774518874965062665e-01 -9.256158602068884633e-01 -2.766499514997781267e-02 -1.244865244841810181e+02 -3.142003105678265601e-02 -4.265883056808186108e-02 9.985955166210820355e-01 2.101988450464610247e-01
-9.359389504444372010e-01 -3.495124843372548473e-01 -4.311965130954154013e-02 4.375613527709128192e+01 3.507482566034213489e-01 -9.361282745692225404e-01 -2.528861482174392036e-02 -1.248419224225780511e+02 -3.152683818850805092e-02 -3.879274213654717446e-02 9.987498093236973906e-01 2.258870787705245520e-01
-9.457951392343909580e-01 -3.221249174071331711e-01 -4.131697207808289474e-02 4.466498398382059776e+01 3.232626554184420686e-01 -9.459917893043867654e-01 -2.451102157031465403e-02 -1.251812956748016887e+02 -3.118990554575809884e-02 -3.653863916659526312e-02 9.988453922568030219e-01 2.509101322183531213e-01
-9.544218347360426957e-01 -2.955426169148495652e-01 -4.163559729164962447e-02 4.556037383276350994e+01 2.967740972022110402e-01 -9.545585857966256693e-01 -2.725878775181245217e-02 -1.254633365907348406e+02 -3.168748340329306801e-02 -3.837274901639080305e-02 9.987609501383322153e-01 2.707336250358293173e-01
-9.626056403388776328e-01 -2.678325690824355232e-01 -4.069516091722377021e-02 4.645582451784105160e+01 2.689871927024721221e-01 -9.627901207240858739e-01 -2.609738676769025184e-02 -1.257378691907124733e+02 -3.219116874792805894e-02 -3.606796879229434011e-02 9.988307315429180155e-01 2.986922400238067321e-01
-9.697680400795869460e-01 -2.407125611432946732e-01 -4.009253476155388851e-02 4.735285970670008737e+01 2.418243526460416848e-01 -9.699820910137862962e-01 -2.560713919631796634e-02 -1.259692421430716962e+02 -3.272508064243409565e-02 -3.452833645501476173e-02 9.988677905865737117e-01 3.174481567260364345e-01
-9.762474213118339517e-01 -2.131699602531696713e-01 -3.872389989672269522e-02 4.823842704684897598e+01 2.143545168759775632e-01 -9.763097354474613576e-01 -2.952018908068729935e-02 -1.261795962749362445e+02 -3.151370293054066296e-02 -3.711965132049304533e-02 9.988138054743463945e-01 3.328800738234585221e-01
-9.823699627716283578e-01 -1.834671002095065173e-01 -3.590375161904670737e-02 4.918174636401884925e+01 1.846169208741618439e-01 -9.822944598222553836e-01 -3.184629848883888115e-02 -1.263902466620115064e+02 -2.942530826593800497e-02 -3.791328713255801702e-02 9.988477030483382535e-01 3.567492206084102446e-01
-9.873902487629714342e-01 -1.544675448059365519e-01 -3.464497431013344869e-02 5.010596543940681613e+01 1.556052740049508054e-01 -9.872690908795894726e-01 -3.296575334539236790e-02 -1.265432245486146741e+02 -2.911177330863773741e-02 -3.794100411671396528e-02 9.988558378735704624e-01 3.816415682067768600e-01
-9.915505476831849574e-01 -1.257009973631009747e-01 -3.204326210948262726e-02 5.099703804057375578e+01 1.267944255221362115e-01 -9.913205807058085295e-01 -3.473729873787965300e-02 -1.266721536486719515e+02 -2.739863210489076190e-02 -3.850669459953585255e-02 9.988826504762495784e-01 3.959760850920224229e-01
-9.948310300512114290e-01 -9.704796137293497660e-02 -2.988168061068647782e-02 5.190587437609571708e+01 9.808603550288606809e-02 -9.945449504884782410e-01 -3.548902781403431850e-02 -1.267746067834005999e+02 -2.627453676286650025e-02 -3.823656168094748814e-02 9.989232273109693860e-01 4.134333229893462081e-01
-9.973058568594246331e-01 -6.821485543522708139e-02 -2.697705260692940740e-02 5.281527371237626767e+01 6.913119576340208405e-02 -9.970062155208616606e-01 -3.463356728767180703e-02 -1.268530608579864492e+02 -2.453376533966097894e-02 -3.640521540474193907e-02 9.990359125888462755e-01 4.296245826717087768e-01
-9.989423076003204338e-01 -3.949868110824112516e-02 -2.353975939507641640e-02 5.372065787129758263e+01 4.030549344302311598e-02 -9.985795732571228767e-01 -3.484685164977546767e-02 -1.269021563674395026e+02 -2.212991821021762298e-02 -3.575877601750264423e-02 9.991153970640055393e-01 4.477084096907769650e-01
-9.997361345167236069e-01 -1.083704239957956027e-02 -2.025388479081380311e-02 5.464862033235477412e+01 1.156314453662153283e-02 -9.992818753772667595e-01 -3.608361440965941747e-02 -1.269314552270916039e+02 -1.984830031799328376e-02 -3.630829178649484096e-02 9.991435096694816220e-01 4.531539049236160688e-01
-9.997114579165939929e-01 1.735237212647173025e-02 -1.661012002981180138e-02 5.554126386412741567e+01 -1.672869823102894615e-02 -9.991760618287075513e-01 -3.697767058504103366e-02 -1.269385014938724794e+02 -1.723808461808559733e-02 -3.668913528530039214e-02 9.991780400826084652e-01 4.646288573706200409e-01
-9.989421872065096242e-01 4.391146169743020966e-02 -1.364881482866541450e-02 5.640963410042268578e+01 -4.339449177784453909e-02 -9.984052559818497041e-01 -3.610904192943000662e-02 -1.269081123952888532e+02 -1.521264927430690701e-02 -3.547856193998166069e-02 9.992546456921400644e-01 4.875521529156430223e-01
-9.974934393771385244e-01 6.979545218670590856e-02 -1.163757918110106503e-02 5.733196906997567055e+01 -6.932604641738256135e-02 -9.969161128525803051e-01 -3.677177206652259417e-02 -1.268680067312944431e+02 -1.416819265915294015e-02 -3.587281403606129571e-02 9.992559249373974550e-01 4.868881076974012068e-01
-9.955517849166383160e-01 9.384174369803133242e-02 -8.388723657687570043e-03 5.824174160587586613e+01 -9.346356569430616656e-02 -9.949090229305753708e-01 -3.769082085712065211e-02 -1.268028710804329506e+02 -1.188298920836647170e-02 -3.673912395454242974e-02 9.992542375847621727e-01 4.834636030592163181e-01
-9.931007324713574391e-01 1.171726982153576402e-01 -4.636157180808881881e-03 5.911760232488754951e+01 -1.168929119761451113e-01 -9.923252219608343916e-01 -4.033238138196069966e-02 -1.267247284658700863e+02 -9.326429655278418995e-03 -3.951218357944516479e-02 9.991755626771696708e-01 4.981375878099359444e-01
-9.900907711489599361e-01 1.404066776228280744e-01 -2.495948761740567762e-03 6.000520249553806451e+01 -1.401814559638123736e-01 -9.892449030341469163e-01 -4.175740919428801157e-02 -1.266125862614549789e+02 -8.332123681701397028e-03 -4.099373973888176953e-02 9.991246613960311773e-01 5.120668759434244821e-01
-9.867687875586490520e-01 1.621087056653141567e-01 -2.850867099755397503e-03 6.087002557942554404e+01 -1.618481309195786699e-01 -9.859213312333365842e-01 -4.200370382103672112e-02 -1.264871964580587331e+02 -9.619896745548568370e-03 -4.098653638082054573e-02 9.991133876666146163e-01 5.170620050719091365e-01
-9.832086158983113222e-01 1.824451708855514831e-01 -3.818015134325412462e-03 6.173794859383138345e+01 -1.821149322038164153e-01 -9.823313105967267367e-01 -4.312015407493677288e-02 -1.263527890360816315e+02 -1.161761968940836290e-02 -4.170078943796280690e-02 9.990625981716778625e-01 5.074844611572414399e-01
-9.793072876372477253e-01 2.023605199694776258e-01 -2.730628862469960602e-03 6.263092072826592727e+01 -2.020647162427861854e-01 -9.784493378744240077e-01 -4.250580737406004644e-02 -1.261917490404175197e+02 -1.127327928421562216e-02 -4.107448318202386317e-02 9.990924882101963611e-01 4.976898349835018887e-01
-9.752856293185330205e-01 2.209457457680056025e-01 -9.584714530643540648e-04 6.352103597884542552e+01 -2.207139668034429347e-01 -9.744437261602285627e-01 -4.177043694436367860e-02 -1.260187481902798510e+02 -1.016297683568065380e-02 -4.052655884567991224e-02 9.991267747000317501e-01 5.064881924619690778e-01
-9.714736133936163753e-01 2.371460027894713163e-01 -8.898520700915329507e-04 6.439608471103807119e+01 -2.369197279393208955e-01 -9.706974890931325817e-01 -4.019237712651795719e-02 -1.258392479710170591e+02 -1.039523874807384007e-02 -3.883501032757740584e-02 9.991915637037479536e-01 5.130023711644741136e-01
-9.681204301357443365e-01 2.504780396786670527e-01 -1.893248086524856443e-03 6.526226452991468818e+01 -2.502187350400446042e-01 -9.674114819117438646e-01 -3.880218161252287773e-02 -1.256469184725730628e+02 -1.155064432238563782e-02 -3.709145861153822360e-02 9.992451182299113555e-01 5.107132980146669166e-01
-9.653178543454196125e-01 2.610529968373524468e-01 -3.573922217567649870e-03 6.612499163063841934e+01 -2.607581784089756938e-01 -9.647237900690430745e-01 -3.623784299924227154e-02 -1.254371929096271714e+02 -1.290784530083467427e-02 -3.404910740283662030e-02 9.993368029884882597e-01 5.052552923369098004e-01
-9.630512250100690119e-01 2.692862606725710539e-01 -4.153048931985986111e-03 6.699152926859329682e+01 -2.689712814744916192e-01 -9.624785663554794590e-01 -3.590903849778691315e-02 -1.252253120808810252e+02 -1.366703128329689772e-02 -3.346519262089295288e-02 9.993464329906978083e-01 4.987279138276804469e-01
-9.611117557849141457e-01 2.761285362073969685e-01 -4.150226482548437755e-03 6.787877645509350089e+01 -2.758074840099398184e-01 -9.605362626252110791e-01 -3.605994930176152635e-02 -1.249999592370993469e+02 -1.394362405082173392e-02 -3.351297766263711814e-02 9.993410107010455290e-01 5.012404979177095266e-01
-9.598260550521645618e-01 2.805541911816300527e-01 -4.825955790100155268e-03 6.875872780333838818e+01 -2.802498715436241294e-01 -9.593549413449438124e-01 -3.313768269438995689e-02 -1.247783942722939514e+02 -1.392672029972081768e-02 -3.045393776379109324e-02 9.994391447851334043e-01 5.026620765131970536e-01
-9.590311014506711640e-01 2.832718541785861910e-01 -4.050071161519673210e-03 6.964082320758426192e+01 -2.830006459267373486e-01 -9.585750079212598251e-01 -3.232009578153417773e-02 -1.245375113317992088e+02 -1.303767045481487967e-02 -2.984980430151005712e-02 9.994693633747517847e-01 4.950781322005257667e-01
-9.587667249694853400e-01 2.841837763321567456e-01 -2.438925329178182316e-03 7.050316826386683999e+01 -2.839862509745136321e-01 -9.583580310813548664e-01 -3.002821201506448295e-02 -1.242906939717215948e+02 -1.087089436317799016e-02 -2.809742922963907874e-02 9.995460760359583530e-01 4.912852058381254050e-01
-9.586557074524059141e-01 2.845635729290928451e-01 -1.675567557336364762e-03 7.140030902883188446e+01 -2.844114487641230538e-01 -9.583056019776903245e-01 -2.757718309713937457e-02 -1.240632212664111620e+02 -9.453167529933784521e-03 -2.596047337494572504e-02 9.996182728613177693e-01 5.028332579507044375e-01
-9.587926999576690257e-01 2.841047730839199592e-01 -1.018044548478549320e-03 7.228297091051605605e+01 -2.839701063438528905e-01 -9.584369837509391088e-01 -2.755951521635149198e-02 -1.237998195968101385e+02 -8.805521363013777206e-03 -2.613476778501501452e-02 9.996196460148153440e-01 5.001417936683056897e-01
-9.587601502955506172e-01 2.842092075341674517e-01 -2.024982454629082468e-03 7.321169456953941790e+01 -2.840552963587374413e-01 -9.584321723498107071e-01 -2.683951588351390222e-02 -1.235401114367376607e+02 -9.568845872617345871e-03 -2.515745129096168958e-02 9.996377042837251148e-01 5.056568445939606526e-01
-9.589032931672188953e-01 2.837064543407195605e-01 -3.888716288164019950e-03 7.411052830044164352e+01 -2.835101094912006459e-01 -9.586029398941675606e-01 -2.650323452011778616e-02 -1.232925399475294483e+02 -1.124687356031784866e-02 -2.431154848017767767e-02 9.996411638373203790e-01 4.987085979728694274e-01
-9.591352098546368499e-01 2.828989011086461280e-01 -5.278348654053095085e-03 7.503473003895311422e+01 -2.826627435575368996e-01 -9.588387004587336504e-01 -2.702073101544530398e-02 -1.230284692908653170e+02 -1.270522007525110020e-02 -2.442454200080915183e-02 9.996209377175425681e-01 4.944877792805947858e-01
-9.594294111321500784e-01 2.818907748924837642e-01 -5.726786273579546373e-03 7.597237447178513037e+01 -2.816402408060726392e-01 -9.591314506532382378e-01 -2.730632022046277849e-02 -1.227693846405054927e+02 -1.319014059237691439e-02 -2.458559326406243792e-02 9.996107086198149361e-01 4.859535916831506652e-01
-9.597940781326714799e-01 2.806708129834838417e-01 -4.384326235328022715e-03 7.690966812757216076e+01 -2.804464378281816828e-01 -9.594631403603641751e-01 -2.793345300491126282e-02 -1.225143686389491364e+02 -1.204670438224085538e-02 -2.558079410083672484e-02 9.996001700075340946e-01 4.724779698461289978e-01
-9.601786099669391561e-01 2.793608057151190649e-01 -3.818008387651105999e-03 7.785479678854255781e+01 -2.791376859131160515e-01 -9.598096331403827008e-01 -2.911392160901968978e-02 -1.222528145900528642e+02 -1.179784982790279234e-02 -2.688881475501658097e-02 9.995688082232732086e-01 4.744456790113502076e-01
-9.602370187747534258e-01 2.791575086446378418e-01 -3.994137927914724259e-03 7.883599563619580408e+01 -2.789187623793455972e-01 -9.598453257651415882e-01 -3.002123576802557745e-02 -1.219855468995642838e+02 -1.221440800380702539e-02 -2.771346192610870882e-02 9.995412809171844160e-01 4.770333720254163468e-01
-9.605612698932902704e-01 2.780241851980334578e-01 -4.959760261765706890e-03 7.980921732077291608e+01 -2.777670054737112482e-01 -9.601976736328572404e-01 -2.942648836792682507e-02 -1.217143533187916375e+02 -1.294362571665897549e-02 -2.688828727932652748e-02 9.995546421046048735e-01 4.711285416147587557e-01
-9.608372911139037020e-01 2.770755552266230826e-01 -4.564723063821308179e-03 8.079641888862722965e+01 -2.768391751683554891e-01 -9.604893947847303881e-01 -2.863902225309244987e-02 -1.214472340046554280e+02 -1.231954108465279675e-02 -2.625374639385873871e-02 9.995793963963633955e-01 4.664920793260967091e-01
-9.612302597160400364e-01 2.757168903911182412e-01 -4.072364814362849916e-03 8.179551354555383114e+01 -2.754911397110053062e-01 -9.608697576715411470e-01 -2.887803196908154957e-02 -1.211591642236414685e+02 -1.187517336725480051e-02 -2.663653774561041201e-02 9.995746470908445369e-01 4.616410075485539721e-01
-9.616274799917114979e-01 2.743374497522725886e-01 -3.399026934951096882e-03 8.277018526059093517e+01 -2.741407784999596586e-01 -9.612840736291786703e-01 -2.792424301149550037e-02 -1.209122026131749834e+02 -1.092809607223538780e-02 -2.592090754763844151e-02 9.996042633264928812e-01 4.613786165846947562e-01
-9.618524217830947132e-01 2.735607782400372168e-01 -2.102216591184168960e-03 8.377438800661579421e+01 -2.734025864674144435e-01 -9.615073223861374530e-01 -2.747170741325642360e-02 -1.206366222806998536e+02 -9.536478305007228817e-03 -2.584897685252173644e-02 9.996203709256673564e-01 4.579310327671861081e-01
-9.620646181373870842e-01 2.728215237869295318e-01 2.944191530582541960e-04 8.476191416261283962e+01 -2.727276218881148906e-01 -9.617040315879593626e-01 -2.729468600560932753e-02 -1.203704636858192600e+02 -7.163433740644528647e-03 -2.633954790453155170e-02 9.996273872926735304e-01 4.434062749132011705e-01
-9.623577676282948357e-01 2.717808253553381515e-01 1.646223117672652048e-03 8.575698681060872275e+01 -2.717240330229155898e-01 -9.619922316617980362e-01 -2.714767204634846096e-02 -1.200872928129471262e+02 -5.794562864225796459e-03 -2.657309145153449736e-02 9.996300785011744683e-01 4.519697995672911084e-01
-9.627742675016633944e-01 2.702984813881669224e-01 2.107318624267101072e-03 8.676490663864602482e+01 -2.702582214253174686e-01 -9.624247214028510689e-01 -2.644143305657906118e-02 -1.198107295552248956e+02 -5.118943660826462926e-03 -2.602665152602754925e-02 9.996481430075674357e-01 4.452299048391856195e-01
-9.630799916759292811e-01 2.692070988060399350e-01 2.113665495453852239e-03 8.774121839426767622e+01 -2.691780082470489610e-01 -9.627857181350746307e-01 -2.422521060158684333e-02 -1.195665697401535823e+02 -4.486591711852176874e-03 -2.389976789259599596e-02 9.997042920693218759e-01 4.412514242885560711e-01
-9.634084648676084495e-01 2.680201555043744688e-01 3.053859975522740626e-03 8.872925760277747997e+01 -2.680200710837478129e-01 -9.631529775537347460e-01 -2.239605597071062451e-02 -1.192889257455093315e+02 -3.061260075264784532e-03 -2.239504566945032388e-02 9.997445126673830673e-01 4.311419687881626328e-01
-9.637437058570976767e-01 2.667865496202235787e-01 4.796494393359433672e-03 8.971960060166841799e+01 -2.668284137904378683e-01 -9.635284513470615542e-01 -2.038433310689403630e-02 -1.190240842385104116e+02 -8.167070809295502373e-04 -2.092511372049269888e-02 9.997807122552690995e-01 4.226262787627662054e-01
-9.640185659646687277e-01 2.657803269517463041e-01 5.387232754255998415e-03 9.070476346412472424e+01 -2.658346940031524053e-01 -9.638461750992405319e-01 -1.823365592005014163e-02 -1.187652691175951816e+02 3.463166528454998238e-04 -1.900969620297770016e-02 9.998192394164892027e-01 4.181218009992649365e-01
-9.643371928197643772e-01 2.646052015367000299e-01 6.153524203337481027e-03 9.168862866121240529e+01 -2.646736083569697917e-01 -9.641782731240855497e-01 -1.755387911974140222e-02 -1.184925463449746132e+02 1.288246618017780884e-03 -1.855653396832366436e-02 9.998269827625422268e-01 4.098571824096578498e-01
-9.646037958134592305e-01 2.636072775794142120e-01 7.121818962829582801e-03 9.266961461325007576e+01 -2.636880551902119341e-01 -9.644875629338993672e-01 -1.524304737314354993e-02 -1.182523643184292581e+02 2.850727595318795077e-03 -1.658143994750132383e-02 9.998584545793249845e-01 3.949323416292784827e-01
-9.648384137543627448e-01 2.626756960205222646e-01 9.397556065439998524e-03 9.366004584537192557e+01 -2.627944076454283850e-01 -9.647332633725388407e-01 -1.512712299958283817e-02 -1.179835588311351415e+02 5.092607368293709628e-03 -1.706485453899822882e-02 9.998414154665037357e-01 3.784750024751972752e-01
-9.650771988697521842e-01 2.617271447803400930e-01 1.117595198396520613e-02 9.467051447176658030e+01 -2.618707754212166727e-01 -9.649974258777460623e-01 -1.427112563868350968e-02 -1.177013970848389448e+02 7.049623930310911293e-03 -1.669939316809176608e-02 9.998357030345338403e-01 3.724122694496113106e-01
-9.654283137333133924e-01 2.604051266921754704e-01 1.171925895217111949e-02 9.563753318216106436e+01 -2.605663541797118565e-01 -9.653331777877686148e-01 -1.539580881405301985e-02 -1.174557820940981401e+02 7.303841941132852358e-03 -1.791719432065542669e-02 9.998127964938591239e-01 3.553206433293052968e-01
-9.657015937465318611e-01 2.594194452305557119e-01 1.104460355044951068e-02 9.662001414429647639e+01 -2.595687157729456573e-01 -9.656019808692642981e-01 -1.539143692805582456e-02 -1.172136986094015043e+02 6.671853037319534774e-03 -1.773036873117254941e-02 9.998205440947867118e-01 3.386843548186663777e-01
-9.659438114111953411e-01 2.585602147406475537e-01 9.958340503994687551e-03 9.761610210520818498e+01 -2.586923568733008882e-01 -9.658317063717885009e-01 -1.572830123266650768e-02 -1.169560917597923151e+02 5.551368057645866480e-03 -1.776880181511943449e-02 9.998267109789714668e-01 3.274574608398945763e-01
-9.662027896482195954e-01 2.575887234347003507e-01 1.001093558026781502e-02 9.859294857881184271e+01 -2.577246963570105076e-01 -9.660820837928838500e-01 -1.622924087724771092e-02 -1.167074860820339524e+02 5.490916066483469971e-03 -1.826080314203595151e-02 9.998181799215484222e-01 3.034398697417129420e-01
-9.664180499128405266e-01 2.567955111935044665e-01 9.603032304715127324e-03 9.959094197209559240e+01 -2.569330373123338562e-01 -9.662606458437755785e-01 -1.804933872447271256e-02 -1.164392443527044492e+02 4.644043032623066183e-03 -1.991054298968097241e-02 9.997909797224819872e-01 2.825971377748263125e-01
-9.666512938359268503e-01 2.559853052075317104e-01 7.536553526350745630e-03 1.005638733057933223e+02 -2.560768650224407583e-01 -9.665214240024967429e-01 -1.615475601245190684e-02 -1.161858315684935121e+02 3.148860298220805543e-03 -1.754595280103148774e-02 9.998410994810095209e-01 2.722745861075617224e-01
-9.669482194474421366e-01 2.549223133071695790e-01 5.074946449551593318e-03 1.015323089258386915e+02 -2.549720937710232005e-01 -9.668015283190193321e-01 -1.685337459926429179e-02 -1.159666211088875656e+02 6.101647439428906430e-04 -1.759031028234670294e-02 9.998450923395166834e-01 2.657448474581035613e-01
-9.672207458571508987e-01 2.539190261070684018e-01 3.026046975893386184e-03 1.025246200053258718e+02 -2.539340903648205083e-01 -9.670831726061887013e-01 -1.635894281089984859e-02 -1.157107945167574741e+02 -1.227407716531157995e-03 -1.659112535310221584e-02 9.998616044343682230e-01 2.445141548712232438e-01
-9.674151814715199471e-01 2.531800215794365871e-01 2.782683487198921168e-03 1.035094168310319844e+02 -2.531920405459269219e-01 -9.672883720853118206e-01 -1.571610098221582624e-02 -1.154573412569087907e+02 -1.287345405208639281e-03 -1.590854799393430843e-02 9.998726223048516326e-01 2.306309378143128197e-01
-9.676924331857412742e-01 2.521128343722972565e-01 3.236278071261131963e-03 1.044875428947828908e+02 -2.521324072479734779e-01 -9.675685557755966393e-01 -1.550287350821264419e-02 -1.152079903436321047e+02 -7.771524813177491412e-04 -1.581798396704639509e-02 9.998745858403847997e-01 2.150870826267493596e-01
-9.679814979865850599e-01 2.509700991869528997e-01 5.082210706643250191e-03 1.054798247770348354e+02 -2.510196056359524919e-01 -9.678553111096460659e-01 -1.566059834623379984e-02 -1.149688314198309484e+02 9.885027045826505140e-04 -1.643490397378105303e-02 9.998644492059970412e-01 2.147187920342846779e-01
-9.681658491377467257e-01 2.502374998007378948e-01 6.006850488567967543e-03 1.064570619444136526e+02 -2.503058223959703787e-01 -9.680040673140417606e-01 -1.775164599375604960e-02 -1.147179079815468015e+02 1.372528194120041902e-03 -1.869008706858708499e-02 9.998243829813082684e-01 1.937702376515220426e-01
-9.684853798737417252e-01 2.489971926208837394e-01 6.038794057118438557e-03 1.074370553245428539e+02 -2.490678550175213501e-01 -9.683005631659408197e-01 -1.895317827776924618e-02 -1.144734224381585079e+02 1.128079504208236942e-03 -1.985994554676437374e-02 9.998021354206705347e-01 1.894579700883202988e-01
-9.687251392389515381e-01 2.480722310481925375e-01 5.636735329852070493e-03 1.084149992076329312e+02 -2.481353642601558940e-01 -9.685327683533705434e-01 -1.931625291220947019e-02 -1.142444483599482936e+02 6.675369183386445360e-04 -2.011081316617273351e-02 9.997975342940542687e-01 1.710275440498119359e-01
-9.688713132262380956e-01 2.474887761185496915e-01 6.138737536369506115e-03 1.093953507468180106e+02 -2.475637343348270902e-01 -9.686448615624613234e-01 -2.096019103356403304e-02 -1.139937737109738407e+02 7.588445452439050937e-04 -2.182745660068306434e-02 9.997614646932067028e-01 1.568507733098077339e-01
-9.688988792109469728e-01 2.473911539943717264e-01 5.707782847898569718e-03 1.103658485591399767e+02 -2.474569743945160272e-01 -9.686492130721494620e-01 -2.199426824289554480e-02 -1.137546791471666978e+02 8.765196239808690105e-05 -2.272265252356904866e-02 9.997418033530568460e-01 1.450897282078862371e-01
-9.685821751608773011e-01 2.486635729718801313e-01 3.872651988253626026e-03 1.113576994477551096e+02 -2.486874861455606045e-01 -9.683301103687934619e-01 -2.216600065588528873e-02 -1.134951154386088206e+02 -1.761871394122514929e-03 -2.243267321748926638e-02 9.997468034325961428e-01 1.379754439931749066e-01
-9.681397162335626527e-01 2.504010056261652406e-01 2.196867895013602211e-03 1.123244164108966743e+02 -2.503819894247567013e-01 -9.678589713396285044e-01 -2.361929225026225543e-02 -1.132588827259676805e+02 -3.788036230350223972e-03 -2.341683105078689459e-02 9.997186118089593787e-01 1.212266690848300132e-01
-9.674930074172480854e-01 2.528900004911147081e-01 1.981980394989997681e-03 1.132970180256054249e+02 -2.528641612543776063e-01 -9.672069773795769487e-01 -2.388260577654900338e-02 -1.130126529818904402e+02 -4.122686919240045600e-03 -2.360742589784062262e-02 9.997128052031799550e-01 1.135970072234299966e-01
-9.666504804766160586e-01 2.560946642386141003e-01 1.539980129811158605e-03 1.142777880544310563e+02 -2.560586761750348050e-01 -9.663725996710983424e-01 -2.362102787123024697e-02 -1.127668138991618036e+02 -4.561024599910300584e-03 -2.322760321437507963e-02 9.997197984913938074e-01 1.212956313051198470e-01
-9.655140387327079132e-01 2.603265009360991034e-01 3.571262576733155551e-03 1.152145533311596779e+02 -2.603335696473937921e-01 -9.651998752421092620e-01 -2.481195970753914334e-02 -1.125023012053811726e+02 -3.012228458249651374e-03 -2.488601496078158420e-02 9.996857569912845909e-01 1.042016553536754264e-01
-9.642263228028604694e-01 2.650124904996744024e-01 5.998190494863772822e-03 1.161960808493099648e+02 -2.650771728427490648e-01 -9.638568437492144314e-01 -2.672222282571656143e-02 -1.122302822113191638e+02 -1.300325863875749759e-03 -2.735625403085695587e-02 9.996249019058046636e-01 8.965382972210246548e-02
-9.627983770109920236e-01 2.701272584052336057e-01 7.109816274726473047e-03 1.171694545645960659e+02 -2.702207724736864214e-01 -9.624513883418882587e-01 -2.584684119437361330e-02 -1.119701764266568631e+02 -1.390838055329161101e-04 -2.680651679865177217e-02 9.996406310794665462e-01 9.057100456818352463e-02
-9.611054293346241728e-01 2.760433469671452200e-01 8.742098986130613161e-03 1.181482923966741367e+02 -2.761808372013374036e-01 -9.607016323990311690e-01 -2.786608450817469260e-02 -1.116887411404859733e+02 7.063015323403582088e-04 -2.919664533194893385e-02 9.995734375380493919e-01 8.163717348255908335e-02
-9.591844688005711772e-01 2.826275477649361489e-01 9.317942485152486826e-03 1.190966851698791515e+02 -2.827801787756056284e-01 -9.587449044642494256e-01 -2.904442550066487633e-02 -1.114148102024979181e+02 7.247751225144402013e-04 -3.049389128721051792e-02 9.995346903871339395e-01 6.399562525270711955e-02
-9.568215128904536959e-01 2.905084300573670397e-01 9.871399680616531336e-03 1.200510903880300191e+02 -2.906739108606563593e-01 -9.563940831040826929e-01 -2.861879357409938610e-02 -1.111284130725751567e+02 1.126947455429089077e-03 -3.025243571546772439e-02 9.995416550173503722e-01 5.280821278021310961e-02
-9.541469403063381760e-01 2.991513830776368343e-01 1.058613729526096912e-02 1.210112533208321821e+02 -2.993352185523334152e-01 -9.537080880678271422e-01 -2.897084198593929613e-02 -1.108494242133272110e+02 1.429417311150521031e-03 -3.081124395985275835e-02 9.995241988085621365e-01 4.326736132242713084e-02
-9.510551040122352529e-01 3.088279447115375165e-01 1.093113414004541310e-02 1.219715155991478355e+02 -3.090173510553644309e-01 -9.506273814509927922e-01 -2.856323475137894849e-02 -1.105419262270676342e+02 1.570310341541227266e-03 -3.054312031335405103e-02 9.995322165488452759e-01 4.737081414265963825e-02
-9.472457353692338433e-01 3.202726556375892764e-01 1.228588099132260289e-02 1.229029181804284150e+02 -3.205011346946012307e-01 -9.467834514375407240e-01 -2.966679525270777412e-02 -1.102318033126741312e+02 2.130605509358629319e-03 -3.203938408361750589e-02 9.994843362353357241e-01 2.439978390698199773e-02
-9.424477664227084439e-01 3.341258782857214893e-01 1.233308642475670035e-02 1.238637313610029764e+02 -3.343500830667835988e-01 -9.419617344349329180e-01 -3.030037641025902506e-02 -1.098961949773747619e+02 1.493155599417389772e-03 -3.268009054018269910e-02 9.994647478329166113e-01 1.458350805043837246e-02
-9.369309324231176461e-01 3.492867070538375751e-01 1.261840482725376869e-02 1.247972695031604502e+02 -3.495114590803397037e-01 -9.364639118631482573e-01 -2.961556594922837640e-02 -1.095578074103839583e+02 1.472357238344371025e-03 -3.215801690146636443e-02 9.994817127417552349e-01 9.410187155466829059e-03
-9.305957297806004558e-01 3.658177860804028847e-01 1.299750351152542671e-02 1.257274414200922052e+02 -3.660453811289814952e-01 -9.301499172265740301e-01 -2.884285759904946927e-02 -1.091898779641798711e+02 1.538396504564044226e-03 -3.159871624292252823e-02 9.994994519558526580e-01 -6.940428769791564048e-03
-9.236387915643028412e-01 3.830297551611585027e-01 1.340109603896552128e-02 1.266377863557009675e+02 -3.832609317169279883e-01 -9.232088641938895890e-01 -2.822146860446243799e-02 -1.088126422028753382e+02 1.562348443514013138e-03 -3.120255971189183491e-02 9.995118605233322961e-01 -2.465142546111608740e-02
-9.157172179096221276e-01 4.016520006130625542e-01 1.173231535803573138e-02 1.275590337505784504e+02 -4.018231420886256844e-01 -9.153535329511951479e-01 -2.580837446693716453e-02 -1.084243599828444644e+02 3.732310757369112272e-04 -2.834748868673406252e-02 9.995980595097991861e-01 -2.210734691883150388e-02
-9.073553175160041784e-01 4.202395901624633723e-01 1.024766470166154665e-02 1.284662053797912336e+02 -4.203632083115575457e-01 -9.070219890416240105e-01 -2.461472099719424697e-02 -1.080194396136261759e+02 -1.049223042819166351e-03 -2.664203919761998218e-02 9.996444872405513271e-01 -3.302286088168152750e-02
-8.979816699239726585e-01 4.398780996395049714e-01 1.166953017319665754e-02 1.293528465823912086e+02 -4.400327015110934159e-01 -8.976427960907390480e-01 -2.467047271473929090e-02 -1.075985108900210605e+02 -3.769309609596945606e-04 -2.728860717362797950e-02 9.996275255481864574e-01 -4.732704146909224446e-02
-8.881387919226432226e-01 4.593892601182230084e-01 1.307646613742544615e-02 1.302406660046891318e+02 -4.595750826767254216e-01 -8.878083906421734284e-01 -2.422818368542855108e-02 -1.071533721753732351e+02 4.792289797741749319e-04 -2.752760779504104249e-02 9.996209287228201568e-01 -6.055925044459481432e-02
-8.773836504984421358e-01 4.795844325403376684e-01 1.402504543551550374e-02 1.310915858631454398e+02 -4.797854792551416447e-01 -8.771205655574683124e-01 -2.157330221960008024e-02 -1.066871208714850638e+02 1.955435881640350294e-03 -2.565707580054278625e-02 9.996688905452022489e-01 -6.879901418237553690e-02
-8.659947300191056518e-01 4.998401436509293250e-01 1.459309325294294753e-02 1.319679376062014171e+02 -5.000495454879448909e-01 -8.657301088056555960e-01 -2.149024804842077779e-02 -1.061943999613855851e+02 1.891991538343998922e-03 -2.590771120508481365e-02 9.996625484933007177e-01 -7.846700259730859939e-02
-8.539867105905610822e-01 5.200543422991328324e-01 1.581705368013990032e-02 1.328024976620179416e+02 -5.202933643702741806e-01 -8.536614917010709735e-01 -2.359814771199309283e-02 -1.057007721724524458e+02 1.230090451344041875e-03 -2.838201261422458946e-02 9.995963926652723375e-01 -8.841687445226803499e-02
-8.410024462026280956e-01 5.407866191452841420e-01 1.627015769003833934e-02 1.336221636029073068e+02 -5.410307994718337454e-01 -8.406628510102368557e-01 -2.390909765377943058e-02 -1.051761153782234288e+02 7.479970633684136262e-04 -2.891026603586735813e-02 9.995817310305832315e-01 -1.066665468645541237e-01
-8.269503520736611879e-01 5.620070790753420864e-01 1.735391227246623619e-02 1.344641757900662640e+02 -5.622727699377795263e-01 -8.266390664836354985e-01 -2.274172257994357821e-02 -1.046362990049374417e+02 1.564412760732574858e-03 -2.856390781690903644e-02 9.995907441422725581e-01 -1.158247781613452043e-01
-8.120700435591780009e-01 5.831737260109894905e-01 2.122851009903615679e-02 1.352461796559096001e+02 -5.835503101484545985e-01 -8.117284704385007155e-01 -2.378919505762541048e-02 -1.040809480635251845e+02 3.358552512105953455e-03 -3.170639631894946187e-02 9.994915830308137572e-01 -1.297136714215575415e-01
-7.962451153670202508e-01 6.045045238937125642e-01 2.383268434374800904e-02 1.360484222864023707e+02 -6.049623141086816203e-01 -7.958578294341314141e-01 -2.511799818596417364e-02 -1.034996303491908947e+02 3.783484897121689589e-03 -3.441795923538508439e-02 9.994003648768843284e-01 -1.355553043430272608e-01
-7.795490393394709505e-01 6.259426134063458269e-01 2.234144095257346863e-02 1.368236895059791607e+02 -6.263392275946112475e-01 -7.791399621175324475e-01 -2.530002774339651025e-02 -1.029234483952083394e+02 1.570743972763707572e-03 -3.371593319220549806e-02 9.994302219786457275e-01 -1.355030412517498339e-01
-7.627754380862542538e-01 6.463199432049562265e-01 2.107515278286553606e-02 1.375772874483942303e+02 -6.466629342237566469e-01 -7.623280440057136342e-01 -2.613432263559238231e-02 -1.022998273091919117e+02 -8.249539231814253084e-04 -3.356313953522465504e-02 9.994362586515899149e-01 -1.499702007347108179e-01
-7.451528355522092362e-01 6.666181843178302646e-01 1.916893325976430293e-02 1.383028201840119777e+02 -6.668909831222926687e-01 -7.447593294326667612e-01 -2.428904792698202003e-02 -1.016814851357235057e+02 -1.915279147146440632e-03 -3.088264168264152204e-02 9.995211824370731080e-01 -1.625269415844947662e-01
-7.270054317921575970e-01 6.864497795880866171e-01 1.580513350910315445e-02 1.390216809900703936e+02 -6.866229746414457269e-01 -7.266874676380699061e-01 -2.177647970289339069e-02 -1.010158588868423948e+02 -3.463067246586513156e-03 -2.668378681389653451e-02 9.996379257903443838e-01 -1.575944116065439715e-01
-7.088110607229115567e-01 7.052416431628928395e-01 1.486959793987829327e-02 1.397077283112942041e+02 -7.053806785547220848e-01 -7.084864214901682722e-01 -2.202473340643073055e-02 -1.003463436177554513e+02 -4.997850944102304876e-03 -2.610010173257104257e-02 9.996468407229561759e-01 -1.758736260487147041e-01
-6.887277010135772759e-01 7.248324750474431921e-01 1.649354329236347658e-02 1.403893973782033981e+02 -7.250149878172779117e-01 -6.884591240701397608e-01 -1.942426113687939840e-02 -9.963918979158832201e+01 -2.724204907681336378e-03 -2.533609280581727158e-02 9.996752778281793317e-01 -1.917371379985809421e-01
-6.677477378569940392e-01 7.441609584965882540e-01 1.836917073655888397e-02 1.410248220600088018e+02 -7.443856632089131953e-01 -6.675994924006002362e-01 -1.417399559928938374e-02 -9.893220244124918850e+01 1.715514908921693567e-03 -2.313840083909410664e-02 9.997307994690837196e-01 -2.092027310797088535e-01
-6.457835149551328646e-01 7.632249054356996520e-01 2.124607098165464183e-02 1.416522032888948672e+02 -7.635068442753703000e-01 -6.456886629192509774e-01 -1.197703293455055183e-02 -9.817247194962145329e+01 4.577177335836617178e-03 -2.395609103560997558e-02 9.997025333276945425e-01 -2.264990839748515228e-01
-6.227118578672057314e-01 7.821408086466493659e-01 2.203854619722113439e-02 1.422628211995470338e+02 -7.824335893559202226e-01 -6.226399443824885971e-01 -1.082487425437221595e-02 -9.743294832080776757e+01 5.255503275974220817e-03 -2.398447636334679473e-02 9.996985168393338617e-01 -2.273321269921753096e-01
-5.997377797391219012e-01 7.998595692010574965e-01 2.322208234600675603e-02 1.428447067474521361e+02 -8.001872285711996158e-01 -5.996185970703349355e-01 -1.256730975714973920e-02 -9.667827010329916959e+01 3.872309469269370752e-03 -2.611910416511007554e-02 9.996513380218364775e-01 -2.306345794201604960e-01
-5.759248356496802224e-01 8.170747995782287054e-01 2.644533179086850164e-02 1.434164755325481337e+02 -8.174967080706089240e-01 -5.757425761991260549e-01 -1.481952228804206059e-02 -9.588897418494227054e+01 3.117045250642984811e-03 -3.015390262099767321e-02 9.995404074760962931e-01 -2.624302454910646953e-01
-5.511471581323161839e-01 8.338976449457726758e-01 2.918094984833928887e-02 1.439682658819698702e+02 -8.344028597444292927e-01 -5.509300494349400612e-01 -1.574637340524548748e-02 -9.507627657622086303e+01 2.945798443708528593e-03 -3.302723695669944337e-02 9.994501107520964434e-01 -2.626861476473263401e-01
-5.261163653085093594e-01 8.498082233366347493e-01 3.205547849462756643e-02 1.445151071152525333e+02 -8.504105508710888550e-01 -5.258237184590766056e-01 -1.764403775895771395e-02 -9.426788155840597483e+01 1.861482518879391083e-03 -3.654313414017393985e-02 9.993303428906175068e-01 -2.821688924782306263e-01
-5.007225757312249170e-01 8.648390202882815236e-01 3.647425307598333583e-02 1.450329012863593903e+02 -8.656069028876339777e-01 -5.003387377130641411e-01 -1.964273943144879964e-02 -9.342088172807086721e+01 1.261674217666639009e-03 -4.140792832281110780e-02 9.991415273333433822e-01 -2.980460171173604511e-01
-4.751894963071667810e-01 8.789661253880637348e-01 4.016830861791024360e-02 1.455335613545578326e+02 -8.798781662477946908e-01 -4.748498941744210278e-01 -1.822060806656181434e-02 -9.258532259245028229e+01 3.058619822180781191e-03 -4.400145929761391933e-02 9.990267846340663560e-01 -3.180651444916757775e-01
-4.486703864845824619e-01 8.926703124656182320e-01 4.283220204386255225e-02 1.459989431862837819e+02 -8.936929651073227676e-01 -4.483020846070735477e-01 -1.838817690674050820e-02 -9.166341687124362636e+01 2.787185839842811364e-03 -4.652906808621426471e-02 9.989130479726103795e-01 -3.241140256155368160e-01
-4.234316542338393274e-01 9.048596305582907728e-01 4.398503354944666849e-02 1.464680986882059699e+02 -9.059256786214614499e-01 -4.230422879592014018e-01 -1.827258623667922868e-02 -9.078894202745878772e+01 2.073403597532774700e-03 -4.758436278486755100e-02 9.988650706715488381e-01 -3.269880084916459428e-01
-3.993500749748824519e-01 9.157240223816445202e-01 4.437378109191828651e-02 1.468775131971405301e+02 -9.167982726870564925e-01 -3.988467189165154636e-01 -2.005547313883628696e-02 -8.987451986668675374e+01 -6.669415387606371197e-04 -4.869096055938892942e-02 9.988136690797616568e-01 -3.465865178477344766e-01
-3.765140872187366927e-01 9.253907750022085654e-01 4.346326798945864683e-02 1.472907606058129204e+02 -9.263957447488767594e-01 -3.758250472669822928e-01 -2.337644013075242458e-02 -8.895339149689428382e+01 -5.297757302618378433e-03 -4.906574553664078825e-02 9.987815008170065623e-01 -3.508187258724037028e-01
-3.554916138258537028e-01 9.336864826201234369e-01 4.307278339778565501e-02 1.476745366812909879e+02 -9.346433584391556915e-01 -3.546951409511047149e-01 -2.516246224985612193e-02 -8.802072994716229459e+01 -8.216143893450005356e-03 -4.920273524533353565e-02 9.987550179176396536e-01 -3.740113120986557349e-01
-3.349966107382488234e-01 9.411371245027863042e-01 4.514624762037978273e-02 1.480561995574445575e+02 -9.422007767942810474e-01 -3.343045434872826127e-01 -2.231968653941936512e-02 -8.705376310022434438e+01 -5.913289908365334732e-03 -5.001384892079181743e-02 9.987310187985278809e-01 -3.967590751185178788e-01
-3.147119383370043377e-01 9.479735328580918274e-01 4.798517340185757402e-02 1.484075730089257661e+02 -9.491871670248684945e-01 -3.143277868565089728e-01 -1.554877359729411185e-02 -8.606740960963885811e+01 3.432475189650736891e-04 -5.044029547815816195e-02 9.987270191423528454e-01 -4.022729413289393152e-01
-2.955081638171205838e-01 9.540115297999786081e-01 5.036790767774748656e-02 1.487629442323375031e+02 -9.553373359866795811e-01 -2.952257031586206781e-01 -1.312854369476739932e-02 -8.506561044643549963e+01 2.345118906777846155e-03 -5.199793458100979843e-02 9.986444388311426223e-01 -3.835128386267265821e-01
-2.751227742884281846e-01 9.601199346419325709e-01 4.977117809242320029e-02 1.490620745409158587e+02 -9.614089660006707172e-01 -2.747264078895187422e-01 -1.477162471794332167e-02 -8.404136154215511567e+01 -5.090743847181698496e-04 -5.191446723971145094e-02 9.986514051090213950e-01 -3.919666594074556754e-01
-2.554237782568488657e-01 9.656168065420083213e-01 4.840326871510924889e-02 1.493566867484081513e+02 -9.668177532377940642e-01 -2.548568926419471636e-01 -1.764642434811562050e-02 -8.303113773863142910e+01 -4.703777267212682668e-03 -5.130445588831195752e-02 9.986719818224345513e-01 -4.127648403382844222e-01
-2.361744211037773156e-01 9.705837018899337032e-01 4.678590000867730025e-02 1.496324811168437066e+02 -9.717001988940375812e-01 -2.356743522089162768e-01 -1.601009604428698524e-02 -8.201815525172828814e+01 -4.512901608968927086e-03 -4.924304350901857752e-02 9.987766298711404644e-01 -4.357180215519872446e-01
-2.182031635744764442e-01 9.748564770016142633e-01 4.519102401783546552e-02 1.498765241934818278e+02 -9.758973082269469801e-01 -2.178045786266599448e-01 -1.362385113723048498e-02 -8.096762276783100276e+01 -3.438487578669561541e-03 -4.707456611330074203e-02 9.988854599102564569e-01 -4.485675337239338201e-01
-2.005055066215985227e-01 9.786850873759285196e-01 4.441893245081891817e-02 1.501056966363744039e+02 -9.796910941443471854e-01 -2.002201732671465007e-01 -1.082784679746339775e-02 -7.990172683397878473e+01 -1.703485837166890740e-03 -4.568787544127152905e-02 9.989543113503072114e-01 -4.551161639908501977e-01
-1.828597981992000632e-01 9.822216366064800974e-01 4.246116793390823652e-02 1.503284684725928741e+02 -9.831348483573973951e-01 -1.825628794687347844e-01 -1.080115644290833600e-02 -7.884272196642233155e+01 -2.857296474724595192e-03 -4.372015118529653382e-02 9.990397310562190158e-01 -4.553223441498067681e-01
-1.643932983069681109e-01 9.854831277928680633e-01 4.240104131984918923e-02 1.505316016790243907e+02 -9.863834401256995621e-01 -1.640324895545636208e-01 -1.187650670300147322e-02 -7.776474769554242528e+01 -4.748948605280720742e-03 -4.377610311130255422e-02 9.990300797649764863e-01 -4.623189116859133252e-01
-1.465703836748030731e-01 9.883133128153193114e-01 4.187980825032458498e-02 1.507140961179448766e+02 -9.891776801128968621e-01 -1.461496715048472561e-01 -1.295340421045650635e-02 -7.668338146965582780e+01 -6.681301608762728328e-03 -4.332515699369338114e-02 9.990386834211962830e-01 -4.866956761288962485e-01
-1.282978859221487467e-01 9.909210131787157261e-01 4.018952732261515254e-02 1.508778392778828277e+02 -9.917057468436005774e-01 -1.278737914931860620e-01 -1.296167896853772823e-02 -7.559601810047082893e+01 -7.704812818705401335e-03 -4.151914121846309036e-02 9.991080005502772643e-01 -4.880329830105936129e-01
-1.097979588140512303e-01 9.931400599333677359e-01 4.021479321642064397e-02 1.510261392411143220e+02 -9.939201746469306098e-01 -1.093709045956043069e-01 -1.267642113961312336e-02 -7.448865475852434770e+01 -8.191133337899810310e-03 -4.136213946328352875e-02 9.991106438955165148e-01 -4.949946619992990349e-01
-9.114640284987038377e-02 9.950137646565991867e-01 4.049618980890521552e-02 1.511393101593209281e+02 -9.958017332554641721e-01 -9.072306726333019544e-02 -1.217510192599599583e-02 -7.337447064969211397e+01 -8.440455450291673226e-03 -4.143589274686720197e-02 9.991055126940820985e-01 -5.063090765628410761e-01
-7.207284167716314360e-02 9.965585582844096457e-01 4.094563957573054552e-02 1.512379169373616605e+02 -9.973608483253050272e-01 -7.164849663716423012e-02 -1.174015130366447106e-02 -7.225480797135493560e+01 -8.766054737544735909e-03 -4.168372388868096801e-02 9.990923998503555836e-01 -5.093090341178586611e-01
-5.350355674387977795e-02 9.977178645019957326e-01 4.118776841368220615e-02 1.513476357553705043e+02 -9.985275807503396495e-01 -5.308633462310816120e-02 -1.115847446288224278e-02 -7.114100140701997077e+01 -8.946501655593014704e-03 -4.172414082225264081e-02 9.990891132288416410e-01 -5.128585433937897786e-01
-3.372575087879733230e-02 9.985043447517412130e-01 4.303077081694189898e-02 1.513897324308823897e+02 -9.993985995693632773e-01 -3.334602548832282104e-02 -9.512189975103474415e-03 -7.000391250034175528e+01 -8.063057837572088285e-03 -4.332569784229646503e-02 9.990284635566687443e-01 -5.307392255758013322e-01
-1.403450541413475521e-02 9.989459850114396078e-01 4.370299400295744180e-02 1.514592820087866016e+02 -9.998770856543737207e-01 -1.371525048139155857e-02 -7.596412492699092765e-03 -6.883954875292118913e+01 -6.989008250303827691e-03 -4.380423417034993994e-02 9.990156869759500013e-01 -5.310968925174514021e-01
4.554346510745784990e-03 9.990091987316179756e-01 4.427051812393500291e-02 1.514823869191378094e+02 -9.999614891619993395e-01 4.881871957594803232e-03 -7.292977055669827222e-03 -6.770753076518438718e+01 -7.501874165501207746e-03 -4.423559848462419591e-02 9.989929597861562094e-01 -5.301758674538530336e-01
2.424056992537852728e-02 9.987319992788866729e-01 4.412242495096342643e-02 1.514587301698437329e+02 -9.996711300118641397e-01 2.458554235923154571e-02 -7.292662267992042723e-03 -6.656747050626985640e+01 -8.368188914376177567e-03 -4.393113611998870210e-02 9.989995138562793864e-01 -5.468021795581858857e-01
4.307187528057552367e-02 9.981606109785471359e-01 4.266389865194136072e-02 1.514644719140055997e+02 -9.990463439958875425e-01 4.333737407010779946e-02 -5.317382102969002086e-03 -6.542376968559403849e+01 -7.156542703647478937e-03 -4.239418235011210845e-02 9.990753310891873351e-01 -5.676361856300422559e-01
6.182769447359781623e-02 9.971132582310250347e-01 4.407364806088568537e-02 1.513940845245008688e+02 -9.980551569524679367e-01 6.211725831528768643e-02 -5.229712733060511674e-03 -6.429832304982450353e+01 -7.952350084145151307e-03 -4.366459065187410643e-02 9.990145963112381233e-01 -5.427803723338427977e-01
8.072998245269610851e-02 9.958703027541587760e-01 4.153323997598833833e-02 1.513311636210033839e+02 -9.966998314138213466e-01 8.101195639816227700e-02 -5.148686776285326359e-03 -6.314542327896536733e+01 -8.492113284474954796e-03 -4.098051988906167148e-02 9.991238566830130674e-01 -5.565997894566280246e-01
9.785800456645749046e-02 9.943000843164851998e-01 4.232201871187053072e-02 1.512601345227726597e+02 -9.951657057133403983e-01 9.812109770542083720e-02 -4.179515820316821381e-03 -6.201383195250799218e+01 -8.308375865441331234e-03 -4.170842254041373653e-02 9.990952799263994599e-01 -5.801813914947824280e-01
1.149550089308473688e-01 9.923003958054069651e-01 4.610065513045608077e-02 1.511532402541062083e+02 -9.933499239402279191e-01 1.151288906338339552e-01 -1.125675232015444210e-03 -6.085850197615456381e+01 -6.424525260712346184e-03 -4.566468026113806866e-02 9.989361653495956173e-01 -5.773660037347702056e-01
1.314001311608768707e-01 9.902455755498504875e-01 4.634334506847364449e-02 1.510561356488953209e+02 -9.913018496344359054e-01 1.316014299141990973e-01 -1.306350362487300118e-03 -5.970616752278151296e+01 -7.392458144365717486e-03 -4.576858907570598156e-02 9.989247157859916237e-01 -5.633799470172662360e-01
1.470115539872358101e-01 9.879763313977096839e-01 4.785782683571693924e-02 1.508916683485147701e+02 -9.890876976847436941e-01 1.473044368522279379e-01 -2.632331238684603239e-03 -5.855453858570526648e+01 -9.650351191009475318e-03 -4.694860465518484877e-02 9.988506891594616244e-01 -5.621514589278557850e-01
1.616589161442263667e-01 9.856948617356710018e-01 4.766586174821063615e-02 1.507333586770316742e+02 -9.867776784721156158e-01 1.620301663524723879e-01 -4.004804165501273105e-03 -5.742722690325641821e+01 -1.167082239637996961e-02 -4.638819609756111850e-02 9.988553084200461063e-01 -5.659546227007917762e-01
1.766894090377544024e-01 9.831142921106705845e-01 4.761450807079371794e-02 1.505548048602109361e+02 -9.841909998162869933e-01 1.770687729356692774e-01 -3.837385454735438989e-03 -5.628427049159120088e+01 -1.220363100271312437e-02 -4.618374493575977402e-02 9.988584149345429708e-01 -5.788645047481677519e-01
1.897443178597885416e-01 9.808056273214817988e-01 4.491564595561969159e-02 1.503569563826049773e+02 -9.817826593122830348e-01 1.900015540855833074e-01 -1.489736298109472622e-03 -5.516360453134069530e+01 -9.995184278526339852e-03 -4.381473333340158566e-02 9.989896723318224536e-01 -5.982702381671751724e-01
2.036755462878898915e-01 9.780372855026290280e-01 4.426443276629306312e-02 1.501244576378208819e+02 -9.790280353426179527e-01 2.036735721449320635e-01 4.602392680985912046e-03 -5.401662311049591381e+01 -4.514183495725390162e-03 -4.427351549031617595e-02 9.990092481879082609e-01 -5.970680976710933674e-01
2.147762870788928191e-01 9.756932696945200822e-01 4.351769730283140680e-02 1.499141558362510409e+02 -9.766604330264430089e-01 2.146697829515756828e-01 7.161204063090086114e-03 -5.288198598776725134e+01 -2.354796027053575238e-03 -4.404006991182745495e-02 9.990269902106241329e-01 -5.774099247063650964e-01
2.247803291168100903e-01 9.734016317029726695e-01 4.430651235683234768e-02 1.496819571982166792e+02 -9.743947443312392931e-01 2.247943766471905414e-01 4.729740266135581961e-03 -5.174199864553651906e+01 -5.355917933855783471e-03 -4.423518535384832195e-02 9.990067880206079387e-01 -5.628107282752924378e-01
2.337531475041809137e-01 9.713000815226499052e-01 4.399565504750754114e-02 1.494360152957222567e+02 -9.722480587658525186e-01 2.339514439244125554e-01 6.588681612555062975e-04 -5.060837278809275830e+01 -9.652888325817506748e-03 -4.292870272058998266e-02 9.990315051194035290e-01 -5.832306071314171669e-01
2.402859198001141561e-01 9.697500502904939923e-01 4.298274891696619165e-02 1.491808105448508570e+02 -9.706540990963008486e-01 2.404789635665444958e-01 6.985592715266132234e-04 -4.948981446378849824e+01 -9.659019021893627127e-03 -4.188923538380337486e-02 9.990755703658913411e-01 -6.157634013466797285e-01
2.464747082352250207e-01 9.682697385181613381e-01 4.127870719120582677e-02 1.489144434095900067e+02 -9.691254802846595018e-01 2.465431477742460187e-01 3.504246587373387265e-03 -4.834126461040944633e+01 -6.783926479899098777e-03 -4.086795508744008737e-02 9.991415258009826994e-01 -6.207170471143546031e-01
2.510750102384327054e-01 9.670662542456230915e-01 4.176361011865743073e-02 1.486380108703956751e+02 -9.679487477744644908e-01 2.511058293473381609e-01 4.591747508797865140e-03 -4.721514954168424083e+01 -6.046561891394690476e-03 -4.157790716970956313e-02 9.991169684857234001e-01 -6.138450679411393551e-01
2.551601441342098431e-01 9.659718436511574025e-01 4.232845515269392789e-02 1.483635079355916844e+02 -9.668801149252531646e-01 2.551827963201516725e-01 4.958207328384589552e-03 -4.608323226927574723e+01 -6.012004875357782399e-03 -4.219167847923720877e-02 9.990914462930290396e-01 -6.207805197912550366e-01
2.592037769731194707e-01 9.648017853703551028e-01 4.439501037338513395e-02 1.481181571209089611e+02 -9.658099837996632075e-01 2.591618641896031305e-01 6.797303746276651785e-03 -4.495176555694968812e+01 -4.947442858752636521e-03 -4.463903105382201891e-02 9.989909307431880103e-01 -6.381161613480954564e-01
2.611996328843658177e-01 9.641514183863594267e-01 4.676317142415176153e-02 1.478321250249852028e+02 -9.652778096348559878e-01 2.610754694298747514e-01 8.851524391725722543e-03 -4.383345344202041360e+01 -3.674507134203123040e-03 -4.745146660553553608e-02 9.988667860659409259e-01 -6.414397575754252623e-01
2.630783756401127160e-01 9.635729245011299682e-01 4.813509567761621588e-02 1.475378300538436633e+02 -9.647687087294973818e-01 2.629215156668958664e-01 9.675497475016012552e-03 -4.271761334565571389e+01 -3.332704914101040656e-03 -4.898464826077614243e-02 9.987939713995640512e-01 -6.387224936560359501e-01
2.648027768656451286e-01 9.630126959242235607e-01 4.986017298394744557e-02 1.472544516805467083e+02 -9.642946714818824150e-01 2.646559628580390511e-01 9.644058838368392561e-03 -4.159112843321714337e+01 -3.908440987523089348e-03 -5.063367268832456858e-02 9.987096451274117825e-01 -6.443013350476405332e-01
2.658082888177559777e-01 9.626671698492157425e-01 5.116516087396127260e-02 1.469597852423551672e+02 -9.640100325581026919e-01 2.657338784573928803e-01 8.376333497323064370e-03 -4.047153015157787337e+01 -5.532695379135125872e-03 -5.155022727352641387e-02 9.986550772620460537e-01 -6.461529661720978313e-01
2.669139744784612689e-01 9.623249184722159066e-01 5.184285401604515203e-02 1.466759368607373517e+02 -9.636842502786625575e-01 2.669831748953332973e-01 5.714025130932288629e-03 -3.935702179133465251e+01 -8.342420992357824083e-03 -5.148529506281222107e-02 9.986389079119867285e-01 -6.423003030771893274e-01
2.678186876857597265e-01 9.620531852627696168e-01 5.221895488234823413e-02 1.463697039460390670e+02 -9.633971900139510769e-01 2.680682484025134205e-01 2.295314175498566322e-03 -3.826161138135391582e+01 -1.179002945480682116e-02 -5.092232242951010707e-02 9.986330218229287903e-01 -6.553437617359049172e-01
2.691980016249764240e-01 9.617253486321989397e-01 5.115456691592025484e-02 1.460865866466242551e+02 -9.629883393187927965e-01 2.695430070937397393e-01 1.601824783980824660e-04 -3.711725541001700179e+01 -1.363430424302333396e-02 -4.930437224608650443e-02 9.986907352211560340e-01 -6.587230726124786440e-01
2.704794282235234992e-01 9.613893843739825806e-01 5.070828845310573763e-02 1.457925408834028076e+02 -9.626230206025712111e-01 2.708446092315301978e-01 -3.432953887139320536e-04 -3.604222053976865681e+01 -1.406410711310808470e-02 -4.872011145993314363e-02 9.987134482031270188e-01 -6.582268949261531610e-01
2.713442418014781476e-01 9.612730675737524155e-01 4.823268596579809858e-02 1.454874879087814747e+02 -9.623818027351433990e-01 2.716993910169970827e-01 -8.406430655743548329e-04 -3.492333329270731213e+01 -1.391287894221525726e-02 -4.619015561532437836e-02 9.988357729452328471e-01 -6.571715596503291401e-01
2.720510111209856752e-01 9.610952246965366319e-01 4.779347665218583452e-02 1.451902711107795483e+02 -9.621956100324658978e-01 2.723593288074804275e-01 6.357119054863503548e-05 -3.383158539631435247e+01 -1.295590125451327040e-02 -4.600396802964468873e-02 9.988572368159190917e-01 -6.611207328625290369e-01
2.733585798978933057e-01 9.608671564154330769e-01 4.482627036971505857e-02 1.448810317464167952e+02 -9.618541425738904582e-01 2.735571246634722065e-01 1.762939249861073280e-03 -3.271383231596043117e+01 -1.056859520758675168e-02 -4.359824842107962867e-02 9.989932419797785679e-01 -6.575370315816854161e-01
2.740455501927958060e-01 9.607393384108263712e-01 4.334697274758855107e-02 1.445849954227165597e+02 -9.616632067249216709e-01 2.742272561757202465e-01 1.813504167987219692e-03 -3.161502915109290868e+01 -1.014461660534525522e-02 -4.218217156179320665e-02 9.990584322989182198e-01 -6.467159530828504588e-01
2.741171042442142602e-01 9.607170179783685038e-01 4.338922129327549976e-02 1.442632076401931727e+02 -9.616261753256897249e-01 2.743629134756979671e-01 3.010533081692877422e-04 -3.052444211242674044e+01 -1.161516613080133820e-02 -4.180673478370495327e-02 9.990581989222565573e-01 -6.465468759508525842e-01
2.755086099170541702e-01 9.603576953624303192e-01 4.252179225578905236e-02 1.439577398586536674e+02 -9.612209377767646501e-01 2.757789793266215983e-01 -5.131633262828031502e-04 -2.942614765261105703e+01 -1.221943681663051166e-02 -4.073145611340173167e-02 9.990954077754861107e-01 -6.553414540070093830e-01
2.762197725105907664e-01 9.602230674374468977e-01 4.091818705808755036e-02 1.436691183835645234e+02 -9.610264188773123273e-01 2.764565149242780850e-01 -1.325565468387725427e-04 -2.832081972240845857e+01 -1.143938324492931730e-02 -3.928684403619405602e-02 9.991624914837149429e-01 -6.595443973185253217e-01
2.767810976608831020e-01 9.600762215079986506e-01 4.056935875086095655e-02 1.433723360563217000e+02 -9.608730200481587769e-01 2.769887485666384097e-01 5.220215289961809609e-04 -2.723122877773279882e+01 -1.073607545326275142e-02 -3.912648795617583442e-02 9.991765883042723617e-01 -6.472385494631142100e-01
2.770522263348930703e-01 9.599296364691000116e-01 4.215633888359944514e-02 1.430625475180341368e+02 -9.607808957031293007e-01 2.773085144521800216e-01 -2.413703950634029727e-04 -2.615486612308055925e+01 -1.192201030596065463e-02 -4.043613282685342564e-02 9.991109972488322333e-01 -6.470776671298172911e-01
2.775134313260362307e-01 9.597358482025732940e-01 4.351318312209501854e-02 1.427520235429955449e+02 -9.606341384534236028e-01 2.778150451043208125e-01 -9.234430004828008938e-04 -2.506756046744217059e+01 -1.297487828285575143e-02 -4.154398134419549915e-02 9.990524261213196144e-01 -6.491253054250312182e-01
2.781412344563919947e-01 9.595011566507051226e-01 4.466524463054497018e-02 1.424607062492476928e+02 -9.604450764493055459e-01 2.784672155040567865e-01 -1.124726251475323575e-03 -2.397387471091942857e+01 -1.351698244110684927e-02 -4.258568154583929760e-02 9.990013768279970563e-01 -6.474034804471630045e-01
2.792981339495722581e-01 9.592240775082927495e-01 4.337881392473964121e-02 1.421633821609590029e+02 -9.601027002680779798e-01 2.796410184596977433e-01 -1.925026804654296139e-03 -2.289824291326777583e+01 -1.397702776619012127e-02 -4.111045998925732387e-02 9.990568416089046222e-01 -6.442538739362846378e-01
2.794438002463650594e-01 9.591930361459666265e-01 4.312634820863241181e-02 1.418611724991804692e+02 -9.600331049701127384e-01 2.798603765371623919e-01 -3.821910692973861864e-03 -2.182563294929163078e+01 -1.573530616964918458e-02 -4.033471272853490774e-02 9.990623159143343646e-01 -6.273383270443270154e-01
2.800551343404755200e-01 9.591875028369971634e-01 3.909547451711077592e-02 1.415570921695217521e+02 -9.597994687227108246e-01 2.805673260484549125e-01 -8.182627269971154416e-03 -2.074509772794172946e+01 -1.881758656344070454e-02 -3.523222889163159233e-02 9.992019758159549347e-01 -6.162911704641125255e-01
2.811991991489603548e-01 9.589964634744650995e-01 3.539482219618706599e-02 1.412126934703280199e+02 -9.594005849212614567e-01 2.817748765610690320e-01 -1.238695229455859421e-02 -1.966175138653859733e+01 -2.185241509880357647e-02 -3.047461205304785592e-02 9.992966376235900006e-01 -6.146021183772135688e-01
2.817708256408922862e-01 9.589525389117254939e-01 3.186267297712066376e-02 1.409247455412149748e+02 -9.591835115625342301e-01 2.823557892944115189e-01 -1.556275662921240664e-02 -1.861021632308799667e+01 -2.392055515940681373e-02 -2.617701976924508012e-02 9.993710875686303563e-01 -6.038646001317792278e-01
2.823105223549127740e-01 9.588281268098692856e-01 3.081220866490209584e-02 1.405898469614750468e+02 -9.589522673694022004e-01 2.829487465319378559e-01 -1.872313377842436607e-02 -1.753675624031408375e+01 -2.667054310827668764e-02 -2.426169968469038193e-02 9.993498146544849137e-01 -5.897748934710730362e-01
2.815071628445361407e-01 9.591025375143532594e-01 2.959796948410915729e-02 1.403128463662193894e+02 -9.590908493364442844e-01 2.821994346641094054e-01 -2.254377496653628063e-02 -1.648994815677548331e+01 -2.997432203107667711e-02 -2.204090756043047133e-02 9.993076295135130405e-01 -5.686112440603477980e-01
2.815923562086778409e-01 9.589833079003439176e-01 3.250784659415003469e-02 1.400106604078012822e+02 -9.589767538959357296e-01 2.824218082359200022e-01 -2.452565422871355247e-02 -1.542247517955527059e+01 -3.270061783755463108e-02 -2.426803244111086152e-02 9.991705220760360717e-01 -5.625169825457621009e-01
2.813935460722555293e-01 9.589358939252985436e-01 3.549117590888391932e-02 1.397282363883107621e+02 -9.589797313520045385e-01 2.823429614752791528e-01 -2.530468250693258814e-02 -1.437571626270621650e+01 -3.428625205254792752e-02 -2.691474399555264518e-02 9.990495730778603534e-01 -5.464924482495396862e-01
2.821414654099855812e-01 9.587640972761116709e-01 3.417015170360316462e-02 1.394415905390079331e+02 -9.588231592621802024e-01 2.830063922464152726e-01 -2.378090001497291939e-02 -1.331786089764165837e+01 -3.247064449132686104e-02 -2.605355482986282389e-02 9.991330589657471117e-01 -5.323245192542297444e-01
2.816466235900374482e-01 9.589022467384481496e-01 3.437529079299696255e-02 1.391259529832914268e+02 -9.591090635334578174e-01 2.823918987979568973e-01 -1.909501863336091065e-02 -1.225569311055139465e+01 -2.801755990770363539e-02 -2.759160543563643139e-02 9.992265607145870421e-01 -5.096720969165667858e-01
2.827580339030753565e-01 9.585851503781492866e-01 3.409404250856239854e-02 1.388396989777344004e+02 -9.588871744296658672e-01 2.833847364044342343e-01 -1.511548486230997537e-02 -1.122638309579429716e+01 -2.415121057891034609e-02 -2.841831530471812528e-02 9.993043171997249008e-01 -4.858231078269627523e-01
2.821760863329427216e-01 9.587900965906587247e-01 3.313920606023290638e-02 1.385478941538001720e+02 -9.590848606734997395e-01 2.827572140353667440e-01 -1.430342382726064281e-02 -1.017352437836589552e+01 -2.308433069373387256e-02 -2.774722667032421958e-02 9.993483902422188869e-01 -4.489807918485102523e-01
2.823748445856829048e-01 9.587011999691908981e-01 3.400670992087048705e-02 1.382512351992653521e+02 -9.589795183904948894e-01 2.830240199575914106e-01 -1.599022920103609913e-02 -9.139962684344540733e+00 -2.495456767004157472e-02 -2.809649981638375968e-02 9.992936786759171186e-01 -4.261311376463520761e-01
2.823162732876843828e-01 9.587083694795358602e-01 3.428970871319111935e-02 1.379657719030197995e+02 -9.588981757812411466e-01 2.830730089422609508e-01 -1.959489951737061753e-02 -8.119831715001257777e+00 -2.849228518751291059e-02 -2.734838012590654413e-02 9.992198235525812100e-01 -4.003698705477330422e-01
2.821097655254499181e-01 9.586907573201429722e-01 3.641582102457097819e-02 1.376702904772970157e+02 -9.588780045318709977e-01 2.829886882740779708e-01 -2.168812415118111583e-02 -7.108045583042066795e+00 -3.109746959142762127e-02 -2.879989817840878860e-02 9.991013528371804897e-01 -4.001893781364218583e-01
2.823133541351799947e-01 9.586202066117749387e-01 3.669427134203281232e-02 1.373786592595967875e+02 -9.587777519557537653e-01 2.832351862907023787e-01 -2.287032131029065676e-02 -6.103485065443805979e+00 -3.231706091902775135e-02 -2.872505386766502702e-02 9.990648021249715072e-01 -3.882845457641873610e-01
2.824060597980916909e-01 9.585985921942108412e-01 3.654526548497807198e-02 1.371001342215987790e+02 -9.587783624312306019e-01 2.832991589565227453e-01 -2.203720180737032963e-02 -5.109083528587888168e+00 -3.147807360409775324e-02 -2.881537046486151721e-02 9.990889876774210476e-01 -3.705749028447982707e-01
2.828766093694377037e-01 9.585057286378223518e-01 3.532126890266542446e-02 1.368290590551202115e+02 -9.586376532106093418e-01 2.837427505550781381e-01 -2.244774709339528510e-02 -4.115590640817076817e+00 -3.153844817548825258e-02 -2.751035574345667145e-02 9.991238695000181913e-01 -3.369610501166447336e-01
2.829102305733766642e-01 9.585399460645440683e-01 3.410239335090815838e-02 1.365385303322666743e+02 -9.586206207222010001e-01 2.837534641241932221e-01 -2.303208889717866040e-02 -3.122005934708799391e+00 -3.175384949742224294e-02 -2.617524390161207054e-02 9.991529160443445301e-01 -3.130868335729858343e-01
2.826749000035810866e-01 9.586489826193681507e-01 3.297012325682598805e-02 1.362777901107831724e+02 -9.586599632593137965e-01 2.835141076727227816e-01 -2.430690415183315092e-02 -2.156924997392955845e+00 -3.264928401072583752e-02 -2.473618544945822145e-02 9.991607204920129881e-01 -2.913531471166015963e-01
2.829321610550381005e-01 9.585458823942365481e-01 3.375179376756862887e-02 1.359868321204821484e+02 -9.585742927111156053e-01 2.837985243163945182e-01 -2.436643068788884800e-02 -1.203576176476446769e+00 -3.293505106871554705e-02 -2.545955494669059627e-02 9.991331710358384299e-01 -2.764492014517805352e-01
2.834070608102089994e-01 9.584013160470744586e-01 3.387263318515128241e-02 1.357019770730653079e+02 -9.584287503819500786e-01 2.842802298408128037e-01 -2.447613854727687457e-02 -2.258383850609538834e-01 -3.308728334257877990e-02 -2.552779501005798465e-02 9.991264000886156404e-01 -2.620913809728100952e-01
2.833856369967620026e-01 9.584216630384936320e-01 3.347381901134862531e-02 1.354433238176296470e+02 -9.584390009570361579e-01 2.842456316374338265e-01 -2.447656705385172285e-02 7.050385151744046341e-01 -3.297365892935461007e-02 -2.514630610533617056e-02 9.991398306028852483e-01 -2.495129111483443407e-01
2.831219728646958145e-01 9.585116434594573853e-01 3.312669362590660305e-02 1.351724284643521514e+02 -9.585436752156929474e-01 2.839528040694030420e-01 -2.376610528319873794e-02 1.637330662686218297e+00 -3.218650617818327037e-02 -2.502467604076341612e-02 9.991685515468258227e-01 -2.298861226636038368e-01
2.837915806600762036e-01 9.583562271482366501e-01 3.186974473349898918e-02 1.349123676627704640e+02 -9.583817730994985684e-01 2.845633381947299534e-01 -2.298006834937077469e-02 2.566281622025155862e+00 -3.109205255161799977e-02 -2.402183254530124851e-02 9.992278197790377403e-01 -2.049460024726608431e-01
2.840947119325717418e-01 9.582525925840609249e-01 3.228255650648442776e-02 1.346471496681742508e+02 -9.583728311570265390e-01 2.848087493388666291e-01 -2.013685167287707772e-02 3.467329930883759292e+00 -2.849054486600871572e-02 -2.521795200080557617e-02 9.992759097172265736e-01 -1.921816100879336908e-01
2.852879084897766981e-01 9.578631935378685291e-01 3.330032629986491577e-02 1.343919618812268197e+02 -9.580872817879001468e-01 2.859551859324280243e-01 -1.727402992401126311e-02 4.364948637881693294e+00 -2.606855846688378719e-02 -2.697654723902188911e-02 9.992961003374214446e-01 -1.664743298052297760e-01
2.861529296226088537e-01 9.576055124439135646e-01 3.328938873177938323e-02 1.341395591790715969e+02 -9.578732936257355890e-01 2.867720850691801715e-01 -1.550885485277021109e-02 5.239887093621330649e+00 -2.439783231590522336e-02 -2.744911217603337658e-02 9.993254184749236213e-01 -1.448010204963409153e-01
2.870321916393575590e-01 9.573301679667828301e-01 3.363733729207615125e-02 1.339027693306324522e+02 -9.576273000250111744e-01 2.876366306234618420e-01 -1.466707079023052765e-02 6.129413823362394709e+00 -2.371655970493797422e-02 -2.800211101714366810e-02 9.993264764657165955e-01 -1.184152216402804825e-01
2.903729243638191182e-01 9.562642916702244200e-01 3.524442182160509446e-02 1.336288381162571568e+02 -9.566071736832273409e-01 2.910149559832175270e-01 -1.459488427659944194e-02 6.976254935771123655e+00 -2.421322053975033875e-02 -2.947710751867682957e-02 9.992721451508863595e-01 -1.001486456802322678e-01
2.941516756572795099e-01 9.550099045799045339e-01 3.782689332969658980e-02 1.333940691079270948e+02 -9.554452312427388350e-01 2.948384449047115052e-01 -1.395354782318659892e-02 7.801954258725074531e+00 -2.447859877998874792e-02 -3.203706537100552837e-02 9.991868817369452538e-01 -9.183509606988600471e-02
2.980246686688468039e-01 9.537622803145492378e-01 3.897190668523637519e-02 1.331581232711442624e+02 -9.542258210685183872e-01 2.987497683829662409e-01 -1.420064408431850542e-02 8.625273897592110828e+00 -2.518688677936729153e-02 -3.295585740719009921e-02 9.991393957741467879e-01 -7.020255855870233264e-02
3.033658856983392771e-01 9.520620685415460693e-01 3.933137469636729944e-02 1.329143845073119792e+02 -9.525429273387736595e-01 3.040902152632702915e-01 -1.382434639303819178e-02 9.430745154776731809e+00 -2.512192202112602940e-02 -3.327098770179045401e-02 9.991305872618992945e-01 -6.056573839321970076e-02
3.087854063320739639e-01 9.502918082431255353e-01 3.996313324781241433e-02 1.326641091831768051e+02 -9.507947904286265794e-01 3.095217182675511491e-01 -1.362249645504532911e-02 1.021720652827356446e+01 -2.531480445918715336e-02 -3.379031079807812143e-02 9.991082902079972961e-01 -4.472011714571599850e-02
3.159400028854461029e-01 9.478894664351092958e-01 4.107887528552165574e-02 1.324163501234321245e+02 -9.484248112547645215e-01 3.167090696128732619e-01 -1.362874229344256290e-02 1.098200881320800981e+01 -2.592859363305540996e-02 -3.465435965969890231e-02 9.990629526610235178e-01 -3.125345915576174805e-02
3.239524829023160968e-01 9.451062812082997588e-01 4.276571101522155111e-02 1.321535276053432995e+02 -9.457045305747270314e-01 3.247572661159500718e-01 -1.325363914278202167e-02 1.173436932059507676e+01 -2.641457299544385656e-02 -3.615017735254166809e-02 9.989972147117389678e-01 -5.116018173810243930e-03
3.329663832585446070e-01 9.418732903809848844e-01 4.481174492465339609e-02 1.318991448805210212e+02 -9.425601560396525969e-01 3.338031178667335008e-01 -1.248321850176531585e-02 1.246939500693709491e+01 -2.671591025762660998e-02 -3.808127317263421130e-02 9.989174524271824396e-01 5.664400993839984258e-03
3.431488326689380863e-01 9.381219672468710247e-01 4.664818542398192075e-02 1.316529099983307844e+02 -9.388964599042866066e-01 3.440061020253952218e-01 -1.154293479650038250e-02 1.320475116938608906e+01 -2.687594113328464068e-02 -3.983687155455430812e-02 9.988446863471271975e-01 2.179570566916800428e-02
3.544196394977203179e-01 9.339175883772200537e-01 4.674031722718528792e-02 1.313817390419556261e+02 -9.346752503684518931e-01 3.553031848595786801e-01 -1.190895346177513019e-02 1.390898881346586613e+01 -2.772896466921553199e-02 -3.946625071391091089e-02 9.988360824298926355e-01 4.016344852696643319e-02
3.667604570434134792e-01 9.290860149237163412e-01 4.781154692074999352e-02 1.311133614765850837e+02 -9.298935556764359456e-01 3.676572173153023204e-01 -1.123145861708155398e-02 1.460220657983832204e+01 -2.801325142468206672e-02 -4.034039447287383895e-02 9.987932270041258720e-01 5.390293615394835952e-02
3.807174579228523315e-01 9.234467425923366113e-01 4.796176419614543024e-02 1.308520491400739445e+02 -9.242558949773844734e-01 3.816176506256580558e-01 -1.090913955340843539e-02 1.527854439040333290e+01 -2.837706515741212493e-02 -4.017564341291285368e-02 9.987895973829149510e-01 7.455560419855591925e-02
3.949791077708049158e-01 9.174130430759263044e-01 4.842326729115604272e-02 1.305647616716217385e+02 -9.182205174554830540e-01 3.959135078008324538e-01 -1.111645896588412709e-02 1.593324231956608372e+01 -2.936981006048136611e-02 -4.007246850506192976e-02 9.987650431987631361e-01 8.383172813806492873e-02
4.107602858990788697e-01 9.103982196386163350e-01 4.950827408933266421e-02 1.302816963213412578e+02 -9.112534324619313564e-01 4.117137729077789965e-01 -1.043796051612140563e-02 1.657176176962737202e+01 -2.988593898595184872e-02 -4.082708505337500487e-02 9.987191696207040614e-01 9.928507783538466358e-02
4.281285800826455934e-01 9.021791604006258458e-01 5.271319997448484923e-02 1.299927183595653730e+02 -9.031611481350059201e-01 4.291833940076156262e-01 -1.007744029721686745e-02 1.717742833968389249e+01 -3.171528670033415404e-02 -4.329407400553257623e-02 9.985588434020330473e-01 1.181970784265916063e-01
4.477315384037792723e-01 8.926769349751940696e-01 5.161743192113933676e-02 1.296827951903821372e+02 -8.936299152865353479e-01 4.487183332513364764e-01 -8.799540019059564483e-03 1.779978600308562164e+01 -3.101683443172550264e-02 -4.218704972503090067e-02 9.986281634363267656e-01 1.184548583046698134e-01
4.687025345175054314e-01 8.819023323890717858e-01 5.065777590633886718e-02 1.293736422690134873e+02 -8.828472763332514406e-01 4.696077701172793328e-01 -7.016331798645226124e-03 1.838929980467474223e+01 -2.997700456046787157e-02 -4.143450698697859896e-02 9.986914242243184470e-01 1.428575829952471454e-01
4.922110392434156934e-01 8.690011642064022768e-01 5.064848912811406589e-02 1.290535986982996803e+02 -8.699686723139291589e-01 4.930768474007873881e-01 -5.452682382871330488e-03 1.895744435201758549e+01 -2.971198468361760034e-02 -4.137872837916013735e-02 9.987016565495149267e-01 1.643147103668475828e-01
5.166298697761250169e-01 8.546432429255762520e-01 5.175427492305904875e-02 1.287132268472916508e+02 -8.556991228118698833e-01 5.174636143655292342e-01 -3.227851041728920997e-03 1.949436462544342419e+01 -2.953961524248892648e-02 -4.261848339009155495e-02 9.986546329916600184e-01 1.698327989949154071e-01
5.424060430263235588e-01 8.385884050992087335e-01 5.064752035059968266e-02 1.283740177571650918e+02 -8.396650597688658513e-01 5.431045812116548355e-01 -3.557967612155066642e-05 2.002291978650877979e+01 -2.753673703322042504e-02 -4.250765457100231376e-02 9.987165901331968021e-01 1.853900720157192761e-01
5.687055645138011650e-01 8.209942079653935743e-01 5.042312340785864988e-02 1.280161046118077195e+02 -8.220971284161203707e-01 5.693435723207203036e-01 2.051366074463564001e-03 2.055275198952851667e+01 -2.702392154299358348e-02 -4.261932826078118630e-02 9.987258385131893013e-01 2.077985377802631928e-01
5.972627399442363982e-01 8.003498676720218752e-01 5.212781203423912796e-02 1.276333306957305069e+02 -8.015790580762170991e-01 5.978698275559657382e-01 4.762661823405447623e-03 2.103109021676183943e+01 -2.735385023159914164e-02 -4.462912292006982612e-02 9.986290643956438062e-01 2.204363445587474712e-01
6.262578524505232336e-01 7.778784982405227977e-01 5.202061336458859570e-02 1.272409442913146052e+02 -7.791544079254569821e-01 6.267879664069360146e-01 7.433288213792257904e-03 2.150607281511402391e+01 -2.682369938924554845e-02 -4.518724531943624223e-02 9.986183465179946372e-01 2.250045956258819868e-01
6.558644540479272589e-01 7.532856131341875150e-01 4.901635397563944285e-02 1.268271296753677433e+02 -7.544770717979342178e-01 6.562499405632513660e-01 1.001816539643304513e-02 2.198331110289036516e+01 -2.462043951995046553e-02 -4.355227379604863919e-02 9.987477326111170450e-01 2.319004254838176460e-01
6.852413727002664157e-01 7.269267146914417665e-01 4.496457053346833432e-02 1.264051120797127084e+02 -7.279207922266197617e-01 6.855967314139920221e-01 9.404366787569222452e-03 2.242021787419350787e+01 -2.399127713448055699e-02 -3.917490701171784384e-02 9.989443154014543413e-01 2.545115471113582606e-01
7.140003389149137680e-01 6.987838340935146331e-01 4.364251636135179496e-02 1.259691428736771854e+02 -6.997089100531164174e-01 7.143682502880464025e-01 9.243601506821720604e-03 2.285280880383018243e+01 -2.471754874940256322e-02 -3.713699216380151463e-02 9.990044477316599725e-01 2.542262715024425912e-01
7.428756878221954851e-01 6.681959046114407386e-01 4.061952115040712297e-02 1.255212379623504120e+02 -6.690567310954814717e-01 7.431184502125141034e-01 1.174987343810638893e-02 2.322543856809976859e+01 -2.233389829455823331e-02 -3.590545935166192942e-02 9.991055975053383387e-01 2.486128253679411870e-01
7.702262457998286793e-01 6.365766398268420945e-01 3.900912589454887808e-02 1.250926176315150968e+02 -6.374855328548721944e-01 7.702693711421616518e-01 1.724213668069773595e-02 2.361382808089393492e+01 -1.907159343989344932e-02 -3.814809961219102485e-02 9.990900844320395047e-01 2.496962289644668598e-01
7.959030948324494759e-01 6.042467560402811078e-01 3.773753365043218400e-02 1.246016012472738481e+02 -6.051723639975932212e-01 7.958223045223744574e-01 2.081512610241323391e-02 2.399150350280929445e+01 -1.745489857264712411e-02 -3.940453573487399941e-02 9.990708728964673435e-01 2.848330372134746935e-01
8.205550747984198257e-01 5.705825838812248474e-01 3.353929320935048614e-02 1.241172147635527665e+02 -5.713763588587179587e-01 8.203845662093427471e-01 2.232084360718585014e-02 2.431594543621592308e+01 -1.477923389063802093e-02 -3.747904072826276078e-02 9.991881182952790930e-01 2.819281373895602405e-01
8.443820561254788970e-01 5.350218222396899703e-01 2.775955719274051173e-02 1.236400917723114787e+02 -5.355917204796799558e-01 8.442371650848151665e-01 2.012754430423586982e-02 2.465656890276110502e+01 -1.266697443745507662e-02 -3.186312624089662066e-02 9.994119715790463765e-01 3.050795472874235914e-01
8.664212807138079731e-01 4.985591850896400334e-01 2.743908314469632737e-02 1.231128144334098522e+02 -4.990949667225842434e-01 8.663594743732102588e-01 1.804093546832790870e-02 2.491442665421078928e+01 -1.477763556509375902e-02 -2.932575870264068213e-02 9.994606652361924803e-01 3.140701597887667895e-01
8.875002097035267212e-01 4.599029594868376813e-01 2.885559956382688016e-02 1.225942838026067676e+02 -4.604734930927755210e-01 8.874998962849767192e-01 1.755267073045788107e-02 2.518011205109255002e+01 -1.753681640422693339e-02 -2.886523768046943966e-02 9.994294663030509618e-01 2.980684895547101032e-01
9.066916357091524548e-01 4.207912105456982355e-01 2.906948326371655220e-02 1.220746309792024675e+02 -4.214556627705605685e-01 9.065703183390283471e-01 2.248070777433575085e-02 2.543440369538843981e+01 -1.689384645797343057e-02 -3.263456803902740205e-02 9.993245633484159063e-01 2.802216840882911231e-01
9.244647091606853495e-01 3.802561860887916367e-01 2.775309806603317581e-02 1.215198286299143149e+02 -3.809424768040119424e-01 9.242315494081634331e-01 2.605518070931303956e-02 2.566460611503308087e+01 -1.574264518198566914e-02 -3.465942897274024159e-02 9.992751838691353861e-01 2.986483772148620930e-01
9.395631755324533874e-01 3.415924927578298798e-01 2.314320784627677333e-02 1.209803787549740832e+02 -3.421326235200336519e-01 9.392950597248844735e-01 2.588549200899635527e-02 2.589413768398344473e+01 -1.289601105448508547e-02 -3.223910148920872826e-02 9.993969847987254074e-01 3.023196138801659272e-01
9.528689725332658567e-01 3.028139183317263838e-01 1.855941923901423957e-02 1.203891907040909359e+02 -3.031930793896331355e-01 9.526509690497623195e-01 2.302363515247227849e-02 2.605907028303307271e+01 -1.070877154818770417e-02 -2.756559504234708941e-02 9.995626344419942244e-01 3.047883043878805709e-01
9.646651890861323020e-01 2.630036448840248897e-01 1.581631238943890377e-02 1.198036869225995389e+02 -2.633028514891884164e-01 9.644759206754904834e-01 2.139642100221415821e-02 2.620431212977729984e+01 -9.627115742336198045e-03 -2.480486266390147590e-02 9.996459560371533382e-01 3.015550866530699037e-01
9.741588675679657694e-01 2.253393531689584228e-01 1.538429870133376301e-02 1.192276559429856491e+02 -2.256387975059190310e-01 9.739680767418208429e-01 2.175588529137688354e-02 2.635581112755120614e+01 -1.008135869887987444e-02 -2.466498323767403120e-02 9.996449393656678950e-01 3.139068348787876772e-01
9.819758761576025119e-01 1.882535529072190406e-01 1.685166035545473603e-02 1.186281092135315447e+02 -1.886143129766900128e-01 9.817758147498472088e-01 2.325705289801224124e-02 2.646789749769405731e+01 -1.216632973706534455e-02 -2.601632923668096078e-02 9.995874804260460600e-01 3.060252506409992801e-01
9.882593478856712688e-01 1.518674431559512150e-01 1.672546024079789306e-02 1.180224821432136082e+02 -1.522646498597477194e-01 9.880030266903797598e-01 2.579720237996099841e-02 2.657556636444460096e+01 -1.260705017457981574e-02 -2.804102274846285298e-02 9.995272699230488556e-01 3.033905875867209945e-01
9.930047952926932542e-01 1.171151986787044852e-01 1.501688245153073691e-02 1.173893683853639089e+02 -1.174894331025290312e-01 9.927046399367981389e-01 2.708746858026840967e-02 2.665043141356326473e+01 -1.173497462243796620e-02 -2.866231119860488882e-02 9.995202660667102945e-01 3.082209290450669825e-01
9.965678114246198094e-01 8.105595295177003834e-02 1.680862034268075164e-02 1.167480452563806637e+02 -8.152444234312737625e-02 9.962387057923967060e-01 2.936335094310987132e-02 2.670604634055611371e+01 -1.436532378370381988e-02 -3.063288378533074105e-02 9.994274680507234665e-01 3.014636780001110905e-01
9.988226086850575669e-01 4.580415474392528913e-02 1.598048128745793717e-02 1.161245947837247883e+02 -4.627156000313872170e-02 9.984716817303770364e-01 3.021991916344151860e-02 2.675325215457367278e+01 -1.457186017214425096e-02 -3.092378029171882065e-02 9.994155195384367696e-01 3.115574764953208953e-01
9.998511331109565248e-01 1.132060298115326359e-02 1.302135013353641034e-02 1.154767515126588791e+02 -1.168950511267816128e-02 9.995222321990802072e-01 2.861228419437080589e-02 2.675508787088906004e+01 -1.269122064186920494e-02 -2.876023791144629443e-02 9.995057686799925234e-01 2.997290454682046690e-01
9.996743246815372741e-01 -2.305847751540264501e-02 1.093394629691440967e-02 1.148393457052366102e+02 2.268395676417167203e-02 9.991905524617962220e-01 3.322164916755486475e-02 2.673748139120371903e+01 -1.169113649124982335e-02 -3.296280453119520421e-02 9.993881982671513065e-01 2.724687263432953310e-01
9.984319472268673445e-01 -5.538966690400232151e-02 8.101330229719918771e-03 1.141690827913579511e+02 5.508577859152431755e-02 9.979071932733684092e-01 3.386429693643363409e-02 2.672640304963187319e+01 -9.960107838454074561e-03 -3.336492784825500352e-02 9.993936050586902375e-01 3.096087643063842876e-01
9.962160472816582457e-01 -8.680293914522260734e-02 4.340148470601466052e-03 1.135032663420138164e+02 8.662302310153659202e-02 9.957364994849334794e-01 3.170607921153070774e-02 2.666550365926687149e+01 -7.073825109569312555e-03 -3.121014812553668180e-02 9.994878126535496898e-01 2.920458452556221607e-01
9.931392378856860326e-01 -1.169377780397110322e-01 -1.011607097985162823e-04 1.128492431832805067e+02 1.168930609397809683e-01 9.927347844364395879e-01 2.852472735625192005e-02 2.659959008468661423e+01 -3.235192480655168894e-03 -2.834085097234122913e-02 9.995930820521171656e-01 3.025391580861069851e-01
9.895831475971389457e-01 -1.439619707162697604e-01 -3.807542143475805586e-04 1.121878857237751532e+02 1.439256934648334707e-01 9.892670784992722011e-01 2.521987618572285594e-02 2.652505048092172402e+01 -3.254035467524622922e-03 -2.501196477203629712e-02 9.996818558231862495e-01 3.159152803558977207e-01
9.855708758205742326e-01 -1.692562712913376899e-01 1.537321499686828937e-03 1.115409732243919905e+02 1.691652839882214765e-01 9.852687749360449221e-01 2.507085610440486570e-02 2.640994187422147732e+01 -5.758074492862023941e-03 -2.444904418012625383e-02 9.996844946319214387e-01 3.101877085996374017e-01
9.814194303631698091e-01 -1.918563349333635704e-01 2.654890990356135669e-03 1.108867549688520739e+02 1.917346545508740452e-01 9.811377745043744492e-01 2.462701121564930817e-02 2.629696594034914980e+01 -7.329661949901406133e-03 -2.366039271170807673e-02 9.996931838634748324e-01 2.959831080260389990e-01
9.770613359677111642e-01 -2.129339271330364103e-01 3.207557844273862396e-03 1.102226386127201181e+02 2.127990923480817809e-01 9.768030294598990526e-01 2.392463020214000147e-02 2.616317539585725882e+01 -8.227517683478832722e-03 -2.269326574971661931e-02 9.997086193651837371e-01 2.948165528950322245e-01
9.727556116695585953e-01 -2.318045688277375338e-01 3.627923734959137732e-03 1.095677216548501178e+02 2.316772930310511402e-01 9.725567864820898745e-01 2.142262724100298457e-02 2.600070502113908688e+01 -8.494224719909855559e-03 -1.999847331492967534e-02 9.997639267357764092e-01 2.873129603334681481e-01
9.687475472811937216e-01 -2.480296980192729650e-01 3.075472617402137763e-03 1.088942179879991698e+02 2.479140879050259483e-01 9.685556629682408047e-01 2.094117348204617771e-02 2.588831243321211062e+01 -8.172799354685846354e-03 -1.952425745887402531e-02 9.997759792633770237e-01 2.732050874248976302e-01
9.653224695878964701e-01 -2.610423928353525214e-01 3.065753776511232105e-03 1.082346408539571883e+02 2.609261959404723941e-01 9.651362066259380201e-01 2.072734734910393686e-02 2.571032481474087561e+01 -8.369586319327076973e-03 -1.920863866021549696e-02 9.997804650103533364e-01 2.815427039896098993e-01
9.622391990959618946e-01 -2.721784379191737324e-01 3.823826585674110125e-03 1.075643746612913247e+02 2.720426180912333125e-01 9.620548328027515028e-01 2.105499036590574580e-02 2.553706479314975297e+01 -9.409445234622330900e-03 -1.921969327093351818e-02 9.997710066418197261e-01 2.793047189630365468e-01
9.595410497840264341e-01 -2.815294209363463085e-01 4.707326347762590818e-03 1.069438804280965911e+02 2.813668478977256471e-01 9.593519517647222106e-01 2.182955669864343473e-02 2.535092446200608052e+01 -1.066164517586897301e-02 -1.962187017420471274e-02 9.997506246677995145e-01 2.735224784222443084e-01
9.576115384711941791e-01 -2.880072718597975756e-01 5.652675246928620147e-03 1.062718761128024738e+02 2.878186695268896145e-01 9.574235549484950702e-01 2.237297248639615044e-02 2.517392660474559563e+01 -1.185558319897210555e-02 -1.979767113379545321e-02 9.997337132233415913e-01 2.697360316592176677e-01
9.558543988325262086e-01 -2.937860289915292245e-01 5.668985503782026161e-03 1.056102204232215627e+02 2.935934778743123919e-01 9.556636394715080085e-01 2.258047692222611008e-02 2.498884772840366253e+01 -1.205147196625865752e-02 -1.991927102353254278e-02 9.997289555954522733e-01 2.719998326335813510e-01
9.541273140937486241e-01 -2.993422803672454169e-01 5.938659742436825338e-03 1.049740769934514333e+02 2.991410522647160453e-01 9.539374410858357800e-01 2.275937918403206014e-02 2.480812206671480880e+01 -1.247795434275930475e-02 -1.993884840666547073e-02 9.997233332128785399e-01 2.750435853208834658e-01
9.528143813878965362e-01 -3.034883238992631682e-01 6.292207241461904473e-03 1.043210473357841863e+02 3.032609185611749858e-01 9.526012924109703572e-01 2.415766889914579968e-02 2.461205334094700703e+01 -1.332553519374060289e-02 -2.110959379985286738e-02 9.996883590159648669e-01 2.720287017869586488e-01
9.516092133779595619e-01 -3.072447513857518575e-01 6.369282129400593087e-03 1.036566376111074561e+02 3.070101953478404644e-01 9.513907147439859546e-01 2.450403737449131578e-02 2.440208284859088295e+01 -1.358841274846128711e-02 -2.136283317951275657e-02 9.996794408149767275e-01 2.766369654351816809e-01
9.502113481277859597e-01 -3.115420335257668150e-01 6.321014994774052861e-03 1.030111671597326506e+02 3.112878042069351925e-01 9.499619680594895144e-01 2.592609088910698481e-02 2.419839574658182357e+01 -1.408179092142851883e-02 -2.266761089710637306e-02 9.996438778741562059e-01 2.783402653735077559e-01
9.487230638551374939e-01 -3.160340255425603262e-01 6.858775652200513329e-03 1.023728679794276246e+02 3.157534043744903984e-01 9.484624748501195857e-01 2.680898027362304398e-02 2.398756209666575856e+01 -1.497784128598802882e-02 -2.326861614176815168e-02 9.996170445545000671e-01 2.801415663678707424e-01
9.473297327207527152e-01 -3.201558907097297735e-01 8.159849376802488785e-03 1.017143389969003238e+02 3.198286136847807160e-01 9.470687622101225944e-01 2.775639584753315792e-02 2.377940676985720003e+01 -1.661431208446970467e-02 -2.368470574524294409e-02 9.995814120612346310e-01 2.869875113179716219e-01
9.458385550910406447e-01 -3.245234557547464482e-01 8.599672264606466124e-03 1.010719408025711772e+02 3.241673269901995114e-01 9.455626109755000952e-01 2.875574435470115015e-02 2.358150251070768988e+01 -1.746344209074658302e-02 -2.441055891977754119e-02 9.995494749106588195e-01 2.830134023443321989e-01
9.445810000745485935e-01 -3.281561658234906087e-01 8.959080586869592328e-03 1.004262728359578034e+02 3.277509221482572954e-01 9.442583997669569129e-01 3.090966671874940258e-02 2.337661024137745969e+01 -1.860288481555457882e-02 -2.626033697699720060e-02 9.994820295377978558e-01 2.886487545735753057e-01
9.438000120439242746e-01 -3.303852987157108734e-01 9.332290886426142587e-03 9.977628309853297139e+01 3.299648763358413173e-01 9.434789983539036973e-01 3.115381270283868603e-02 2.317191739307087772e+01 -1.909758217374180403e-02 -2.632364059565845543e-02 9.994710342433665851e-01 2.938133062055597322e-01
9.434482033072847385e-01 -3.313773702837982671e-01 9.722455184683403626e-03 9.914023503183781827e+01 3.309542003783896291e-01 9.431456371019077967e-01 3.075100752268029869e-02 2.295419447273471292e+01 -1.935987919570539978e-02 -2.579429541556925790e-02 9.994797893865262628e-01 2.957845499823851254e-01
9.432663127556413230e-01 -3.319154260445706384e-01 8.989614496287930828e-03 9.849837406209968549e+01 3.314811527362971355e-01 9.429077671331262955e-01 3.232936833204322347e-02 2.273378555815460800e+01 -1.920699339567229214e-02 -2.751531628417798817e-02 9.994368408083966759e-01 3.021258147184374132e-01
9.431299572908704576e-01 -3.322996133530402574e-01 9.102231633017751622e-03 9.785293545930987591e+01 3.318283459762841336e-01 9.427250819568118168e-01 3.404950296649873059e-02 2.252203139447200186e+01 -1.989553873276684454e-02 -2.909272781087561544e-02 9.993786973503278048e-01 3.064544367635751998e-01
9.432068111507182495e-01 -3.320652569934608445e-01 9.673494276400785435e-03 9.720813086891674004e+01 3.315270552714844610e-01 9.427405272310779294e-01 3.647067226110618787e-02 2.231116622143243688e+01 -2.123023825132294359e-02 -3.119236141207313781e-02 9.992879032410569851e-01 3.128232895547555792e-01
9.431515300654786937e-01 -3.322112893876330575e-01 1.004243662187699962e-02 9.657171276220284994e+01 3.316316858202215667e-01 9.426498356805232959e-01 3.783797361908640411e-02 2.209483964089466923e+01 -2.203670323517226137e-02 -3.235655252655980640e-02 9.992334247860673591e-01 3.186082874072450055e-01
9.434268165547821106e-01 -3.314414796548239006e-01 9.611834594736145404e-03 9.591861246477154168e+01 3.308641416800719992e-01 9.428969512462516134e-01 3.839608153057093992e-02 2.188729241835016026e+01 -2.178902361061433104e-02 -3.304368156320497407e-02 9.992163697365117336e-01 3.216908278632466534e-01
9.438364075200131875e-01 -3.302739282595489878e-01 9.590002422394671572e-03 9.529171547282054178e+01 3.296962804156989835e-01 9.433027824034149189e-01 3.847367133624149393e-02 2.168189228361235621e+01 -2.175312653500204030e-02 -3.315106361005985824e-02 9.992135950126167510e-01 3.377709534832025184e-01
9.439380514426388702e-01 -3.299818923101485169e-01 9.638764486311700297e-03 9.463609385245881356e+01 3.293869586380249181e-01 9.433811089250397908e-01 3.919585180352398723e-02 2.146326028771395755e+01 -2.202694967851388796e-02 -3.382357265667694513e-02 9.991850576400544970e-01 3.403779965049869571e-01
9.443910661233645421e-01 -3.287154005744222784e-01 8.467564366497220066e-03 9.399964215838072334e+01 3.281751793628338576e-01 9.438312356297059447e-01 3.851818136821198030e-02 2.124417702802025687e+01 -2.065347115656503835e-02 -3.359738191251259581e-02 9.992220223996104433e-01 3.433595621748321558e-01
9.448798520190577754e-01 -3.273119863276985897e-01 8.302339994374871232e-03 9.336287462354309241e+01 3.267844728853082636e-01 9.443262096933406902e-01 3.820887283486647246e-02 2.104037853545575487e+01 -2.034633932130466838e-02 -3.338971831103915849e-02 9.992352841938113572e-01 3.619150070038411604e-01
9.450614899417260073e-01 -3.267698777480522732e-01 8.956964908095811639e-03 9.272122763053076255e+01 3.262209036272322171e-01 9.445210857099543000e-01 3.820786152013450759e-02 2.083614609222058789e+01 -2.094522045751997033e-02 -3.318682934941731555e-02 9.992296693394717710e-01 3.690265232799669337e-01
9.455016836127325686e-01 -3.254970039904520607e-01 8.846845394705761881e-03 9.207911207246661434e+01 3.249889785964640843e-01 9.450160241326285293e-01 3.642633551974893552e-02 2.061955428771241827e+01 -2.021707373895830634e-02 -3.156603431291556128e-02 9.992971807213998359e-01 3.659233774154098118e-01
9.460584233154242240e-01 -3.238752758649624530e-01 8.846770711991813058e-03 9.144834108320070243e+01 3.233721963257008003e-01 9.455783242601917271e-01 3.622230429973432447e-02 2.041312642061294014e+01 -2.009682342240791050e-02 -3.140761641890529865e-02 9.993045978628120052e-01 3.742062104056324556e-01
9.464600736871392472e-01 -3.225695551330668431e-01 1.273620870137936144e-02 9.081018898706427933e+01 3.219297728114982604e-01 9.460420160601050732e-01 3.695571975300903506e-02 2.020369635767281480e+01 -2.396977863708708856e-02 -3.087694846664631315e-02 9.992357398312058381e-01 4.447115982330678285e-01
9.467743606374696697e-01 -3.215460836849131088e-01 1.504746161623776723e-02 9.017627484363120516e+01 3.207963550604076564e-01 9.463668442978399042e-01 3.846419880473476299e-02 2.000137445470973319e+01 -2.660843125212276200e-02 -3.158974639115270239e-02 9.991466755685971535e-01 3.825723197411308729e-01
9.475154816291394555e-01 -3.195629540714769456e-01 9.691772432737114779e-03 8.953434097441932238e+01 3.190244214362263908e-01 9.470334677138021462e-01 3.675635391642097238e-02 1.979210191691300125e+01 -2.092440189360590327e-02 -3.173530229077194120e-02 9.992772588148103319e-01 3.751435724097853530e-01
9.479737979306279705e-01 -3.182779433499486332e-01 6.695461789609374187e-03 8.886994659876641833e+01 3.178559237025926354e-01 9.474674259371951290e-01 3.568036646512827426e-02 1.961016931548721587e+01 -1.770000560365323286e-02 -3.169586031752015531e-02 9.993408238588542547e-01 3.813245035749309730e-01
9.483612180551388438e-01 -3.171309852393756623e-01 6.240054866380293115e-03 8.823124159986598158e+01 3.167043938595525687e-01 9.478097996702726791e-01 3.680910967425221614e-02 1.940668004830604332e+01 -1.758769436951179710e-02 -3.293207929186430655e-02 9.993028325541790657e-01 3.911605111076353336e-01
9.488495424388003752e-01 -3.157273592762673275e-01 8.834097366899468229e-04 8.758698659746026749e+01 3.154878020858988275e-01 9.482314389952687383e-01 3.639484622749299819e-02 1.920013595345051982e+01 -1.232852557639270083e-02 -3.425452819369790430e-02 9.993370976531704697e-01 4.009429030007611860e-01
9.494199259889515297e-01 -3.140040426257427741e-01 1.807026414612255324e-03 8.696646810089833934e+01 3.137039459940025310e-01 9.487348452544871469e-01 3.862677392279269262e-02 1.900427793920018615e+01 -1.384335209106662100e-02 -3.610615752197871703e-02 9.992520737943946241e-01 4.398840972421531603e-01
9.497578660565986208e-01 -3.129331944174890690e-01 5.728148907949858273e-03 8.633570443776760328e+01 3.124881886976457190e-01 9.491210153464721966e-01 3.899269352179862702e-02 1.882016904546697589e+01 -1.763881465018289629e-02 -3.524363851400625497e-02 9.992230772718089238e-01 4.327706192468502300e-01
9.501524274111643464e-01 -3.117259270136574223e-01 6.108281817994619216e-03 8.570389159377667454e+01 3.112435219662164076e-01 9.494728550275650658e-01 4.035799296050028573e-02 1.861631115163166328e+01 -1.838028054496410740e-02 -3.644508183045121197e-02 9.991666133773527969e-01 4.169616544813948833e-01
9.506220470940014433e-01 -3.102915587467788838e-01 6.072243729820841519e-03 8.506866722490671862e+01 3.098130732388421626e-01 9.499442352053987237e-01 4.027169783179074258e-02 1.841123031001978205e+01 -1.826426081940771967e-02 -3.640190334119862425e-02 9.991703149115085392e-01 4.175217047917095803e-01
9.509189938486861671e-01 -3.093978378459441569e-01 5.103436945646699224e-03 8.443344888909665258e+01 3.089666956870437131e-01 9.502473728017126753e-01 3.961705990585819709e-02 1.822248341622926660e+01 -1.710696022643822672e-02 -3.609582269495656415e-02 9.992019032639429810e-01 4.228354628608539945e-01
9.513469920348177622e-01 -3.080912311554814265e-01 4.323658866628496585e-03 8.380105099095760579e+01 3.076814185819948255e-01 9.506442360204333530e-01 4.009589974550482189e-02 1.802117971043006150e+01 -1.646345649684813686e-02 -3.681480412204756608e-02 9.991864814878791412e-01 4.358299078278082272e-01
9.519095602885415675e-01 -3.063393418756792941e-01 4.939296005537790850e-03 8.317637831204807242e+01 3.059006300430212044e-01 9.511999610745460743e-01 4.053934615853025530e-02 1.783199890696522516e+01 -1.711705479036974495e-02 -3.707885741586857548e-02 9.991657343797015756e-01 4.386355411064024046e-01
9.523031524183664942e-01 -3.050955440338589675e-01 5.951041866303312736e-03 8.250682865329429205e+01 3.046056745483181061e-01 9.515806299825395609e-01 4.134836962790574416e-02 1.763300595188736608e+01 -1.827809949462431971e-02 -3.756346162184422133e-02 9.991270677047714432e-01 4.434266695304768247e-01
9.526576013405748666e-01 -3.039784980166616024e-01 6.369250043491167176e-03 8.189031779296095692e+01 3.034660567699149492e-01 9.519266512144659576e-01 4.176126305574311137e-02 1.743810445610571591e+01 -1.875758488350903405e-02 -3.785133349613686859e-02 9.991073163341280816e-01 4.496874508740287824e-01
9.531576512212646124e-01 -3.023594381146389454e-01 8.322385229649896174e-03 8.122568974986441503e+01 3.017674314990028694e-01 9.524507312229107958e-01 4.211913906182794542e-02 1.724039580330078181e+01 -2.066178111800977615e-02 -3.763475484471259097e-02 9.990779329057801750e-01 4.580414567597952402e-01
9.534071102852370583e-01 -3.014850747406196962e-01 1.102867901135473443e-02 8.057973036533245192e+01 3.007843410514994820e-01 9.527453375459228324e-01 4.248649148358291106e-02 1.703769247549566046e+01 -2.331656556766761867e-02 -3.718966912219193871e-02 9.990361686501562088e-01 4.681441100660513333e-01
9.537001253016116342e-01 -3.004272500501782850e-01 1.412580693290615280e-02 7.990276698772230191e+01 2.996498204119605879e-01 9.531640938204324343e-01 4.108765476890343521e-02 1.684022843551469606e+01 -2.580806309784276081e-02 -3.495250599058661450e-02 9.990556872339927397e-01 4.715536958602752349e-01
9.540232892892781535e-01 -2.992361600087679596e-01 1.724192655679840022e-02 7.924109974331130957e+01 2.983709916964613074e-01 9.535938176315064130e-01 4.041759870262301435e-02 1.663609511968587640e+01 -2.853620160110247397e-02 -3.341483973368206128e-02 9.990341003560491151e-01 4.839383513492361844e-01
9.542998288421223885e-01 -2.981977125954572427e-01 1.974742690172661894e-02 7.854995798163724885e+01 2.972524318888060679e-01 9.539462790804451586e-01 4.034214124960409931e-02 1.641605770903033346e+01 -3.086791865609359378e-02 -3.262852781927054469e-02 9.989907661037972231e-01 4.793744760099805657e-01
9.546024832066628552e-01 -2.971667194325221528e-01 2.064073428638958999e-02 7.784294937379377188e+01 2.962141223927180489e-01 9.542975459656221071e-01 3.966594830497920804e-02 1.621181988883349234e+01 -3.148480180734696682e-02 -3.175113575822182538e-02 9.989997860979130673e-01 4.827405169293106924e-01
9.549857896707382166e-01 -2.959001254895427535e-01 2.110111979763537593e-02 7.712127574775992400e+01 2.950260318502933021e-01 9.547833483201112470e-01 3.672054325752351078e-02 1.598704258552419333e+01 -3.101261117158119612e-02 -2.884221735813737031e-02 9.991027697072236702e-01 4.937695161131379629e-01
9.554465200799794333e-01 -2.943834332934766596e-01 2.145556953046885360e-02 7.639442803158185313e+01 2.935990823149062789e-01 9.553417818414419171e-01 3.349117387724419304e-02 1.577046030890908668e+01 -3.035664877661764169e-02 -2.569969000940374240e-02 9.992086868111842435e-01 5.033351845048762430e-01
9.557892375130521145e-01 -2.933205668218427098e-01 2.073592361087968350e-02 7.564581549372337577e+01 2.925958016266634321e-01 9.556971395171962591e-01 3.210411788075422795e-02 1.554691564508257073e+01 -2.923406093420375523e-02 -2.461752615855918730e-02 9.992694066554735910e-01 5.049757230954702303e-01
9.562280217551835104e-01 -2.920452251297389057e-01 1.837272117960254275e-02 7.487476161576573475e+01 2.913763267894950437e-01 9.560654363462991467e-01 3.222914219174551065e-02 1.531976423385469488e+01 -2.697789077850434869e-02 -2.546503287012149772e-02 9.993116258207532798e-01 5.127673723537374828e-01
9.566174403737111032e-01 -2.908395797601853738e-01 1.718754235524908719e-02 7.409263591724017317e+01 2.902153416458277957e-01 9.564366808558664168e-01 3.168486993177901251e-02 1.509664178458175421e+01 -2.565401021796599734e-02 -2.532221069571149313e-02 9.993501175242164303e-01 5.265400876688492993e-01
9.569891282977868174e-01 -2.896674487496695982e-01 1.626583687165666578e-02 7.331363781676026292e+01 2.890824965370506483e-01 9.568003781816523112e-01 3.105392894835504181e-02 1.487077437928926038e+01 -2.455847124228891995e-02 -2.501610366306110389e-02 9.993853491212504325e-01 5.339697046657618795e-01
9.573851828391971575e-01 -2.883294204185541387e-01 1.672593780577793371e-02 7.252817962308445487e+01 2.877581168379287346e-01 9.572315015551379203e-01 3.005193205358179173e-02 1.464011464284000574e+01 -2.467545071213382568e-02 -2.395825009811839226e-02 9.994083871845527156e-01 5.501106632563528276e-01
9.577791497397959430e-01 -2.870377087914987024e-01 1.638456742960983648e-02 7.169159352699912802e+01 2.864828134673954030e-01 9.576242204723487417e-01 2.972288593479559260e-02 1.439452054575878392e+01 -2.422184768987408615e-02 -2.377406344342526331e-02 9.994238820402042700e-01 5.406098969689520084e-01
9.580941637908297892e-01 -2.860609648650290771e-01 1.498991944090600006e-02 7.088196777097417112e+01 2.855613894762142335e-01 9.579285019624562691e-01 2.876939283563519772e-02 1.416373473674459227e+01 -2.258907134762465699e-02 -2.328324514760645239e-02 9.994736736610326799e-01 5.503072801281171378e-01
9.584412733757561309e-01 -2.849585396790535463e-01 1.374613211911886179e-02 7.003952681064268404e+01 2.844953659525694123e-01 9.582554208358482484e-01 2.844178591386180982e-02 1.392282199617417326e+01 -2.127703539846167655e-02 -2.334907062036029740e-02 9.995009297925868674e-01 5.470598714991778966e-01
9.588057959131720542e-01 -2.838192377650732845e-01 1.175099962335895629e-02 6.917636412936725776e+01 2.834067480841064857e-01 9.585829242567318609e-01 2.827352930819471838e-02 1.368152878538495187e+01 -1.928887911898380728e-02 -2.377851118128452429e-02 9.995311508596206318e-01 5.643694399412733098e-01
9.593094972889076866e-01 -2.821118833228375977e-01 1.175473069539206307e-02 6.830411576401094464e+01 2.816908373313594116e-01 9.590749335959479760e-01 2.873227988197203653e-02 1.343520525545809896e+01 -1.937938515068785700e-02 -2.425194903700981369e-02 9.995180250448243431e-01 5.603209033765574887e-01
9.598268046438838130e-01 -2.804044345390416804e-01 1.028874007435368922e-02 6.742625054284546593e+01 2.799927350417279470e-01 9.595263746029099039e-01 3.021927796909920638e-02 1.318850712526447921e+01 -1.834593701377934538e-02 -2.612450053784392059e-02 9.994903386512287158e-01 5.638960259487351134e-01
9.601820324881201740e-01 -2.792271462712991870e-01 9.092044133448667562e-03 6.651448999423465125e+01 2.788027936068280255e-01 9.597894843526835196e-01 3.275893769273476724e-02 1.295374167360616369e+01 -1.787363303727280972e-02 -2.891965607164387331e-02 9.994219262779627799e-01 5.563807374992022492e-01
9.607287607891599190e-01 -2.773929296376255182e-01 7.308267505022071273e-03 6.560692077819582835e+01 2.770058475396374176e-01 9.602764637856695540e-01 3.371755512858579107e-02 1.270549984262839338e+01 -1.637096867334930997e-02 -3.036899212094249650e-02 9.994046806437598685e-01 5.497535567905649234e-01
9.611890016645329160e-01 -2.758368107022589055e-01 5.454991757865684451e-03 6.468578751423027029e+01 2.754870704907286250e-01 9.606641953162829983e-01 3.508814365936455126e-02 1.245518361833392618e+01 -1.491901690787310157e-02 -3.222355807498127056e-02 9.993693337449806036e-01 5.469681894937177269e-01
9.617873584440796986e-01 -2.737639938279582408e-01 4.284018539455685531e-03 6.374720800927440933e+01 2.734600668793182865e-01 9.612609865198656900e-01 3.459635259549663500e-02 1.220661545076986876e+01 -1.358929554580955851e-02 -3.210282657800903050e-02 9.993921850618316949e-01 5.531980086099607119e-01
9.622933632178332086e-01 -2.719754858091426031e-01 4.562698773995863509e-03 6.280084342342961179e+01 2.716908445575551001e-01 9.618328658768807715e-01 3.258255819236816758e-02 1.194623838730776377e+01 -1.325021073107885902e-02 -3.011433602149044680e-02 9.994586327967532879e-01 5.514125202334480003e-01
9.628051943883080277e-01 -2.701217265820317626e-01 6.356923904978042592e-03 6.184299889830978003e+01 2.698008394042433200e-01 9.624019253172481081e-01 3.146492011912673664e-02 1.168146784481269229e+01 -1.461727435447589957e-02 -2.857948512578884284e-02 9.994846413581229827e-01 5.539304473054021960e-01
9.633404442917906652e-01 -2.681828046401827370e-01 7.291891476761950229e-03 6.087503698566515453e+01 2.678738017944213290e-01 9.630182602948078596e-01 2.897337824002764461e-02 1.142096793696108570e+01 -1.479238648040903485e-02 -2.595792037388445009e-02 9.995535861885843643e-01 5.446277626063251720e-01
9.639149667808456501e-01 -2.661134627942693953e-01 7.180649678142276594e-03 5.987680322619078055e+01 2.658253278520160690e-01 9.636208741019688384e-01 2.777959796311004620e-02 1.115388315098321748e+01 -1.431194892835407212e-02 -2.486837169256006161e-02 9.995882813426791857e-01 5.371454972369777980e-01
9.644604647296842748e-01 -2.641530190713003989e-01 6.260549750865334988e-03 5.889185780234965506e+01 2.638962565822329243e-01 9.641675665197807499e-01 2.719686432048539632e-02 1.089632495895107844e+01 -1.322035283777963678e-02 -2.457816475796813227e-02 9.996104921810038402e-01 5.241175319070627836e-01
9.650831047592638434e-01 -2.619236400027101785e-01 3.256947988959360205e-03 5.788923764443388364e+01 2.617326445696741555e-01 9.647295222570366757e-01 2.815975227033467448e-02 1.063287741990184720e+01 -1.051777869349769697e-02 -2.632405153958226190e-02 9.995981295662096366e-01 5.149536988707682506e-01
9.655837642368514384e-01 -2.600911531789467102e-01 -7.656856266401879801e-04 5.684346384899484406e+01 2.600057790890854537e-01 9.651825301655554412e-01 2.863002443481921233e-02 1.037013829567957934e+01 -6.707389680219054059e-03 -2.784376945151845195e-02 9.995897835696261335e-01 5.037997890230551112e-01
9.660743077102516008e-01 -2.581321565797317086e-01 -8.259643810944104075e-03 5.580444600901872576e+01 2.582628930250160937e-01 9.656793348436907287e-01 2.763512869215645207e-02 1.010696847523375119e+01 8.426519749046932489e-04 -2.883074732539764318e-02 9.995839524205398785e-01 4.897311782186871687e-01
9.664084145385097857e-01 -2.565558515939701523e-01 -1.529285180318280639e-02 5.476281587730549916e+01 2.568797689836259668e-01 9.661055766694317537e-01 2.554993171753214623e-02 9.832020046763014776e+00 8.219524920473508800e-03 -2.862009324067859087e-02 9.995565665150389911e-01 4.814478593086373714e-01
9.664829179829589334e-01 -2.560169743624044481e-01 -1.913316700584039368e-02 5.375513318684786412e+01 2.564118784408482843e-01 9.663117548173399962e-01 2.223827987690785851e-02 9.586852168727581613e+00 1.279522705573122796e-02 -2.639888891850152020e-02 9.995695977863747750e-01 4.728219040055304800e-01
9.666655690858966254e-01 -2.553130663598932593e-01 -1.931102493261374620e-02 5.269220829012832752e+01 2.556962767550330917e-01 9.665294357631303290e-01 2.098246536096452439e-02 9.317881886536111935e+00 1.330757646124471408e-02 -2.522078399422190975e-02 9.995933275356502223e-01 4.657823637449765575e-01
9.670444609067097019e-01 -2.538515538244234260e-01 -1.960610223289643156e-02 5.165106365098423424e+01 2.542445547594168187e-01 9.669089073483746466e-01 2.113932972343823130e-02 9.049662989218312248e+00 1.359106319048581160e-02 -2.542741644874814064e-02 9.995842783299646594e-01 4.293578256895010936e-01
9.673181864089378523e-01 -2.527297269389847667e-01 -2.057210144952453454e-02 5.061328771906618584e+01 2.531414937996175896e-01 9.672072603763892662e-01 2.072437182851901566e-02 8.782027863097400910e+00 1.465982105019704614e-02 -2.525471426280112563e-02 9.995735535940397654e-01 4.011334521060751501e-01
9.675521337266758115e-01 -2.516685416931807584e-01 -2.249030095741557170e-02 4.955694371092793205e+01 2.521289100253045201e-01 9.674722467142862214e-01 2.069938556198864035e-02 8.523636172600353333e+00 1.654935781844890999e-02 -2.569818973351271907e-02 9.995327517348032709e-01 3.728443360567709752e-01
9.677998022563779612e-01 -2.505120837429494762e-01 -2.464221267342718569e-02 4.851543778552318997e+01 2.510390343017272485e-01 9.677432336999982621e-01 2.127056370432567345e-02 8.266980736313007228e+00 1.851880134238383449e-02 -2.677180461917351428e-02 9.994700217938500275e-01 3.442488565839546544e-01
9.679712085323255444e-01 -2.498213684448026828e-01 -2.492033938350314906e-02 4.747355233789595985e+01 2.503445155752934692e-01 9.679360890712304100e-01 2.067246938384425040e-02 8.011923387715405909e+00 1.895687125082802515e-02 -2.624902546340775189e-02 9.994756753843089259e-01 3.143892038670654254e-01
9.682001087140198470e-01 -2.485832846636144011e-01 -2.819397215990358113e-02 4.641234257450179967e+01 2.492282960661666713e-01 9.681892201708754975e-01 2.224613180809328905e-02 7.748827384922042150e+00 2.176708340335015840e-02 -2.856544287547066463e-02 9.993548966927380262e-01 2.705191374126706960e-01
9.684772552974050264e-01 -2.469322716229759018e-01 -3.280638957362630448e-02 4.534625134721591877e+01 2.477162529180092776e-01 9.685731249981154312e-01 2.242230066683564838e-02 7.492304026652080395e+00 2.623859763082455818e-02 -2.984216410388385726e-02 9.992101787042970695e-01 2.327535562456559126e-01
9.687270403100484151e-01 -2.453421948899533189e-01 -3.708272876743562430e-02 4.427168430895350326e+01 2.462672907549039447e-01 9.689337580648195170e-01 2.279899081463258176e-02 7.243040236735009074e+00 3.033715329647500639e-02 -3.121826204094519178e-02 9.990520893503566091e-01 1.993621314228384844e-01
9.690377600566738581e-01 -2.436920773978957788e-01 -3.974910051759962537e-02 4.320639892338430599e+01 2.447472580676704479e-01 9.692845888514349806e-01 2.421085456970916566e-02 6.994082963996508973e+00 3.262819710703790399e-02 -3.318971564331325841e-02 9.989163345943233852e-01 1.640632114302082445e-01
9.692349501505931331e-01 -2.426868427796821104e-01 -4.106954762734906644e-02 4.213902430072236172e+01 2.438236555234192526e-01 9.694887729039556312e-01 2.532872314003072403e-02 6.725749380365392049e+00 3.366951748276194450e-02 -3.456321094289149104e-02 9.988351956314349689e-01 1.208754794151664369e-01
9.696230304996804605e-01 -2.408568928153235478e-01 -4.265132942900562441e-02 4.107198635950889098e+01 2.421236693083000380e-01 9.698560962179818556e-01 2.748238317578931625e-02 6.475374378953934418e+00 3.474633043994457271e-02 -3.697444804219516407e-02 9.987119618304459712e-01 6.628745232502637752e-02
9.700681514845082010e-01 -2.388378947289730436e-01 -4.386617730038615270e-02 3.996648611547292518e+01 2.401833632665420770e-01 9.703110904669771664e-01 2.843131587303065339e-02 6.226312560592737633e+00 3.577336270377354938e-02 -3.811624003058640409e-02 9.986327747260618226e-01 2.195635282769256569e-02
9.707354286745800698e-01 -2.362395097436414404e-01 -4.316968318323487208e-02 3.891740231111866422e+01 2.375525039289428930e-01 9.709629641110936182e-01 2.827950136048969568e-02 5.982957415315588001e+00 3.523542800643850864e-02 -3.770698020958030555e-02 9.986674362604143207e-01 -2.085757915197501006e-02
9.713255496813312240e-01 -2.342782162296017101e-01 -4.050177688208753124e-02 3.781800061521222034e+01 2.355147858813239625e-01 9.714378065960200814e-01 2.900643967623811950e-02 5.727343132591549590e+00 3.254938035135014618e-02 -3.771346327272005056e-02 9.987583454054254073e-01 -6.462690706618723357e-02
9.719798094045672965e-01 -2.321517464939662767e-01 -3.688924916186840652e-02 3.678289346970801432e+01 2.333047319024575128e-01 9.719164589574601498e-01 3.077822079025042262e-02 5.492648492059537091e+00 2.870805070884884305e-02 -3.852224556301402092e-02 9.988452755114449744e-01 -1.160704368026937300e-01
9.724861347145367096e-01 -2.304282538335406527e-01 -3.425693531627107408e-02 3.569956362887579360e+01 2.314799323216451266e-01 9.723537092736479481e-01 3.074581255451913978e-02 5.242076294365622502e+00 2.622515422376206495e-02 -3.782966947805369018e-02 9.989400169096075421e-01 -1.700563501847738301e-01
9.728810042006764691e-01 -2.287467421155803537e-01 -3.431442307605035713e-02 3.459584445915059803e+01 2.298290012428122753e-01 9.727107310573892551e-01 3.181923740471102185e-02 5.010078980234140111e+00 2.609946066345717949e-02 -3.884278122268494671e-02 9.989044281062139374e-01 -2.202047564807904090e-01
9.733385154120604010e-01 -2.266219973610246186e-01 -3.542039979430806895e-02 3.351677123956666549e+01 2.278266870231915042e-01 9.730814442645434603e-01 3.474915111983408605e-02 4.772123088846461414e+00 2.659201175516891572e-02 -4.189239950069690438e-02 9.987681872011733297e-01 -2.517346245222952250e-01
9.739210951018795193e-01 -2.243378223961416396e-01 -3.391521711780624837e-02 3.247648689986723980e+01 2.255438620847435571e-01 9.735189805191206691e-01 3.729290603302189838e-02 4.542593182683765995e+00 2.465089826260576100e-02 -4.396971693512789076e-02 9.987286904849149716e-01 -2.794824464281276954e-01
9.744632971468777383e-01 -2.226656006082383954e-01 -2.900539283372973245e-02 3.142177688309863015e+01 2.236684244453641390e-01 9.739337300324144575e-01 3.775613071737560916e-02 4.315758834446110193e+00 1.984233891102957920e-02 -4.327955414161548109e-02 9.988659378365324359e-01 -3.088860348507734832e-01
9.749384294346434832e-01 -2.210079068744257857e-01 -2.550615424798581554e-02 3.040281670850109919e+01 2.219014248049220317e-01 9.742397693995472618e-01 4.020732999501179517e-02 4.088551235561141084e+00 1.596297198985318494e-02 -4.485952312573816825e-02 9.988657601001179609e-01 -3.594111117510036535e-01
9.753744614930294210e-01 -2.191044356847172137e-01 -2.525680352866125494e-02 2.935995923594534673e+01 2.199861449604389452e-01 9.746792185310930723e-01 4.008137952367646362e-02 3.879116067201328732e+00 1.583527348414109567e-02 -4.465050081081226030e-02 9.988771580535933392e-01 -3.964793100808485793e-01
9.758994623251314726e-01 -2.167987296995412816e-01 -2.487067003921721378e-02 2.829794391682151300e+01 2.176375080321540645e-01 9.752760816130420229e-01 3.834683463490413252e-02 3.658500096956446956e+00 1.594222458632458053e-02 -4.283544595220111634e-02 9.989549389414457137e-01 -4.210627012804856739e-01
9.764074619293667823e-01 -2.145354729823374662e-01 -2.455604029371664943e-02 2.729092489061713067e+01 2.153502291232249899e-01 9.758131873766378028e-01 3.758859074061796784e-02 3.455780195405170119e+00 1.589802185531354398e-02 -4.198992938585451029e-02 9.989915408658101015e-01 -4.505908973066262146e-01
9.767789061206939571e-01 -2.129086277519489645e-01 -2.393501160326198113e-02 2.627425519767413320e+01 2.136967639026436661e-01 9.761805656435535994e-01 3.748594873823850315e-02 3.242413289304241442e+00 1.538381125994760928e-02 -4.173031852671325870e-02 9.990104698435137154e-01 -4.757078639564699674e-01
9.771934640363711955e-01 -2.110355035032459581e-01 -2.359979024757641319e-02 2.526748234917545588e+01 2.118156042223230395e-01 9.765782574866691546e-01 3.780286771744002100e-02 3.029643324907314472e+00 1.506929481463993928e-02 -4.193951908581418364e-02 9.990065030232859744e-01 -4.955786466593038453e-01
9.774285991109666893e-01 -2.098514880651620729e-01 -2.440669151703701856e-02 2.426845348614443765e+01 2.106500429918565231e-01 9.768689157239075493e-01 3.679240241334289646e-02 2.837152114226202393e+00 1.612119788295465761e-02 -4.110321696583678353e-02 9.990248407942855513e-01 -5.241711531025345927e-01
9.777200774117063009e-01 -2.081907337983784634e-01 -2.683409362233745571e-02 2.326616021082083208e+01 2.090835696005573230e-01 9.772195500871637686e-01 3.641444556683973155e-02 2.631052298318083960e+00 1.864165075343695785e-02 -4.121370261975201843e-02 9.989764359401691607e-01 -5.659174031399200056e-01
9.777423407936380872e-01 -2.076142398398045930e-01 -3.026949667746549333e-02 2.226857713410274542e+01 2.086306943091703892e-01 9.773488236489055181e-01 3.553182094365833765e-02 2.434947497868031441e+00 2.220694497507861784e-02 -4.105611189000389627e-02 9.989100296130335455e-01 -5.821382509668502347e-01
9.777801778950097056e-01 -2.067446045523666509e-01 -3.467841112384235924e-02 2.131448970023599898e+01 2.079105988195385502e-01 9.775475684838874635e-01 3.426272384277308930e-02 2.234567407608557765e+00 2.681616318150857950e-02 -4.071142143670340025e-02 9.988110299486016030e-01 -6.131133614196949688e-01
9.777502083244771214e-01 -2.059912512580394650e-01 -3.965015158319255134e-02 2.033277908759749053e+01 2.073392241292432991e-01 9.776942962429338024e-01 3.353072064378852246e-02 2.037974397944266158e+00 3.185869194735040100e-02 -4.100570076028377253e-02 9.986508680428414220e-01 -6.536245189420031299e-01
9.776324408239723818e-01 -2.054132408291036160e-01 -4.516869640164161009e-02 1.938818132246376891e+01 2.069728173337210819e-01 9.777884256042168598e-01 3.304614402213228164e-02 1.850514212624490007e+00 3.737731300097984349e-02 -4.165567478940574581e-02 9.984326423053404564e-01 -6.857437567644187881e-01
9.774692918329839220e-01 -2.054366224016475340e-01 -4.847244262157681532e-02 1.845952696832723561e+01 2.071257657892035253e-01 9.777638588549879550e-01 3.281392171913497663e-02 1.662275891077823031e+00 4.065342130039755614e-02 -4.211449262242449032e-02 9.982853644313752772e-01 -7.082465740965364631e-01
9.776042703034149017e-01 -2.046054368808770119e-01 -4.925957650330275300e-02 1.753421490881692435e+01 2.062926723831300935e-01 9.779677546027976121e-01 3.197505705277050442e-02 1.487985255548044172e+00 4.163200690837904477e-02 -4.142084199499698055e-02 9.982740554774314212e-01 -7.425964819959510743e-01
9.776527268385279967e-01 -2.047800917306709378e-01 -4.754218894771326809e-02 1.663016069422720733e+01 2.064169710421717152e-01 9.779245633446793651e-01 3.248972865723639275e-02 1.314672191572049620e+00 3.983942475273494210e-02 -4.157718645497578830e-02 9.983407022615099491e-01 -7.770781847615125804e-01
9.776079134306803198e-01 -2.052337146781477162e-01 -4.649612834518330323e-02 1.572502018251123701e+01 2.068104571652316370e-01 9.778556624275810405e-01 3.205835711228347679e-02 1.123018130001742110e+00 3.888704666698633572e-02 -4.095638916371233812e-02 9.984039121409383766e-01 -8.246586227089847121e-01
9.773975605850164783e-01 -2.058490683950761624e-01 -4.816813881923422136e-02 1.483214003105989320e+01 2.074914747931304315e-01 9.777141561134671255e-01 3.197368947748806256e-02 9.459931534364653949e-01 4.051291700543842994e-02 -4.124548425951996000e-02 9.983273579212603721e-01 -8.815704788887251953e-01
9.771866921777807580e-01 -2.063006041452711270e-01 -5.046017592034760663e-02 1.395500529806876955e+01 2.080771923314833627e-01 9.775596121287913887e-01 3.287988384014925436e-02 7.892207012920009479e-01 4.254469010053470168e-02 -4.262939665868820810e-02 9.981846942700018932e-01 -9.245684039339281401e-01
9.769442939081071087e-01 -2.073055723324637722e-01 -5.103181629404393571e-02 1.308228486761034404e+01 2.091415231283019760e-01 9.773051750134649218e-01 3.368112514078128172e-02 6.044061154348860931e-01 4.289137323073530933e-02 -4.357745480611926320e-02 9.981289172873052395e-01 -9.485536108637349084e-01
9.766303725592313523e-01 -2.093217341042460933e-01 -4.875989151321901555e-02 1.225376732373481303e+01 2.111094758012247719e-01 9.768387145064539867e-01 3.491296411892682444e-02 4.307725848672346869e-01 4.032250755348541771e-02 -4.439073629178375002e-02 9.982001592397139467e-01 -9.752459462325699935e-01
9.762048074225625482e-01 -2.119667036940176275e-01 -4.576341862390925774e-02 1.143137463437493295e+01 2.136996030237777178e-01 9.761987262450697589e-01 3.699360134165919495e-02 2.505505164457892953e-01 3.683277923543704091e-02 -4.589295586623506895e-02 9.982670899943373310e-01 -1.023453698827422320e+00
9.754712852406886014e-01 -2.156385774850826664e-01 -4.422415137763887477e-02 1.061204270135524830e+01 2.174042487034512361e-01 9.752633392008456248e-01 3.996012827467929768e-02 7.915218322221978520e-02 3.451324832891857625e-02 -4.859447609099283583e-02 9.982221258684503828e-01 -1.064675147916991360e+00
9.742354616188692029e-01 -2.214306740404980156e-01 -4.282197931242076594e-02 9.822830600423252179e+00 2.231515413905532375e-01 9.739331151445855816e-01 4.071457718048372004e-02 -9.137757778559560395e-02 3.269028744036054507e-02 -4.922137558271223734e-02 9.982527742425292283e-01 -1.092942428366645791e+00
9.724699504319341825e-01 -2.294050156814032015e-01 -4.093329062187931605e-02 9.061995243857628779e+00 2.310071928549212172e-01 9.721309577322264639e-01 3.996345659583968452e-02 -2.782708757029929147e-01 3.062470162862545101e-02 -4.831914521541654656e-02 9.983623529790659479e-01 -1.122297199884246144e+00
9.702472094985782336e-01 -2.390122022298094562e-01 -3.864608181311795371e-02 8.286509091441944364e+00 2.405572153436376648e-01 9.697250543904686326e-01 4.201838917263463202e-02 -4.719628135680193348e-01 2.743316605819112047e-02 -5.006481866698247324e-02 9.983691378052235166e-01 -1.156981893169386710e+00
9.670003220550297263e-01 -2.519816643367716602e-01 -3.762469903657902903e-02 7.545398393368748735e+00 2.535325458131283960e-01 9.663006567407654845e-01 4.454535880413813126e-02 -6.663091737169897222e-01 2.513215773905572506e-02 -5.261446204156866591e-02 9.982985991283003235e-01 -1.190655807905661279e+00
9.628239491729753130e-01 -2.673039247128541351e-01 -3.896992078702032208e-02 6.798451913988029283e+00 2.689519287818477045e-01 9.620548676119033971e-01 4.599230048427139367e-02 -8.606280870122745563e-01 2.519727955786891377e-02 -5.476352374368532311e-02 9.981813730781207150e-01 -1.222129705730694571e+00
9.570347356529198546e-01 -2.871356241669896781e-01 -4.046786480786355306e-02 6.070594081179450541e+00 2.888484968107957740e-01 9.562733918181455239e-01 4.591019479134275660e-02 -1.067187751731868195e+00 2.551588990270158008e-02 -5.562673305452784517e-02 9.981255461725312417e-01 -1.244284375063471559e+00
9.504024660617914622e-01 -3.084321915319721552e-01 -4.005915281962996177e-02 5.355697167591796592e+00 3.101139641436696515e-01 9.495713258685274383e-01 4.629931237443234149e-02 -1.297284314373108538e+00 2.375882447431987635e-02 -5.642588333848686660e-02 9.981240593929815441e-01 -1.254854486005866798e+00
9.425655818465217273e-01 -3.319128168847599869e-01 -3.747006672241116887e-02 4.671736880795371860e+00 3.333983494121688373e-01 9.417169209716297340e-01 4.488631595320634327e-02 -1.528775274894320635e+00 2.038785229509336785e-02 -5.480075491071126348e-02 9.982891428489336638e-01 -1.269753376189393768e+00
9.331244285629529678e-01 -3.577556595893623959e-01 -3.591223809697528108e-02 4.031418992604814733e+00 3.591670417076450739e-01 9.320904103023286424e-01 4.697343045002957268e-02 -1.797809040608142173e+00 1.666844214911876107e-02 -5.673054776443833130e-02 9.982503733917214017e-01 -1.291850578046526365e+00
9.227176080773999978e-01 -3.839127916914215621e-01 -3.468694443122757182e-02 3.370461685695090637e+00 3.852157251186357767e-01 9.216623896494191559e-01 4.633880255037343271e-02 -2.054644847446968292e+00 1.417959304362198351e-02 -5.611958550139121982e-02 9.983233600664208618e-01 -1.312985752088333014e+00
9.110943355761310647e-01 -4.109100722401639039e-01 -3.255801294755161085e-02 2.719857051358830269e+00 4.120435805681068042e-01 9.100689307520435367e-01 4.466126943031804852e-02 -2.338523740593944300e+00 1.127827058288123109e-02 -5.410594982839307676e-02 9.984715052498310817e-01 -1.320088193028456036e+00
8.979678252326895871e-01 -4.389710412590924205e-01 -3.095496369362964878e-02 2.129277542127195666e+00 4.399692331807661949e-01 8.969938146906523135e-01 4.276880002574310474e-02 -2.648175275690920927e+00 8.992146286690408732e-03 -5.202423798603647564e-02 9.986053374367496183e-01 -1.343819418649152775e+00
8.832799198854628386e-01 -4.677728903456570553e-01 -3.170340958580142310e-02 1.519664876442688772e+00 4.687622275986357834e-01 8.823790496484671397e-01 4.085568152351113508e-02 -2.979723686578867436e+00 8.863244187876052546e-03 -5.094836400254068587e-02 9.986619583712804671e-01 -1.359366696246074646e+00
8.672768784631421646e-01 -4.967635727487270114e-01 -3.250798160124956926e-02 9.289681034920093117e-01 4.977074426658177897e-01 8.666451601001461391e-01 3.483486736695745600e-02 -3.317309440051493308e+00 1.086819175015272566e-02 -4.639093942032670309e-02 9.988642365896437392e-01 -1.376734151820851126e+00
8.495670002044570790e-01 -5.263997767393246985e-01 -3.375184746209169973e-02 3.372630616383984758e-01 5.273206026425173443e-01 8.491451461709815796e-01 2.975739836299200539e-02 -3.678833982296519700e+00 1.299592959236885864e-02 -4.307894820477435605e-02 9.989871420722246098e-01 -1.396304585459426262e+00
8.300842041438614149e-01 -5.565957835536763376e-01 -3.407855272624250170e-02 -1.714320403307921792e-01 5.574351128328046689e-01 8.298797880775351521e-01 2.378302578961759978e-02 -4.053199225527374772e+00 1.504357024005467669e-02 -3.873849591844383267e-02 9.991361368294314760e-01 -1.399387909060419544e+00
8.089444124856994822e-01 -5.869586962540668251e-01 -3.299130786685865180e-02 -6.804984315537289108e-01 5.877086861618519009e-01 8.088020415223744486e-01 2.092266315036555441e-02 -4.435219564672597592e+00 1.440269807056676100e-02 -3.631454965059004170e-02 9.992366165038153447e-01 -1.395122738139207730e+00
7.865902416181955736e-01 -6.167118015775537865e-01 -3.069764780807457752e-02 -1.213565001567518342e+00 6.173633480503227799e-01 7.864219046258473789e-01 2.007696199173649929e-02 -4.842627569454799108e+00 1.175960325688285915e-02 -3.474394501167850369e-02 9.993270585780681392e-01 -1.402759349425188207e+00
7.621569181003708948e-01 -6.467022253301445422e-01 -2.988417540796973332e-02 -1.659269449178991218e+00 6.473018677337534221e-01 7.620097523422039165e-01 1.847780716824175620e-02 -5.249002755471123827e+00 1.082239408690474636e-02 -3.342707112142927900e-02 9.993825627318579929e-01 -1.437320302474806022e+00
7.367436985793184290e-01 -6.755875204519761201e-01 -2.811093752122657136e-02 -2.123753322995514559e+00 6.760735938900754860e-01 7.367091401058722955e-01 1.356976502800184316e-02 -5.670336729200137427e+00 1.154202070070220812e-02 -2.900250143271847908e-02 9.995126995985674778e-01 -1.442182703049176506e+00
7.109583315764044231e-01 -7.027383585914754871e-01 -2.640170679006218976e-02 -2.566611648571730075e+00 7.031265941912248074e-01 7.110050148187728736e-01 9.212026781074914711e-03 -6.113653629840287707e+00 1.229810134833267399e-02 -2.511310936636008267e-02 9.996089677624979686e-01 -1.452532424440745817e+00
6.837926678514826273e-01 -7.292411523035620124e-01 -2.519780099065195914e-02 -2.966523037503455473e+00 7.295740076677171837e-01 6.838673495495430910e-01 6.871357179042465561e-03 -6.583626467083540490e+00 1.222107695107834367e-02 -2.308224430988703446e-02 9.996588694478735215e-01 -1.472544016771544895e+00
6.554965088982233068e-01 -7.547497178122264394e-01 -2.602287993107620101e-02 -3.353037644728526612e+00 7.550811275354599728e-01 6.556124042063032897e-01 4.986610499119804342e-03 -7.039140733753830759e+00 1.329728000920109982e-02 -2.291809129299020656e-02 9.996489100808676476e-01 -1.485816282252780729e+00
6.266608319056551357e-01 -7.788606860773629181e-01 -2.592746485427488770e-02 -3.730761326403178035e+00 7.791742359410506191e-01 6.267978280200254826e-01 3.463066365674451544e-03 -7.511888922427878867e+00 1.355403241149501052e-02 -2.237218066687777715e-02 9.996578283230806994e-01 -1.492395346018406288e+00
5.979586041458335721e-01 -8.011355967492844732e-01 -2.504522598304638123e-02 -4.084793835308310861e+00 8.014307970759092514e-01 5.980789675522423243e-01 3.197821673019229753e-03 -7.979765356167257906e+00 1.241713412401001561e-02 -2.198418040594326411e-02 9.996812044757285021e-01 -1.494749299365732087e+00
5.676362002676303975e-01 -8.229980667122428484e-01 -2.152501635514501160e-02 -4.424931718164629046e+00 8.231983075811853956e-01 5.677533851162224199e-01 8.000487622628095485e-04 -8.478677336089402772e+00 1.156246231596391727e-02 -1.817349367312747974e-02 9.997679898771127949e-01 -1.503548810028119798e+00
5.365640127969862894e-01 -8.436515735530055737e-01 -1.873719851588439081e-02 -4.740620085918117788e+00 8.437673337840427834e-01 5.367014383885074791e-01 -2.872710236373730158e-03 -8.989583920813316809e+00 1.247984790639496133e-02 -1.426844310175128666e-02 9.998203163157388662e-01 -1.527761720467698314e+00
5.047401057256387658e-01 -8.631087310780184430e-01 -1.675541716840226944e-02 -5.036440356328751200e+00 8.631626877494723571e-01 5.048894507316356028e-01 -6.067702233615506618e-03 -9.518374059535140930e+00 1.369672014662562040e-02 -1.140003824997200960e-02 9.998412068799441554e-01 -1.550265136595979643e+00
4.718182092500837199e-01 -8.815020637831161299e-01 -1.848483058359626924e-02 -5.300737891832379312e+00 8.815636399855788508e-01 4.720068281922058517e-01 -7.423125261889211741e-03 -1.005537635083925885e+01 1.526846649179691706e-02 -1.279318886513494853e-02 9.998015844354647408e-01 -1.585385534197518709e+00
4.384841433349283557e-01 -8.985010232705509248e-01 -2.067769864332782287e-02 -5.587098255456327323e+00 8.985792589592449531e-01 4.387238599617095947e-01 -8.757286215749492467e-03 -1.060669510996646281e+01 1.694023039014901089e-02 -1.474061997911218364e-02 9.997478395610427393e-01 -1.580897665775254479e+00
4.043189331353772009e-01 -9.144147667176648620e-01 -1.928301616816734121e-02 -5.822521389605314290e+00 9.144688463681795998e-01 4.045439359220509012e-01 -9.535875630182341287e-03 -1.115157278943687480e+01 1.652057274724095040e-02 -1.377818248795016978e-02 9.997685894012886543e-01 -1.572407987427691500e+00
3.693023648017728644e-01 -9.291631423704439507e-01 -1.648084365864140727e-02 -6.028193649583061919e+00 9.292114808257990743e-01 3.694627213693648660e-01 -7.957475299429694893e-03 -1.171704003484822643e+01 1.348285010342796866e-02 -1.237547469481764181e-02 9.998325161591686827e-01 -1.596970498499339586e+00
3.342780355301272488e-01 -9.423702429120389690e-01 -1.401856738846271946e-02 -6.235163657748396204e+00 9.424161798361648801e-01 3.343858482409082233e-01 -6.152111221393061040e-03 -1.227605186992976094e+01 1.048517709371963105e-02 -1.115480907099588963e-02 9.998828087760626149e-01 -1.611241115284423042e+00
2.977779599982135483e-01 -9.544865375678306396e-01 -1.684446902326985560e-02 -6.383141831281920808e+00 9.546031159535728339e-01 2.978661773366608201e-01 -2.937925090291329186e-03 -1.285799905543411192e+01 7.821607544568748988e-03 -1.520493327564014473e-02 9.998538055383398016e-01 -1.649608500340844275e+00
2.622949388519835723e-01 -9.646550730104160865e-01 -2.533683412539109239e-02 -6.575875414852424328e+00 9.649443966370294667e-01 2.624416230562953700e-01 -2.589571323807155715e-03 -1.342838308896900834e+01 9.147482985699718211e-03 -2.376940466529777959e-02 9.996756168612259685e-01 -1.686365162645943272e+00
2.254020736658440827e-01 -9.738475043168193235e-01 -2.854721560186359794e-02 -6.740381985095665662e+00 9.742132041240003648e-01 2.255976670268279582e-01 -3.784908951919451273e-03 -1.404314211176428806e+01 1.012610937708620720e-02 -2.695794805344260345e-02 9.995852794712499767e-01 -1.675091574464971700e+00
1.893961197048183165e-01 -9.816091966675614122e-01 -2.392686469169177585e-02 -6.822299468190491822e+00 9.818726304518968773e-01 1.895189170371742171e-01 -2.952566310604366230e-03 -1.462225694382800256e+01 7.432859729014347147e-03 -2.293392897040500561e-02 9.997093515058348423e-01 -1.670028052809507946e+00
1.537223774216592842e-01 -9.878727476813409236e-01 -2.183724029886226214e-02 -6.903935367967602765e+00 9.881028595071623677e-01 1.537883970581206128e-01 -1.366732370926772213e-03 -1.524835093578550094e+01 4.708471844628274103e-03 -2.136734223318929177e-02 9.997606048293588010e-01 -1.700997107977497702e+00
1.187123512969943534e-01 -9.926443402746079059e-01 -2.376113140854981334e-02 -6.984141177524543664e+00 9.929137639766552059e-01 1.188077715335790485e-01 -2.640212542977156580e-03 -1.585561347240875563e+01 5.443799109962951105e-03 -2.327932858381617787e-02 9.997141781038828556e-01 -1.708756410634620471e+00
8.320315396226683757e-02 -9.961579721752743533e-01 -2.732269455648079701e-02 -7.091472878233329169e+00 9.965152506075769523e-01 8.333224124148760903e-02 -3.618407046743290362e-03 -1.646169637838439215e+01 5.881366400632654506e-03 -2.692641893415059079e-02 9.996201165856084536e-01 -1.716781839389070141e+00
4.876157661272462890e-02 -9.983495310253881483e-01 -3.034011442032058178e-02 -7.110549769932999808e+00 9.987731824518027990e-01 4.899964830912639790e-02 -7.152934648139245080e-03 -1.709408344787108547e+01 8.627783887991943845e-03 -2.995410426423933403e-02 9.995140384071098394e-01 -1.745149874607266893e+00
1.778759711046565273e-02 -9.994740169610145664e-01 -2.711624613054975513e-02 -7.144865175570198623e+00 9.997480050526063033e-01 1.815083600086538421e-02 -1.320884322102079157e-02 -1.772470370812555274e+01 1.369407813033012705e-02 -2.687445939156374308e-02 9.995450143172930346e-01 -1.768246069218960992e+00
-1.180201261123710842e-02 -9.996539169108784595e-01 -2.351082513178718442e-02 -7.135862730277615640e+00 9.997764436057803294e-01 -1.138441356858104457e-02 -1.781734918963629247e-02 -1.837105060005245960e+01 1.754352595009936802e-02 -2.371584971585809568e-02 9.995647968788640148e-01 -1.762039913369390698e+00
-3.977538358074498431e-02 -9.989704142351674143e-01 -2.181811951314095027e-02 -7.107304003514816948e+00 9.990551179697810813e-01 -3.937703108513504469e-02 -1.839349544843679740e-02 -1.898664877899553716e+01 1.751542499742075876e-02 -2.252911230045401975e-02 9.995927415583342190e-01 -1.760172450811623657e+00
-6.727828820526877973e-02 -9.974871049586502281e-01 -2.220602108887498316e-02 -7.080637188981668828e+00 9.976157770677894776e-01 -6.691066438309449527e-02 -1.690338222921849640e-02 -1.961192239027634088e+01 1.537508617981723710e-02 -2.329030760494922928e-02 9.996105082914157336e-01 -1.762886234028633092e+00
-9.469671428976060568e-02 -9.952199153914091934e-01 -2.387157946622269628e-02 -7.037671529798519288e+00 9.954152107513716263e-01 -9.433668852090781876e-02 -1.578440360913998045e-02 -2.025411826643669855e+01 1.345698706812787845e-02 -2.525686446368532317e-02 9.995904162638322710e-01 -1.793678127858286731e+00
-1.183844174616768274e-01 -9.927043349898675428e-01 -2.287428664923949959e-02 -6.965062486838157874e+00 9.928871437366042496e-01 -1.180497027759413453e-01 -1.547215145672126493e-02 -2.087864324124159410e+01 1.265896908289463642e-02 -2.454324677279318481e-02 9.996186170383178915e-01 -1.804584727836198388e+00
-1.402102513837800435e-01 -9.898881864090394167e-01 -2.150497174618782106e-02 -6.870624085041250773e+00 9.900544182597077469e-01 -1.399143448351337082e-01 -1.470459069268692520e-02 -2.151884445764270026e+01 1.154704658044463685e-02 -2.335282664890866999e-02 9.996605979995248914e-01 -1.822850635384404505e+00
-1.605090555265710761e-01 -9.868586357293525069e-01 -1.862461208753861397e-02 -6.811675218191147962e+00 9.869841392092542076e-01 -1.602819528064370058e-01 -1.311505042332716982e-02 -2.216390475011467132e+01 9.957511572966896637e-03 -2.048728108546808008e-02 9.997405259701114266e-01 -1.835779113571030852e+00
-1.759807312360282261e-01 -9.842751862155854070e-01 -1.526892363314761789e-02 -6.698863992968171033e+00 9.843535634524002154e-01 -1.758124893605400030e-01 -1.174864660787898474e-02 -2.281011203569222801e+01 8.879433854280974897e-03 -1.709755480895037982e-02 9.998143974078298468e-01 -1.849249806850848055e+00
-1.896475172676132526e-01 -9.817871265272180015e-01 -1.130740353192176417e-02 -6.618957838851925679e+00 9.818229286520493426e-01 -1.895402948299840518e-01 -9.910267534203182072e-03 -2.345822433490048198e+01 7.586564486643024990e-03 -1.298132568394728438e-02 9.998869582171679982e-01 -1.855003862007807536e+00
-2.009989818442763088e-01 -9.795302439299014008e-01 -1.095036616482222488e-02 -6.459114247715990409e+00 9.795736956925233940e-01 -2.009154783171063219e-01 -8.267120032844308200e-03 -2.409804160308281240e+01 5.897796046936127148e-03 -1.238837336210911119e-02 9.999058676681682467e-01 -1.878136214394984016e+00
-2.098468802035340919e-01 -9.776801831647485841e-01 -1.028330252011663837e-02 -6.324019289298338009e+00 9.777184457898980829e-01 -2.097720567160917815e-01 -7.894616965500950156e-03 -2.475690153277362526e+01 5.561261041687502044e-03 -1.171083529762588504e-02 9.999159608198382454e-01 -1.891225687170802638e+00
-2.172717132493902914e-01 -9.760707720175167967e-01 -8.879787706859803426e-03 -6.197937795616712542e+00 9.760950787421834862e-01 -2.172069188686431285e-01 -7.716971208355097485e-03 -2.542335702135290276e+01 5.603558717282552601e-03 -1.034419663592673136e-02 9.999307964632659917e-01 -1.905624177348783643e+00
-2.235013702454836659e-01 -9.746708464377649150e-01 -7.992408747311167266e-03 -6.053461666037262212e+00 9.746894490297713931e-01 -2.234463993054552899e-01 -7.223889618399174581e-03 -2.610204213296221099e+01 5.255039652895298133e-03 -9.404665705996141309e-03 9.999419667216729035e-01 -1.920504405635353518e+00
-2.293043772125265556e-01 -9.733285230458570414e-01 -7.147643768041525743e-03 -5.907745234756419883e+00 9.733414678656592267e-01 -2.292566747857497089e-01 -6.911149908447385137e-03 -2.679856311373132272e+01 5.088174290445625879e-03 -8.541855001984621776e-03 9.999505723712133198e-01 -1.928956086508778256e+00
-2.340902895313938525e-01 -9.721935789786650961e-01 -6.432832551835242739e-03 -5.746056407012035017e+00 9.722106898549199849e-01 -2.340647782566110946e-01 -4.478181020820308500e-03 -2.747960693026616852e+01 2.847959309453217559e-03 -7.302367264109212511e-03 9.999692818032528407e-01 -1.931013758244902512e+00
-2.388945764458455800e-01 -9.710202975921551349e-01 -6.997356906057918512e-03 -5.576880198892361307e+00 9.710455018802812699e-01 -2.388874748754976907e-01 -1.845973843545662026e-03 -2.817957566181414464e+01 1.208971491225359525e-04 -7.235745087590854732e-03 9.999738143406088353e-01 -1.951654910706586143e+00
-2.435038149469332391e-01 -9.698706105852001880e-01 -7.542600628373225848e-03 -5.426564708339000731e+00 9.698990210580858973e-01 -2.435069217015516929e-01 -5.177139638475058720e-04 -2.889956146322493069e+01 -1.334559902111067623e-03 -7.441626290368374107e-03 9.999714201606061392e-01 -1.966293425025209096e+00
-2.487583791437833480e-01 -9.685364836118077747e-01 -7.506578013888884696e-03 -5.231338142943177338e+00 9.685616417022095970e-01 -2.487719795615945528e-01 9.210873317282582649e-04 -2.961820353810579221e+01 -2.759532957320721697e-03 -7.041455332433101295e-03 9.999714010283763388e-01 -1.979830014217234258e+00
-2.542264238340375959e-01 -9.671177904279468773e-01 -7.218369424970870647e-03 -5.059895668444578831e+00 9.671396997333570056e-01 -2.542420889370980985e-01 1.327179836510038267e-03 -3.035062269580188854e+01 -3.118752552010400740e-03 -6.643767454033578171e-03 9.999730665005580610e-01 -1.989974023180254070e+00
-2.585789519659467128e-01 -9.659585189421500129e-01 -7.814427560922787910e-03 -4.861676304680236704e+00 9.659876584921254228e-01 -2.585881186582719704e-01 1.688887756471520434e-04 -3.109208074748510597e+01 -2.183857672654067848e-03 -7.504969498855960236e-03 9.999694526276681206e-01 -2.004636014010010125e+00
-2.643931896639964974e-01 -9.643650664452242394e-01 -9.811211658604924307e-03 -4.660102244187109832e+00 9.644148085476170751e-01 -2.643854138256078179e-01 -2.104757484213150114e-03 -3.184024523854670718e+01 -5.641866630599731876e-04 -1.001856135752010254e-02 9.999496537884905445e-01 -2.020251447122049182e+00
-2.692904369493703820e-01 -9.630081461545464405e-01 -9.898030228486827051e-03 -4.455608720345128226e+00 9.630585009813663611e-01 -2.692654834288897847e-01 -3.797777648904186037e-03 -3.262082095460502273e+01 9.920929190362732727e-04 -1.055508735647556727e-02 9.999438013571175787e-01 -2.027051482986638842e+00
-2.759301674575408425e-01 -9.611185235386568992e-01 -1.066425771046100243e-02 -4.248304353027548608e+00 9.611750866671981974e-01 -2.758866381863778749e-01 -5.386616216696665273e-03 -3.339875245941353654e+01 2.235050416901524298e-03 -1.173654874325556936e-02 9.999286264345145225e-01 -2.035801319532559717e+00
-2.805714516050484830e-01 -9.597557895256014771e-01 -1.218544258971759192e-02 -4.019049755415961656e+00 9.598313385032499756e-01 -2.805237026493718755e-01 -5.500352051296660515e-03 -3.418678524630837501e+01 1.860689252306527456e-03 -1.323921142998256764e-02 9.999106265592937470e-01 -2.034107917371449581e+00
-2.863296520064408934e-01 -9.580276368304115886e-01 -1.408465284554113323e-02 -3.784366102931119524e+00 9.581310700634995126e-01 -2.862921223040342800e-01 -4.655456945212590146e-03 -3.498078953312062112e+01 4.277312608541574898e-04 -1.482793886890217822e-02 9.998899685789661707e-01 -2.047910859154268515e+00
-2.918707984724634996e-01 -9.563291162793451372e-01 -1.568624716671991257e-02 -3.556845324369418471e+00 9.564569067274831804e-01 -2.918531263501193407e-01 -3.455171008920434640e-03 -3.576767170075427771e+01 -1.273799638424953033e-03 -1.601168296395976201e-02 9.998709933952066864e-01 -2.066079755065205692e+00
-2.974987227357179242e-01 -9.545789064613211528e-01 -1.654150248543014706e-02 -3.321706743775684867e+00 9.547129833060258308e-01 -2.975273872340152836e-01 -7.571963787232679349e-04 -3.660795045549737381e+01 -4.198746323918192344e-03 -1.601765214124126202e-02 9.998628932704536343e-01 -2.065863416755992610e+00
-3.024415538964767003e-01 -9.529748220896514521e-01 -1.918580033839085291e-02 -3.080974687164670822e+00 9.531442934316834981e-01 -3.025145390190854267e-01 9.537161188451663075e-04 -3.743676350840171096e+01 -6.712850993448875488e-03 -1.799839272198979975e-02 9.998154807167842772e-01 -2.080968161723853793e+00
-3.073108932346295119e-01 -9.513920622653971870e-01 -2.032630690660604950e-02 -2.800626557533813621e+00 9.515811874752713173e-01 -3.073955537494118539e-01 1.103255180581744254e-03 -3.828081203518407705e+01 -7.297844588382802061e-03 -1.900308892766313859e-02 9.997927905648944513e-01 -2.100459297861297259e+00
-3.118745844405852452e-01 -9.499617261158683768e-01 -1.752034502205475353e-02 -2.537449314163824354e+00 9.500831545141719126e-01 -3.119778535455660640e-01 3.437789878570865487e-03 -3.914100642717478706e+01 -8.731728440122380613e-03 -1.557362537643382228e-02 9.998405968458439208e-01 -2.098455763384008854e+00
-3.171329653347826349e-01 -9.482360913055078999e-01 -1.658304671423890819e-02 -2.254404852997421660e+00 9.483332548369447501e-01 -3.172440990659426974e-01 4.496595595917580838e-03 -4.000848488067678943e+01 -9.524707946376626683e-03 -1.430023596985124934e-02 9.998523806941278513e-01 -2.120407020196037884e+00
-3.213441341222619263e-01 -9.468718018529731495e-01 -1.310489662720511206e-02 -1.982423165029171264e+00 9.469315344408076873e-01 -3.214147465144048255e-01 3.637278983579290362e-03 -4.089166616975415280e+01 -7.656143932241876379e-03 -1.124062160579916703e-02 9.999075116609442704e-01 -2.125592024866569396e+00
-3.246423094735623183e-01 -9.457711840380077506e-01 -1.114622526681599037e-02 -1.653710635465868162e+00 9.458151591260756108e-01 -3.246921504089910204e-01 2.948257763992781933e-03 -4.178920895265645186e+01 -6.407469086807881901e-03 -9.585139614404311614e-03 9.999335325052632895e-01 -2.150940918677856306e+00
-3.271282540785682702e-01 -9.449470289174232152e-01 -7.887833562820426025e-03 -1.368852907151701936e+00 9.449795731451379188e-01 -3.271241792451638486e-01 -1.837848020172372886e-03 -4.270012014891879915e+01 -8.436320536552681382e-04 -8.055053606770201310e-03 9.999672016553021736e-01 -2.155339652206702539e+00
-3.278449641147073712e-01 -9.447053431606589058e-01 -7.035204545585297189e-03 -1.034838226754163149e+00 9.447303229383097189e-01 -3.278473969781152686e-01 -8.373823947565584014e-04 -4.360607500101278333e+01 -1.515393874543568935e-03 -6.920902662875115519e-03 9.999749020239073749e-01 -2.135166357771524748e+00
-3.270141624829887572e-01 -9.449818736852816370e-01 -8.425908644069085573e-03 -7.455412332822217714e-01 9.449861402794835774e-01 -3.270644886588250921e-01 5.478588480157860034e-03 -4.451323325456596791e+01 -7.932982308971849722e-03 -6.170790863897977242e-03 9.999494932854282592e-01 -2.122181791550653340e+00
-3.260456689925386731e-01 -9.452720873014965886e-01 -1.244599110404364176e-02 -4.294760398925098199e-01 9.451936730937988695e-01 -3.262045869822280952e-01 1.412401390899242944e-02 -4.545979594511775446e+01 -1.741097549622503543e-02 -7.158798482526078193e-03 9.998227890614092006e-01 -2.141014826390982506e+00
-3.257644723983437185e-01 -9.453723928132055088e-01 -1.218800329610001190e-02 -1.270257368324247960e-01 9.452286437003787345e-01 -3.259403500360598671e-01 1.748425978968728978e-02 -4.641414498118489007e+01 -2.050169857424398445e-02 -5.824699158734751928e-03 9.997728508142533776e-01 -2.179213279472568932e+00
-3.255018645401516753e-01 -9.454654303140135330e-01 -1.198566880512679303e-02 1.923138828088566954e-01 9.453764138523372829e-01 -3.256557090547258504e-01 1.455318815323085671e-02 -4.739100400261941815e+01 -1.766273777267858905e-02 -6.593878713147770937e-03 9.998222584279007341e-01 -2.189105392682970219e+00
-3.255583530835652328e-01 -9.454771531259280604e-01 -9.203893148539268876e-03 5.365515040975794570e-01 9.454139953241272876e-01 -3.256528515021884229e-01 1.194142987319298313e-02 -4.837006249620287690e+01 -1.428762316920334507e-02 -4.813857150523434374e-03 9.998863388373153693e-01 -2.164732718263843836e+00
-3.248042223631346648e-01 -9.457351781105106658e-01 -9.337559319580822359e-03 8.770330438503131099e-01 9.456496294434811878e-01 -3.249079051013791797e-01 1.347707422539801483e-02 -4.933564206191788060e+01 -1.577959002995485069e-02 -4.452648896360329733e-03 9.998655801887935679e-01 -2.156029128279045803e+00
-3.236837568655149266e-01 -9.461187969822441035e-01 -9.383364694451327981e-03 1.171722812909878453e+00 9.459599422472574348e-01 -3.238042055051392198e-01 1.762453274197309933e-02 -5.034614881187100366e+01 -1.971327466478000473e-02 -3.171512152919535137e-03 9.998006442799658444e-01 -2.144327756387304440e+00
-3.232071424082606503e-01 -9.462936576751551643e-01 -8.090521290767668447e-03 1.513712090218165773e+00 9.460730173706394242e-01 -3.233067104138449555e-01 2.046012703282814801e-02 -5.134850586775337433e+01 -2.197700827017078432e-02 -1.041364697445576470e-03 9.997579340305535744e-01 -2.153678538406218923e+00
-3.232789900972455888e-01 -9.462819373624926644e-01 -6.417910710406478196e-03 1.866751328413740474e+00 9.461021347072989807e-01 -3.233426714871215357e-01 1.844634086903867293e-02 -5.238045874004338032e+01 -1.953062356898676438e-02 -1.086845757174450221e-04 9.998092532681680522e-01 -2.178654901096518604e+00
-3.229054020177974382e-01 -9.464051779265938436e-01 -7.024281896108858399e-03 2.189812487960059340e+00 9.463063816111373372e-01 -3.229744638073315799e-01 1.384658239357988013e-02 -5.340724728975135349e+01 -1.537314095259469625e-02 -2.175986529540081035e-03 9.998794585398058654e-01 -2.162770310186216793e+00
-3.233176488007510896e-01 -9.462022831153600322e-01 -1.292042553261517346e-02 2.536565683485125788e+00 9.461681554948705442e-01 -3.234652590270784001e-01 1.166394974035914363e-02 -5.443587726764342705e+01 -1.521576466580825369e-02 -8.453734388047275811e-03 9.998484959585145493e-01 -2.145031218815494967e+00
-3.237697440006339633e-01 -9.460415698682604901e-01 -1.336042460682240231e-02 2.870386895516783277e+00 9.458890164646414078e-01 -3.239755572380807469e-01 1.827038142409025123e-02 -5.546287576252653650e+01 -2.161299133118424476e-02 -6.722082173838636945e-03 9.997438132876528272e-01 -2.110156902537184465e+00
-3.235263421117101079e-01 -9.461034728501827029e-01 -1.479610135677877220e-02 3.218030018769482581e+00 9.458059769570688058e-01 -3.238075905115123110e-01 2.448873767574684043e-02 -5.647792091720200602e+01 -2.795996968977956451e-02 -6.071489375142177965e-03 9.995906047486051715e-01 -2.119006159367534892e+00
-3.232985437057718792e-01 -9.462071956477338119e-01 -1.303819530845064592e-02 3.557871040664974505e+00 9.458262577886096256e-01 -3.235415849536908417e-01 2.708381207975899332e-02 -5.752583585336245164e+01 -2.984529625021271199e-02 -3.575710472911408123e-03 9.995481341968083244e-01 -2.117470474321272889e+00
-3.242562474857073607e-01 -9.458471051258657836e-01 -1.520327879887127531e-02 3.898831377444932134e+00 9.455271596272801782e-01 -3.245541499836178678e-01 2.535732890290057218e-02 -5.856735302393300913e+01 -2.891844336379922192e-02 -6.152840702808914063e-03 9.995628375318216241e-01 -2.101671926048731986e+00
-3.252421537741765900e-01 -9.454545533270837243e-01 -1.825456096858112803e-02 4.221753901732696157e+00 9.451218963627102676e-01 -3.256397695047018037e-01 2.652058683696210603e-02 -5.959471416804660748e+01 -3.101842060786957206e-02 -8.627172497105876220e-03 9.994815803543655175e-01 -2.071655880106577641e+00
-3.240959883175170697e-01 -9.458607656322337576e-01 -1.758415163834155248e-02 4.576438830532487678e+00 9.453423819710723430e-01 -3.245120237766542792e-01 3.193316876101683077e-02 -6.060824329047415659e+01 -3.591060008766903955e-02 -6.273631904421974811e-03 9.993353142634521236e-01 -2.038515842593437544e+00
-3.237658259086819701e-01 -9.459757012463080317e-01 -1.748320965884248707e-02 4.907294924687974458e+00 9.454284170215442318e-01 -3.241831727907756311e-01 3.271664348473292405e-02 -6.164552017992340183e+01 -3.661691214042270964e-02 -5.936592132821788374e-03 9.993117424553308314e-01 -2.031635314392172376e+00
-3.246668704671347716e-01 -9.456873637273893740e-01 -1.633503297119018316e-02 5.254057968735178719e+00 9.452304566865317170e-01 -3.250272453192497579e-01 2.994450777356229970e-02 -6.267549502649647764e+01 -3.362747338306317640e-02 -5.718381048227441817e-03 9.994180772539683622e-01 -2.013053777722379145e+00
-3.262720332438594495e-01 -9.451113378514276464e-01 -1.763857654005866055e-02 5.614671025199132970e+00 9.447180312931502399e-01 -3.266636872049000218e-01 2.826087055863625228e-02 -6.372591998400990576e+01 -3.247155163187639276e-02 -7.442749604742383146e-03 9.994449478600091474e-01 -1.969444840598720381e+00
-3.273441173435597262e-01 -9.447412774041904493e-01 -1.759964783808378244e-02 5.934893683301262435e+00 9.441929182369347417e-01 -3.277636874574612058e-01 3.272152699576599127e-02 -6.470615822201244782e+01 -3.668190268570942214e-02 -5.906263479021340961e-03 9.993095386600828745e-01 -1.925234403023638130e+00
-3.278420303886049325e-01 -9.445745612395356483e-01 -1.727719203403623588e-02 6.299176072345868960e+00 9.438015522359303189e-01 -3.282758752045787376e-01 3.838723419481682164e-02 -6.572894298929514889e+01 -4.193129023258850008e-02 -3.721291859955408367e-03 9.991135665560133550e-01 -1.908265805465958920e+00
-3.280831479966145880e-01 -9.444990103913331048e-01 -1.682460594471253679e-02 6.614204540999726767e+00 9.436433868417615223e-01 -3.285034858317835149e-01 4.028173605460372286e-02 -6.675187441277086009e+01 -4.357300154077609067e-02 -2.660669363761561726e-03 9.990467027948278789e-01 -1.889906859125468186e+00
-3.287891722745239220e-01 -9.443043727254835096e-01 -1.367230197651602558e-02 6.958932511478360894e+00 9.435182665676216107e-01 -3.290732395047556436e-01 3.852380677526962699e-02 -6.777840988963215807e+01 -4.087738789458062599e-02 -2.338561177308005369e-04 9.991641429015495346e-01 -1.866351942560107391e+00
-3.293127831903362446e-01 -9.441304391440089594e-01 -1.306922736636452823e-02 7.299374565035503082e+00 9.434229979190077442e-01 -3.295718836585566081e-01 3.654340559706020092e-02 -6.877878405148648255e+01 -3.880899145501733039e-02 -2.955990574046133031e-04 9.992466035936260482e-01 -1.813725446487185700e+00
-3.305454987659059984e-01 -9.436103038262219078e-01 -1.841922238784746840e-02 7.634273030576248509e+00 9.430114665750360947e-01 -3.310024788509291493e-01 3.415747203609968696e-02 -6.977066298379907039e+01 -3.832815083454993443e-02 -6.078939285782328575e-03 9.992467159519272668e-01 -1.791489197546825896e+00
-3.310152641173570998e-01 -9.434076237264311660e-01 -2.027191187238829018e-02 7.955243167862738218e+00 9.427281345911597832e-01 -3.315608189937526151e-01 3.648407257705153783e-02 -7.079254093512446389e+01 -4.114072391651114186e-02 -7.034116743290033669e-03 9.991286013457985060e-01 -1.745219097377775253e+00
-3.322906097480655685e-01 -9.429122765860761257e-01 -2.234702063645310419e-02 8.319069513149539574e+00 9.421133604337008638e-01 -3.329476250466342768e-01 3.960170528471589763e-02 -7.178268770967311241e+01 -4.478132153424242007e-02 -7.894151910779389700e-03 9.989656228305342500e-01 -1.720193649567627103e+00
-3.332473069365299856e-01 -9.426341845472868686e-01 -1.967299004290392478e-02 8.644873105693392290e+00 9.415823531742093522e-01 -3.338076605042394895e-01 4.466674347793829492e-02 -7.276721985356984135e+01 -4.867139409583277204e-02 -3.638668284305061548e-03 9.988082175672307050e-01 -1.678556781732930103e+00
-3.339471299316357777e-01 -9.424215534514537307e-01 -1.791451912225936957e-02 9.001610417905409278e+00 9.410829566001195357e-01 -3.344272825794792348e-01 5.021216442843905864e-02 -7.375749767393021727e+01 -5.331212995137944027e-02 -9.084042247123206085e-05 9.985778930749521498e-01 -1.645695815415061158e+00
-3.338180829406469097e-01 -9.425238322376220390e-01 -1.463943853951159453e-02 9.333148127227204327e+00 9.409313444689835215e-01 -3.341076655772602932e-01 5.495700857575817194e-02 -7.472943616291492219e+01 -5.668943896674391580e-02 4.570936660330570007e-03 9.983813970811120653e-01 -1.601456252196037155e+00
-3.329882881227678726e-01 -9.429058570190703703e-01 -6.880753375503572550e-03 9.664571762386492182e+00 9.413390346887162696e-01 -3.328411084793181374e-01 5.565625095933871697e-02 -7.574858503030067425e+01 -5.476880258975868471e-02 1.205575799057252706e-02 9.984262801790211306e-01 -1.578011205808835360e+00
-3.322051340328371904e-01 -9.431438878980776819e-01 -1.092500057444169628e-02 9.995869066406106285e+00 9.419205989450831762e-01 -3.323345154829213111e-01 4.836688014465565649e-02 -7.674109930697413517e+01 -4.924768215746311295e-02 5.777242817329522780e-03 9.987698880410338376e-01 -1.544033185813984188e+00
-3.315602500397161756e-01 -9.433636329932336695e-01 -1.152634088716408302e-02 1.034251174842405518e+01 9.423549594512620198e-01 -3.317404732725705019e-01 4.376515490370598560e-02 -7.771787250671049208e+01 -4.511020930923655137e-02 3.648881204217616428e-03 9.989753523846239824e-01 -1.486690845434866626e+00
-3.293069537812565173e-01 -9.441408932486554662e-01 -1.244603879928674398e-02 1.066278904936628003e+01 9.431099793887813831e-01 -3.295300265244777149e-01 4.419873741742716411e-02 -7.869373186636701689e+01 -4.583117892116193859e-02 2.816968185101332255e-03 9.989452275870216447e-01 -1.427262478892934672e+00
-3.274309510659757505e-01 -9.447526352217312517e-01 -1.521284064509531228e-02 1.098093192588352451e+01 9.436443670112442117e-01 -3.277835680670108109e-01 4.575195194104062640e-02 -7.965840990943618749e+01 -4.821079634968165883e-02 6.250937568408445125e-04 9.988369878829400639e-01 -1.397676867704984005e+00
-3.246745921759560671e-01 -9.456993495603804867e-01 -1.546445703320317548e-02 1.130504511363132458e+01 9.445981869214057358e-01 -3.250426096384809171e-01 4.562419508755093112e-02 -8.064407009511853630e+01 -4.817337908898577936e-02 2.053188587617481428e-04 9.988389676926169303e-01 -1.357441078636817178e+00
-3.229009142435260715e-01 -9.463090900636971226e-01 -1.530051105047107278e-02 1.162963891925807758e+01 9.452743414832324165e-01 -3.232631661283524305e-01 4.424188910166872851e-02 -8.165255496324300566e+01 -4.681259346380698544e-02 -1.774340681614403818e-04 9.989036738346092070e-01 -1.321064656670942306e+00
-3.214939301666896454e-01 -9.467655158191948805e-01 -1.663463003780894442e-02 1.194409235005596770e+01 9.457717453747237490e-01 -3.219190818236641327e-01 4.340403669948658671e-02 -8.258614591953329409e+01 -4.644845002241885373e-02 -1.778428740274289651e-03 9.989191051690131662e-01 -1.286372510795039004e+00
-3.217864397754349737e-01 -9.466459436015861595e-01 -1.774667952676542773e-02 1.227249640605991665e+01 9.456335982205313906e-01 -3.222643628570651120e-01 4.384949648467323380e-02 -8.354481324849236046e+01 -4.722907034645594526e-02 -2.671683056988929418e-03 9.988805118800649918e-01 -1.252914807772779637e+00
-3.237066229270989526e-01 -9.460088581614400915e-01 -1.677088394020159051e-02 1.261152019027151105e+01 9.449368630378842671e-01 -3.241382946752122129e-01 4.504099011230525140e-02 -8.450096951451587302e+01 -4.804526134692279488e-02 -1.267359657645767291e-03 9.988443555687401831e-01 -1.214468664752696325e+00
-3.265990645290359207e-01 -9.450294607755442833e-01 -1.588613577798179619e-02 1.292793263591040365e+01 9.439374387400755184e-01 -3.269851556770505541e-01 4.541827500909875748e-02 -8.546823509979829225e+01 -4.811613852141954917e-02 -1.619521866105612428e-04 9.988417346983476941e-01 -1.174410713213521307e+00
-3.317070943493450885e-01 -9.432009005400697754e-01 -1.850580378231753143e-02 1.327186449406573665e+01 9.421805779290407523e-01 -3.322106299010263442e-01 4.395288326355961672e-02 -8.639792930480908240e+01 -4.760422380661093189e-02 -2.856325706411296048e-03 9.988621923314305873e-01 -1.149726466070509989e+00
-3.388014649078178731e-01 -9.406611536275585328e-01 -1.923957970678547361e-02 1.361401756962133902e+01 9.396879928298473850e-01 -3.393288745536585660e-01 4.292308258594397519e-02 -8.736808905786756441e+01 -4.690462131106935134e-02 -3.536798778464364870e-03 9.988931111705531274e-01 -1.107094293327824053e+00
-3.476211798509298845e-01 -9.374127316301016366e-01 -2.041778371261439989e-02 1.394642392845238987e+01 9.365187210612243573e-01 -3.481872620199791823e-01 4.121062559588287849e-02 -8.828639134154367696e+01 -4.574057731916192360e-02 -4.795950396797948878e-03 9.989418393661464446e-01 -1.070220900612473436e+00
-3.575288662775972792e-01 -9.336718166363017213e-01 -2.073761298235563336e-02 1.431329135324333279e+01 9.328203218598812851e-01 -3.580951474484778685e-01 4.017601886963594049e-02 -8.921770711108136709e+01 -4.493725510159694153e-02 -4.980380338191880280e-03 9.989773965939062750e-01 -1.034431262823182429e+00
-3.680942848277415913e-01 -9.295779294537553916e-01 -1.978561458447022567e-02 1.465117482912891234e+01 9.287985477518529986e-01 -3.686008095837208232e-01 3.829753074830305470e-02 -9.016622605267660617e+01 -4.289353288986032242e-02 -4.279747900359063759e-03 9.990704822904405980e-01 -1.003196316493836671e+00
-3.800360987622017350e-01 -9.247100214093209036e-01 -2.199863490362335972e-02 1.503685843325360239e+01 9.240692663297115361e-01 -3.806082398324502902e-01 3.511920827224965930e-02 -9.108560430656034157e+01 -4.084794554239909448e-02 -6.981695511652549757e-03 9.991409816750892459e-01 -9.713501952438284848e-01
-3.918381512806332623e-01 -9.197012068383635386e-01 -2.474981486511606751e-02 1.540235989626592605e+01 9.190957462789713928e-01 -3.925115214988752488e-01 3.460801432774710668e-02 -9.197995988875874218e+01 -4.154362003273420062e-02 -9.186709209466462772e-03 9.990944559942194214e-01 -9.289980589029041003e-01
-4.026146647707835591e-01 -9.149526149912957651e-01 -2.762506157290564590e-02 1.575703960690120020e+01 9.142561787858676237e-01 -4.034298274449519828e-01 3.714853796292352794e-02 -9.288449063600806710e+01 -4.513392577550790624e-02 -1.029983707313379335e-02 9.989278462883404153e-01 -8.915334109711452459e-01
-4.145728764926195353e-01 -9.095873125172281304e-01 -2.793297297290577713e-02 1.615854263365133292e+01 9.087814085988658031e-01 -4.154137303010244087e-01 3.934188678301538816e-02 -9.381794830032956156e+01 -4.738862156911256840e-02 -9.074887353814543867e-03 9.988353042194685338e-01 -8.585442577991286850e-01
-4.268626844619768379e-01 -9.038426948162279206e-01 -2.926827012334533296e-02 1.657897408425644059e+01 9.031543837635020999e-01 -4.277310569677441610e-01 3.685514872093303973e-02 -9.470711225849562709e+01 -4.583020505296868385e-02 -1.070167874724765010e-02 9.988919192618862519e-01 -8.453374831892797037e-01
-4.380867691871884184e-01 -8.983558020120537835e-01 -3.219993244014959094e-02 1.697998765118584430e+01 8.978537595768898427e-01 -4.390346267164480509e-01 3.327495981705305000e-02 -9.559830229122536593e+01 -4.402963853222555818e-02 -1.433351075788574444e-02 9.989273954547307488e-01 -8.051493203950579325e-01
-4.497284975152019415e-01 -8.925281181608250014e-01 -3.373183673818329342e-02 1.740126889260006493e+01 8.920967156693944133e-01 -4.507168385623174234e-01 3.190268517726944919e-02 -9.644711811196610540e+01 -4.367755037877770613e-02 -1.574451409562799623e-02 9.989216094662761725e-01 -7.732062227233263974e-01
-4.602774636505519434e-01 -8.871846740369848661e-01 -3.237299189132807758e-02 1.785170467301190556e+01 8.866201579954425815e-01 -4.612323916676294711e-01 3.419614460667957240e-02 -9.734433851374252811e+01 -4.526976788137388602e-02 -1.296283247873976363e-02 9.988906912570508778e-01 -7.286833698854328079e-01
-4.704450525767082114e-01 -8.818167437822476140e-01 -3.287374158874435681e-02 1.826334164128129700e+01 8.811955764037154859e-01 -4.714304661747425462e-01 3.532239632400294843e-02 -9.818743302506888426e+01 -4.664556383081153862e-02 -1.235094907151181726e-02 9.988351442664754609e-01 -7.039670817145384785e-01
-4.804089513217414398e-01 -8.763598354348999253e-01 -3.465080549007536898e-02 1.872177616166983327e+01 8.757117884486179671e-01 -4.814816589212713716e-01 3.611475720311597970e-02 -9.903407000396934734e+01 -4.833324998932044675e-02 -1.299426621116843775e-02 9.987467376572456423e-01 -6.682547320257252732e-01
-4.899628443995547866e-01 -8.710695091727134187e-01 -3.426837160028010920e-02 1.916512654976898489e+01 8.703849710683079222e-01 -4.910148839448600366e-01 3.652924686258226389e-02 -9.988910573819502758e+01 -4.864579363903426962e-02 -1.192870192675537198e-02 9.987448587209132311e-01 -6.419743906209092188e-01
-4.971556330542450941e-01 -8.669720029630180180e-01 -3.458066794235434283e-02 1.978272542289514746e+01 8.663390593777301474e-01 -4.982030738386237778e-01 3.536002555960798127e-02 -1.006332430072761213e+02 -4.788434724820996025e-02 -1.237914744538765391e-02 9.987761741186163000e-01 -6.111130031182321343e-01
-4.999061391227556661e-01 -8.653802979554132691e-01 -3.479643620533338921e-02 2.016378846368688116e+01 8.648194243074320831e-01 -5.009422674801624620e-01 3.382614352406993624e-02 -1.012701610336656728e+02 -4.670348381416273426e-02 -1.318273711597875951e-02 9.988218059451995368e-01 -5.760061269031439002e-01
-5.096797474300859276e-01 -8.596263176814233908e-01 -3.562511759514915000e-02 2.061318700446603103e+01 8.591795787810829754e-01 -5.107135994786412558e-01 3.133800737863869784e-02 -1.020381238413522738e+02 -4.513320792492429845e-02 -1.463602584319310951e-02 9.988737559270423061e-01 -5.506238790564369490e-01
-5.192818046415856870e-01 -8.538791396805098799e-01 -3.516848278235863018e-02 2.107971259288518695e+01 8.534080887043101749e-01 -5.202918906069059490e-01 3.147987763791565419e-02 -1.028417106340326370e+02 -4.517788723100168297e-02 -1.366614000367813442e-02 9.988854764749629522e-01 -5.078584518774087453e-01
-5.283375903498274129e-01 -8.482415675787674525e-01 -3.668287951339563313e-02 2.153307973007798282e+01 8.477799146611924019e-01 -5.294121264871992638e-01 3.149629531755046563e-02 -1.036445739898776566e+02 -4.613682816162464895e-02 -1.445833168984689797e-02 9.988304909852305791e-01 -4.798631098195538791e-01
-5.383229211682898363e-01 -8.419917642941783242e-01 -3.547254431428168570e-02 2.201078278915283803e+01 8.414280474601191218e-01 -5.393559604292625931e-01 3.307550287246530107e-02 -1.044345166641556659e+02 -4.698162922568487054e-02 -1.204229237485321923e-02 9.988231623763654810e-01 -4.405838125304203379e-01
-5.474406865695415902e-01 -8.361477118650568752e-01 -3.414232894201892771e-02 2.252157718990896385e+01 8.355472859700134869e-01 -5.484077752210139156e-01 3.331133408747463664e-02 -1.052266548363472225e+02 -4.657711443204850393e-02 -1.029155068025506409e-02 9.988616803069599870e-01 -4.151542573872799013e-01
-5.556429884360974958e-01 -8.308178097103231519e-01 -3.166443532425832624e-02 2.304835882025509974e+01 8.301734861504387331e-01 -5.564922840127383141e-01 3.359048556559442178e-02 -1.059906147588638277e+02 -4.552858757995444094e-02 -7.622656876872182727e-03 9.989339531745711209e-01 -3.753300278609601470e-01
-5.635442584128351751e-01 -8.255739452395248756e-01 -2.907799418818490106e-02 2.355310272142364525e+01 8.248305393239819816e-01 -5.642789848559828236e-01 3.526767134137477611e-02 -1.067620929546915249e+02 -4.552417161053492339e-02 -4.109523936089862217e-03 9.989547845633747203e-01 -3.411476721344716689e-01
-5.693106230604638718e-01 -8.216532101198275040e-01 -2.777439044707416885e-02 2.403137359347360658e+01 8.209587734280467952e-01 -5.699771445204674380e-01 3.395212878820600549e-02 -1.075306295387878777e+02 -4.372764336671000618e-02 -3.472321918908314025e-03 9.990374548413835099e-01 -3.226501493814429300e-01
-5.752958136250770904e-01 -8.174519509391389160e-01 -2.840835661665700590e-02 2.455583945489798126e+01 8.169311619048129636e-01 -5.759648660954140853e-01 2.979848529695133807e-02 -1.083056403242503052e+02 -4.072104525537311587e-02 -6.064727934374826435e-03 9.991521483429097739e-01 -2.912750483046979699e-01
-5.817347745084809896e-01 -8.128715601867833040e-01 -2.871373820068545690e-02 2.512775768129055365e+01 8.124616736909461290e-01 -5.823925362677806472e-01 2.692512722991121168e-02 -1.090440528234317412e+02 -3.860933699566691801e-02 -7.665528978187229579e-03 9.992249790473095583e-01 -2.480140874185188526e-01
-5.873129595848095574e-01 -8.087807595357527912e-01 -3.061324064643216117e-02 2.561181019583396434e+01 8.084352742719423945e-01 -5.880296866356184982e-01 2.556354712342055399e-02 -1.097704027787408450e+02 -3.867679936276292862e-02 -9.735021079263699723e-03 9.992043507438758132e-01 -2.251924994793074730e-01
-5.934587248574823004e-01 -8.041765269778891057e-01 -3.326943556286947323e-02 2.611385354163503436e+01 8.038013789885026794e-01 -5.942921309538812258e-01 2.683665806226518194e-02 -1.105381078976320310e+02 -4.135317423213531740e-02 -1.081556930999835395e-02 9.990860515647650431e-01 -1.891282795356188651e-01
-5.998788541246806716e-01 -7.993414428447462861e-01 -3.462106467576505503e-02 2.666526835773418114e+01 7.989707897173504714e-01 -6.007668230693300471e-01 2.692399433779672779e-02 -1.112465849074085895e+02 -4.232065151729513114e-02 -1.151008451250361969e-02 9.990377772634558839e-01 -1.702026263473188084e-01
-6.071582691180000824e-01 -7.937685656811772628e-01 -3.592075127841872634e-02 2.726975367699873232e+01 7.934747841871292451e-01 -6.080777186533247169e-01 2.528349125524275570e-02 -1.119825163488119841e+02 -4.191184907841636470e-02 -1.315112958017088107e-02 9.990347564962029914e-01 -1.351993702606749670e-01
-6.144616076332455323e-01 -7.881580076010650249e-01 -3.526879347796337688e-02 2.776147752267570112e+01 7.879323507197673049e-01 -6.153242574991449887e-01 2.320923988108960015e-02 -1.126962011222333899e+02 -3.999429242195885748e-02 -1.352823650234688535e-02 9.991083241474042476e-01 -1.084362343096731685e-01
-6.216222586881389178e-01 -7.825032223940722176e-01 -3.569978208104763323e-02 2.831336644862246388e+01 7.823494711325416073e-01 -6.224738858708968037e-01 2.134400198983662719e-02 -1.133993695868534104e+02 -3.892393241218545380e-02 -1.466179890378225062e-02 9.991346051099941894e-01 -7.160254190724744949e-02
-6.301851044419054526e-01 -7.755278895966714048e-01 -3.772567549480055488e-02 2.888910458131279313e+01 7.754760701843442794e-01 -6.310818848585195706e-01 1.930075564343047140e-02 -1.140959775432458514e+02 -3.877626469020598043e-02 -1.709230986630646751e-02 9.991017236647781186e-01 -4.764255339782753201e-02
-6.387694279922883078e-01 -7.682668907834466765e-01 -4.170854088288802192e-02 2.943915038059335743e+01 7.683530190893839151e-01 -6.397883628040603732e-01 1.744960945958894463e-02 -1.148057154046103818e+02 -4.009059629093091742e-02 -2.090060625552808693e-02 9.989774315453786580e-01 -2.995724790639036142e-02
-6.476863779359811613e-01 -7.607196534373092955e-01 -4.252016820992952223e-02 3.000547638993854349e+01 7.608026681218047482e-01 -6.487433502144844821e-01 1.764555821770396812e-02 -1.154893324270757518e+02 -4.100799930789111175e-02 -2.092066973395967019e-02 9.989397727393055648e-01 -9.561214085775027877e-03
-6.570691373164946336e-01 -7.525304199976141639e-01 -4.425060178746519773e-02 3.058806664963291055e+01 7.527001236824447661e-01 -6.581658668078688157e-01 1.613119868724813971e-02 -1.161793185149948755e+02 -4.126345340501332698e-02 -2.270812063269076267e-02 9.988902185226498087e-01 1.974410483027675203e-02
-6.654764279287470607e-01 -7.451547905908645353e-01 -4.342190604788746106e-02 3.112042001416393688e+01 7.453118275405005155e-01 -6.665312732061192680e-01 1.569527190261966326e-02 -1.168239037956700486e+02 -4.063746537060952679e-02 -2.191802667026786916e-02 9.989335295728818398e-01 5.319560554738933522e-02
-6.752423450911939629e-01 -7.363262577667150088e-01 -4.325988341554447281e-02 3.170269917606417209e+01 7.365698858048350672e-01 -6.762347755717291742e-01 1.308937074728365284e-02 -1.174586371446730766e+02 -3.889188493124076662e-02 -2.302542998771377886e-02 9.989781032886427825e-01 7.314015132242485118e-02
-6.868586173277045903e-01 -7.254524114876036434e-01 -4.409125155367264043e-02 3.233510757395933410e+01 7.258197892063740220e-01 -6.878125973155910788e-01 9.973192271535325990e-03 -1.181225172958584295e+02 -3.756159463323669595e-02 -2.515212985413724928e-02 9.989777259589937008e-01 1.012755483446538540e-01
-6.980758870185355125e-01 -7.144988365870563740e-01 -4.670619309110168871e-02 3.285267086187350571e+01 7.150512264707108434e-01 -6.990416700397016347e-01 6.518210226881926417e-03 -1.187615537840498661e+02 -3.730682884292943480e-02 -2.884711526726815856e-02 9.988874032903949374e-01 1.157927694613123532e-01
-7.115529142312257971e-01 -7.008892889734530396e-01 -4.946367197574051688e-02 3.357445940932827000e+01 7.015533059072656119e-01 -7.125976305632276686e-01 5.251274133928758928e-03 -1.193637852472265024e+02 -3.892825724239887958e-02 -3.096484318308792560e-02 9.987621184568908905e-01 1.506587752762772181e-01
-7.250744664433642628e-01 -6.869400906311979860e-01 -4.878862561503254092e-02 3.415049616585494618e+01 6.875367191498209518e-01 -7.261253972433470150e-01 5.930201742404100397e-03 -1.199749931714555942e+02 -3.950035347765540328e-02 -2.924413372252311280e-02 9.987915211432950580e-01 1.615092615820853394e-01
-7.379644406959128267e-01 -6.731350088658419883e-01 -4.793479009476678265e-02 3.477157722860894040e+01 6.737130011191820866e-01 -7.389742183402766562e-01 5.281736950885655354e-03 -1.205357566950239914e+02 -3.897789609043690595e-02 -2.839655723750679137e-02 9.988365027086238968e-01 1.962235240013917859e-01
-7.516141466689264528e-01 -6.579307286967146506e-01 -4.693965016455634021e-02 3.542112605294833827e+01 6.585526681316772324e-01 -7.525291784685546048e-01 2.866852628759508897e-03 -1.210815380167029502e+02 -3.720964681462186202e-02 -2.875746486445682898e-02 9.988936131482031300e-01 2.240939360413726211e-01
-7.658811784520653809e-01 -6.410851495764107177e-01 -4.935434610271376143e-02 3.606006020167500026e+01 6.419048288868123286e-01 -7.667836701257273457e-01 -9.969324292843730929e-04 -1.216741200371519085e+02 -3.720498806532843844e-02 -3.244432487329892978e-02 9.987808341354665886e-01 2.564270386459972517e-01
-7.798744017286953767e-01 -6.238306986560074874e-01 -5.129499913604707029e-02 3.673284723526269602e+01 6.247905663799240283e-01 -7.807844221754928205e-01 -3.526222446789870589e-03 -1.221973921723199652e+02 -3.785057044791358127e-02 -3.479864218337828941e-02 9.986773196627218852e-01 2.737846084533504531e-01
-7.935927183834436960e-01 -6.061373397812823693e-01 -5.299172242235232477e-02 3.739198778343644847e+01 6.071951381888897048e-01 -7.945367385334514143e-01 -5.043339614131899830e-03 -1.227216018709172403e+02 -3.904691384498473056e-02 -3.617867381288689815e-02 9.985822159792735464e-01 2.845755987581873314e-01
-8.082704279644298273e-01 -5.864384157959783295e-01 -5.281003456233766824e-02 3.804013628219589549e+01 5.874623113857057044e-01 -8.092364244340944923e-01 -4.943891646023239848e-03 -1.232361480114765016e+02 -3.983651555828910534e-02 -3.501990638455627913e-02 9.985923383316852586e-01 3.171635523867838979e-01
-8.224299347921185666e-01 -5.665225418452561890e-01 -5.158693567687547971e-02 3.871168999363133167e+01 5.675683117953749246e-01 -8.232950762050718074e-01 -7.171397103360015353e-03 -1.237333405625058305e+02 -3.840851202327780212e-02 -3.517708164457488546e-02 9.986427585082060521e-01 3.318964940002395170e-01
-8.368083772261027953e-01 -5.455196199419390934e-01 -4.647670444484371111e-02 3.943256311871714814e+01 5.463331886810969262e-01 -8.375465604840068856e-01 -5.983808251988532653e-03 -1.242097963741847337e+02 -3.566211914654286719e-02 -3.039906701135953321e-02 9.989014515819722995e-01 3.595201284827678756e-01
-8.502001374814150969e-01 -5.247328875675159043e-01 -4.260425947020226450e-02 4.017878517686650497e+01 5.254646396614672810e-01 -8.507830562878100356e-01 -7.423179461439046063e-03 -1.246384855063482888e+02 -3.235179568875294620e-02 -2.869822004884994143e-02 9.990644491080126199e-01 3.761791628080610739e-01
-8.633291387211105006e-01 -5.031215854973848378e-01 -3.913398056622402477e-02 4.090304074951967550e+01 5.038432251990330180e-01 -8.637276396600385153e-01 -1.079670795627462633e-02 -1.250470170076727783e+02 -2.836904383938552987e-02 -2.903850356391286455e-02 9.991756415426485960e-01 3.954398456207142698e-01
-8.741652738462760697e-01 -4.840405402011502822e-01 -3.924066049755570856e-02 4.155503250155008033e+01 4.847638013027085191e-01 -8.745752340674455283e-01 -1.105517511509552034e-02 -1.254993435478040880e+02 -2.896775690441421094e-02 -2.868650192996771014e-02 9.991686312413435855e-01 4.199995122462706343e-01
-8.859165316953843128e-01 -4.620147476289008237e-01 -4.116153344332910274e-02 4.229713276778350917e+01 4.628156033975223682e-01 -8.863715962333464926e-01 -1.212891738755571790e-02 -1.258951222304910971e+02 -3.088067539529065764e-02 -2.979540836219389185e-02 9.990788845318501199e-01 4.389492361204592741e-01
-8.972019144676490754e-01 -4.395513629589055671e-01 -4.270039800374211825e-02 4.304899668341018071e+01 4.404464633337389912e-01 -8.976698609607802748e-01 -1.399048440782016400e-02 -1.262806063978768947e+02 -3.218132384861827761e-02 -3.135952867838065483e-02 9.989899610837736921e-01 4.562009808547842771e-01
-9.088629926846706342e-01 -4.147219178755907620e-01 -4.442737168591370106e-02 4.386192965282287304e+01 4.157219455314292711e-01 -9.093530612548853531e-01 -1.588313522260862559e-02 -1.265237452470817203e+02 -3.381308214424367381e-02 -3.290502720342914494e-02 9.988863472139268840e-01 4.602968505539472011e-01
-9.179837218744052452e-01 -3.942935053615608254e-01 -4.287794300474997988e-02 4.452523925125745308e+01 3.952277658610087174e-01 -9.184485008687408580e-01 -1.572782054469442151e-02 -1.268471114327430058e+02 -3.317980497832565684e-02 -3.138443685874557632e-02 9.989565143960931204e-01 4.832999110340834292e-01
-9.276126325712710230e-01 -3.711526153745267620e-01 -4.219644520335714272e-02 4.533457699669471452e+01 3.721224049680791346e-01 -9.280130234485035601e-01 -1.779730387990465651e-02 -1.271565995887992528e+02 -3.255333480984450717e-02 -3.221124657456658769e-02 9.989508075859385716e-01 5.057467367185189966e-01
-9.360783581484521942e-01 -3.491019335038348936e-01 -4.341828443051273800e-02 4.606581986274652252e+01 3.501171759160467412e-01 -9.365276019782536876e-01 -1.827604596528564426e-02 -1.274601473279569035e+02 -3.428221881597676157e-02 -3.230929822824633868e-02 9.988898030867939815e-01 5.228422359306094114e-01
-9.442751173346729532e-01 -3.263398889872251019e-01 -4.297417400313847946e-02 4.683104633314953702e+01 3.273040976528182044e-01 -9.447564041612127594e-01 -1.753181253545782123e-02 -1.277215136414734076e+02 -3.487879634598298195e-02 -3.062047758315973242e-02 9.989223472861911146e-01 5.336068161776069685e-01
-9.515476985331198234e-01 -3.045733707273710067e-01 -4.233248460582263867e-02 4.760571772128595569e+01 3.055010665786524471e-01 -9.520335190806630266e-01 -1.735732873905366028e-02 -1.279642189286782781e+02 -3.501536416937745672e-02 -2.944894541200712354e-02 9.989527936173573375e-01 5.632496950350556197e-01
-9.587475462763724865e-01 -2.812443304362604590e-01 -4.128884957538892647e-02 4.835282291015592904e+01 2.821698330668536703e-01 -9.591860018028292023e-01 -1.850403327174526824e-02 -1.282181101137017549e+02 -3.439953209491496133e-02 -2.939116428739008829e-02 9.989758914224081687e-01 5.813094741167790236e-01
-9.652716432550626502e-01 -2.585357813857209752e-01 -3.754869456670548167e-02 4.912749344412639374e+01 2.593974638740183525e-01 -9.655601054786627779e-01 -2.016527804389286679e-02 -1.284367663753471618e+02 -3.104207557000404627e-02 -2.920500721618679227e-02 9.990913156901727321e-01 5.832993119874111398e-01
-9.709378294755556249e-01 -2.368364710278225149e-01 -3.447052765858407003e-02 4.985640214106459922e+01 2.376688866290737334e-01 -9.710874877855735221e-01 -2.241855012382146586e-02 -1.286182509161146186e+02 -2.816436780924769581e-02 -2.995959032703184727e-02 9.991542380048491490e-01 6.140301174659270611e-01
-9.764519778449127774e-01 -2.133541470354412550e-01 -3.196158472560507724e-02 5.063119010596993519e+01 2.142073438871582025e-01 -9.764378407915964564e-01 -2.616021578538872683e-02 -1.288054516876100308e+02 -2.562711025209964133e-02 -3.239060061469488383e-02 9.991466860284583529e-01 6.257231218786799554e-01
-9.814754035298307588e-01 -1.895686185162853976e-01 -2.774474963619746187e-02 5.142014926037963107e+01 1.903375214404807447e-01 -9.813098165242347681e-01 -2.833146519292447513e-02 -1.289691743126097094e+02 -2.185543845733501495e-02 -3.308750311127067051e-02 9.992134691533148816e-01 6.495670216917209805e-01
-9.856106469665921743e-01 -1.669897719320577456e-01 -2.619291218503860472e-02 5.216699085557411308e+01 1.677692772704495461e-01 -9.853361837313097116e-01 -3.108174108542015660e-02 -1.291003190244356631e+02 -2.061849127759734362e-02 -3.502886088667075265e-02 9.991735868767331885e-01 6.647778262900156943e-01
-9.892283680313802563e-01 -1.441628232796403619e-01 -2.538338548227754218e-02 5.292695860038725897e+01 1.449393887273214832e-01 -9.889229920933880758e-01 -3.199827025573546285e-02 -1.292393502815184263e+02 -2.048925253994876572e-02 -3.533264904027486053e-02 9.991655490617387114e-01 6.756224805363184593e-01
-9.920437866886300249e-01 -1.233738236125605237e-01 -2.506042561894541304e-02 5.370668138906564337e+01 1.241353442875674784e-01 -9.917645283605911466e-01 -3.152041527739162657e-02 -1.293763020333054783e+02 -2.096524703934906503e-02 -3.438051669171586500e-02 9.991888902896595148e-01 6.987781233490406585e-01
-9.942930874108534267e-01 -1.036072396949092728e-01 -2.543218831083202125e-02 5.447637631672373004e+01 1.044435857431154913e-01 -9.939455800613227199e-01 -3.411335909360124763e-02 -1.294582005851539179e+02 -2.174382018992036814e-02 -3.657490607536106886e-02 9.990943311413656991e-01 6.956757816075578305e-01
-9.961742557606135806e-01 -8.461402562745871936e-02 -2.184762731660768245e-02 5.523233028545251244e+01 8.533116919288323554e-02 -9.957622472680579540e-01 -3.429487534334687421e-02 -1.295349166083979924e+02 -1.885321501254706017e-02 -3.602795550432918298e-02 9.991729293248270416e-01 6.876892266570796552e-01
-9.977102058870513934e-01 -6.564287387506438642e-02 -1.628981800636993341e-02 5.600471715654755656e+01 6.616787518584478500e-02 -9.972253510920530140e-01 -3.410881744795369458e-02 -1.295933784884634292e+02 -1.400561867832424666e-02 -3.510857792295467295e-02 9.992853598403992343e-01 6.930593021696627165e-01
-9.988911420014662257e-01 -4.561529295155750119e-02 -1.165038507393775444e-02 5.677147653223435242e+01 4.599080117192134998e-02 -9.983526876723770593e-01 -3.430389511241994233e-02 -1.296287096532727219e+02 -1.006641102549590827e-02 -3.480166750720330854e-02 9.993435401789906303e-01 7.131415221899003454e-01
-9.996541299659079671e-01 -2.536727715546600523e-02 -6.936979474132952753e-03 5.753119427303561650e+01 2.560533858507193714e-02 -9.989980519352700261e-01 -3.670502500284337360e-02 -1.296622100574756189e+02 -5.998922438158028371e-03 -3.686995354255065416e-02 9.993020661667056936e-01 7.128884362253659068e-01
-9.999812913840265827e-01 -5.569523316768788118e-03 -2.529285342972802976e-03 5.827217340906217657e+01 5.660125720608082112e-03 -9.992861648779768347e-01 -3.735135412902242796e-02 -1.296761933593976721e+02 -2.319450611942581487e-03 -3.736497140967570685e-02 9.992989938202241351e-01 7.030992710911536658e-01
-9.999063583860424709e-01 1.367090018896753578e-02 -6.172030176460642763e-04 5.902444038155503137e+01 -1.364027970323022920e-02 -9.992734470606300379e-01 -3.558821102780061751e-02 -1.296773611658581729e+02 -1.103277467254713384e-03 -3.557645966824907885e-02 9.993663483858192809e-01 7.172468767595546746e-01
-9.994560833825534285e-01 3.297303511459170888e-02 5.624387173573257336e-04 5.978248744304314499e+01 -3.297283983750998876e-02 -9.988627128904057351e-01 -3.443940512317535813e-02 -1.296590439978700147e+02 -5.737726508059646287e-04 -3.443921815993754992e-02 9.994066294692975916e-01 7.105322051960270002e-01
-9.986965432976319113e-01 5.099247763860383781e-02 2.231954750078484970e-03 6.050965058384317530e+01 -5.103907231254335708e-02 -9.981063099668614491e-01 -3.433376030632508125e-02 -1.296298538250464958e+02 4.769646155401245907e-04 -3.440292463598493972e-02 9.994079303622483978e-01 6.990370012379920617e-01
-9.977060367868761936e-01 6.764100687469473683e-02 2.712626102146275912e-03 6.124625782463140666e+01 -6.769444363324561564e-02 -9.971014493077257068e-01 -3.472984429234780152e-02 -1.295995325490488597e+02 3.556017819389665244e-04 -3.483380502168108295e-02 9.993930555916378244e-01 7.012967344922654833e-01
-9.964542901470611058e-01 8.403641317832459545e-02 4.090097799257120560e-03 6.199477111770602278e+01 -8.412807495122415213e-02 -9.958462325718416830e-01 -3.482453262302415142e-02 -1.295498133103998271e+02 1.146579672587467059e-03 -3.504514698856489585e-02 9.993850724407041808e-01 6.941411659860934336e-01
-9.950923005444296532e-01 9.881623145500402494e-02 5.163892969264225960e-03 6.270028827956485884e+01 -9.893773864064320245e-02 -9.944589855588122917e-01 -3.553378545755358359e-02 -1.294901039548449546e+02 1.623964996101249104e-03 -3.587030021075168773e-02 9.993551342191570042e-01 6.920729470983816300e-01
-9.934236106374627617e-01 1.143935887552356145e-01 4.861756072052668583e-03 6.343021243432281864e+01 -1.144946703749580852e-01 -9.927709974369229862e-01 -3.600995832743896646e-02 -1.294127427934177490e+02 7.073020615387553590e-04 -3.632978797925009301e-02 9.993396050486951232e-01 6.903669104686548375e-01
-9.917572963269740693e-01 1.280316511142798319e-01 5.036019017898626243e-03 6.412443833261454529e+01 -1.281306455926059518e-01 -9.910072196046043613e-01 -3.856459965406514034e-02 -1.293402493942381284e+02 5.324183712281690788e-05 -3.889199145463568402e-02 9.992434188703481768e-01 6.717267470106610405e-01
-9.898972433689986472e-01 1.417045400079035289e-01 4.823992537464375993e-03 6.487856851898284560e+01 -1.417855197479395146e-01 -9.891819684055088713e-01 -3.762844357793573152e-02 -1.292567325811768058e+02 -5.603148540543632710e-04 -3.793226485905470957e-02 9.992801555718140438e-01 6.784622487106513056e-01
-9.879938960999840036e-01 1.544198097020070548e-01 4.752224024041668167e-03 6.558430333187827443e+01 -1.544867388769761984e-01 -9.872118057375164346e-01 -3.932808307690054128e-02 -1.291532755729158453e+02 -1.381583444052852244e-03 -3.959006161699771958e-02 9.992150510465952484e-01 6.674161378447128756e-01
-9.860277669070841577e-01 1.665087093000704177e-01 4.908422136296474933e-03 6.629431761236781995e+01 -1.665705869455602894e-01 -9.852076893621662945e-01 -4.024982460995883693e-02 -1.290645960340686997e+02 -1.866131113463006825e-03 -4.050504343460831214e-02 9.991775913223469585e-01 6.594059802091245537e-01
-9.842628772090933342e-01 1.766415630863724107e-01 4.934240661420388405e-03 6.698335785960816224e+01 -1.766948097128076545e-01 -9.834202534394532735e-01 -4.078663188447750887e-02 -1.289585983723744391e+02 -2.352182206739111912e-03 -4.101662236486706969e-02 9.991556955341552859e-01 6.544408064097514410e-01
-9.824043156321604631e-01 1.866931543355303813e-01 5.237054896688739421e-03 6.768552951003752582e+01 -1.867462759879149059e-01 -9.814975855306007357e-01 -4.228850904293402629e-02 -1.288182309441250766e+02 -2.754818408405143495e-03 -4.252241428437825849e-02 9.990917151336308200e-01 6.512732338148766731e-01
-9.802649991746658076e-01 1.976408247799226470e-01 4.316916243196202395e-03 6.839110067234102530e+01 -1.976499997711581302e-01 -9.794150934047889390e-01 -4.099454105315550323e-02 -1.286855793120138287e+02 -3.874141979098317395e-03 -4.103875224596123528e-02 9.991500447018530906e-01 6.483595132177200071e-01
-9.781801547899787730e-01 2.077143375191894958e-01 4.282377432554012112e-03 6.907263705724949432e+01 -2.077090196241652142e-01 -9.772897965754926419e-01 -4.197161744551189400e-02 -1.285496448054881000e+02 -4.532982941815595634e-03 -4.194529166766656353e-02 9.991096258981074785e-01 6.327648275361844599e-01
-9.759887175273529447e-01 2.177660085770140863e-01 4.897832195699254078e-03 6.975757701616076645e+01 -2.177744588853605390e-01 -9.750679088742911782e-01 -4.262461888955844380e-02 -1.284088697497122098e+02 -4.506474125050979884e-03 -4.266776988110352470e-02 9.990791525670149609e-01 6.263219498525295359e-01
-9.737391968540423104e-01 2.275871800661387057e-01 6.004329443609224964e-03 7.044919482868846217e+01 -2.276216732449033164e-01 -9.726868054168372746e-01 -4.548354023090592918e-02 -1.282568029803497041e+02 -4.511138634836811198e-03 -4.565582144907231327e-02 9.989470434340931293e-01 6.296030797165204085e-01
-9.716596130306263124e-01 2.362962763343978423e-01 6.454935178840682033e-03 7.112408651735458420e+01 -2.363473557074969589e-01 -9.706613797736292071e-01 -4.423136060269804853e-02 -1.281001496532222177e+02 -4.186149520012007533e-03 -4.450343358769777435e-02 9.990004607310195572e-01 6.148480210744832197e-01
-9.694645655890222757e-01 2.451362961717435396e-01 6.830253215742723705e-03 7.178261723014328766e+01 -2.451992343732034008e-01 -9.685098865993581052e-01 -4.319646995773789022e-02 -1.279341628111121167e+02 -3.973854885142483369e-03 -4.355221984151023962e-02 9.990432486203565388e-01 6.250456732248335090e-01
-9.670494728677146989e-01 2.544831122601887152e-01 7.325475626812781062e-03 7.242688932608442087e+01 -2.545554477878543831e-01 -9.660596617641918904e-01 -4.393465498074704961e-02 -1.277831986102553685e+02 -4.103781228711226095e-03 -4.435172466808449260e-02 9.990075492649084232e-01 6.186158259862519770e-01
-9.647283708270604219e-01 2.631095005966241906e-01 8.518286781289845233e-03 7.308939740523531725e+01 -2.632180101897871327e-01 -9.636325288146595502e-01 -4.613706228913440344e-02 -1.276131577495177538e+02 -3.930601185100890925e-03 -4.675189943364427975e-02 9.988987988096454940e-01 6.054720931961109498e-01
-9.625716976102423050e-01 2.708445985332120776e-01 9.946376106820815910e-03 7.373373232412478728e+01 -2.710136411303963322e-01 -9.615085843394065579e-01 -4.530837182609166042e-02 -1.274434171019343296e+02 -2.708001767084073589e-03 -4.630815998926343657e-02 9.989235311246409399e-01 6.063943559559085150e-01
-9.607531908151428768e-01 2.772525616742247956e-01 9.182776059178318628e-03 7.437101064148117757e+01 -2.773828467052285029e-01 -9.597369536926427802e-01 -4.431406170850206439e-02 -1.272730421653580066e+02 -3.473137604826819543e-03 -4.512202074827497550e-02 9.989754454181805077e-01 6.162946897606420560e-01
-9.592056525431016389e-01 2.825688581080726958e-01 8.908229309211731020e-03 7.497745719938671982e+01 -2.826779816362281483e-01 -9.581547396846205045e-01 -4.508495882865045518e-02 -1.271001604123335653e+02 -4.204143198678583597e-03 -4.576390763410385226e-02 9.989434368009542098e-01 6.035184084777348579e-01
-9.575083834188373721e-01 2.883264595176742717e-01 6.748956750886025632e-03 7.560572574897925335e+01 -2.883440344832283175e-01 -9.565595294483021371e-01 -4.303004060155017629e-02 -1.269247032231861283e+02 -5.950920365095179951e-03 -4.314764603283728628e-02 9.990509832727809680e-01 6.190257042804557797e-01
-9.561551167968617149e-01 2.928051757338187566e-01 5.702778205217480523e-03 7.621839792181380346e+01 -2.927758462664772909e-01 -9.552280838267166452e-01 -4.268034332406557552e-02 -1.267699863570170606e+02 -7.049571529371677706e-03 -4.247866437095116493e-02 9.990725031769149833e-01 5.900617404160711787e-01
-9.550323644794714850e-01 2.963766755017896437e-01 8.605173319350501587e-03 7.679926488462440659e+01 -2.964693882413870218e-01 -9.540988362107218901e-01 -4.244187285778921320e-02 -1.265737565250574903e+02 -4.368595329713981235e-03 -4.308453265791350323e-02 9.990618791697388756e-01 5.829668796177162049e-01
-9.536451275154627094e-01 3.007629164652533826e-01 1.013108276255184764e-02 7.739063160396567298e+01 -3.009188240063929154e-01 -9.527256155268942761e-01 -4.197335907503321750e-02 -1.263972867945896184e+02 -2.971887827775267048e-03 -4.307632287808697835e-02 9.990673642351234340e-01 5.855667638352898274e-01
-9.518427449574360377e-01 3.063494731729314857e-01 1.205774237499255067e-02 7.797144785263360234e+01 -3.065811142299976200e-01 -9.508522120822613388e-01 -4.345217106514572686e-02 -1.262057866375428432e+02 -1.846418703475048674e-03 -4.505630987335310783e-02 9.989827424276362944e-01 5.862996175384954656e-01
-9.495894153326774889e-01 3.132162372514195603e-01 1.324881137459349781e-02 7.853914311818098781e+01 -3.134956331902126747e-01 -9.486505370625285538e-01 -4.222139855725742102e-02 -1.260185613583714002e+02 -6.559355610709079014e-04 -4.424643768132942301e-02 9.990204314681083719e-01 5.894068859435717123e-01
-9.470800111913160180e-01 3.207719165140158757e-01 1.203453241429832711e-02 7.908454864247377714e+01 -3.209909328497723702e-01 -9.461531115353242205e-01 -4.194175192717601586e-02 -1.258165515712304767e+02 -2.067225857403534681e-03 -4.358517067056895400e-02 9.990475761767015905e-01 6.054379897523842757e-01
-9.448172416980897825e-01 3.274557163298297269e-01 9.650576438587289002e-03 7.962171081966980069e+01 -3.275780439452699033e-01 -9.440256861444160652e-01 -3.883463684642061986e-02 -1.256499165979707158e+02 -3.606231782262035203e-03 -3.985295142017937498e-02 9.991990479104261302e-01 5.914736640081915686e-01
-9.434851586412648095e-01 3.312806664875448948e-01 9.427376512743758374e-03 8.014101633177018869e+01 -3.313966099976437540e-01 -9.427538082193808178e-01 -3.730340419239198263e-02 -1.254901474635688743e+02 -3.470201493637127283e-03 -3.831940883970746253e-02 9.992595161405455340e-01 5.854510850044564174e-01
-9.439231081843029170e-01 3.300821125809047518e-01 7.413823743470764061e-03 8.112023000800968475e+01 -3.301462447491210761e-01 -9.433888310401158384e-01 -3.195262964472318779e-02 -1.251941608738521836e+02 -3.552872980188531791e-03 -3.260847155691144750e-02 9.994618875504854838e-01 5.793469194272262701e-01
-9.449845189982332139e-01 3.270127439058053143e-01 8.180719379625948223e-03 8.160836478781368442e+01 -3.271002125563968743e-01 -9.444078678288071460e-01 -3.315463953941122366e-02 -1.250322645554931853e+02 -3.116053901804121968e-03 -3.400653614552561627e-02 9.994167527598959433e-01 5.742120550902842790e-01
-9.460236748436312570e-01 3.239550250834615786e-01 9.609804952528989280e-03 8.207005608629000903e+01 -3.240930624836337870e-01 -9.454390738814174577e-01 -3.329631244739520574e-02 -1.248821662433525290e+02 -1.701022639008276148e-03 -3.461357097704429592e-02 9.993993232016274986e-01 5.719743989889465308e-01
-9.469678499424079021e-01 3.211456421957259444e-01 1.083363590190299097e-02 8.250240464406475382e+01 -3.213267943786849434e-01 -9.463209836835635436e-01 -3.500981360767307232e-02 -1.247413355962404324e+02 -9.911520900533509794e-04 -3.663430541466461410e-02 9.993282470109569049e-01 5.772585286977824914e-01
-9.477163725374710967e-01 3.189145591969933524e-01 1.127746200698909532e-02 8.294838605313844937e+01 -3.191129491750205327e-01 -9.470355896071174229e-01 -3.592377597995125710e-02 -1.246063185863446421e+02 -7.764572996991208091e-04 -3.764433481973487872e-02 9.992908991678621788e-01 5.731843873324866667e-01
-9.486087767230078072e-01 3.162447063574914674e-01 1.143129116348584259e-02 8.334985969581967424e+01 -3.164503336299372416e-01 -9.479003689893671369e-01 -3.666165312209740401e-02 -1.244702512319875041e+02 -7.583286137070540962e-04 -3.839500182321733263e-02 9.992623523191402901e-01 5.726993917479142882e-01
-9.493968402975001553e-01 3.138479006772220137e-01 1.204719329766929664e-02 8.375188835488512495e+01 -3.140789758985449986e-01 -9.487213355711549001e-01 -3.580816003246095613e-02 -1.243463696411550785e+02 1.911134625288300401e-04 -3.777992412498444585e-02 9.992860655480138021e-01 5.665075035978313078e-01
-9.500678516026475062e-01 3.118050707936766974e-01 1.219324285065368635e-02 8.412011651755655350e+01 -3.120430764971989790e-01 -9.493966989287461189e-01 -3.570751276203840835e-02 -1.242293321138953388e+02 4.424409675967889326e-04 -3.772937694741763243e-02 9.992878956290949244e-01 5.770227129189955395e-01
-9.508238748389659101e-01 3.094752290059786248e-01 1.261117205706606403e-02 8.447515916068907416e+01 -3.097312096213302168e-01 -9.501290557103950762e-01 -3.635045083149456707e-02 -1.241131656274329629e+02 7.326769030184752387e-04 -3.846895008764888990e-02 9.992595273768395403e-01 5.704151932857103313e-01
-9.515595102033658215e-01 3.072046717508668534e-01 1.264073529193443512e-02 8.478793251463561376e+01 -3.074636549986235479e-01 -9.508554858603495141e-01 -3.660527091037525660e-02 -1.240217803662447977e+02 7.742022638554555899e-04 -3.871866033299756205e-02 9.992498516099703743e-01 5.709963304127396722e-01
-9.520618347085537669e-01 3.056474162493406643e-01 1.256661546478627690e-02 8.510282784316456173e+01 -3.059054619260795360e-01 -9.513023856429896341e-01 -3.802130229211071050e-02 -1.239196120472290801e+02 3.335384636727019899e-04 -4.004282712678081113e-02 9.991979086934991150e-01 5.643216522647963584e-01
-9.525998638094669291e-01 3.039555967054654584e-01 1.282554850175892693e-02 8.538417526016236536e+01 -3.042251707864220278e-01 -9.518524550815662399e-01 -3.773525154798054032e-02 -1.238265200476287617e+02 7.381889286535278562e-04 -3.984845016874417195e-02 9.992054623979643724e-01 5.666640271359093539e-01
-9.530111663398044275e-01 3.026525168544074162e-01 1.308322842828670701e-02 8.563431466348826859e+01 -3.029344662983283754e-01 -9.522127990061433067e-01 -3.900633963394298936e-02 -1.237526541204715187e+02 6.526506988280679575e-04 -4.113683805052857634e-02 9.991533088530233364e-01 5.641634074250173603e-01
-9.535030558763269992e-01 3.011076481372748082e-01 1.288823729299061124e-02 8.585176778492618155e+01 -3.013826682566921322e-01 -9.527194823080795683e-01 -3.865327022762585218e-02 -1.236892961199947365e+02 6.400794711697298548e-04 -4.074030262609870667e-02 9.991695642031335201e-01 5.600135992125915285e-01
-9.539208759632940016e-01 2.997864604908188069e-01 1.276873136187553145e-02 8.605469948734821628e+01 -3.000581062738978400e-01 -9.531000430375459187e-01 -3.956565196382498539e-02 -1.236133653029923494e+02 3.086316518731106870e-04 -4.157386273132076399e-02 9.991353855578208876e-01 5.566501883470629242e-01
-9.543425743337954348e-01 2.984576068613020161e-01 1.238174920437682021e-02 8.621902512447020683e+01 -2.987142646799338386e-01 -9.535495418965105330e-01 -3.889806190333798541e-02 -1.235626085864175394e+02 1.971888150789171984e-04 -4.082068164242830255e-02 9.991664691414007260e-01 5.579199500959188818e-01
-9.544415182121610552e-01 2.981522702009631876e-01 1.210834752049350094e-02 8.638377660018348081e+01 -2.983980136055909282e-01 -9.536713117773168991e-01 -3.833607391616308119e-02 -1.235103076882271296e+02 1.173961952093690539e-04 -4.020264743896221488e-02 9.991915398694620754e-01 5.624452578851502071e-01
-9.548295919803351239e-01 2.969144794828931233e-01 1.192653113341333830e-02 8.648857970453748578e+01 -2.971539002839589383e-01 -9.540467842388085096e-01 -3.865608650313883538e-02 -1.234852925194518463e+02 -9.908312738829950735e-05 -4.045399054646987846e-02 9.991813973553921313e-01 5.597719358156951763e-01
-9.550244091842265970e-01 2.963016390204580297e-01 1.156358806443100878e-02 8.659728322459235983e+01 -2.965266799810704068e-01 -9.542235605487336958e-01 -3.910657933394316721e-02 -1.234423864950021397e+02 -5.530953769928402411e-04 -4.077665020100449539e-02 9.991681334357903621e-01 5.586600265891851214e-01
-9.552079424932127250e-01 2.957094422144133095e-01 1.156340676211299254e-02 8.666467593405029390e+01 -2.959349201817374486e-01 -9.544033107124616500e-01 -3.920259573299238881e-02 -1.234205399813726132e+02 -5.564240201068177110e-04 -4.086864666765871457e-02 9.991643729144545905e-01 5.565214252970621667e-01
-9.552147926307738013e-01 2.956962581537549983e-01 1.133238042273922164e-02 8.672104789510559897e+01 -2.959125318615943301e-01 -9.544224476777951605e-01 -3.890456078728573436e-02 -1.234019555510536179e+02 -6.880547882515311141e-04 -4.051560534771056488e-02 9.991786688543682349e-01 5.614448042754509594e-01
-9.552721121486984490e-01 2.955376896255151875e-01 1.061441258924264268e-02 8.675204604432019551e+01 -2.957250580288057762e-01 -9.544798262525018284e-01 -3.892237563278656831e-02 -1.233902253265648739e+02 -1.371786284723150061e-03 -4.032040775945560512e-02 9.991858600431491322e-01 5.581130264276232822e-01
-9.553871694715218021e-01 2.951888604600997890e-01 9.944499097757958719e-03 8.676842132230585491e+01 -2.953490102346763013e-01 -9.545849537260528983e-01 -3.919857481152504847e-02 -1.233900971587945321e+02 -2.078113418640755664e-03 -4.038691340229019766e-02 9.991819547310288874e-01 5.561149628354113972e-01
-9.554638796675851697e-01 2.949532471644079612e-01 9.558066257764086596e-03 8.676218771005328279e+01 -2.950981520071185860e-01 -9.546649284174545391e-01 -3.914019833483275979e-02 -1.233947445265323211e+02 -2.419777953170521370e-03 -4.021761344137563671e-02 9.991880144564384558e-01 5.550328217162329159e-01
-9.553847095748351226e-01 2.952120855507552322e-01 9.480572147157200966e-03 8.677741335092262887e+01 -2.953515929670723628e-01 -9.545539415739053846e-01 -3.992754877933381297e-02 -1.233814261557679117e+02 -2.737377434063853910e-03 -4.094627168047861032e-02 9.991575999760557991e-01 5.575221517937926086e-01
-9.554763457915386171e-01 2.949707760807566137e-01 7.562663818265056258e-03 8.676101810884813403e+01 -2.950318326922328205e-01 -9.546466652904974648e-01 -4.007445747566845684e-02 -1.233940193459885819e+02 -4.601122027233855820e-03 -4.052142275476681293e-02 9.991680759330114903e-01 5.652828279301868042e-01
-9.554485970336028533e-01 2.951098337669999516e-01 5.307017373795459673e-03 8.675562023751950846e+01 -2.950798042052918957e-01 -9.546298590166808484e-01 -4.012158294377464463e-02 -1.233966364813830126e+02 -6.774036425111248927e-03 -3.990010378196916230e-02 9.991807114523135747e-01 5.709410010026183535e-01
-9.554330520197904519e-01 2.951628793421219310e-01 5.153422114937413270e-03 8.675948788513957766e+01 -2.951235050346245892e-01 -9.545971692773341788e-01 -4.057537649505489619e-02 -1.233929042558318798e+02 -7.056902793112317454e-03 -4.028795179901016599e-02 9.991631904010775944e-01 5.577742821653181027e-01
-9.553675790826040570e-01 2.953620867588293564e-01 5.833226911223367978e-03 8.677576151803899052e+01 -2.953513380104231256e-01 -9.545356305956189669e-01 -4.036479967490121806e-02 -1.233886018025904434e+02 -6.354208534917458497e-03 -4.028607231872100014e-02 9.991679820734230555e-01 5.590925779757340841e-01
-9.553986933677094395e-01 2.952564243215474171e-01 6.081167734738581777e-03 8.676444162218251677e+01 -2.952525268229348465e-01 -9.545439543623648326e-01 -4.088746248951485862e-02 -1.233893129529166544e+02 -6.267544077025260195e-03 -4.085930837733434129e-02 9.991452521029250411e-01 5.605508327534816093e-01
-9.553242863516461236e-01 2.955131347955061716e-01 5.243573490446729740e-03 8.677368705896155632e+01 -2.954795002567676687e-01 -9.545017563766727831e-01 -4.022762726954869777e-02 -1.233946753079534773e+02 -6.882792132938559022e-03 -3.997979778743189494e-02 9.991767826220631088e-01 5.689584239343141725e-01
-9.553813276127470777e-01 2.953180405987270163e-01 5.811517765463340701e-03 8.676391448058016920e+01 -2.953029122329145495e-01 -9.545272582277066764e-01 -4.091336359819806867e-02 -1.233925118691989411e+02 -6.535202252762584672e-03 -4.080402175220586986e-02 9.991457966333071594e-01 5.536943083334175952e-01
-9.554121124322526581e-01 2.952136583811739157e-01 6.049075619956342451e-03 8.676820898816573902e+01 -2.952104279318263913e-01 -9.545702068630843584e-01 -4.057737551295075018e-02 -1.233926987148910399e+02 -6.204728106259731549e-03 -4.055386625816823076e-02 9.991580882274264663e-01 5.596644741381239241e-01
-9.554414446710756126e-01 2.951254273565356856e-01 5.712085905296769399e-03 8.676517525061130698e+01 -2.951101903284538697e-01 -9.546114151383749968e-01 -4.033635637531457485e-02 -1.233926835983854602e+02 -6.451462003270907672e-03 -4.022472136670813408e-02 9.991698306187156708e-01 5.639278664825294607e-01
-9.554048548457030332e-01 2.952447200830673468e-01 5.667326817743652614e-03 8.676753345963838626e+01 -2.952237328696538654e-01 -9.545514675886225264e-01 -4.091996173896852301e-02 -1.233851523884358556e+02 -6.671647517698834490e-03 -4.076825948406979233e-02 9.991463547086978370e-01 5.605435968472762820e-01
-9.554069704049482636e-01 2.952351950654911739e-01 5.805212245412312566e-03 8.676732229302103860e+01 -2.952219477962608196e-01 -9.545658695787958559e-01 -4.059559296825363678e-02 -1.233961348614566589e+02 -6.443790333097742552e-03 -4.049913855608733293e-02 9.991587948529485619e-01 5.604368561118854286e-01
-9.553602372050102876e-01 2.953849793426516213e-01 5.876320215091019629e-03 8.677154646294368945e+01 -2.953751035018790660e-01 -9.545226410261711258e-01 -4.049785171392407401e-02 -1.233920276668447116e+02 -6.353376400162021563e-03 -4.042575591148815650e-02 9.991623455960193523e-01 5.631644267332879261e-01
-9.553796693700683518e-01 2.953219259589078827e-01 5.886203803006470787e-03 8.676349075027680158e+01 -2.953123168233433016e-01 -9.545408107497250771e-01 -4.052747388418126429e-02 -1.233940861740515658e+02 -6.350029890812514989e-03 -4.045739308227480624e-02 9.991610863394384534e-01 5.616609280976067042e-01
-9.553698715558074372e-01 2.953593595105208358e-01 5.590819790839697025e-03 8.676814920097817208e+01 -2.953385543462199725e-01 -9.545376479310317963e-01 -4.041060495346011916e-02 -1.233912603609994818e+02 -6.599002422779852439e-03 -4.025825909856031726e-02 9.991675163509915469e-01 5.632910456129244237e-01
-9.553652418069794594e-01 2.953695877717743001e-01 5.836211064621809642e-03 8.677277817923294378e+01 -2.953557709566621559e-01 -9.545132061510324117e-01 -4.085961134884140422e-02 -1.233887903239572097e+02 -6.497946025002647626e-03 -4.075961109493242418e-02 9.991478523174009974e-01 5.614757633752506250e-01
-9.554104888699839204e-01 2.952237875428118663e-01 5.806291335239248570e-03 8.676912342156694535e+01 -2.952120032201080435e-01 -9.545782616999350934e-01 -4.037592647093633802e-02 -1.233910854284345930e+02 -6.377374448029761618e-03 -4.028967054458243435e-02 9.991676893956211725e-01 5.606448596782772631e-01
-9.553806659965238257e-01 2.953213045810326731e-01 5.754137083715916458e-03 8.676777022874570378e+01 -2.953075261383549810e-01 -9.545499745415569892e-01 -4.034614110943361698e-02 -1.233942730537732899e+02 -6.422463619924578468e-03 -4.024516315082787149e-02 9.991691942777441993e-01 5.604888458337478063e-01
-9.553836063734436612e-01 2.953111866159301990e-01 5.785129674904706740e-03 8.675897809587431198e+01 -2.952968960180727964e-01 -9.545416146368173038e-01 -4.062079667207480621e-02 -1.233936268469227429e+02 -6.473628645193646274e-03 -4.051677405444995689e-02 9.991578869938444463e-01 5.589003499615309289e-01
-9.553906499469465574e-01 2.952874912641830218e-01 5.831251139818534324e-03 8.676248472541804801e+01 -2.952754008957738652e-01 -9.545503181998052922e-01 -4.057249861810416358e-02 -1.233904899686686321e+02 -6.414328699687843645e-03 -4.048441084281868135e-02 9.991595812760133422e-01 5.583827169096483578e-01
-9.553835500427443339e-01 2.953116323006754751e-01 5.771666019585773924e-03 8.676597442094828239e+01 -2.952951822166242080e-01 -9.545315945334831298e-01 -4.086796288810232852e-02 -1.233894930028410073e+02 -6.559547259944364418e-03 -4.074892463606510917e-02 9.991478856857786139e-01 5.598419603054531901e-01
-9.553662380893052086e-01 2.953652523711817190e-01 5.892266441145862198e-03 8.676787343426130406e+01 -2.953543169802261281e-01 -9.545175915814461121e-01 -4.076757039960295093e-02 -1.233879460001010386e+02 -6.417051746724201575e-03 -4.068826669897065984e-02 9.991512830345179452e-01 5.591262926578561832e-01
-9.553803727044816174e-01 2.953222102079646194e-01 5.756353181777959516e-03 8.676629816673820983e+01 -2.953073299331701596e-01 -9.545422214169635433e-01 -4.053058615018513555e-02 -1.233947747602750269e+02 -6.474900128946231743e-03 -4.042201979043109905e-02 9.991617166274885387e-01 5.611705123675315710e-01
-9.553619814771222574e-01 2.953823857087771176e-01 5.721062325411200439e-03 8.676979164939191946e+01 -2.953656925032307479e-01 -9.545219895136098920e-01 -4.058175970327859705e-02 -1.233905384336382980e+02 -6.526257203875921939e-03 -4.046007589762855988e-02 9.991598421748500991e-01 5.605717701365489081e-01
-9.553532420273522785e-01 2.954098444123179346e-01 5.762531141689721144e-03 8.676666811110617061e+01 -2.953931824627661351e-01 -9.545028858404744909e-01 -4.083024210377395741e-02 -1.233958299487113095e+02 -6.561302862148447879e-03 -4.070951657966818266e-02 9.991494805854638228e-01 5.617256195808170149e-01
-9.553776898325765377e-01 2.953317506840436035e-01 5.711987492761533801e-03 8.676819962199360248e+01 -2.953121232172767896e-01 -9.545216509377781877e-01 -4.097764958401235030e-02 -1.233941217249499829e+02 -6.649785258280696380e-03 -4.083595134870611487e-02 9.991437361176132015e-01 5.606162953275729555e-01
-9.553951731947928350e-01 2.952725448608226055e-01 5.846989016942552748e-03 8.676710457835274326e+01 -2.952596817381225036e-01 -9.545457580220357841e-01 -4.079358007735734565e-02 -1.233921636430406181e+02 -6.464005639543529344e-03 -4.070036961959958705e-02 9.991504874309550255e-01 5.573923596139411796e-01
-9.553800405060067780e-01 2.953224182245062224e-01 5.800645639785758333e-03 8.676537489245063739e+01 -2.953091750124424153e-01 -9.545406393685936797e-01 -4.055439483873243128e-02 -1.233926215146817640e+02 -6.439669955096062430e-03 -4.045784326223984817e-02 9.991604943946841288e-01 5.594503362521670020e-01
-9.553692533405080400e-01 2.953569984497814160e-01 5.816634027797874459e-03 8.676341587785493914e+01 -2.953438829391468179e-01 -9.545266746092092580e-01 -4.063026290047729722e-02 -1.233924312019635892e+02 -6.448300159979289056e-03 -4.053481120975751389e-02 9.991573191919408403e-01 5.606507837633337710e-01
-9.553730445114116954e-01 2.953474628776123212e-01 5.676441300691302538e-03 8.676554948550332824e+01 -2.953296206178809280e-01 -9.545371990111062299e-01 -4.048642838236361785e-02 -1.233911178250504719e+02 -6.539189523635945307e-03 -4.035606360094132206e-02 9.991639640822711499e-01 5.614185404370997112e-01
-9.553727384415892088e-01 2.953464342394518938e-01 5.780520543642830335e-03 8.676792067221825278e+01 -2.953321852125714297e-01 -9.545323996211196871e-01 -4.058076446452751201e-02 -1.233894514473989119e+02 -6.467689937167427419e-03 -4.047692983844959624e-02 9.991595403774687911e-01 5.593357889718679754e-01
-9.553707523526310252e-01 2.953518482733234474e-01 5.831917678140595591e-03 8.676220278963336341e+01 -2.953400845313464695e-01 -9.545326662950154306e-01 -4.051695247840841202e-02 -1.233913050087856504e+02 -6.400000869411751232e-03 -4.043111043247852449e-02 9.991618313805077367e-01 5.582698325046708820e-01
-9.553909547408852010e-01 2.952871284034868649e-01 5.799602713758077004e-03 8.676365441554013103e+01 -2.952728758544938548e-01 -9.545452991344933746e-01 -4.070872975455738785e-02 -1.233950113175514076e+02 -6.484780402351304936e-03 -4.060521755870825228e-02 9.991542242915866234e-01 5.601698756027907455e-01
-9.554065442681176634e-01 2.952375207595313023e-01 5.756865340005305927e-03 8.676393958045325405e+01 -2.952225392268749138e-01 -9.545671627577535512e-01 -4.056086920175058785e-02 -1.233928958929755169e+02 -6.479775848428607869e-03 -4.045167628032990403e-02 9.991604847974331349e-01 5.626039587168848444e-01
-9.553997687833780672e-01 2.952611790040690631e-01 5.667272265274731977e-03 8.676452056923882594e+01 -2.952429290434214759e-01 -9.545632838889320793e-01 -4.050370223044102297e-02 -1.233926897468069086e+02 -6.549400849795800929e-03 -4.037044980923410603e-02 9.991633160401166558e-01 5.623519751360428476e-01
-9.553894165895304713e-01 2.952951688900660177e-01 5.641444145607014959e-03 8.676366905294324283e+01 -2.952763921484772847e-01 -9.545564535699487818e-01 -4.042065290237250447e-02 -1.233933545089945056e+02 -6.550946608248230628e-03 -4.028324926850419124e-02 9.991668253682555179e-01 5.642567694972802084e-01
-9.553844786364882324e-01 2.953088205065193539e-01 5.761814357256929420e-03 8.676290483148703458e+01 -2.952942639072126951e-01 -9.545468616228423020e-01 -4.051649864897628045e-02 -1.233957821931130923e+02 -6.464957614548248570e-03 -4.041026466744515599e-02 9.991622565039759429e-01 5.617748987516031356e-01
-9.553799361309738281e-01 2.953226355737177400e-01 5.806767545986744536e-03 8.676957836381856737e+01 -2.953084515112190944e-01 -9.545330378992512577e-01 -4.073816414793657303e-02 -1.233906387944973062e+02 -6.488150537995581064e-03 -4.063521219416516006e-02 9.991529829921425021e-01 5.589554676430452673e-01
-9.553800346093211937e-01 2.953229688160652344e-01 5.773521692243959412e-03 8.676446390168882772e+01 -2.953088093715386386e-01 -9.545419443305971363e-01 -4.052633235783664051e-02 -1.233937552340272816e+02 -6.457288164830615566e-03 -4.042302062756388675e-02 9.991617901133240665e-01 5.609770899365893460e-01
-9.553758935383379614e-01 2.953359388559734788e-01 5.795279032592868911e-03 8.676739807645779479e+01 -2.953205587812653965e-01 -9.545245907346580072e-01 -4.084817299689450648e-02 -1.233899413505468345e+02 -6.532197175247138853e-03 -4.073682481864824428e-02 9.991485582701492563e-01 5.608113601274015148e-01
-9.553907129060803527e-01 2.952881734882767950e-01 5.786214994398097312e-03 8.676377275827017854e+01 -2.952736148086275714e-01 -9.545466342976031138e-01 -4.067204620095420109e-02 -1.233892869934400238e+02 -6.486762185921700861e-03 -4.056621183286980570e-02 9.991557958413844753e-01 5.602620546180148153e-01
-9.553499159616158920e-01 2.954200366011075496e-01 5.791376342112705342e-03 8.677135836772434629e+01 -2.954065592609999569e-01 -9.545119973522744328e-01 -4.051927503468263914e-02 -1.233925157040033298e+02 -6.442267513503063640e-03 -4.042089655795659542e-02 9.991619730055226745e-01 5.600522581260143351e-01
-9.553658270494471694e-01 2.953678240303315716e-01 5.829667822771170821e-03 8.676365076321047809e+01 -2.953551054687759692e-01 -9.545223972645470178e-01 -4.064916711369521291e-02 -1.233949279215064081e+02 -6.441907533004810615e-03 -4.055664731323106731e-02 9.991564743200119780e-01 5.606486408733099003e-01
-9.554022309224460274e-01 2.952515038470191477e-01 5.755572752208851228e-03 8.676342095177993485e+01 -2.952364531789909430e-01 -9.545628295227885918e-01 -4.056157295868048629e-02 -1.233937502062723155e+02 -6.481809602012861271e-03 -4.045187217996743662e-02 9.991604636748625534e-01 5.609392581680231471e-01
-9.553918637856141372e-01 2.952841986647446459e-01 5.799019261725746853e-03 8.676427466875497885e+01 -2.952706212442750000e-01 -9.545505762917725345e-01 -4.060120101903406248e-02 -1.233965897917603911e+02 -6.453435928958171225e-03 -4.050233713367504956e-02 9.991586029459816887e-01 5.617849190061828812e-01
-9.553567851197390937e-01 2.953979370379353209e-01 5.785491564728523738e-03 8.676835998150453122e+01 -2.953845146093537211e-01 -9.545206189392775320e-01 -4.047686427919639646e-02 -1.233920065566945397e+02 -6.434411216039754786e-03 -4.037879154727614522e-02 9.991637260904875362e-01 5.612284150139539296e-01
-9.554153481497256184e-01 2.952093621200095885e-01 5.739776117729186028e-03 8.676149628260534996e+01 -2.951933374144676825e-01 -9.545737327813050843e-01 -4.061874226455475939e-02 -1.233950554178226895e+02 -6.511993479439689113e-03 -4.050211345045308386e-02 9.991582320816406737e-01 5.630176039970067325e-01
-9.553889154088084368e-01 2.952936456245183749e-01 5.803719584690047832e-03 8.676451479176098758e+01 -2.952802495885850642e-01 -9.545475935172323956e-01 -4.060130424534013488e-02 -1.233940843046871407e+02 -6.449380584134342675e-03 -4.050375979480653338e-02 9.991585714600572654e-01 5.605870200174858375e-01
-9.553929217592075362e-01 2.952811792426631166e-01 5.778428050250450886e-03 8.676566856617142776e+01 -2.952677702646543945e-01 -9.545580323529332389e-01 -4.044634354887833433e-02 -1.233923531056515230e+02 -6.427199108858369127e-03 -4.034833390383275181e-02 9.991650029161016633e-01 5.604411342425793530e-01
-9.553858783544730837e-01 2.953044134820384525e-01 5.755589644456895158e-03 8.676758949978906799e+01 -2.952898211778682835e-01 -9.545496256837845417e-01 -4.048374499359639472e-02 -1.233920795615823778e+02 -6.461032629616022746e-03 -4.037716530683493898e-02 9.991636200186003736e-01 5.590426785779745167e-01
-9.553875847400423726e-01 2.952983940204892410e-01 5.781125045463172962e-03 8.676629981364419564e+01 -2.952842915459683582e-01 -9.545477411669163192e-01 -4.056842358694336820e-02 -1.233929154959412102e+02 -6.461430479047872329e-03 -4.046564364099732025e-02 9.991600380271480342e-01 5.614760266901996921e-01
-9.553726810941590708e-01 2.953472302477791467e-01 5.749243186315393904e-03 8.676595439746189697e+01 -2.953296101354437875e-01 -9.545194834377407345e-01 -4.090204283370700578e-02 -1.233929888023465224e+02 -6.592540425482656084e-03 -4.077461607322835357e-02 9.991466204138126361e-01 5.592072257344823383e-01
-9.553999395928621796e-01 2.952580314820245078e-01 5.800884813173077560e-03 8.676571860296817817e+01 -2.952439119496770292e-01 -9.545546210671600473e-01 -4.070021927380085280e-02 -1.233904345637920414e+02 -6.479805218406567945e-03 -4.059766296079187625e-02 9.991545635565968198e-01 5.586815179186986891e-01
-9.553866159302710770e-01 2.953011741671717760e-01 5.799192194118598688e-03 8.676690768547466348e+01 -2.952889778054387238e-01 -9.545540653212321036e-01 -4.038509574409868130e-02 -1.233937379377259305e+02 -6.390123707040286719e-03 -4.029581749225039089e-02 9.991673600559397572e-01 5.612478286161173280e-01
-9.553856393889351706e-01 2.953017983676184954e-01 5.926881436752096458e-03 8.676742415753093951e+01 -2.952925557930602962e-01 -9.545382245672905386e-01 -4.073185885811925200e-02 -1.233909413983872554e+02 -6.370756287229155379e-03 -4.066479698618777339e-02 9.991525347712993943e-01 5.588695563662453569e-01
-9.553977728626263932e-01 2.952640491744792373e-01 5.851227867151891603e-03 8.676640842281886989e+01 -2.952530448449898204e-01 -9.545589386801052179e-01 -4.053235853688505475e-02 -1.233953885391235588e+02 -6.382406440777016639e-03 -4.045211791905277410e-02 9.991610936347525840e-01 5.621619263765603725e-01
-9.553599108480534952e-01 2.953872605984025346e-01 5.814379924838335850e-03 8.676336072692274115e+01 -2.953736531328098325e-01 -9.545149995108522800e-01 -4.068809084540193910e-02 -1.233947371387633325e+02 -6.468830842117838202e-03 -4.058918548193111292e-02 9.991549790893059502e-01 5.634865084554686598e-01
-9.553632573427234265e-01 2.953756408227709573e-01 5.854683713762192862e-03 8.676685143791300447e+01 -2.953635860168956628e-01 -9.545174941932255130e-01 -4.070264521098702903e-02 -1.233941009491262975e+02 -6.434171884051041387e-03 -4.061507208811759861e-02 9.991541509401541399e-01 5.605310022973941653e-01
-9.553917692456788124e-01 2.952863315346744844e-01 5.705230912558843966e-03 8.676307542272752471e+01 -2.952690231105970509e-01 -9.545515128389951975e-01 -4.059080340327478331e-02 -1.233922228860949133e+02 -6.539972631747529956e-03 -4.046469743692462928e-02 9.991595653391931453e-01 5.585382884218016430e-01
-9.553738853249210683e-01 2.953411596704495490e-01 5.859917836298988471e-03 8.676363635332366187e+01 -2.953296613769904044e-01 -9.545300695644921563e-01 -4.065387313602062541e-02 -1.233907584831392370e+02 -6.413294256590002657e-03 -4.057025628195633227e-02 9.991561058971119014e-01 5.594580351860396483e-01
-9.553765722020646223e-01 2.953323094476422717e-01 5.867902277247241151e-03 8.676172176981953044e+01 -2.953206405301258552e-01 -9.545295258071326838e-01 -4.073209584671318162e-02 -1.233923496720781543e+02 -6.428417956295736681e-03 -4.064740276792598583e-02 9.991528732282570768e-01 5.615355345782717666e-01
-9.553768462859124622e-01 2.953327858499344982e-01 5.798894402502390542e-03 8.676670264124135201e+01 -2.953189330024770798e-01 -9.545341329961972709e-01 -4.063639684117308082e-02 -1.233922728319850677e+02 -6.466017644604444593e-03 -4.053559596628881351e-02 9.991571728536770003e-01 5.607421129358619583e-01
-9.554005983664677348e-01 2.952588974300974223e-01 5.646248556337024604e-03 8.676914431242813919e+01 -2.952399885769473320e-01 -9.545654053667018690e-01 -4.047512834967344902e-02 -1.233931274765068764e+02 -6.560928227311879114e-03 -4.033696020372041363e-02 9.991645929734451759e-01 5.592005954661771749e-01
-9.553985770844998227e-01 2.952615559791793576e-01 5.845721433554846441e-03 8.676627839641395212e+01 -2.952493885867599754e-01 -9.545538192652207599e-01 -4.067929028432572258e-02 -1.233927172982829603e+02 -6.430974824143766144e-03 -4.059088173376970698e-02 9.991551545542634027e-01 5.585679743827187682e-01
-9.553913330728190934e-01 2.952876534803021147e-01 5.709849810728983427e-03 8.676076529875544452e+01 -2.952712942987984479e-01 -9.545557798069765898e-01 -4.047376919558196701e-02 -1.233969763668584392e+02 -6.501034194031134195e-03 -4.035424305032846160e-02 9.991642865974083021e-01 5.632966507053127625e-01
-9.553761938585877411e-01 2.953359801553462893e-01 5.743433414978020742e-03 8.676438534620567111e+01 -2.953189301998060956e-01 -9.545279660776972985e-01 -4.078101805846822553e-02 -1.233924839895761778e+02 -6.561834123554291694e-03 -4.065735842638183717e-02 9.991516008735540355e-01 5.606330611815397713e-01
-9.553842983980921355e-01 2.953102111688149511e-01 5.720275103441297554e-03 8.676723701730065841e+01 -2.952947917385915222e-01 -9.545520300392352775e-01 -4.039069091614562457e-02 -1.233919172807635363e+02 -6.467483250753229378e-03 -4.027779934831461628e-02 9.991675888105642223e-01 5.604956368274083278e-01
-9.553783343104680359e-01 2.953278344639251873e-01 5.805903414510586724e-03 8.676570142350466597e+01 -2.953153155583925216e-01 -9.545421488563439194e-01 -4.047407128009514188e-02 -1.233906606023361974e+02 -6.411140301173730120e-03 -4.038262300152258705e-02 9.991637208330829134e-01 5.594522565923669699e-01
-9.553891507727095833e-01 2.952903728796801297e-01 5.930114994296830852e-03 8.676294102685471898e+01 -2.952811740926035156e-01 -9.545410904879594316e-01 -4.074720590611961152e-02 -1.233937408925558117e+02 -6.371719191871354389e-03 -4.068048976525778099e-02 9.991518898227890189e-01 5.586090904897770271e-01
-9.554108345088061505e-01 2.952238080331671122e-01 5.748083772803347542e-03 8.676336342359407183e+01 -2.952081819601938273e-01 -9.545696316318054153e-01 -4.060723657994579072e-02 -1.233944183316172882e+02 -6.501276806665433512e-03 -4.049347514849832574e-02 9.991586519966334512e-01 5.615653014119734721e-01
-9.553911093760337758e-01 2.952874103517710846e-01 5.759635966336812581e-03 8.676583095753863972e+01 -2.952731550628369117e-01 -9.545558234252331520e-01 -4.045916282840016087e-02 -1.233956703168231712e+02 -6.449187363545942804e-03 -4.035499034307876709e-02 9.991645924101820730e-01 5.586935952679505935e-01
-9.553811555283021617e-01 2.953190808555160585e-01 5.786893601897640654e-03 8.676795622461075652e+01 -2.953049823329457202e-01 -9.545399512390445595e-01 -4.060109469512058339e-02 -1.233911287370183203e+02 -6.466456829932786324e-03 -4.049841927864763352e-02 9.991586775690030064e-01 5.586944130227081695e-01
-9.553941559579484100e-01 2.952748165135714586e-01 5.898261420882725502e-03 8.676452768575829566e+01 -2.952654457859896220e-01 -9.545533645554802327e-01 -4.057327609565421905e-02 -1.233939641966311456e+02 -6.350061369589229607e-03 -4.050502365789732107e-02 9.991591563752558747e-01 5.593312262574053895e-01
-9.553928716857694736e-01 2.952805882549033867e-01 5.816779640267576157e-03 8.676203052525148962e+01 -2.952680267749326348e-01 -9.545533171075984979e-01 -4.055560572619855420e-02 -1.233938564487188927e+02 -6.422856814786291613e-03 -4.046404566451985985e-02 9.991603514492707339e-01 5.591122054182851020e-01
-9.553817170818501570e-01 2.953170558121940847e-01 5.797517200772529973e-03 8.676268124390631442e+01 -2.953044914649677888e-01 -9.545473713437085950e-01 -4.042985498258835908e-02 -1.233957540432972309e+02 -6.405620935475986495e-03 -4.033797714361647690e-02 9.991655596595704347e-01 5.608693267751697631e-01
-9.554098272608414488e-01 2.952275614325973185e-01 5.722668741522571843e-03 8.676637160426994910e+01 -2.952117630910401358e-01 -9.545741335482819112e-01 -4.047515887165930443e-02 -1.233924054469883771e+02 -6.486670896175571188e-03 -4.035976367494890221e-02 9.991641569663185507e-01 5.610309102833583861e-01
-9.553926222515470856e-01 2.952807454379013929e-01 5.849676445582957518e-03 8.676307060842012220e+01 -2.952703838347732757e-01 -9.545583667055486110e-01 -4.041936386113895163e-02 -1.233904715137101249e+02 -6.351202296811531318e-03 -4.034359823868381711e-02 9.991656801051382875e-01 5.590326243933253503e-01
-9.553920622002219920e-01 2.952834513932863225e-01 5.804378662563181197e-03 8.676706082045119217e+01 -2.952704592469615474e-01 -9.545530502854566723e-01 -4.054417441797573962e-02 -1.233950752282893291e+02 -6.431436398089995440e-03 -4.044944396099176692e-02 9.991608874943626040e-01 5.597864781239146881e-01
-9.553956681788823291e-01 2.952702288488350257e-01 5.882956244969782256e-03 8.676252792476374509e+01 -2.952590896501494089e-01 -9.545476543383540902e-01 -4.075347308519219891e-02 -1.233937800265278355e+02 -6.417725239458096573e-03 -4.067268795444131668e-02 9.991519129975809932e-01 5.577422953384534310e-01
-9.553646806613937947e-01 2.953726564429956514e-01 5.772414067970780931e-03 8.677075981186723652e+01 -2.953596187019831287e-01 -9.545341853283216826e-01 -4.033837716354338188e-02 -1.233950058284997624e+02 -6.404887059066472800e-03 -4.024279883561703713e-02 9.991694023302785110e-01 5.596939469362310904e-01
-9.553859413655761967e-01 2.953018987836280584e-01 5.872955765237671856e-03 8.676693190638796693e+01 -2.952910420086907739e-01 -9.545425354424814657e-01 -4.064170927520578680e-02 -1.233891379715358738e+02 -6.395587831507621758e-03 -4.056274890245516185e-02 9.991565241978710432e-01 5.585437599031629619e-01
-9.553746116392523025e-01 2.953400231633986905e-01 5.798460712184223993e-03 8.676773983688650560e+01 -2.953266259989661413e-01 -9.545349102987809031e-01 -4.056216203918090735e-02 -1.233914001203019239e+02 -6.444796699852053945e-03 -4.046449964381919340e-02 9.991601917878204508e-01 5.607938820143997249e-01
-9.553898605034891744e-01 2.952902621437406006e-01 5.820268366621019103e-03 8.676639691372857044e+01 -2.952770862931661244e-01 -9.545455811669943946e-01 -4.067155980644134722e-02 -1.233931132352303166e+02 -6.454204105892918410e-03 -4.057578773495064406e-02 9.991556178536180610e-01 5.592779777183715106e-01
-9.553805781750428494e-01 2.953228989544361971e-01 5.686492129532896150e-03 8.676820854913503922e+01 -2.953052130446549017e-01 -9.545429934691616047e-01 -4.052782698180428661e-02 -1.233898196784584371e+02 -6.540794132345427968e-03 -4.039874954412026042e-02 9.991622285879222520e-01 5.598830988102491135e-01
-9.553705898853807055e-01 2.953539789986820985e-01 5.750049164287872501e-03 8.676444517195952244e+01 -2.953397157619630509e-01 -9.545380987006099049e-01 -4.039146462966546752e-02 -1.233942393826692268e+02 -6.441138798659261887e-03 -4.028703527565639930e-02 9.991673866320220920e-01 5.587880161252747335e-01
-9.553551106224024148e-01 2.954061193696680410e-01 5.642449850273505152e-03 8.676937247337241388e+01 -2.953889471440973580e-01 -9.545323774963688779e-01 -4.016603301884513755e-02 -1.233934150190763432e+02 -6.479390873502773388e-03 -4.003954223884984703e-02 9.991770876779545452e-01 5.617226523544973649e-01
-9.553605928539798953e-01 2.953877743444647819e-01 5.674538151583765309e-03 8.676412856621527681e+01 -2.953706613751718169e-01 -9.545299572526259047e-01 -4.035756556473486106e-02 -1.233952015283893076e+02 -6.504614810285073989e-03 -4.023211985118693712e-02 9.991691881297350974e-01 5.603772081329494448e-01
-9.553613982888867762e-01 2.953823392648788904e-01 5.819991722099604123e-03 8.676603843553168360e+01 -2.953685406807088909e-01 -9.545137944124515439e-01 -4.075342249050042248e-02 -1.233908266207082534e+02 -6.482578885599558222e-03 -4.065328915760456352e-02 9.991522838091507763e-01 5.591258460449166634e-01
-9.553799557792580499e-01 2.953236490891195110e-01 5.751728232441701526e-03 8.676634991121443363e+01 -2.953078472710379265e-01 -9.545372653053648682e-01 -4.064338169585866162e-02 -1.233923469482635511e+02 -6.512712855384167505e-03 -4.052840269001404400e-02 9.991571613795489082e-01 5.611796094684078362e-01
-9.553734975728622736e-01 2.953417720302796146e-01 5.892183226653927020e-03 8.676674398517205589e+01 -2.953313213240119084e-01 -9.545278166437211054e-01 -4.069469118368680693e-02 -1.233907256278229028e+02 -6.394589415226956987e-03 -4.061877570691584810e-02 9.991542544950993143e-01 5.598348800224246524e-01
-9.553580619377208816e-01 2.953953962739119254e-01 5.703800887376639372e-03 8.676959534295869503e+01 -2.953795662128368971e-01 -9.545279333195754168e-01 -4.034025741992623704e-02 -1.233913165319537484e+02 -6.471889052671725255e-03 -4.022417637894713099e-02 9.991697204559882861e-01 5.614873150712936800e-01
-9.553977245029534604e-01 2.952664676376099973e-01 5.735947801772767023e-03 8.676501350077107588e+01 -2.952513489151504245e-01 -9.545630533120907923e-01 -4.044772190605309264e-02 -1.233934380876487751e+02 -6.467532123304066405e-03 -4.033720779645551952e-02 9.991651918901042206e-01 5.616062880173590122e-01
-9.553751796449380107e-01 2.953374769823189916e-01 5.834449582754233123e-03 8.676577706282613178e+01 -2.953255949436502936e-01 -9.545356034362530995e-01 -4.055335665332280431e-02 -1.233922607730134757e+02 -6.407736183377263708e-03 -4.046673269237704984e-02 9.991603397110867535e-01 5.597852704858994333e-01
-9.553791923820971199e-01 2.953241213043711899e-01 5.853386452476676272e-03 8.676358969858071646e+01 -2.953117229527624232e-01 -9.545313139437963112e-01 -4.075483995138560328e-02 -1.233949939612926130e+02 -6.448646635452969476e-03 -4.066489971711787638e-02 9.991520309126787902e-01 5.584382953782696113e-01
-9.553633271891504020e-01 2.953782610895839822e-01 5.709284685172664499e-03 8.676742745913560384e+01 -2.953625804318586456e-01 -9.545326274485941287e-01 -4.035355261632152940e-02 -1.233928614775800696e+02 -6.469863688619445496e-03 -4.023861334877761042e-02 9.991691522705139494e-01 5.638884084124382579e-01
-9.553544808702597591e-01 2.954046649476327890e-01 5.822353661289703282e-03 8.676896469739925521e+01 -2.953926171685034574e-01 -9.545173962474976515e-01 -4.049372760390489850e-02 -1.233920166286678466e+02 -6.404498177918225947e-03 -4.040574439993706302e-02 9.991628286780547263e-01 5.601983442761762078e-01
-9.553945422372525087e-01 2.952748229226792587e-01 5.835032573419472041e-03 8.676324762919605860e+01 -2.952631887864706206e-01 -9.545560312604149944e-01 -4.052693578361351440e-02 -1.233926594348320123e+02 -6.396718250958609818e-03 -4.044208358588610025e-02 9.991614083120914369e-01 5.587406801962132574e-01
-9.553740443056918386e-01 2.953420825931435956e-01 5.787029499716061023e-03 8.676623755273591598e+01 -2.953284904078364304e-01 -9.545361054423225911e-01 -4.052044116750232877e-02 -1.233947760318884121e+02 -6.443462880676108055e-03 -4.042125244166894227e-02 9.991619509001031796e-01 5.594614240301184482e-01
-9.553541636684214078e-01 2.954069457949048960e-01 5.758327140347106049e-03 8.676947274478332872e+01 -2.953921468704320819e-01 -9.545164746922136789e-01 -4.051887338490871987e-02 -1.233906759777931796e+02 -6.473138510969395076e-03 -4.041083901212347285e-02 9.991621803078306607e-01 5.614263847491417492e-01
-9.553637006101572959e-01 2.953768227615638509e-01 5.721199671922689092e-03 8.677072805407969724e+01 -2.953604197089924610e-01 -9.545254426163441996e-01 -4.053889316860546238e-02 -1.233902338178323532e+02 -6.513218812686176473e-03 -4.041920293286813126e-02 9.991615815293888314e-01 5.614299698915775627e-01
-9.554065523037287289e-01 2.952373568277759652e-01 5.763934628883851316e-03 8.676099679741035686e+01 -2.952237036146707072e-01 -9.545736500230194155e-01 -4.039939971932608731e-02 -1.233972088223355001e+02 -6.425311872785677454e-03 -4.029950132984773392e-02 9.991669858183058750e-01 5.607916666007375373e-01
-9.553842422737700568e-01 2.953081253626008706e-01 5.836154879192929912e-03 8.676192298626178001e+01 -2.952975686292054758e-01 -9.545524463571466445e-01 -4.036053898500169962e-02 -1.233952191831026823e+02 -6.347879188442246030e-03 -4.028322530225351278e-02 9.991681370912447457e-01 5.608810109649099429e-01
