0.0000 0.0000 0.0000 0.0000 0.0000 0.0000 0.0000 1.0000
0.1000 0.0000 0.0000 0.0000 0.0000 0.0000 0.0000 1.0000
0.2000 -0.0047 -0.0075 -0.0068 0.0001 -0.0001 -0.0002 1.0000
0.3000 0.0026 -0.0070 -0.0063 0.0003 -0.0000 -0.0002 1.0000
0.4000 -0.0248 -0.0078 -0.0113 0.0002 -0.0000 -0.0002 1.0000
0.5000 -0.0175 -0.0137 -0.0165 0.0002 -0.0000 -0.0002 1.0000
0.6000 -0.0096 -0.0178 -0.0034 0.0003 0.0000 -0.0001 1.0000
0.7000 -0.0069 -0.0061 -0.0038 0.0001 -0.0001 -0.0002 1.0000
0.8000 -0.0015 -0.0116 -0.0092 0.0002 0.0000 -0.0002 1.0000
0.9000 -0.0050 -0.0218 -0.0075 0.0002 0.0000 -0.0002 1.0000
1.0000 -0.0102 -0.0177 -0.0091 0.0003 -0.0001 -0.0001 1.0000
1.1000 -0.0097 -0.0173 -0.0131 0.0002 0.0000 -0.0001 1.0000
1.2000 -0.0167 -0.0332 -0.0137 0.0001 -0.0001 -0.0001 1.0000
1.3000 -0.0047 -0.0086 -0.0180 0.0003 -0.0001 -0.0002 1.0000
1.4000 -0.0042 -0.0266 -0.0153 0.0000 -0.0002 -0.0002 1.0000
1.5000 0.0016 -0.0148 -0.0131 0.0003 0.0001 -0.0002 1.0000
1.6000 -0.0162 -0.0182 -0.0114 0.0001 -0.0000 -0.0002 1.0000
1.7000 -0.0064 -0.0127 -0.0182 0.0003 0.0001 -0.0002 1.0000
1.8000 -0.0116 -0.0354 -0.0132 0.0001 -0.0000 -0.0002 1.0000
1.9000 -0.0059 -0.0207 -0.0148 0.0003 0.0000 -0.0003 1.0000
2.0000 -0.0106 -0.0178 -0.0186 0.0000 0.0000 -0.0002 1.0000
2.1000 0.0037 -0.0199 -0.0100 0.0003 -0.0000 -0.0002 1.0000
2.2000 -0.0252 -0.0135 -0.0258 0.0001 -0.0001 -0.0002 1.0000
2.3000 0.0047 -0.0204 -0.0080 0.0002 0.0000 -0.0002 1.0000
2.4000 -0.0187 0.0008 -0.0062 0.0003 -0.0001 -0.0001 1.0000
2.5000 0.0026 -0.0250 -0.0076 0.0000 0.0001 -0.0003 1.0000
2.6000 -0.0227 -0.0123 -0.0225 0.0004 -0.0002 -0.0001 1.0000
2.7000 0.0075 -0.0295 -0.0045 0.0002 0.0001 -0.0002 1.0000
2.8000 -0.0120 -0.0120 -0.0120 0.0001 -0.0000 -0.0001 1.0000
2.9000 -0.0040 -0.0037 -0.0065 0.0004 -0.0000 -0.0002 1.0000
3.0000 -0.0010 -0.0201 -0.0093 0.0002 -0.0000 -0.0002 1.0000
3.1000 -0.0236 -0.0115 -0.0198 0.0002 -0.0000 -0.0002 1.0000
3.2000 -0.0054 -0.0372 -0.0083 0.0002 -0.0001 -0.0001 1.0000
3.3000 -0.0221 -0.0198 -0.0237 0.0000 -0.0001 -0.0002 1.0000
3.4000 -0.0045 -0.0295 -0.0166 0.0001 -0.0000 -0.0002 1.0000
3.5000 -0.0088 -0.0222 -0.0177 0.0002 -0.0000 -0.0002 1.0000
3.6000 -0.0038 -0.0345 -0.0152 0.0001 0.0000 -0.0002 1.0000
3.7000 -0.0028 -0.0159 -0.0228 0.0001 -0.0001 -0.0002 1.0000
3.8000 -0.0071 -0.0314 -0.0156 0.0003 -0.0001 -0.0002 1.0000
3.9000 -0.0094 -0.0157 -0.0198 0.0002 -0.0001 -0.0002 1.0000
4.0000 -0.0208 -0.0377 -0.0152 0.0001 0.0000 -0.0002 1.0000
4.1000 -0.0112 -0.0270 -0.0122 0.0002 -0.0000 -0.0002 1.0000
4.2000 -0.0171 -0.0268 -0.0102 0.0002 0.0000 -0.0002 1.0000
4.3000 -0.0106 -0.0258 -0.0126 0.0002 -0.0001 -0.0001 1.0000
4.4000 -0.0148 -0.0212 -0.0154 0.0001 -0.0000 -0.0002 1.0000
4.5000 -0.0081 -0.0258 -0.0122 0.0002 -0.0001 -0.0002 1.0000
4.6000 -0.0108 -0.0233 -0.0125 0.0002 -0.0000 -0.0002 1.0000
4.7000 -0.0079 -0.0229 -0.0136 0.0002 -0.0001 -0.0002 1.0000
4.8000 -0.0111 -0.0242 -0.0114 0.0002 -0.0001 -0.0002 1.0000
4.9000 -0.0090 -0.0240 -0.0129 0.0002 -0.0000 -0.0002 1.0000
5.0000 -0.0113 -0.0229 -0.0115 0.0002 -0.0000 -0.0002 1.0000
5.1000 -0.0080 -0.0243 -0.0115 0.0002 -0.0000 -0.0002 1.0000
5.2000 -0.0067 -0.0240 -0.0101 0.0002 -0.0001 -0.0002 1.0000
5.3000 -0.0131 -0.0259 -0.0118 0.0001 0.0000 -0.0002 1.0000
5.4000 -0.0076 -0.0219 -0.0099 0.0001 -0.0001 -0.0002 1.0000
5.5000 -0.0121 -0.0212 -0.0127 0.0002 0.0000 -0.0002 1.0000
5.6000 -0.0134 -0.0230 -0.0131 0.0001 -0.0000 -0.0002 1.0000
5.7000 -0.0123 -0.0223 -0.0141 0.0002 -0.0001 -0.0003 1.0000
5.8000 -0.0103 -0.0244 -0.0113 0.0002 -0.0000 -0.0002 1.0000
5.9000 -0.0076 -0.0222 -0.0121 0.0002 -0.0001 -0.0002 1.0000
6.0000 -0.0089 -0.0257 -0.0123 0.0002 0.0000 -0.0002 1.0000
6.1000 -0.0090 -0.0234 -0.0112 0.0002 -0.0001 -0.0002 1.0000
6.2000 -0.0076 -0.0230 -0.0140 0.0001 -0.0000 -0.0002 1.0000
6.3000 -0.0124 -0.0243 -0.0149 0.0001 0.0000 -0.0002 1.0000
6.4000 -0.0128 -0.0194 -0.0118 0.0002 0.0000 -0.0002 1.0000
6.5000 -0.0121 -0.0212 -0.0126 0.0002 -0.0000 -0.0002 1.0000
6.6000 -0.0113 -0.0241 -0.0082 0.0003 -0.0000 -0.0002 1.0000
6.7000 -0.0136 -0.0228 -0.0124 0.0002 -0.0000 -0.0002 1.0000
6.8000 -0.0158 -0.0231 -0.0114 0.0003 0.0000 -0.0002 1.0000
6.9000 -0.0108 -0.0225 -0.0129 0.0002 -0.0001 -0.0002 1.0000
7.0000 -0.0084 -0.0246 -0.0125 0.0002 -0.0001 -0.0002 1.0000
7.1000 -0.0102 -0.0239 -0.0134 0.0001 -0.0000 -0.0002 1.0000
7.2000 -0.0117 -0.0235 -0.0127 0.0003 -0.0001 -0.0002 1.0000
7.3000 -0.0126 -0.0248 -0.0139 0.0002 -0.0000 -0.0003 1.0000
7.4000 -0.0079 -0.0249 -0.0108 0.0003 -0.0001 -0.0002 1.0000
7.5000 -0.0125 -0.0238 -0.0138 0.0001 -0.0000 -0.0003 1.0000
7.6000 -0.0100 -0.0239 -0.0116 0.0002 -0.0000 -0.0002 1.0000
7.7000 -0.0097 -0.0247 -0.0126 0.0003 -0.0001 -0.0001 1.0000
7.8000 -0.0109 -0.0231 -0.0092 0.0003 0.0000 -0.0002 1.0000
7.9000 -0.0114 -0.0212 -0.0112 0.0002 -0.0000 -0.0002 1.0000
8.0000 -0.0107 -0.0228 -0.0140 0.0002 -0.0000 -0.0002 1.0000
8.1000 -0.0101 -0.0253 -0.0150 0.0001 0.0000 -0.0002 1.0000
8.2000 -0.0063 -0.0252 -0.0120 0.0001 -0.0001 -0.0002 1.0000
8.3000 -0.0104 -0.0213 -0.0134 0.0003 -0.0000 -0.0002 1.0000
8.4000 -0.0104 -0.0259 -0.0151 0.0000 -0.0001 -0.0002 1.0000
8.5000 -0.0092 -0.0251 -0.0125 0.0002 -0.0001 -0.0002 1.0000
8.6000 -0.0110 -0.0238 -0.0129 0.0002 0.0000 -0.0002 1.0000
8.7000 -0.0069 -0.0206 -0.0144 0.0002 -0.0001 -0.0002 1.0000
8.8000 -0.0068 -0.0223 -0.0103 0.0002 -0.0000 -0.0002 1.0000
8.9000 -0.0079 -0.0252 -0.0136 0.0002 -0.0001 -0.0002 1.0000
9.0000 -0.0035 -0.0231 -0.0143 0.0001 -0.0001 -0.0002 1.0000
9.1000 -0.0078 -0.0238 -0.0123 0.0002 -0.0000 -0.0002 1.0000
9.2000 -0.0064 -0.0251 -0.0131 0.0002 -0.0000 -0.0001 1.0000
9.3000 -0.0153 -0.0245 -0.0084 0.0003 0.0000 -0.0002 1.0000
9.4000 -0.0108 -0.0222 -0.0139 0.0001 0.0000 -0.0002 1.0000
9.5000 -0.0120 -0.0209 -0.0146 0.0001 -0.0000 -0.0003 1.0000
9.6000 -0.0037 -0.0255 -0.0149 0.0001 -0.0001 -0.0002 1.0000
9.7000 -0.0115 -0.0241 -0.0103 0.0002 -0.0000 -0.0002 1.0000
9.8000 -0.0116 -0.0226 -0.0142 0.0001 0.0000 -0.0002 1.0000
9.9000 -0.0133 -0.0235 -0.0108 0.0003 -0.0000 -0.0002 1.0000
10.0000 -0.0115 -0.0227 -0.0082 0.0003 0.0000 -0.0003 1.0000
10.1000 -0.0118 -0.0230 -0.0137 0.0001 -0.0000 -0.0002 1.0000
10.2000 -0.0092 -0.0227 -0.0103 0.0003 -0.0001 -0.0002 1.0000
10.3000 -0.0143 -0.0240 -0.0102 0.0003 -0.0000 -0.0002 1.0000
10.4000 -0.0139 -0.0238 -0.0096 0.0002 0.0001 -0.0002 1.0000
10.5000 -0.0110 -0.0225 -0.0106 0.0003 -0.0001 -0.0002 1.0000
10.6000 -0.0070 -0.0252 -0.0108 0.0003 -0.0001 -0.0001 1.0000
10.7000 -0.0107 -0.0213 -0.0105 0.0003 -0.0001 -0.0002 1.0000
10.8000 -0.0069 -0.0230 -0.0102 0.0003 -0.0001 -0.0002 1.0000
10.9000 -0.0095 -0.0230 -0.0121 0.0002 -0.0001 -0.0002 1.0000
11.0000 -0.0063 -0.0255 -0.0097 0.0001 -0.0001 -0.0002 1.0000
11.1000 -0.0102 -0.0233 -0.0121 0.0002 -0.0001 -0.0002 1.0000
11.2000 -0.0121 -0.0271 -0.0123 0.0001 -0.0000 -0.0002 1.0000
11.3000 -0.0083 -0.0228 -0.0112 0.0003 -0.0000 -0.0002 1.0000
11.4000 -0.0119 -0.0211 -0.0116 0.0002 0.0000 -0.0002 1.0000
11.5000 -0.0121 -0.0231 -0.0124 0.0002 -0.0000 -0.0002 1.0000
11.6000 -0.0071 -0.0212 -0.0117 0.0001 -0.0000 -0.0002 1.0000
11.7000 -0.0110 -0.0245 -0.0117 0.0003 -0.0000 -0.0002 1.0000
11.8000 -0.0092 -0.0226 -0.0136 0.0001 -0.0000 -0.0002 1.0000
11.9000 -0.0128 -0.0229 -0.0108 0.0003 -0.0000 -0.0002 1.0000
12.0000 -0.0125 -0.0245 -0.0132 0.0001 -0.0000 -0.0002 1.0000
12.1000 -0.0124 -0.0240 -0.0119 0.0003 -0.0000 -0.0002 1.0000
12.2000 -0.0096 -0.0230 -0.0130 0.0002 0.0000 -0.0002 1.0000
12.3000 -0.0100 -0.0246 -0.0141 0.0002 -0.0001 -0.0002 1.0000
12.4000 -0.0072 -0.0257 -0.0079 0.0001 -0.0000 -0.0002 1.0000
12.5000 -0.0069 -0.0195 -0.0121 0.0003 -0.0001 -0.0002 1.0000
12.6000 -0.0108 -0.0242 -0.0145 0.0002 -0.0000 -0.0003 1.0000
12.7000 -0.0097 -0.0265 -0.0130 0.0001 -0.0000 -0.0002 1.0000
12.8000 -0.0113 -0.0232 -0.0145 0.0002 -0.0000 -0.0002 1.0000
12.9000 -0.0044 -0.0233 -0.0103 0.0002 -0.0001 -0.0002 1.0000
13.0000 -0.0114 -0.0256 -0.0142 0.0001 -0.0000 -0.0002 1.0000
13.1000 -0.0176 -0.0231 -0.0117 0.0002 0.0001 -0.0003 1.0000
13.2000 -0.0094 -0.0255 -0.0120 0.0002 -0.0000 -0.0002 1.0000
13.3000 -0.0080 -0.0231 -0.0124 0.0002 -0.0000 -0.0002 1.0000
13.4000 -0.0065 -0.0238 -0.0141 0.0002 -0.0000 -0.0002 1.0000
13.5000 -0.0102 -0.0249 -0.0123 0.0002 -0.0001 -0.0002 1.0000
13.6000 -0.0107 -0.0230 -0.0097 0.0003 -0.0001 -0.0002 1.0000
13.7000 -0.0071 -0.0232 -0.0117 0.0002 -0.0000 -0.0002 1.0000
13.8000 -0.0095 -0.0253 -0.0113 0.0004 -0.0001 -0.0001 1.0000
13.9000 -0.0056 -0.0219 -0.0115 0.0002 -0.0000 -0.0002 1.0000
14.0000 -0.0033 -0.0202 -0.0129 0.0002 -0.0001 -0.0002 1.0000
14.1000 -0.0098 -0.0253 -0.0116 0.0002 -0.0000 -0.0002 1.0000
14.2000 -0.0084 -0.0219 -0.0128 0.0002 -0.0001 -0.0002 1.0000
14.3000 -0.0077 -0.0241 -0.0112 0.0003 -0.0000 -0.0002 1.0000
14.4000 -0.0099 -0.0233 -0.0115 0.0002 -0.0000 -0.0002 1.0000
14.5000 -0.0088 -0.0217 -0.0106 0.0003 -0.0000 -0.0002 1.0000
14.6000 -0.0109 -0.0235 -0.0116 0.0002 0.0000 -0.0002 1.0000
14.7000 -0.0099 -0.0236 -0.0125 0.0002 -0.0000 -0.0003 1.0000
14.8000 -0.0091 -0.0225 -0.0118 0.0003 -0.0001 -0.0002 1.0000
14.9000 -0.0089 -0.0212 -0.0095 0.0003 -0.0000 -0.0002 1.0000
15.0000 -0.0087 -0.0248 -0.0126 0.0003 -0.0000 -0.0002 1.0000
15.1000 -0.0151 -0.0263 -0.0140 0.0001 0.0001 -0.0002 1.0000
15.2000 -0.0093 -0.0214 -0.0097 0.0003 -0.0000 -0.0002 1.0000
15.3000 -0.0065 -0.0239 -0.0132 0.0001 -0.0001 -0.0002 1.0000
15.4000 -0.0116 -0.0237 -0.0124 0.0001 -0.0000 -0.0002 1.0000
15.5000 -0.0077 -0.0229 -0.0123 0.0002 -0.0001 -0.0002 1.0000
15.6000 -0.0067 -0.0269 -0.0130 0.0001 -0.0001 -0.0002 1.0000
15.7000 -0.0081 -0.0259 -0.0132 0.0001 -0.0000 -0.0002 1.0000
15.8000 -0.0125 -0.0230 -0.0123 0.0003 -0.0000 -0.0002 1.0000
15.9000 -0.0064 -0.0241 -0.0135 0.0002 -0.0001 -0.0002 1.0000
16.0000 -0.0073 -0.0237 -0.0136 0.0001 -0.0000 -0.0002 1.0000
16.1000 -0.0084 -0.0263 -0.0134 0.0001 -0.0001 -0.0003 1.0000
16.2000 -0.0109 -0.0238 -0.0133 0.0002 -0.0000 -0.0002 1.0000
16.3000 -0.0119 -0.0233 -0.0112 0.0002 0.0000 -0.0002 1.0000
16.4000 -0.0077 -0.0221 -0.0145 0.0002 -0.0001 -0.0002 1.0000
16.5000 -0.0082 -0.0197 -0.0084 0.0005 -0.0000 -0.0002 1.0000
16.6000 -0.0115 -0.0192 -0.0113 0.0003 0.0000 -0.0002 1.0000
16.7000 -0.0092 -0.0235 -0.0131 0.0001 0.0000 -0.0002 1.0000
16.8000 -0.0085 -0.0240 -0.0117 0.0002 0.0000 -0.0002 1.0000
16.9000 -0.0102 -0.0247 -0.0078 0.0003 -0.0000 -0.0002 1.0000
17.0000 -0.0115 -0.0216 -0.0074 0.0004 0.0001 -0.0002 1.0000
17.1000 -0.0176 -0.0234 -0.0103 0.0004 0.0000 -0.0002 1.0000
17.2000 -0.0070 -0.0228 -0.0095 0.0004 -0.0001 -0.0002 1.0000
17.3000 -0.0123 -0.0246 -0.0107 0.0002 0.0000 -0.0002 1.0000
17.4000 -0.0109 -0.0263 -0.0095 0.0003 0.0000 -0.0002 1.0000
17.5000 -0.0082 -0.0234 -0.0127 0.0001 -0.0000 -0.0002 1.0000
17.6000 -0.0064 -0.0236 -0.0099 0.0002 -0.0001 -0.0002 1.0000
17.7000 -0.0060 -0.0218 -0.0112 0.0003 -0.0001 -0.0002 1.0000
17.8000 -0.0096 -0.0261 -0.0112 0.0001 0.0000 -0.0002 1.0000
17.9000 -0.0102 -0.0234 -0.0103 0.0003 0.0000 -0.0002 1.0000
18.0000 -0.0078 -0.0245 -0.0114 0.0003 -0.0000 -0.0002 1.0000
18.1000 -0.0136 -0.0252 -0.0118 0.0003 0.0000 -0.0002 1.0000
18.2000 -0.0053 -0.0240 -0.0105 0.0002 -0.0001 -0.0002 1.0000
18.3000 -0.0082 -0.0260 -0.0124 0.0002 -0.0000 -0.0002 1.0000
18.4000 -0.0120 -0.0241 -0.0106 0.0001 -0.0001 -0.0002 1.0000
18.5000 -0.0123 -0.0216 -0.0118 0.0002 -0.0000 -0.0002 1.0000
18.6000 -0.0076 -0.0235 -0.0115 0.0002 -0.0000 -0.0002 1.0000
18.7000 -0.0107 -0.0257 -0.0080 0.0002 -0.0001 -0.0002 1.0000
18.8000 -0.0102 -0.0193 -0.0125 0.0003 -0.0000 -0.0002 1.0000
18.9000 -0.0075 -0.0244 -0.0118 0.0001 -0.0001 -0.0002 1.0000
19.0000 -0.0052 -0.0235 -0.0092 0.0004 -0.0001 -0.0002 1.0000
19.1000 -0.0101 -0.0249 -0.0129 0.0002 -0.0000 -0.0003 1.0000
19.2000 -0.0116 -0.0264 -0.0128 0.0002 0.0000 -0.0001 1.0000
19.3000 -0.0069 -0.0227 -0.0088 0.0002 -0.0000 -0.0002 1.0000
19.4000 -0.0051 -0.0235 -0.0149 0.0003 -0.0001 -0.0001 1.0000
19.5000 -0.0098 -0.0251 -0.0106 0.0004 -0.0000 -0.0002 1.0000
19.6000 -0.0098 -0.0209 -0.0126 0.0002 -0.0001 -0.0002 1.0000
19.7000 -0.0073 -0.0239 -0.0125 0.0002 -0.0001 -0.0002 1.0000
19.8000 -0.0115 -0.0229 -0.0146 0.0002 -0.0001 -0.0002 1.0000
19.9000 -0.0091 -0.0244 -0.0153 0.0002 -0.0000 -0.0002 1.0000
20.0000 -0.0088 -0.0228 -0.0093 0.0002 0.0000 -0.0002 1.0000
20.1000 -0.0068 -0.0219 -0.0104 0.0002 -0.0000 -0.0002 1.0000
20.2000 -0.0080 -0.0246 -0.0113 0.0002 -0.0000 -0.0002 1.0000
20.3000 -0.0071 -0.0246 -0.0080 0.0003 -0.0000 -0.0002 1.0000
20.4000 -0.0123 -0.0265 -0.0126 0.0001 0.0000 -0.0002 1.0000
20.5000 -0.0074 -0.0224 -0.0124 0.0002 -0.0000 -0.0002 1.0000
20.6000 -0.0072 -0.0248 -0.0120 -0.0000 -0.0000 -0.0002 1.0000
20.7000 -0.0068 -0.0235 -0.0094 0.0002 -0.0001 -0.0002 1.0000
20.8000 -0.0050 -0.0210 -0.0113 0.0003 -0.0001 -0.0002 1.0000
20.9000 -0.0086 -0.0231 -0.0101 0.0003 -0.0000 -0.0002 1.0000
21.0000 -0.0101 -0.0232 -0.0138 0.0002 -0.0001 -0.0003 1.0000
21.1000 -0.0084 -0.0236 -0.0121 0.0002 -0.0001 -0.0003 1.0000
21.2000 -0.0093 -0.0245 -0.0100 0.0003 -0.0001 -0.0002 1.0000
21.3000 -0.0074 -0.0261 -0.0121 0.0002 -0.0000 -0.0001 1.0000
21.4000 -0.0096 -0.0230 -0.0100 0.0004 -0.0000 -0.0002 1.0000
21.5000 -0.0098 -0.0266 -0.0102 0.0001 0.0000 -0.0002 1.0000
21.6000 -0.0044 -0.0243 -0.0128 0.0002 -0.0000 -0.0002 1.0000
21.7000 -0.0085 -0.0283 -0.0130 0.0002 -0.0000 -0.0002 1.0000
21.8000 -0.0152 -0.0250 -0.0129 0.0003 -0.0000 -0.0002 1.0000
21.9000 -0.0086 -0.0246 -0.0114 0.0002 -0.0001 -0.0002 1.0000
22.0000 -0.0092 -0.0231 -0.0101 0.0003 -0.0000 -0.0002 1.0000
22.1000 -0.0083 -0.0219 -0.0114 0.0002 -0.0000 -0.0002 1.0000
22.2000 -0.0100 -0.0237 -0.0092 0.0002 0.0001 -0.0002 1.0000
22.3000 -0.0049 -0.0197 -0.0122 0.0004 -0.0000 -0.0003 1.0000
22.4000 -0.0062 -0.0224 -0.0119 0.0003 -0.0000 -0.0001 1.0000
22.5000 -0.0069 -0.0236 -0.0132 0.0002 -0.0001 -0.0003 1.0000
22.6000 -0.0091 -0.0250 -0.0130 0.0001 0.0001 -0.0002 1.0000
22.7000 -0.0106 -0.0240 -0.0112 0.0001 -0.0000 -0.0002 1.0000
22.8000 -0.0045 -0.0241 -0.0112 0.0001 -0.0000 -0.0002 1.0000
22.9000 -0.0113 -0.0256 -0.0109 0.0003 0.0000 -0.0002 1.0000
23.0000 -0.0073 -0.0214 -0.0086 0.0004 0.0000 -0.0002 1.0000
23.1000 -0.0090 -0.0243 -0.0098 0.0002 -0.0000 -0.0002 1.0000
23.2000 -0.0077 -0.0216 -0.0090 0.0004 -0.0001 -0.0002 1.0000
23.3000 -0.0100 -0.0235 -0.0113 0.0002 0.0000 -0.0002 1.0000
23.4000 -0.0114 -0.0249 -0.0122 0.0002 -0.0001 -0.0002 1.0000
23.5000 -0.0091 -0.0256 -0.0137 0.0002 0.0000 -0.0002 1.0000
23.6000 -0.0085 -0.0241 -0.0123 0.0002 -0.0001 -0.0002 1.0000
23.7000 -0.0080 -0.0243 -0.0086 0.0002 -0.0001 -0.0002 1.0000
23.8000 -0.0040 -0.0225 -0.0081 0.0003 -0.0000 -0.0002 1.0000
23.9000 -0.0061 -0.0238 -0.0152 0.0001 -0.0000 -0.0002 1.0000
24.0000 -0.0061 -0.0250 -0.0099 0.0002 -0.0000 -0.0002 1.0000
24.1000 -0.0090 -0.0221 -0.0107 0.0002 -0.0000 -0.0002 1.0000
24.2000 -0.0089 -0.0236 -0.0114 0.0002 -0.0000 -0.0002 1.0000
24.3000 -0.0097 -0.0209 -0.0142 0.0001 0.0000 -0.0002 1.0000
24.4000 -0.0085 -0.0246 -0.0121 0.0001 0.0001 -0.0002 1.0000
24.5000 -0.0097 -0.0258 -0.0139 0.0001 0.0001 -0.0002 1.0000
24.6000 -0.0048 -0.0223 -0.0105 0.0002 -0.0000 -0.0003 1.0000
24.7000 -0.0036 -0.0248 -0.0094 0.0002 0.0000 -0.0002 1.0000
24.8000 -0.0062 -0.0229 -0.0109 0.0002 -0.0000 -0.0002 1.0000
24.9000 -0.0087 -0.0227 -0.0120 0.0003 -0.0000 -0.0002 1.0000
25.0000 -0.0091 -0.0233 -0.0135 0.0001 0.0000 -0.0002 1.0000
25.1000 -0.0022 -0.0270 -0.0125 0.0000 -0.0001 -0.0002 1.0000
25.2000 -0.0063 -0.0229 -0.0120 0.0002 -0.0000 -0.0001 1.0000
25.3000 -0.0081 -0.0225 -0.0122 0.0002 -0.0000 -0.0002 1.0000
25.4000 -0.0055 -0.0245 -0.0118 0.0001 -0.0000 -0.0002 1.0000
25.5000 -0.0066 -0.0241 -0.0125 0.0001 0.0000 -0.0002 1.0000
25.6000 -0.0027 -0.0223 -0.0100 0.0003 -0.0000 -0.0002 1.0000
25.7000 -0.0055 -0.0230 -0.0124 0.0001 0.0000 -0.0002 1.0000
25.8000 -0.0050 -0.0202 -0.0112 0.0002 0.0000 -0.0002 1.0000
25.9000 -0.0077 -0.0249 -0.0115 0.0001 0.0001 -0.0001 1.0000
26.0000 -0.0072 -0.0250 -0.0132 0.0002 0.0000 -0.0002 1.0000
26.1000 -0.0096 -0.0252 -0.0108 0.0002 -0.0000 -0.0002 1.0000
26.2000 -0.0075 -0.0213 -0.0095 0.0002 -0.0000 -0.0002 1.0000
26.3000 -0.0075 -0.0238 -0.0080 0.0003 0.0001 -0.0002 1.0000
26.4000 -0.0080 -0.0238 -0.0103 0.0001 0.0001 -0.0002 1.0000
26.5000 -0.0064 -0.0240 -0.0142 0.0001 0.0001 -0.0002 1.0000
26.6000 -0.0010 -0.0255 -0.0105 0.0003 0.0000 -0.0001 1.0000
26.7000 -0.0060 -0.0232 -0.0108 0.0002 0.0001 -0.0002 1.0000
26.8000 -0.0117 -0.0258 -0.0134 0.0002 0.0001 -0.0002 1.0000
26.9000 -0.0066 -0.0244 -0.0104 0.0002 0.0000 -0.0002 1.0000
27.0000 -0.0088 -0.0242 -0.0121 0.0001 -0.0000 -0.0002 1.0000
27.1000 -0.0028 -0.0243 -0.0118 0.0003 -0.0000 -0.0002 1.0000
27.2000 -0.0064 -0.0201 -0.0096 0.0003 0.0000 -0.0002 1.0000
27.3000 -0.0079 -0.0224 -0.0114 0.0002 0.0000 -0.0002 1.0000
27.4000 -0.0043 -0.0222 -0.0121 0.0001 0.0001 -0.0002 1.0000
27.5000 -0.0069 -0.0208 -0.0079 0.0003 0.0000 -0.0002 1.0000
27.6000 -0.0033 -0.0209 -0.0119 0.0003 -0.0000 -0.0002 1.0000
27.7000 -0.0162 -0.0229 -0.0138 0.0001 0.0001 -0.0002 1.0000
27.8000 -0.0043 -0.0250 -0.0094 0.0002 0.0000 -0.0001 1.0000
27.9000 -0.0030 -0.0222 -0.0110 0.0002 -0.0000 -0.0002 1.0000
28.0000 -0.0050 -0.0228 -0.0115 0.0001 0.0000 -0.0002 1.0000
28.1000 -0.0090 -0.0235 -0.0091 0.0002 0.0000 -0.0002 1.0000
28.2000 -0.0088 -0.0226 -0.0114 0.0001 0.0000 -0.0002 1.0000
28.3000 -0.0050 -0.0205 -0.0143 0.0001 -0.0000 -0.0002 1.0000
28.4000 -0.0014 -0.0251 -0.0126 0.0002 -0.0000 -0.0001 1.0000
28.5000 -0.0086 -0.0220 -0.0137 0.0002 -0.0000 -0.0002 1.0000
28.6000 -0.0059 -0.0209 -0.0083 0.0003 0.0001 -0.0002 1.0000
28.7000 -0.0060 -0.0220 -0.0105 0.0002 -0.0000 -0.0002 1.0000
28.8000 -0.0052 -0.0215 -0.0101 0.0003 -0.0000 -0.0002 1.0000
28.9000 -0.0110 -0.0231 -0.0081 0.0003 -0.0000 -0.0002 1.0000
29.0000 -0.0104 -0.0208 -0.0153 0.0000 -0.0000 -0.0002 1.0000
29.1000 -0.0030 -0.0205 -0.0105 0.0001 -0.0000 -0.0002 1.0000
29.2000 -0.0039 -0.0234 -0.0086 0.0002 0.0000 -0.0001 1.0000
29.3000 -0.0046 -0.0218 -0.0111 0.0001 -0.0001 -0.0002 1.0000
29.4000 -0.0085 -0.0287 -0.0073 0.0002 0.0000 -0.0002 1.0000
29.5000 -0.0061 -0.0266 -0.0126 0.0001 0.0000 -0.0002 1.0000
29.6000 -0.0063 -0.0208 -0.0107 0.0000 -0.0000 -0.0002 1.0000
29.7000 -0.0072 -0.0228 -0.0080 0.0003 0.0000 -0.0002 1.0000
29.8000 -0.0120 -0.0271 -0.0117 0.0001 0.0001 -0.0001 1.0000
29.9000 -0.0037 -0.0214 -0.0102 0.0003 0.0001 -0.0001 1.0000
30.0000 0.0035 -0.0225 -0.0134 -0.0000 0.0001 -0.0002 1.0000
30.1000 0.0056 -0.0228 -0.0099 -0.0001 0.0003 -0.0001 1.0000
30.2000 -0.0060 -0.0239 -0.0060 0.0000 0.0008 -0.0001 1.0000
30.3000 -0.0181 -0.0281 -0.0136 -0.0003 0.0015 -0.0001 1.0000
30.4000 -0.0495 -0.0285 -0.0153 -0.0004 0.0016 -0.0002 1.0000
30.5000 -0.0717 -0.0250 -0.0198 -0.0006 0.0016 -0.0001 1.0000
30.6000 -0.1037 -0.0270 -0.0228 -0.0006 0.0017 0.0000 1.0000
30.7000 -0.1410 -0.0271 -0.0225 -0.0003 0.0018 -0.0000 1.0000
30.8000 -0.1811 -0.0301 -0.0247 -0.0004 0.0019 0.0002 1.0000
30.9000 -0.2176 -0.0238 -0.0215 -0.0001 0.0019 0.0004 1.0000
31.0000 -0.2805 -0.0277 -0.0285 -0.0005 0.0018 0.0005 1.0000
31.1000 -0.3306 -0.0250 -0.0297 -0.0002 0.0018 0.0008 1.0000
31.2000 -0.3925 -0.0291 -0.0283 -0.0004 0.0017 0.0012 1.0000
31.3000 -0.4588 -0.0298 -0.0314 -0.0009 0.0016 0.0017 1.0000
31.4000 -0.5311 -0.0280 -0.0245 -0.0010 0.0014 0.0025 1.0000
31.5000 -0.6017 -0.0374 -0.0226 -0.0015 0.0013 0.0034 1.0000
31.6000 -0.6846 -0.0326 -0.0228 -0.0016 0.0012 0.0045 1.0000
31.7000 -0.7597 -0.0356 -0.0224 -0.0017 0.0011 0.0058 1.0000
31.8000 -0.8401 -0.0393 -0.0202 -0.0018 0.0008 0.0071 1.0000
31.9000 -0.9097 -0.0447 -0.0189 -0.0019 0.0005 0.0087 1.0000
32.0000 -1.0020 -0.0407 -0.0146 -0.0017 0.0004 0.0101 0.9999
32.1000 -1.0767 -0.0498 -0.0176 -0.0019 0.0003 0.0119 0.9999
32.2000 -1.1599 -0.0568 -0.0223 -0.0018 0.0004 0.0138 0.9999
32.3000 -1.2150 -0.0532 -0.0215 -0.0016 0.0003 0.0158 0.9999
32.4000 -1.3115 -0.0637 -0.0227 -0.0022 0.0002 0.0175 0.9998
32.5000 -1.3798 -0.0716 -0.0211 -0.0031 0.0003 0.0194 0.9998
32.6000 -1.4679 -0.0763 -0.0189 -0.0032 0.0003 0.0215 0.9998
32.7000 -1.5462 -0.0778 -0.0230 -0.0034 0.0002 0.0236 0.9997
32.8000 -1.6117 -0.0936 -0.0279 -0.0035 0.0003 0.0263 0.9996
32.9000 -1.6988 -0.0965 -0.0301 -0.0033 0.0002 0.0289 0.9996
33.0000 -1.7873 -0.1087 -0.0237 -0.0034 0.0000 0.0319 0.9995
33.1000 -1.8815 -0.1180 -0.0218 -0.0042 -0.0002 0.0352 0.9994
33.2000 -1.9698 -0.1246 -0.0274 -0.0051 0.0000 0.0386 0.9992
33.3000 -2.0631 -0.1363 -0.0250 -0.0053 0.0001 0.0424 0.9991
33.4000 -2.1620 -0.1568 -0.0232 -0.0051 -0.0000 0.0467 0.9989
33.5000 -2.2664 -0.1810 -0.0290 -0.0054 0.0001 0.0516 0.9987
33.6000 -2.3638 -0.2103 -0.0296 -0.0049 0.0001 0.0573 0.9983
33.7000 -2.4689 -0.2297 -0.0264 -0.0044 0.0003 0.0637 0.9980
33.8000 -2.5699 -0.2586 -0.0322 -0.0045 0.0007 0.0706 0.9975
33.9000 -2.6720 -0.2834 -0.0354 -0.0043 0.0008 0.0783 0.9969
34.0000 -2.7810 -0.3273 -0.0396 -0.0047 0.0009 0.0867 0.9962
34.1000 -2.8732 -0.3585 -0.0434 -0.0048 0.0010 0.0958 0.9954
34.2000 -2.9889 -0.3960 -0.0480 -0.0049 0.0010 0.1054 0.9944
34.3000 -3.1039 -0.4293 -0.0469 -0.0051 0.0009 0.1155 0.9933
34.4000 -3.2270 -0.4774 -0.0497 -0.0058 0.0012 0.1261 0.9920
34.5000 -3.3316 -0.5289 -0.0520 -0.0069 0.0015 0.1374 0.9905
34.6000 -3.4388 -0.5851 -0.0570 -0.0072 0.0015 0.1493 0.9888
34.7000 -3.5465 -0.6299 -0.0546 -0.0070 0.0013 0.1613 0.9869
34.8000 -3.6625 -0.6755 -0.0586 -0.0072 0.0011 0.1732 0.9849
34.9000 -3.7667 -0.7512 -0.0509 -0.0075 0.0008 0.1860 0.9825
35.0000 -3.8977 -0.8152 -0.0544 -0.0078 0.0005 0.1985 0.9801
35.1000 -3.9965 -0.8815 -0.0469 -0.0078 0.0001 0.2118 0.9773
35.2000 -4.1097 -0.9580 -0.0518 -0.0081 -0.0001 0.2254 0.9742
35.3000 -4.2117 -1.0334 -0.0573 -0.0083 -0.0003 0.2391 0.9710
35.4000 -4.3379 -1.1094 -0.0564 -0.0089 -0.0001 0.2526 0.9675
35.5000 -4.4454 -1.1920 -0.0681 -0.0089 -0.0001 0.2666 0.9638
35.6000 -4.5614 -1.2904 -0.0651 -0.0086 -0.0006 0.2806 0.9598
35.7000 -4.6592 -1.3824 -0.0660 -0.0077 -0.0008 0.2947 0.9556
35.8000 -4.7600 -1.4868 -0.0637 -0.0074 -0.0008 0.3088 0.9511
35.9000 -4.8699 -1.5916 -0.0707 -0.0075 -0.0008 0.3232 0.9463
36.0000 -4.9686 -1.6979 -0.0807 -0.0075 -0.0017 0.3380 0.9411
36.1000 -5.0699 -1.8086 -0.0814 -0.0079 -0.0024 0.3524 0.9358
36.2000 -5.1622 -1.9183 -0.0757 -0.0084 -0.0027 0.3671 0.9301
36.3000 -5.2535 -2.0475 -0.0794 -0.0081 -0.0028 0.3820 0.9241
36.4000 -5.3513 -2.1746 -0.0844 -0.0080 -0.0027 0.3970 0.9178
36.5000 -5.4496 -2.3024 -0.0899 -0.0076 -0.0028 0.4122 0.9110
36.6000 -5.5357 -2.4418 -0.0927 -0.0073 -0.0032 0.4277 0.9039
36.7000 -5.6131 -2.5947 -0.0915 -0.0071 -0.0036 0.4433 0.8963
36.8000 -5.7038 -2.7568 -0.0909 -0.0067 -0.0038 0.4592 0.8883
36.9000 -5.7951 -2.9254 -0.0934 -0.0064 -0.0041 0.4750 0.8800
37.0000 -5.8865 -3.1068 -0.1025 -0.0058 -0.0039 0.4909 0.8712
37.1000 -5.9582 -3.2988 -0.1175 -0.0056 -0.0045 0.5068 0.8620
37.2000 -6.0683 -3.5068 -0.1189 -0.0052 -0.0051 0.5228 0.8524
37.3000 -6.1312 -3.7183 -0.1381 -0.0051 -0.0064 0.5389 0.8423
37.4000 -6.2125 -3.9532 -0.1475 -0.0048 -0.0070 0.5545 0.8322
37.5000 -6.2873 -4.1915 -0.1559 -0.0041 -0.0076 0.5698 0.8217
37.6000 -6.3572 -4.4400 -0.1580 -0.0041 -0.0089 0.5848 0.8111
37.7000 -6.4305 -4.7083 -0.1647 -0.0038 -0.0095 0.5991 0.8006
37.8000 -6.4887 -4.9978 -0.1726 -0.0037 -0.0106 0.6128 0.7901
37.9000 -6.5407 -5.2927 -0.1783 -0.0033 -0.0118 0.6255 0.7802
38.0000 -6.5681 -5.6005 -0.1744 -0.0028 -0.0120 0.6377 0.7702
38.1000 -6.6045 -5.9286 -0.1821 -0.0037 -0.0114 0.6497 0.7601
38.2000 -6.6552 -6.2663 -0.2030 -0.0043 -0.0110 0.6609 0.7504
38.3000 -6.6999 -6.6286 -0.2352 -0.0038 -0.0114 0.6714 0.7410
38.4000 -6.7066 -7.0150 -0.2461 -0.0023 -0.0127 0.6805 0.7326
38.5000 -6.7268 -7.3985 -0.2533 -0.0010 -0.0139 0.6894 0.7242
38.6000 -6.7327 -7.8096 -0.2624 -0.0009 -0.0145 0.6976 0.7163
38.7000 -6.7577 -8.2340 -0.2860 -0.0014 -0.0154 0.7045 0.7095
38.8000 -6.7682 -8.6774 -0.3065 -0.0006 -0.0166 0.7112 0.7028
38.9000 -6.7474 -9.1241 -0.3212 -0.0011 -0.0186 0.7172 0.6966
39.0000 -6.7552 -9.5953 -0.3300 -0.0011 -0.0186 0.7226 0.6910
39.1000 -6.7033 -10.0639 -0.3428 -0.0018 -0.0191 0.7277 0.6856
39.2000 -6.6920 -10.5476 -0.3621 -0.0015 -0.0187 0.7330 0.6800
39.3000 -6.6639 -11.0602 -0.3730 -0.0017 -0.0181 0.7376 0.6750
39.4000 -6.5839 -11.5548 -0.3890 -0.0022 -0.0173 0.7420 0.6702
39.5000 -6.5355 -12.0836 -0.4296 -0.0022 -0.0168 0.7465 0.6652
39.6000 -6.4710 -12.6295 -0.4539 -0.0015 -0.0165 0.7503 0.6609
39.7000 -6.3987 -13.1754 -0.4507 -0.0022 -0.0162 0.7541 0.6565
39.8000 -6.3280 -13.7287 -0.4792 -0.0035 -0.0161 0.7575 0.6526
39.9000 -6.2527 -14.3025 -0.4997 -0.0036 -0.0162 0.7612 0.6484
40.0000 -6.1407 -14.8937 -0.5122 -0.0035 -0.0158 0.7644 0.6446
40.1000 -6.0351 -15.4901 -0.5424 -0.0024 -0.0148 0.7676 0.6407
40.2000 -5.9203 -16.0942 -0.5780 -0.0006 -0.0149 0.7710 0.6366
40.3000 -5.8037 -16.7289 -0.5990 0.0009 -0.0165 0.7737 0.6334
40.4000 -5.6725 -17.3558 -0.6060 0.0020 -0.0171 0.7761 0.6304
40.5000 -5.5427 -18.0030 -0.6206 0.0022 -0.0171 0.7785 0.6274
40.6000 -5.3982 -18.6599 -0.6348 0.0023 -0.0162 0.7808 0.6246
40.7000 -5.2536 -19.3255 -0.6632 0.0031 -0.0145 0.7825 0.6225
40.8000 -5.0966 -20.0018 -0.7042 0.0031 -0.0138 0.7834 0.6214
40.9000 -4.9441 -20.7045 -0.7229 0.0037 -0.0124 0.7839 0.6208
41.0000 -4.7953 -21.4028 -0.7517 0.0040 -0.0116 0.7844 0.6202
41.1000 -4.6186 -22.1250 -0.7771 0.0040 -0.0113 0.7848 0.6197
41.2000 -4.4553 -22.8629 -0.8017 0.0035 -0.0110 0.7853 0.6190
41.3000 -4.2741 -23.6014 -0.8373 0.0034 -0.0107 0.7857 0.6185
41.4000 -4.1004 -24.3579 -0.8600 0.0040 -0.0104 0.7861 0.6180
41.5000 -3.9035 -25.1256 -0.8820 0.0044 -0.0096 0.7866 0.6174
41.6000 -3.7180 -25.8839 -0.9104 0.0046 -0.0095 0.7870 0.6168
41.7000 -3.5414 -26.6815 -0.9341 0.0041 -0.0094 0.7877 0.6160
41.8000 -3.3574 -27.4620 -0.9559 0.0033 -0.0085 0.7885 0.6150
41.9000 -3.1604 -28.2611 -0.9853 0.0027 -0.0080 0.7894 0.6138
42.0000 -2.9511 -29.0676 -1.0114 0.0021 -0.0080 0.7906 0.6123
42.1000 -2.7622 -29.8862 -1.0432 0.0020 -0.0080 0.7918 0.6108
42.2000 -2.5383 -30.7095 -1.0723 0.0021 -0.0093 0.7926 0.6097
42.3000 -2.3181 -31.5392 -1.0989 0.0030 -0.0098 0.7939 0.6080
42.4000 -2.1071 -32.3842 -1.1123 0.0029 -0.0111 0.7948 0.6067
42.5000 -1.8841 -33.2210 -1.1370 0.0021 -0.0117 0.7960 0.6052
42.6000 -1.6532 -34.0676 -1.1631 0.0016 -0.0115 0.7970 0.6038
42.7000 -1.4309 -34.9173 -1.1886 0.0008 -0.0112 0.7983 0.6022
42.8000 -1.1954 -35.7790 -1.2141 0.0003 -0.0103 0.7991 0.6012
42.9000 -0.9555 -36.6452 -1.2384 -0.0006 -0.0098 0.7996 0.6005
43.0000 -0.7063 -37.5151 -1.2660 -0.0010 -0.0099 0.7999 0.6001
43.1000 -0.4620 -38.3930 -1.2849 -0.0002 -0.0088 0.8001 0.5998
43.2000 -0.1981 -39.2929 -1.3232 0.0006 -0.0086 0.8004 0.5994
43.3000 0.0658 -40.1789 -1.3306 0.0013 -0.0085 0.8005 0.5993
43.4000 0.3041 -41.1037 -1.3786 0.0030 -0.0081 0.8008 0.5988
43.5000 0.5894 -42.0026 -1.3907 0.0035 -0.0093 0.8006 0.5991
43.6000 0.8399 -42.9239 -1.3893 0.0025 -0.0082 0.8010 0.5986
43.7000 1.0841 -43.8325 -1.3967 -0.0002 -0.0066 0.8010 0.5986
43.8000 1.3530 -44.7285 -1.4442 -0.0040 -0.0055 0.8013 0.5983
43.9000 1.6179 -45.6792 -1.4819 -0.0038 -0.0047 0.8013 0.5983
44.0000 1.8775 -46.6143 -1.4997 -0.0023 -0.0057 0.8014 0.5981
44.1000 2.1420 -47.5637 -1.4954 -0.0008 -0.0058 0.8017 0.5978
44.2000 2.4228 -48.4955 -1.5049 -0.0016 -0.0049 0.8016 0.5978
44.3000 2.7085 -49.4329 -1.5243 -0.0039 -0.0043 0.8018 0.5976
44.4000 2.9579 -50.3876 -1.5291 -0.0040 -0.0014 0.8019 0.5974
44.5000 3.2367 -51.3342 -1.5597 -0.0023 -0.0001 0.8019 0.5975
44.6000 3.5092 -52.3110 -1.5738 -0.0004 -0.0015 0.8020 0.5973
44.7000 3.7911 -53.2724 -1.5773 -0.0032 -0.0051 0.8016 0.5978
44.8000 4.0575 -54.2328 -1.5521 -0.0057 -0.0029 0.8012 0.5984
44.9000 4.3249 -55.2009 -1.5845 -0.0091 0.0001 0.8011 0.5985
45.0000 4.6165 -56.1811 -1.6002 -0.0085 0.0022 0.8012 0.5983
45.1000 4.8953 -57.1762 -1.6130 -0.0078 0.0010 0.8012 0.5984
45.2000 5.1732 -58.1738 -1.5897 -0.0092 -0.0015 0.8015 0.5979
45.3000 5.4371 -59.1387 -1.5749 -0.0108 -0.0003 0.8022 0.5970
45.4000 5.7313 -60.1174 -1.5714 -0.0122 0.0015 0.8027 0.5963
45.5000 6.0254 -61.0970 -1.5897 -0.0117 0.0021 0.8034 0.5953
45.6000 6.3040 -62.0668 -1.5787 -0.0099 0.0017 0.8041 0.5943
45.7000 6.5868 -63.0489 -1.5519 -0.0104 0.0006 0.8049 0.5934
45.8000 6.8716 -64.0060 -1.5379 -0.0115 0.0018 0.8053 0.5927
45.9000 7.1658 -64.9672 -1.5259 -0.0128 0.0044 0.8058 0.5921
46.0000 7.4671 -65.9407 -1.5224 -0.0132 0.0056 0.8061 0.5916
46.1000 7.7424 -66.9034 -1.5201 -0.0119 0.0064 0.8062 0.5916
46.2000 8.0346 -67.8680 -1.4991 -0.0111 0.0053 0.8059 0.5919
46.3000 8.3180 -68.8228 -1.4796 -0.0119 0.0037 0.8060 0.5918
46.4000 8.6176 -69.7739 -1.4620 -0.0133 0.0027 0.8060 0.5918
46.5000 8.8928 -70.7257 -1.4557 -0.0145 0.0033 0.8060 0.5917
46.6000 9.1578 -71.6644 -1.4334 -0.0156 0.0042 0.8059 0.5918
46.7000 9.4556 -72.6177 -1.4070 -0.0157 0.0070 0.8058 0.5919
46.8000 9.7593 -73.5655 -1.3849 -0.0169 0.0094 0.8055 0.5923
46.9000 10.0240 -74.4816 -1.3630 -0.0157 0.0133 0.8048 0.5932
47.0000 10.2959 -75.4537 -1.3567 -0.0137 0.0137 0.8041 0.5942
47.1000 10.5796 -76.3881 -1.3315 -0.0125 0.0110 0.8036 0.5950
47.2000 10.8594 -77.3174 -1.2945 -0.0123 0.0088 0.8030 0.5958
47.3000 11.1306 -78.2503 -1.2648 -0.0137 0.0076 0.8024 0.5965
47.4000 11.3944 -79.1902 -1.2413 -0.0150 0.0073 0.8023 0.5967
47.5000 11.6625 -80.1049 -1.2346 -0.0157 0.0060 0.8024 0.5966
47.6000 11.9063 -81.0021 -1.2153 -0.0151 0.0056 0.8022 0.5968
47.7000 12.2090 -81.9450 -1.1984 -0.0153 0.0051 0.8028 0.5961
47.8000 12.4784 -82.8431 -1.1779 -0.0157 0.0051 0.8035 0.5951
47.9000 12.7434 -83.7403 -1.1572 -0.0153 0.0063 0.8045 0.5937
48.0000 13.0229 -84.6499 -1.1378 -0.0155 0.0060 0.8059 0.5919
48.1000 13.3019 -85.5408 -1.1171 -0.0149 0.0063 0.8077 0.5894
48.2000 13.6099 -86.4484 -1.0968 -0.0146 0.0065 0.8096 0.5867
48.3000 13.9039 -87.3470 -1.0845 -0.0148 0.0053 0.8121 0.5833
48.4000 14.1932 -88.2106 -1.0590 -0.0143 0.0057 0.8144 0.5801
48.5000 14.5079 -89.1146 -1.0438 -0.0142 0.0052 0.8173 0.5759
48.6000 14.8205 -89.9769 -1.0308 -0.0129 0.0051 0.8200 0.5721
48.7000 15.1423 -90.8517 -1.0081 -0.0134 0.0036 0.8233 0.5674
48.8000 15.4634 -91.6965 -0.9816 -0.0149 0.0029 0.8266 0.5625
48.9000 15.7721 -92.5631 -0.9690 -0.0172 0.0032 0.8294 0.5584
49.0000 16.1375 -93.3938 -0.9563 -0.0176 0.0045 0.8326 0.5536
49.1000 16.4876 -94.2859 -0.9544 -0.0174 0.0038 0.8358 0.5488
49.2000 16.8429 -95.1410 -0.9284 -0.0177 0.0016 0.8387 0.5443
49.3000 17.2417 -95.9953 -0.9010 -0.0188 0.0005 0.8420 0.5392
49.4000 17.5990 -96.8366 -0.8873 -0.0193 0.0013 0.8446 0.5350
49.5000 18.0336 -97.6857 -0.8740 -0.0197 0.0016 0.8475 0.5304
49.6000 18.4418 -98.5572 -0.8517 -0.0199 0.0012 0.8506 0.5254
49.7000 18.8435 -99.4192 -0.8267 -0.0199 0.0013 0.8537 0.5204
49.8000 19.2401 -100.2397 -0.8070 -0.0197 0.0011 0.8561 0.5164
49.9000 19.6676 -101.0380 -0.7870 -0.0193 0.0009 0.8588 0.5120
50.0000 20.0995 -101.8633 -0.7693 -0.0194 -0.0007 0.8610 0.5082
50.1000 20.5663 -102.6817 -0.7474 -0.0192 -0.0012 0.8634 0.5042
50.2000 21.0138 -103.5104 -0.7227 -0.0191 -0.0003 0.8656 0.5004
50.3000 21.4621 -104.3083 -0.7097 -0.0193 -0.0002 0.8673 0.4975
50.4000 21.9060 -105.0865 -0.6862 -0.0188 0.0008 0.8693 0.4938
50.5000 22.3473 -105.8254 -0.6710 -0.0179 0.0014 0.8711 0.4908
50.6000 22.8312 -106.6185 -0.6505 -0.0180 0.0011 0.8730 0.4875
50.7000 23.2778 -107.3685 -0.6295 -0.0170 0.0022 0.8748 0.4841
50.8000 23.8077 -108.1652 -0.6197 -0.0164 0.0001 0.8769 0.4804
50.9000 24.2813 -108.9412 -0.5967 -0.0161 -0.0022 0.8792 0.4762
51.0000 24.7589 -109.6307 -0.5712 -0.0158 -0.0027 0.8813 0.4723
51.1000 25.2463 -110.3869 -0.5469 -0.0173 -0.0043 0.8840 0.4671
51.2000 25.7156 -111.0785 -0.5408 -0.0187 -0.0041 0.8868 0.4618
51.3000 26.0478 -111.7470 -0.5358 -0.0191 -0.0053 0.8891 0.4573
51.4000 26.5781 -112.4549 -0.5248 -0.0187 -0.0059 0.8919 0.4517
51.5000 27.0723 -113.1709 -0.5067 -0.0184 -0.0070 0.8946 0.4464
51.6000 27.6008 -113.8670 -0.4838 -0.0183 -0.0072 0.8977 0.4402
51.7000 28.1389 -114.5229 -0.4642 -0.0186 -0.0076 0.9009 0.4335
51.8000 28.7075 -115.1977 -0.4476 -0.0196 -0.0083 0.9041 0.4268
51.9000 29.2488 -115.8667 -0.4432 -0.0209 -0.0100 0.9076 0.4191
52.0000 29.8123 -116.5262 -0.4292 -0.0211 -0.0112 0.9115 0.4106
52.1000 30.3636 -117.1758 -0.4119 -0.0210 -0.0119 0.9150 0.4028
52.2000 30.9423 -117.8064 -0.3881 -0.0203 -0.0121 0.9190 0.3936
52.3000 31.4930 -118.4114 -0.3653 -0.0199 -0.0124 0.9225 0.3852
52.4000 32.0997 -119.0139 -0.3648 -0.0197 -0.0133 0.9266 0.3754
52.5000 32.7579 -119.6096 -0.3492 -0.0200 -0.0137 0.9306 0.3653
52.6000 33.4268 -120.1644 -0.3448 -0.0204 -0.0133 0.9348 0.3544
52.7000 33.9828 -120.6824 -0.3304 -0.0202 -0.0131 0.9388 0.3435
52.8000 34.6235 -121.2314 -0.3079 -0.0197 -0.0129 0.9430 0.3319
52.9000 35.3356 -121.7449 -0.2881 -0.0211 -0.0142 0.9471 0.3198
53.0000 36.0029 -122.2282 -0.2769 -0.0216 -0.0144 0.9512 0.3076
53.1000 36.6780 -122.7287 -0.2565 -0.0218 -0.0137 0.9550 0.2954
53.2000 37.3652 -123.2106 -0.2514 -0.0221 -0.0144 0.9589 0.2826
53.3000 38.1047 -123.6534 -0.2334 -0.0203 -0.0162 0.9628 0.2691
53.4000 38.8228 -124.0725 -0.2055 -0.0188 -0.0170 0.9665 0.2555
53.5000 39.5698 -124.4672 -0.1941 -0.0179 -0.0177 0.9699 0.2424
53.6000 40.2997 -124.8598 -0.1719 -0.0176 -0.0185 0.9732 0.2286
53.7000 41.0399 -125.2242 -0.1596 -0.0183 -0.0186 0.9763 0.2151
53.8000 41.8098 -125.5632 -0.1465 -0.0189 -0.0191 0.9792 0.2012
53.9000 42.5746 -125.8907 -0.1322 -0.0192 -0.0192 0.9818 0.1877
54.0000 43.3338 -126.1782 -0.1148 -0.0199 -0.0184 0.9843 0.1744
54.1000 44.1601 -126.4760 -0.1017 -0.0201 -0.0198 0.9867 0.1601
54.2000 44.9591 -126.7323 -0.0781 -0.0204 -0.0193 0.9888 0.1463
54.3000 45.7965 -126.9782 -0.0583 -0.0206 -0.0187 0.9908 0.1324
54.4000 46.6457 -127.1843 -0.0425 -0.0207 -0.0191 0.9926 0.1184
54.5000 47.4754 -127.3819 -0.0275 -0.0193 -0.0193 0.9942 0.1042
54.6000 48.3249 -127.5478 -0.0053 -0.0181 -0.0197 0.9956 0.0902
54.7000 49.2389 -127.7071 0.0171 -0.0181 -0.0199 0.9968 0.0757
54.8000 50.1033 -127.8373 0.0254 -0.0172 -0.0208 0.9977 0.0617
54.9000 51.0084 -127.9288 0.0401 -0.0164 -0.0211 0.9985 0.0480
55.0000 51.9180 -128.0232 0.0606 -0.0153 -0.0211 0.9991 0.0339
55.1000 52.8483 -128.0774 0.0798 -0.0144 -0.0210 0.9995 0.0203
55.2000 53.7532 -128.1082 0.0758 -0.0134 -0.0210 0.9997 0.0071
55.3000 54.7057 -128.1299 0.0886 -0.0116 -0.0211 0.9997 -0.0060
55.4000 55.6394 -128.1220 0.1029 -0.0093 -0.0213 0.9996 -0.0182
55.5000 56.5885 -128.0764 0.1169 -0.0081 -0.0217 0.9993 -0.0298
55.6000 57.5302 -128.0401 0.1130 -0.0069 -0.0224 0.9989 -0.0409
55.7000 58.4733 -127.9610 0.1064 -0.0049 -0.0239 0.9984 -0.0510
55.8000 59.4705 -127.8619 0.1299 -0.0035 -0.0249 0.9978 -0.0612
55.9000 60.4292 -127.7545 0.1420 -0.0040 -0.0260 0.9971 -0.0707
56.0000 61.3827 -127.6462 0.1325 -0.0051 -0.0263 0.9965 -0.0791
56.1000 62.3805 -127.4834 0.1171 -0.0050 -0.0264 0.9959 -0.0868
56.2000 63.3424 -127.3336 0.1170 -0.0038 -0.0270 0.9952 -0.0935
56.3000 64.3232 -127.1620 0.1280 -0.0037 -0.0265 0.9946 -0.0999
56.4000 65.3256 -126.9865 0.1334 -0.0044 -0.0264 0.9941 -0.1054
56.5000 66.3014 -126.7802 0.1291 -0.0044 -0.0268 0.9936 -0.1097
56.6000 67.2873 -126.5854 0.1246 -0.0041 -0.0265 0.9931 -0.1143
56.7000 68.2631 -126.3779 0.1268 -0.0039 -0.0267 0.9926 -0.1180
56.8000 69.2455 -126.1539 0.1307 -0.0038 -0.0261 0.9923 -0.1209
56.9000 70.2265 -125.9341 0.1236 -0.0031 -0.0247 0.9920 -0.1235
57.0000 71.2437 -125.6941 0.1226 -0.0023 -0.0246 0.9918 -0.1255
57.1000 72.2419 -125.4598 0.1283 -0.0015 -0.0232 0.9916 -0.1269
57.2000 73.2196 -125.2097 0.1368 -0.0015 -0.0226 0.9916 -0.1276
57.3000 74.1997 -124.9611 0.1295 -0.0017 -0.0224 0.9915 -0.1282
57.4000 75.1721 -124.7042 0.1285 -0.0021 -0.0220 0.9915 -0.1286
57.5000 76.1417 -124.4606 0.1190 -0.0018 -0.0217 0.9914 -0.1290
57.6000 77.1028 -124.2273 0.1134 -0.0011 -0.0223 0.9913 -0.1294
57.7000 78.0905 -123.9839 0.1166 -0.0014 -0.0221 0.9913 -0.1295
57.8000 79.0714 -123.7402 0.1241 -0.0021 -0.0222 0.9913 -0.1297
57.9000 80.0431 -123.4906 0.1161 -0.0024 -0.0222 0.9913 -0.1298
58.0000 81.0053 -123.2483 0.1175 -0.0026 -0.0222 0.9913 -0.1299
58.1000 81.9594 -123.0037 0.1082 -0.0025 -0.0225 0.9913 -0.1297
58.2000 82.9235 -122.7681 0.1096 -0.0020 -0.0230 0.9913 -0.1298
58.3000 83.9097 -122.5102 0.1150 -0.0019 -0.0221 0.9913 -0.1299
58.4000 84.8700 -122.2731 0.1114 -0.0013 -0.0219 0.9913 -0.1301
58.5000 85.8344 -122.0364 0.1099 -0.0013 -0.0222 0.9913 -0.1299
58.6000 86.7887 -121.7812 0.1107 -0.0017 -0.0224 0.9913 -0.1295
58.7000 87.7719 -121.5295 0.1055 -0.0018 -0.0223 0.9913 -0.1294
58.8000 88.7439 -121.2846 0.0955 -0.0011 -0.0216 0.9914 -0.1289
58.9000 89.7235 -121.0244 0.0946 -0.0004 -0.0213 0.9914 -0.1288
59.0000 90.6976 -120.7802 0.0890 -0.0003 -0.0208 0.9915 -0.1286
59.1000 91.6921 -120.5423 0.0822 -0.0002 -0.0200 0.9915 -0.1282
59.2000 92.6781 -120.2894 0.0629 0.0007 -0.0191 0.9916 -0.1278
59.3000 93.6877 -120.0380 0.0537 0.0022 -0.0179 0.9917 -0.1276
59.4000 94.7003 -119.7710 0.0497 0.0031 -0.0184 0.9917 -0.1274
59.5000 95.7109 -119.5186 0.0386 0.0033 -0.0179 0.9917 -0.1274
59.6000 96.7537 -119.2447 0.0219 0.0031 -0.0178 0.9916 -0.1278
59.7000 97.7572 -118.9934 0.0049 0.0033 -0.0184 0.9916 -0.1281
59.8000 98.7954 -118.7288 -0.0091 0.0035 -0.0183 0.9915 -0.1287
59.9000 99.8203 -118.4650 -0.0120 0.0026 -0.0175 0.9915 -0.1292
60.0000 100.8275 -118.2102 -0.0212 0.0012 -0.0176 0.9914 -0.1296
60.1000 101.8478 -117.9703 -0.0402 -0.0000 -0.0169 0.9914 -0.1299
60.2000 102.8692 -117.6820 -0.0555 0.0003 -0.0165 0.9913 -0.1304
60.3000 103.8788 -117.4095 -0.0616 0.0007 -0.0165 0.9913 -0.1307
60.4000 104.9108 -117.1584 -0.0649 0.0008 -0.0164 0.9913 -0.1309
60.5000 105.9330 -116.9000 -0.0820 0.0008 -0.0166 0.9912 -0.1311
60.6000 106.9331 -116.6406 -0.0937 0.0012 -0.0166 0.9912 -0.1313
60.7000 107.9652 -116.3598 -0.0994 0.0012 -0.0172 0.9911 -0.1317
60.8000 108.9815 -116.1109 -0.1059 0.0008 -0.0169 0.9911 -0.1320
60.9000 109.9858 -115.8496 -0.1172 0.0003 -0.0167 0.9911 -0.1323
61.0000 110.9979 -115.5718 -0.1287 0.0001 -0.0163 0.9910 -0.1325
61.1000 112.0037 -115.3161 -0.1289 -0.0007 -0.0167 0.9910 -0.1326
61.2000 113.0000 -115.0644 -0.1407 -0.0010 -0.0166 0.9910 -0.1329
61.3000 114.0149 -114.7956 -0.1406 -0.0014 -0.0165 0.9909 -0.1335
61.4000 115.0370 -114.5102 -0.1480 -0.0008 -0.0176 0.9908 -0.1343
61.5000 116.0295 -114.2473 -0.1546 0.0002 -0.0183 0.9906 -0.1353
61.6000 117.0526 -113.9686 -0.1626 0.0012 -0.0197 0.9903 -0.1373
61.7000 118.0574 -113.6679 -0.1608 0.0017 -0.0207 0.9898 -0.1406
61.8000 119.0644 -113.3785 -0.1666 0.0015 -0.0213 0.9893 -0.1446
61.9000 120.0575 -113.0991 -0.1825 0.0020 -0.0218 0.9886 -0.1490
62.0000 121.0490 -112.7979 -0.1928 0.0025 -0.0216 0.9879 -0.1535
62.1000 122.0319 -112.4775 -0.2059 0.0027 -0.0215 0.9872 -0.1581
62.2000 123.0071 -112.1492 -0.1984 0.0022 -0.0211 0.9863 -0.1634
62.3000 123.9874 -111.8188 -0.2191 0.0022 -0.0214 0.9853 -0.1698
62.4000 124.9703 -111.4564 -0.2183 0.0022 -0.0206 0.9840 -0.1770
62.5000 125.9281 -111.0824 -0.2376 0.0023 -0.0208 0.9826 -0.1847
62.6000 126.8950 -110.6927 -0.2371 0.0021 -0.0207 0.9809 -0.1935
62.7000 127.8340 -110.2967 -0.2425 0.0010 -0.0193 0.9791 -0.2027
62.8000 128.7668 -109.8623 -0.2558 0.0010 -0.0192 0.9769 -0.2126
62.9000 129.7012 -109.4181 -0.2551 0.0019 -0.0197 0.9746 -0.2233
63.0000 130.6322 -108.9487 -0.2646 0.0031 -0.0190 0.9718 -0.2349
63.1000 131.5293 -108.4765 -0.2567 0.0028 -0.0186 0.9689 -0.2467
63.2000 132.4189 -107.9706 -0.2674 0.0032 -0.0198 0.9657 -0.2589
63.3000 133.2880 -107.4660 -0.2787 0.0039 -0.0208 0.9623 -0.2713
63.4000 134.1801 -106.9102 -0.2879 0.0051 -0.0219 0.9585 -0.2842
63.5000 134.9971 -106.3672 -0.2943 0.0060 -0.0215 0.9546 -0.2972
63.6000 135.8500 -105.7775 -0.2843 0.0059 -0.0218 0.9503 -0.3105
63.7000 136.6505 -105.1873 -0.2892 0.0052 -0.0226 0.9459 -0.3236
63.8000 137.4527 -104.5652 -0.3022 0.0039 -0.0229 0.9412 -0.3370
63.9000 138.2229 -103.9088 -0.3147 0.0041 -0.0226 0.9363 -0.3505
64.0000 138.9809 -103.2336 -0.2968 0.0025 -0.0201 0.9310 -0.3645
64.1000 139.6850 -102.5452 -0.3103 0.0016 -0.0201 0.9256 -0.3779
64.2000 140.3947 -101.8332 -0.3247 0.0026 -0.0198 0.9199 -0.3916
64.3000 141.0889 -101.0913 -0.3246 0.0040 -0.0167 0.9140 -0.4054
64.4000 141.7382 -100.3281 -0.3120 0.0046 -0.0146 0.9077 -0.4194
64.5000 142.3685 -99.5555 -0.3155 0.0055 -0.0145 0.9010 -0.4336
64.6000 142.9872 -98.7824 -0.3284 0.0070 -0.0163 0.8940 -0.4476
64.7000 143.5610 -97.9860 -0.3400 0.0087 -0.0186 0.8868 -0.4617
64.8000 144.1459 -97.1593 -0.3308 0.0102 -0.0210 0.8791 -0.4760
64.9000 144.6603 -96.3662 -0.3526 0.0109 -0.0232 0.8714 -0.4899
65.0000 145.1877 -95.5017 -0.3543 0.0122 -0.0244 0.8632 -0.5041
65.1000 145.6685 -94.6328 -0.3695 0.0140 -0.0251 0.8551 -0.5176
65.2000 146.1301 -93.7762 -0.3543 0.0136 -0.0251 0.8471 -0.5306
65.3000 146.5493 -92.8753 -0.3666 0.0127 -0.0250 0.8392 -0.5431
65.4000 146.9662 -91.9508 -0.3649 0.0113 -0.0254 0.8312 -0.5552
65.5000 147.3442 -91.0333 -0.3568 0.0093 -0.0265 0.8235 -0.5667
65.6000 147.7218 -90.0939 -0.3702 0.0078 -0.0273 0.8160 -0.5774
65.7000 148.0672 -89.1273 -0.3867 0.0090 -0.0276 0.8088 -0.5874
65.8000 148.3825 -88.1385 -0.3944 0.0119 -0.0262 0.8018 -0.5969
65.9000 148.6923 -87.1159 -0.3655 0.0132 -0.0252 0.7949 -0.6060
66.0000 148.9796 -86.1000 -0.3496 0.0119 -0.0251 0.7885 -0.6144
66.1000 149.2207 -85.0679 -0.3657 0.0101 -0.0255 0.7824 -0.6222
66.2000 149.4866 -84.0419 -0.3707 0.0085 -0.0239 0.7771 -0.6289
66.3000 149.6974 -82.9894 -0.3830 0.0084 -0.0227 0.7720 -0.6351
66.4000 149.9113 -81.8971 -0.3813 0.0090 -0.0214 0.7670 -0.6413
66.5000 150.0972 -80.8040 -0.3690 0.0088 -0.0210 0.7618 -0.6474
66.6000 150.2955 -79.7082 -0.3659 0.0083 -0.0217 0.7567 -0.6534
66.7000 150.4736 -78.5989 -0.3670 0.0072 -0.0215 0.7515 -0.6593
66.8000 150.6272 -77.4742 -0.3721 0.0069 -0.0217 0.7464 -0.6652
66.9000 150.7200 -76.3298 -0.3745 0.0072 -0.0220 0.7407 -0.6715
67.0000 150.8305 -75.1889 -0.3654 0.0071 -0.0216 0.7351 -0.6775
67.1000 150.9560 -74.0427 -0.3614 0.0072 -0.0216 0.7297 -0.6834
67.2000 151.0274 -72.8946 -0.3491 0.0074 -0.0216 0.7240 -0.6894
67.3000 151.0936 -71.7383 -0.3532 0.0079 -0.0218 0.7183 -0.6954
67.4000 151.1550 -70.5458 -0.3470 0.0082 -0.0212 0.7123 -0.7015
67.5000 151.1813 -69.3656 -0.3377 -0.0087 0.0216 -0.7064 0.7074
67.6000 151.1778 -68.2178 -0.3339 -0.0084 0.0207 -0.7006 0.7132
67.7000 151.1736 -67.0433 -0.3353 -0.0084 0.0196 -0.6948 0.7189
67.8000 151.1432 -65.8524 -0.3085 -0.0078 0.0192 -0.6888 0.7247
67.9000 151.0825 -64.6847 -0.3063 -0.0071 0.0193 -0.6827 0.7304
68.0000 151.0200 -63.5251 -0.3108 -0.0080 0.0205 -0.6770 0.7356
68.1000 150.9344 -62.3211 -0.2905 -0.0088 0.0211 -0.6711 0.7410
68.2000 150.8403 -61.1753 -0.2843 -0.0097 0.0226 -0.6654 0.7461
68.3000 150.6988 -59.9972 -0.2711 -0.0100 0.0225 -0.6600 0.7508
68.4000 150.5743 -58.8132 -0.2665 -0.0099 0.0221 -0.6545 0.7557
68.5000 150.4047 -57.6866 -0.2603 -0.0098 0.0201 -0.6500 0.7596
68.6000 150.2146 -56.5246 -0.2625 -0.0112 0.0185 -0.6451 0.7638
68.7000 150.0390 -55.3336 -0.2286 -0.0121 0.0174 -0.6406 0.7676
68.8000 149.8309 -54.1889 -0.2067 -0.0110 0.0176 -0.6367 0.7708
68.9000 149.6330 -53.0336 -0.2059 -0.0103 0.0196 -0.6330 0.7739
69.0000 149.4019 -51.9097 -0.2278 -0.0103 0.0198 -0.6300 0.7763
69.1000 149.2051 -50.7441 -0.2295 -0.0110 0.0192 -0.6272 0.7785
69.2000 148.9615 -49.6011 -0.1993 -0.0107 0.0184 -0.6253 0.7801
69.3000 148.7284 -48.4700 -0.1962 -0.0109 0.0188 -0.6234 0.7816
69.4000 148.5010 -47.3270 -0.2022 -0.0120 0.0193 -0.6218 0.7829
69.5000 148.2513 -46.1875 -0.2015 -0.0139 0.0198 -0.6202 0.7841
69.6000 148.0219 -45.0636 -0.1809 -0.0145 0.0198 -0.6189 0.7851
69.7000 147.7518 -43.9329 -0.1812 -0.0150 0.0203 -0.6177 0.7860
69.8000 147.4833 -42.8111 -0.1719 -0.0155 0.0211 -0.6168 0.7867
69.9000 147.2278 -41.6854 -0.1597 -0.0149 0.0223 -0.6155 0.7877
70.0000 146.9894 -40.5776 -0.1468 -0.0133 0.0231 -0.6148 0.7883
70.1000 146.7158 -39.4612 -0.1530 -0.0125 0.0241 -0.6139 0.7889
70.2000 146.4586 -38.3542 -0.1439 -0.0116 0.0238 -0.6136 0.7892
70.3000 146.1698 -37.2349 -0.1347 -0.0106 0.0232 -0.6135 0.7893
70.4000 145.9093 -36.1159 -0.1246 -0.0105 0.0225 -0.6130 0.7897
70.5000 145.6383 -35.0164 -0.1162 -0.0105 0.0213 -0.6130 0.7897
70.6000 145.3552 -33.8868 -0.0945 -0.0101 0.0206 -0.6126 0.7901
70.7000 145.0926 -32.8022 -0.0735 -0.0090 0.0202 -0.6126 0.7901
70.8000 144.8233 -31.6931 -0.0697 -0.0079 0.0199 -0.6123 0.7903
70.9000 144.5341 -30.5798 -0.0623 -0.0079 0.0197 -0.6122 0.7904
71.0000 144.2779 -29.5056 -0.0485 -0.0083 0.0194 -0.6118 0.7907
71.1000 144.0109 -28.4091 -0.0321 -0.0082 0.0199 -0.6115 0.7909
71.2000 143.7198 -27.3034 -0.0236 -0.0085 0.0210 -0.6116 0.7909
71.3000 143.4597 -26.1958 -0.0118 -0.0086 0.0214 -0.6112 0.7911
71.4000 143.1867 -25.1278 -0.0043 -0.0086 0.0216 -0.6109 0.7914
71.5000 142.9044 -24.0424 0.0253 -0.0081 0.0217 -0.6108 0.7915
71.6000 142.6456 -22.9737 0.0455 -0.0062 0.0221 -0.6106 0.7916
71.7000 142.3554 -21.8802 0.0644 -0.0022 0.0210 -0.6102 0.7920
71.8000 142.0653 -20.7890 0.0947 0.0001 0.0210 -0.6098 0.7923
71.9000 141.8022 -19.7490 0.1040 0.0012 0.0216 -0.6097 0.7923
72.0000 141.5168 -18.6633 0.1389 0.0029 0.0221 -0.6095 0.7924
72.1000 141.2600 -17.5883 0.1621 0.0039 0.0233 -0.6094 0.7925
72.2000 140.9695 -16.5287 0.1968 0.0038 0.0245 -0.6090 0.7927
72.3000 140.6995 -15.4696 0.2143 0.0032 0.0247 -0.6091 0.7927
72.4000 140.4376 -14.3910 0.2445 0.0015 0.0234 -0.6091 0.7928
72.5000 140.1596 -13.3559 0.2768 0.0002 0.0217 -0.6086 0.7932
72.6000 139.8994 -12.2948 0.3242 -0.0004 0.0211 -0.6083 0.7934
72.7000 139.6135 -11.2554 0.3483 -0.0003 0.0219 -0.6078 0.7938
72.8000 139.3576 -10.2267 0.3813 0.0002 0.0231 -0.6079 0.7937
72.9000 139.0919 -9.1903 0.4070 0.0011 0.0242 -0.6075 0.7939
73.0000 138.8322 -8.1929 0.4232 0.0014 0.0250 -0.6073 0.7941
73.1000 138.5610 -7.1741 0.4511 0.0016 0.0245 -0.6070 0.7943
73.2000 138.2992 -6.1699 0.4949 0.0016 0.0243 -0.6071 0.7942
73.3000 138.0645 -5.1951 0.5184 0.0019 0.0242 -0.6069 0.7944
73.4000 137.7842 -4.2313 0.5627 0.0034 0.0238 -0.6066 0.7947
73.5000 137.5424 -3.2500 0.5823 0.0032 0.0244 -0.6066 0.7946
73.6000 137.2867 -2.2855 0.6194 0.0028 0.0247 -0.6065 0.7947
73.7000 137.0265 -1.3580 0.6464 0.0032 0.0242 -0.6063 0.7949
73.8000 136.7834 -0.4226 0.6806 0.0031 0.0241 -0.6062 0.7949
73.9000 136.5625 0.4992 0.7056 0.0030 0.0234 -0.6061 0.7950
74.0000 136.3154 1.4111 0.7406 0.0026 0.0227 -0.6059 0.7952
74.1000 136.0881 2.3133 0.7661 0.0011 0.0222 -0.6059 0.7953
74.2000 135.8494 3.2116 0.7953 0.0003 0.0215 -0.6058 0.7954
74.3000 135.6271 4.0946 0.8241 -0.0002 0.0213 -0.6057 0.7954
74.4000 135.3894 4.9609 0.8623 -0.0002 0.0218 -0.6053 0.7957
74.5000 135.1570 5.8275 0.8804 -0.0005 0.0225 -0.6048 0.7960
74.6000 134.9360 6.6620 0.9039 -0.0008 0.0229 -0.6038 0.7968
74.7000 134.7110 7.5008 0.9290 -0.0011 0.0229 -0.6027 0.7977
74.8000 134.4805 8.3185 0.9438 -0.0024 0.0236 -0.6012 0.7987
74.9000 134.2617 9.1213 0.9715 -0.0029 0.0235 -0.5990 0.8004
75.0000 134.0355 9.9036 1.0005 -0.0041 0.0249 -0.5962 0.8024
75.1000 133.7835 10.6631 1.0150 -0.0048 0.0257 -0.5923 0.8053
75.2000 133.5682 11.4163 1.0474 -0.0053 0.0263 -0.5882 0.8083
75.3000 133.3195 12.1677 1.0709 -0.0056 0.0272 -0.5835 0.8116
75.4000 133.0697 12.8697 1.0806 -0.0060 0.0277 -0.5779 0.8156
75.5000 132.8174 13.5832 1.1073 -0.0062 0.0275 -0.5718 0.8199
75.6000 132.5756 14.2526 1.1327 -0.0063 0.0276 -0.5651 0.8246
75.7000 132.2869 14.9188 1.1478 -0.0067 0.0276 -0.5569 0.8301
75.8000 132.0072 15.5678 1.1819 -0.0075 0.0284 -0.5485 0.8356
75.9000 131.7295 16.2167 1.2000 -0.0072 0.0277 -0.5398 0.8413
76.0000 131.4378 16.8230 1.2196 -0.0069 0.0269 -0.5298 0.8477
76.1000 131.1315 17.4070 1.2461 -0.0071 0.0258 -0.5192 0.8542
76.2000 130.8037 17.9807 1.2632 -0.0079 0.0253 -0.5076 0.8612
76.3000 130.4826 18.5391 1.2875 -0.0094 0.0257 -0.4952 0.8683
76.4000 130.1393 19.0689 1.3029 -0.0096 0.0256 -0.4810 0.8763
76.5000 129.7793 19.5859 1.3237 -0.0093 0.0245 -0.4665 0.8841
76.6000 129.4005 20.0676 1.3279 -0.0095 0.0238 -0.4507 0.8923
76.7000 129.0108 20.5580 1.3495 -0.0106 0.0232 -0.4336 0.9008
76.8000 128.6188 21.0030 1.3756 -0.0109 0.0223 -0.4160 0.9090
76.9000 128.2116 21.4395 1.3981 -0.0104 0.0216 -0.3971 0.9175
77.0000 127.7706 21.8340 1.4039 -0.0101 0.0206 -0.3764 0.9262
77.1000 127.3114 22.2033 1.4033 -0.0106 0.0192 -0.3553 0.9345
77.2000 126.8887 22.5727 1.4083 -0.0116 0.0173 -0.3330 0.9427
77.3000 126.4003 22.9213 1.4390 -0.0104 0.0155 -0.3113 0.9501
77.4000 125.9494 23.2505 1.4394 -0.0095 0.0144 -0.2889 0.9572
77.5000 125.3847 23.5274 1.4564 -0.0096 0.0131 -0.2670 0.9636
77.6000 124.8746 23.8012 1.4822 -0.0078 0.0126 -0.2445 0.9695
77.7000 124.3382 24.0510 1.4567 -0.0082 0.0140 -0.2225 0.9748
77.8000 123.8060 24.2994 1.4489 -0.0098 0.0138 -0.1991 0.9798
77.9000 123.2305 24.5286 1.4640 -0.0115 0.0136 -0.1770 0.9841
78.0000 122.6722 24.7263 1.4701 -0.0107 0.0122 -0.1547 0.9878
78.1000 122.0328 24.8749 1.4683 -0.0080 0.0097 -0.1324 0.9911
78.2000 121.4115 25.0143 1.4772 -0.0074 0.0079 -0.1103 0.9938
78.3000 120.7431 25.1331 1.4679 -0.0082 0.0086 -0.0899 0.9959
78.4000 120.0690 25.2380 1.4717 -0.0114 0.0087 -0.0697 0.9975
78.5000 119.4056 25.3214 1.4860 -0.0118 0.0087 -0.0495 0.9987
78.6000 118.7066 25.3795 1.4753 -0.0122 0.0089 -0.0296 0.9994
78.7000 118.0171 25.4129 1.4781 -0.0112 0.0081 -0.0110 0.9998
78.8000 117.2948 25.4009 1.4763 -0.0115 0.0078 0.0070 0.9999
78.9000 116.5594 25.3817 1.4516 -0.0123 0.0066 0.0240 0.9996
79.0000 115.8393 25.3539 1.4750 -0.0132 0.0049 0.0397 0.9991
79.1000 115.0975 25.2693 1.4613 -0.0118 0.0020 0.0548 0.9984
79.2000 114.3709 25.1729 1.4813 -0.0099 -0.0002 0.0684 0.9976
79.3000 113.6456 25.0800 1.4851 -0.0087 0.0006 0.0813 0.9967
79.4000 112.9269 24.9497 1.4822 -0.0085 0.0013 0.0928 0.9956
79.5000 112.1967 24.8094 1.4730 -0.0081 0.0020 0.1039 0.9946
79.6000 111.4849 24.6553 1.4644 -0.0074 0.0022 0.1135 0.9935
79.7000 110.7524 24.4866 1.4496 -0.0071 0.0020 0.1227 0.9924
79.8000 110.0402 24.3147 1.4551 -0.0073 0.0019 0.1306 0.9914
79.9000 109.3303 24.1183 1.4557 -0.0073 0.0021 0.1382 0.9904
80.0000 108.6231 23.9235 1.4528 -0.0075 0.0028 0.1445 0.9895
80.1000 107.9133 23.7194 1.4449 -0.0075 0.0034 0.1501 0.9886
80.2000 107.2134 23.4992 1.4415 -0.0072 0.0036 0.1547 0.9879
80.3000 106.5062 23.2911 1.4477 -0.0067 0.0040 0.1574 0.9875
80.4000 105.8333 23.0764 1.4419 -0.0067 0.0044 0.1599 0.9871
80.5000 105.1107 22.8378 1.4428 -0.0066 0.0043 0.1617 0.9868
80.6000 104.3976 22.6227 1.4497 -0.0068 0.0049 0.1629 0.9866
80.7000 103.7067 22.4005 1.4528 -0.0072 0.0056 0.1642 0.9864
80.8000 102.9923 22.1683 1.4476 -0.0076 0.0063 0.1644 0.9863
80.9000 102.2903 21.9518 1.4524 -0.0081 0.0064 0.1652 0.9862
81.0000 101.5929 21.7248 1.4506 -0.0091 0.0065 0.1657 0.9861
81.1000 100.8998 21.4930 1.4534 -0.0096 0.0065 0.1661 0.9860
81.2000 100.2039 21.2683 1.4605 -0.0103 0.0061 0.1663 0.9860
81.3000 99.5180 21.0415 1.4695 -0.0109 0.0063 0.1663 0.9860
81.4000 98.8399 20.8221 1.4735 -0.0118 0.0066 0.1662 0.9860
81.5000 98.1791 20.6039 1.4799 -0.0123 0.0068 0.1661 0.9860
81.6000 97.5215 20.3946 1.4800 -0.0125 0.0067 0.1661 0.9860
81.7000 96.8614 20.1811 1.4919 -0.0126 0.0065 0.1658 0.9860
81.8000 96.2156 19.9661 1.4965 -0.0131 0.0063 0.1654 0.9861
81.9000 95.5480 19.7530 1.5016 -0.0127 0.0059 0.1651 0.9862
82.0000 94.9254 19.5520 1.5117 -0.0122 0.0058 0.1647 0.9862
82.1000 94.2967 19.3385 1.5165 -0.0118 0.0061 0.1640 0.9864
82.2000 93.6842 19.1349 1.5216 -0.0112 0.0065 0.1632 0.9865
82.3000 93.0520 18.9318 1.5211 -0.0111 0.0067 0.1626 0.9866
82.4000 92.4277 18.7291 1.5826 -0.0113 0.0087 0.1616 0.9868
82.5000 91.8050 18.5356 1.5169 -0.0119 0.0097 0.1609 0.9869
82.6000 91.1689 18.3328 1.5172 -0.0110 0.0072 0.1600 0.9870
82.7000 90.5619 18.1381 1.5315 -0.0114 0.0056 0.1590 0.9872
82.8000 89.9133 17.9496 1.5434 -0.0115 0.0059 0.1580 0.9874
82.9000 89.2988 17.7468 1.5433 -0.0113 0.0033 0.1570 0.9875
83.0000 88.6778 17.5609 1.5831 -0.0117 0.0038 0.1561 0.9877
83.1000 88.0604 17.3730 1.5709 -0.0117 0.0057 0.1551 0.9878
83.2000 87.4414 17.1779 1.5589 -0.0126 0.0062 0.1544 0.9879
83.3000 86.8163 16.9907 1.5556 -0.0132 0.0060 0.1534 0.9881
83.4000 86.1935 16.8050 1.5625 -0.0125 0.0052 0.1526 0.9882
83.5000 85.5672 16.6118 1.5728 -0.0125 0.0050 0.1517 0.9883
83.6000 84.9353 16.4263 1.5691 -0.0129 0.0054 0.1508 0.9885
83.7000 84.2961 16.2373 1.5816 -0.0131 0.0060 0.1501 0.9886
83.8000 83.6657 16.0447 1.5779 -0.0137 0.0066 0.1490 0.9887
83.9000 83.0149 15.8553 1.5862 -0.0139 0.0077 0.1483 0.9888
84.0000 82.3493 15.6681 1.5879 -0.0134 0.0088 0.1476 0.9889
84.1000 81.6896 15.4728 1.5965 -0.0129 0.0101 0.1468 0.9890
84.2000 80.9956 15.2685 1.5966 -0.0123 0.0114 0.1460 0.9891
84.3000 80.2908 15.0649 1.5956 -0.0121 0.0125 0.1453 0.9892
84.4000 79.5728 14.8572 1.6042 -0.0115 0.0131 0.1445 0.9893
84.5000 78.8318 14.6436 1.6116 -0.0099 0.0137 0.1438 0.9895
84.6000 78.0815 14.4242 1.6068 -0.0088 0.0134 0.1433 0.9896
84.7000 77.2923 14.1994 1.6095 -0.0085 0.0127 0.1425 0.9897
84.8000 76.5059 13.9766 1.6152 -0.0090 0.0115 0.1420 0.9898
84.9000 75.6991 13.7571 1.6372 -0.0084 0.0107 0.1415 0.9898
85.0000 74.8782 13.5224 1.6382 -0.0086 0.0104 0.1407 0.9900
85.1000 74.0464 13.2868 1.6499 -0.0087 0.0107 0.1402 0.9900
85.2000 73.2004 13.0606 1.6377 -0.0081 0.0100 0.1398 0.9901
85.3000 72.3438 12.8277 1.6429 -0.0075 0.0085 0.1393 0.9902
85.4000 71.4626 12.5769 1.6410 -0.0079 0.0071 0.1387 0.9903
85.5000 70.5656 12.3419 1.6658 -0.0076 0.0070 0.1379 0.9904
85.6000 69.6700 12.0974 1.6519 -0.0081 0.0074 0.1372 0.9905
85.7000 68.7650 11.8583 1.6484 -0.0098 0.0069 0.1361 0.9906
85.8000 67.8372 11.6138 1.6429 -0.0107 0.0063 0.1354 0.9907
85.9000 66.8966 11.3685 1.6397 -0.0121 0.0049 0.1346 0.9908
86.0000 65.9599 11.1240 1.6350 -0.0121 0.0038 0.1341 0.9909
86.1000 64.9861 10.8741 1.6485 -0.0107 0.0031 0.1335 0.9910
86.2000 64.0527 10.6268 1.6446 -0.0097 0.0036 0.1328 0.9911
86.3000 63.0756 10.3672 1.6357 -0.0089 0.0045 0.1318 0.9912
86.4000 62.0848 10.1028 1.6277 -0.0074 0.0052 0.1310 0.9913
86.5000 61.0926 9.8412 1.6119 -0.0071 0.0046 0.1301 0.9915
86.6000 60.0824 9.5892 1.6080 -0.0071 0.0038 0.1294 0.9916
86.7000 59.0638 9.3343 1.5875 -0.0081 0.0023 0.1285 0.9917
86.8000 58.0278 9.0770 1.5671 -0.0079 -0.0001 0.1275 0.9918
86.9000 56.9730 8.8150 1.5487 -0.0075 -0.0037 0.1266 0.9919
87.0000 55.9634 8.5595 1.5335 -0.0063 -0.0074 0.1259 0.9920
87.1000 54.9033 8.3017 1.5353 -0.0057 -0.0092 0.1251 0.9921
87.2000 53.8707 8.0558 1.5203 -0.0047 -0.0092 0.1240 0.9922
87.3000 52.8359 7.8047 1.4820 -0.0051 -0.0089 0.1228 0.9924
87.4000 51.7992 7.5544 1.4496 -0.0053 -0.0093 0.1217 0.9925
87.5000 50.7324 7.3119 1.4159 -0.0061 -0.0101 0.1206 0.9926
87.6000 49.6682 7.0649 1.3946 -0.0064 -0.0105 0.1195 0.9928
87.7000 48.6273 6.8192 1.3477 -0.0062 -0.0114 0.1187 0.9928
87.8000 47.5629 6.5777 1.3084 -0.0074 -0.0134 0.1175 0.9930
87.9000 46.5051 6.3450 1.2689 -0.0074 -0.0156 0.1164 0.9931
88.0000 45.4381 6.1094 1.2426 -0.0081 -0.0171 0.1152 0.9932
88.1000 44.3530 5.8658 1.1952 -0.0091 -0.0181 0.1143 0.9932
88.2000 43.2688 5.6365 1.1512 -0.0097 -0.0191 0.1131 0.9934
88.3000 42.2212 5.4085 1.0963 -0.0109 -0.0200 0.1121 0.9934
88.4000 41.1414 5.1817 1.0492 -0.0114 -0.0203 0.1109 0.9936
88.5000 40.0404 4.9372 1.0040 -0.0124 -0.0192 0.1098 0.9937
88.6000 38.9668 4.7236 0.9534 -0.0120 -0.0178 0.1087 0.9938
88.7000 37.8819 4.4903 0.8981 -0.0123 -0.0159 0.1074 0.9940
88.8000 36.7936 4.2682 0.8425 -0.0123 -0.0148 0.1059 0.9942
88.9000 35.7124 4.0349 0.7893 -0.0132 -0.0149 0.1046 0.9943
89.0000 34.6189 3.8288 0.7598 -0.0132 -0.0147 0.1027 0.9945
89.1000 33.5394 3.6194 0.7264 -0.0144 -0.0133 0.1010 0.9947
89.2000 32.4430 3.4046 0.6892 -0.0145 -0.0114 0.0996 0.9949
89.3000 31.3599 3.2071 0.6398 -0.0154 -0.0104 0.0981 0.9950
89.4000 30.3092 3.0029 0.6139 -0.0151 -0.0104 0.0968 0.9951
89.5000 29.2297 2.8145 0.5814 -0.0146 -0.0103 0.0950 0.9953
89.6000 28.1685 2.6154 0.5445 -0.0148 -0.0099 0.0934 0.9955
89.7000 27.1140 2.4525 0.5170 -0.0142 -0.0097 0.0918 0.9956
89.8000 26.0684 2.2551 0.4871 -0.0138 -0.0101 0.0907 0.9957
89.9000 25.0262 2.0798 0.4494 -0.0139 -0.0112 0.0891 0.9959
90.0000 23.9861 1.9142 0.4325 -0.0134 -0.0126 0.0878 0.9960
90.1000 22.9459 1.7451 0.3925 -0.0126 -0.0150 0.0865 0.9961
90.2000 21.9369 1.5645 0.3556 -0.0126 -0.0174 0.0855 0.9961
90.3000 20.9080 1.4083 0.3191 -0.0123 -0.0205 0.0845 0.9961
90.4000 19.9088 1.2628 0.2827 -0.0129 -0.0226 0.0835 0.9962
90.5000 18.9067 1.1161 0.2523 -0.0129 -0.0231 0.0826 0.9962
90.6000 17.9657 0.9519 0.2115 -0.0129 -0.0225 0.0824 0.9963
90.7000 17.0224 0.7999 0.1545 -0.0126 -0.0219 0.0823 0.9963
90.8000 16.0702 0.6585 0.0942 -0.0127 -0.0227 0.0819 0.9963
90.9000 15.1246 0.5238 0.0519 -0.0134 -0.0237 0.0815 0.9963
91.0000 14.2192 0.3797 0.0194 -0.0144 -0.0239 0.0817 0.9963
91.1000 13.3252 0.2336 -0.0152 -0.0161 -0.0222 0.0828 0.9962
91.2000 12.4420 0.0867 -0.0722 -0.0180 -0.0206 0.0850 0.9960
91.3000 11.5433 -0.0601 -0.1053 -0.0193 -0.0196 0.0880 0.9957
91.4000 10.7042 -0.2132 -0.1369 -0.0191 -0.0187 0.0928 0.9953
91.5000 9.8520 -0.3778 -0.1738 -0.0189 -0.0175 0.0979 0.9949
91.6000 9.0243 -0.5497 -0.2217 -0.0201 -0.0166 0.1046 0.9942
91.7000 8.2104 -0.7313 -0.2476 -0.0208 -0.0169 0.1127 0.9933
91.8000 7.4176 -0.9205 -0.2756 -0.0208 -0.0171 0.1219 0.9922
91.9000 6.6327 -1.1230 -0.2892 -0.0216 -0.0164 0.1325 0.9908
92.0000 5.8867 -1.3496 -0.3123 -0.0223 -0.0149 0.1448 0.9891
92.1000 5.1524 -1.5818 -0.3312 -0.0227 -0.0136 0.1592 0.9869
92.2000 4.3856 -1.8625 -0.3536 -0.0232 -0.0124 0.1749 0.9842
92.3000 3.7207 -2.1263 -0.3838 -0.0229 -0.0115 0.1924 0.9810
92.4000 2.9893 -2.4366 -0.4022 -0.0224 -0.0104 0.2100 0.9774
92.5000 2.3238 -2.7658 -0.4263 -0.0218 -0.0103 0.2288 0.9732
92.6000 1.7110 -3.1360 -0.4415 -0.0201 -0.0112 0.2487 0.9683
92.7000 1.0871 -3.5372 -0.4749 -0.0171 -0.0123 0.2692 0.9628
92.8000 0.4373 -3.9552 -0.4802 -0.0156 -0.0129 0.2899 0.9568
92.9000 -0.1563 -4.3953 -0.4839 -0.0151 -0.0125 0.3118 0.9500
93.0000 -0.7571 -4.8567 -0.4957 -0.0132 -0.0115 0.3340 0.9424
93.1000 -1.2788 -5.3777 -0.5268 -0.0128 -0.0107 0.3573 0.9338
93.2000 -1.8334 -5.9008 -0.5732 -0.0122 -0.0117 0.3808 0.9245
93.3000 -2.3463 -6.4352 -0.5727 -0.0100 -0.0137 0.4040 0.9146
93.4000 -2.8560 -7.0487 -0.5923 -0.0091 -0.0138 0.4277 0.9038
93.5000 -3.3126 -7.6628 -0.6041 -0.0089 -0.0138 0.4507 0.8925
93.6000 -3.7331 -8.2807 -0.6275 -0.0087 -0.0136 0.4737 0.8805
93.7000 -4.0990 -8.9768 -0.6514 -0.0065 -0.0137 0.4964 0.8679
93.8000 -4.4827 -9.6290 -0.7021 -0.0049 -0.0147 0.5176 0.8555
93.9000 -4.8358 -10.3657 -0.7204 -0.0047 -0.0170 0.5389 0.8422
94.0000 -5.1354 -11.0672 -0.7155 -0.0038 -0.0170 0.5597 0.8285
94.1000 -5.3808 -11.8010 -0.7401 -0.0042 -0.0153 0.5809 0.8138
94.2000 -5.6139 -12.5828 -0.7755 -0.0063 -0.0145 0.6014 0.7988
94.3000 -5.7844 -13.3605 -0.8318 -0.0099 -0.0177 0.6214 0.7832
94.4000 -5.9563 -14.1503 -0.8384 -0.0093 -0.0186 0.6401 0.7680
94.5000 -6.0914 -14.9701 -0.8472 -0.0082 -0.0162 0.6582 0.7526
94.6000 -6.2123 -15.7994 -0.8627 -0.0095 -0.0167 0.6742 0.7383
94.7000 -6.2574 -16.6594 -0.9153 -0.0108 -0.0182 0.6899 0.7236
94.8000 -6.3098 -17.5259 -0.9631 -0.0075 -0.0196 0.7041 0.7098
94.9000 -6.2781 -18.4071 -0.9813 -0.0049 -0.0220 0.7178 0.6959
95.0000 -6.2456 -19.2855 -0.9719 -0.0041 -0.0216 0.7297 0.6834
95.1000 -6.1621 -20.1862 -1.0060 -0.0042 -0.0194 0.7409 0.6714
95.2000 -6.0793 -21.0900 -1.0440 -0.0046 -0.0181 0.7504 0.6608
95.3000 -5.9601 -22.0160 -1.0730 -0.0043 -0.0167 0.7595 0.6503
95.4000 -5.8553 -22.9455 -1.1043 -0.0038 -0.0155 0.7671 0.6413
95.5000 -5.7193 -23.8903 -1.1268 -0.0030 -0.0133 0.7735 0.6337
95.6000 -5.5170 -24.8188 -1.1634 -0.0020 -0.0122 0.7789 0.6270
95.7000 -5.3207 -25.7888 -1.1965 -0.0010 -0.0116 0.7829 0.6220
95.8000 -5.0979 -26.7458 -1.2103 0.0003 -0.0104 0.7864 0.6177
95.9000 -4.8840 -27.6991 -1.2309 0.0002 -0.0092 0.7891 0.6142
96.0000 -4.6445 -28.6798 -1.2491 -0.0003 -0.0072 0.7910 0.6117
96.1000 -4.3670 -29.6377 -1.2880 -0.0008 -0.0064 0.7930 0.6091
96.2000 -4.1195 -30.6368 -1.3199 -0.0009 -0.0064 0.7946 0.6071
96.3000 -3.8622 -31.6381 -1.3470 -0.0002 -0.0077 0.7962 0.6050
96.4000 -3.6124 -32.6470 -1.3695 0.0006 -0.0088 0.7976 0.6032
96.5000 -3.3618 -33.6519 -1.3809 0.0004 -0.0102 0.7985 0.6019
96.6000 -3.0778 -34.6601 -1.3944 -0.0001 -0.0104 0.8001 0.5998
96.7000 -2.7426 -35.6772 -1.4278 -0.0017 -0.0104 0.8016 0.5978
96.8000 -2.4551 -36.7060 -1.4400 -0.0028 -0.0094 0.8026 0.5965
96.9000 -2.2047 -37.7378 -1.4749 -0.0044 -0.0098 0.8038 0.5949
97.0000 -1.8774 -38.7781 -1.4895 -0.0041 -0.0087 0.8051 0.5931
97.1000 -1.5430 -39.8062 -1.5203 -0.0036 -0.0079 0.8063 0.5915
97.2000 -1.2183 -40.8659 -1.5354 -0.0021 -0.0076 0.8073 0.5901
97.3000 -0.8968 -41.9078 -1.5789 -0.0003 -0.0076 0.8086 0.5884
97.4000 -0.5822 -42.9461 -1.5812 0.0016 -0.0092 0.8093 0.5873
97.5000 -0.2317 -43.9824 -1.5767 0.0007 -0.0090 0.8103 0.5860
97.6000 0.0967 -45.0111 -1.5703 -0.0035 -0.0071 0.8112 0.5847
97.7000 0.4398 -46.0724 -1.6164 -0.0072 -0.0048 0.8122 0.5833
97.8000 0.7451 -47.1236 -1.6512 -0.0062 -0.0032 0.8130 0.5822
97.9000 1.1167 -48.1678 -1.6677 -0.0040 -0.0040 0.8136 0.5814
98.0000 1.4664 -49.2093 -1.6496 -0.0031 -0.0035 0.8140 0.5808
98.1000 1.8094 -50.2535 -1.6469 -0.0044 -0.0028 0.8146 0.5800
98.2000 2.1642 -51.2993 -1.6697 -0.0057 -0.0013 0.8148 0.5797
98.3000 2.5193 -52.3266 -1.6963 -0.0042 -0.0004 0.8151 0.5793
98.4000 2.8744 -53.3878 -1.6948 -0.0031 -0.0016 0.8158 0.5784
98.5000 3.2010 -54.4218 -1.6778 -0.0055 -0.0031 0.8162 0.5778
98.6000 3.5488 -55.4541 -1.6497 -0.0085 0.0006 0.8157 0.5783
98.7000 3.9143 -56.5001 -1.6867 -0.0111 0.0031 0.8154 0.5788
98.8000 4.2879 -57.5692 -1.6886 -0.0105 0.0047 0.8154 0.5788
98.9000 4.6183 -58.6363 -1.6779 -0.0112 0.0024 0.8153 0.5789
99.0000 4.9771 -59.6889 -1.6503 -0.0123 0.0037 0.8148 0.5796
99.1000 5.3365 -60.7577 -1.6373 -0.0137 0.0061 0.8140 0.5806
99.2000 5.6996 -61.8455 -1.6408 -0.0129 0.0077 0.8132 0.5818
99.3000 6.0501 -62.9366 -1.6304 -0.0118 0.0065 0.8125 0.5829
99.4000 6.3776 -63.9891 -1.5990 -0.0122 0.0053 0.8119 0.5836
99.5000 6.7394 -65.0594 -1.5700 -0.0140 0.0068 0.8112 0.5846
99.6000 7.0832 -66.1713 -1.5565 -0.0147 0.0099 0.8102 0.5859
99.7000 7.4261 -67.2772 -1.5423 -0.0142 0.0114 0.8095 0.5869
99.8000 7.7759 -68.3800 -1.5320 -0.0134 0.0094 0.8086 0.5881
99.9000 8.1382 -69.4677 -1.4956 -0.0137 0.0067 0.8079 0.5891
100.0000 8.4352 -70.5664 -1.4706 -0.0156 0.0050 0.8071 0.5901
100.1000 8.7720 -71.6481 -1.4460 -0.0168 0.0060 0.8062 0.5913
100.2000 9.1115 -72.7370 -1.4125 -0.0173 0.0086 0.8056 0.5922
100.3000 9.4410 -73.8077 -1.3753 -0.0190 0.0105 0.8050 0.5928
100.4000 9.7635 -74.8843 -1.3401 -0.0193 0.0137 0.8047 0.5932
100.5000 10.0953 -75.9901 -1.3339 -0.0174 0.0149 0.8048 0.5931
100.6000 10.4207 -77.0642 -1.3002 -0.0161 0.0112 0.8052 0.5927
100.7000 10.7492 -78.1436 -1.2466 -0.0160 0.0080 0.8063 0.5913
100.8000 11.0879 -79.2020 -1.2001 -0.0177 0.0064 0.8078 0.5892
100.9000 11.4160 -80.2777 -1.1768 -0.0193 0.0059 0.8097 0.5865
101.0000 11.7485 -81.3383 -1.1584 -0.0200 0.0044 0.8119 0.5835
101.1000 12.0857 -82.3813 -1.1213 -0.0191 0.0046 0.8143 0.5801
101.2000 12.4566 -83.4261 -1.0933 -0.0190 0.0047 0.8168 0.5765
101.3000 12.8209 -84.4579 -1.0610 -0.0179 0.0072 0.8191 0.5734
101.4000 13.2177 -85.5064 -1.0315 -0.0174 0.0078 0.8213 0.5702
101.5000 13.5843 -86.5481 -1.0019 -0.0169 0.0081 0.8237 0.5667
101.6000 13.9776 -87.5725 -0.9789 -0.0164 0.0080 0.8262 0.5631
101.7000 14.3867 -88.5578 -0.9488 -0.0162 0.0080 0.8285 0.5598
101.8000 14.7778 -89.5962 -0.9234 -0.0156 0.0082 0.8309 0.5562
101.9000 15.1961 -90.6052 -0.8976 -0.0147 0.0081 0.8333 0.5526
102.0000 15.6367 -91.6502 -0.8716 -0.0152 0.0065 0.8358 0.5488
102.1000 16.0347 -92.6327 -0.8262 -0.0173 0.0067 0.8385 0.5446
102.2000 16.4644 -93.6127 -0.8084 -0.0189 0.0079 0.8408 0.5409
102.3000 16.8841 -94.6193 -0.8030 -0.0185 0.0081 0.8434 0.5370
102.4000 17.3717 -95.6237 -0.7750 -0.0181 0.0052 0.8464 0.5322
102.5000 17.8617 -96.6066 -0.7353 -0.0189 0.0029 0.8494 0.5275
102.6000 18.3287 -97.5958 -0.6960 -0.0203 0.0032 0.8519 0.5232
102.7000 18.7886 -98.5539 -0.6791 -0.0213 0.0032 0.8548 0.5186
102.8000 19.2899 -99.5273 -0.6491 -0.0216 0.0032 0.8580 0.5133
102.9000 19.7673 -100.4819 -0.6200 -0.0216 0.0025 0.8604 0.5092
103.0000 20.2967 -101.4449 -0.5853 -0.0215 0.0023 0.8629 0.5049
103.1000 20.8052 -102.4074 -0.5645 -0.0212 0.0014 0.8658 0.5000
103.2000 21.3569 -103.2904 -0.5181 -0.0208 0.0010 0.8685 0.4953
103.3000 21.8915 -104.2261 -0.5028 -0.0216 0.0002 0.8711 0.4905
103.4000 22.4219 -105.1129 -0.4721 -0.0216 0.0007 0.8741 0.4853
103.5000 22.9958 -106.0210 -0.4420 -0.0211 0.0010 0.8768 0.4804
103.6000 23.5989 -106.8706 -0.4150 -0.0206 0.0011 0.8798 0.4749
103.7000 24.1280 -107.7185 -0.3862 -0.0199 0.0013 0.8827 0.4695
103.8000 24.7387 -108.6424 -0.3644 -0.0190 -0.0005 0.8864 0.4625
103.9000 25.3071 -109.4405 -0.3445 -0.0193 -0.0036 0.8896 0.4563
104.0000 25.9000 -110.2723 -0.3098 -0.0195 -0.0039 0.8930 0.4496
104.1000 26.6035 -111.1472 -0.2864 -0.0215 -0.0051 0.8972 0.4410
104.2000 27.1711 -111.9566 -0.2670 -0.0220 -0.0057 0.9009 0.4333
104.3000 27.5677 -112.5521 -0.2373 -0.0211 -0.0051 0.9035 0.4280
104.4000 28.0330 -113.3138 -0.2253 -0.0206 -0.0071 0.9071 0.4204
104.5000 28.7493 -114.0824 -0.2044 -0.0205 -0.0078 0.9117 0.4103
104.6000 29.4141 -114.8512 -0.1785 -0.0209 -0.0081 0.9160 0.4005
104.7000 30.0592 -115.5095 -0.1579 -0.0216 -0.0087 0.9203 0.3906
104.8000 30.7169 -116.2228 -0.1327 -0.0218 -0.0088 0.9246 0.3801
104.9000 31.3910 -116.9336 -0.1151 -0.0214 -0.0084 0.9293 0.3687
105.0000 32.1418 -117.6010 -0.0844 -0.0199 -0.0068 0.9336 0.3578
105.1000 32.9379 -118.2497 -0.0583 -0.0197 -0.0074 0.9378 0.3465
105.2000 33.7541 -118.8808 -0.0306 -0.0189 -0.0059 0.9424 0.3338
105.3000 34.4356 -119.5184 -0.0178 -0.0196 -0.0058 0.9464 0.3224
105.4000 35.1979 -120.1144 0.0016 -0.0196 -0.0066 0.9504 0.3103
105.5000 36.0437 -120.6634 0.0311 -0.0197 -0.0060 0.9544 0.2979
105.6000 36.9474 -121.2066 0.0615 -0.0220 -0.0070 0.9584 0.2846
105.7000 37.7974 -121.6604 0.0777 -0.0229 -0.0082 0.9620 0.2719
105.8000 38.5995 -122.2699 0.0940 -0.0221 -0.0085 0.9652 0.2605
105.9000 39.4086 -122.7881 0.1214 -0.0200 -0.0125 0.9684 0.2482
106.0000 40.2193 -123.2683 0.1511 -0.0184 -0.0156 0.9717 0.2349
106.1000 41.0970 -123.7025 0.1688 -0.0178 -0.0172 0.9750 0.2209
106.2000 41.9766 -124.1136 0.1944 -0.0188 -0.0178 0.9781 0.2065
106.3000 42.8700 -124.4865 0.2102 -0.0195 -0.0179 0.9810 0.1920
106.4000 43.7561 -124.8419 0.2259 -0.0190 -0.0163 0.9837 0.1780
106.5000 44.6650 -125.1813 0.2509 -0.0184 -0.0155 0.9862 0.1636
106.6000 45.5604 -125.4633 0.2707 -0.0185 -0.0166 0.9884 0.1498
106.7000 46.4558 -125.7379 0.2987 -0.0184 -0.0157 0.9905 0.1355
106.8000 47.3529 -125.9692 0.3174 -0.0183 -0.0152 0.9923 0.1216
106.9000 48.2384 -126.1796 0.3329 -0.0177 -0.0168 0.9939 0.1075
107.0000 49.1817 -126.3902 0.3567 -0.0164 -0.0175 0.9954 0.0924
107.1000 50.1060 -126.5432 0.3816 -0.0160 -0.0178 0.9967 0.0778
107.2000 50.9970 -126.6722 0.3960 -0.0149 -0.0184 0.9977 0.0633
107.3000 51.9059 -126.7746 0.4134 -0.0141 -0.0185 0.9985 0.0489
107.4000 52.8153 -126.8531 0.4296 -0.0129 -0.0178 0.9992 0.0344
107.5000 53.7207 -126.9022 0.4477 -0.0114 -0.0177 0.9996 0.0200
107.6000 54.6486 -126.9315 0.4532 -0.0100 -0.0181 0.9998 0.0056
107.7000 55.5413 -126.9385 0.4646 -0.0085 -0.0184 0.9998 -0.0085
107.8000 56.4096 -126.9081 0.4876 -0.0072 -0.0179 0.9996 -0.0218
107.9000 57.3320 -126.8680 0.4869 -0.0065 -0.0182 0.9992 -0.0348
108.0000 58.2417 -126.8029 0.4835 -0.0051 -0.0186 0.9987 -0.0469
108.1000 59.1176 -126.7247 0.4981 -0.0035 -0.0200 0.9981 -0.0586
108.2000 60.0052 -126.6126 0.5121 -0.0027 -0.0207 0.9973 -0.0703
108.3000 60.8700 -126.4872 0.5171 -0.0031 -0.0208 0.9965 -0.0813
108.4000 61.7379 -126.3528 0.5075 -0.0039 -0.0213 0.9956 -0.0915
108.5000 62.6309 -126.1917 0.4977 -0.0035 -0.0210 0.9946 -0.1017
108.6000 63.5210 -126.0187 0.5065 -0.0028 -0.0207 0.9936 -0.1111
108.7000 64.3961 -125.8392 0.5130 -0.0028 -0.0199 0.9926 -0.1194
108.8000 65.2623 -125.6469 0.5107 -0.0034 -0.0191 0.9918 -0.1262
108.9000 66.1250 -125.4372 0.5053 -0.0042 -0.0177 0.9911 -0.1316
109.0000 66.9915 -125.2253 0.4987 -0.0045 -0.0175 0.9906 -0.1358
109.1000 67.8788 -125.0000 0.5012 -0.0046 -0.0176 0.9901 -0.1394
109.2000 68.7587 -124.7784 0.5027 -0.0047 -0.0161 0.9898 -0.1416
109.3000 69.6408 -124.5375 0.4951 -0.0043 -0.0157 0.9896 -0.1431
109.4000 70.5032 -124.2907 0.4913 -0.0034 -0.0147 0.9895 -0.1435
109.5000 71.4003 -124.0632 0.5028 -0.0028 -0.0135 0.9895 -0.1438
109.6000 72.2830 -123.7998 0.5001 -0.0025 -0.0136 0.9896 -0.1435
109.7000 73.2117 -123.5401 0.5057 -0.0029 -0.0131 0.9895 -0.1436
109.8000 74.1105 -123.2925 0.4987 -0.0038 -0.0128 0.9896 -0.1433
109.9000 75.0347 -123.0285 0.4945 -0.0045 -0.0130 0.9896 -0.1429
110.0000 75.9724 -122.7694 0.4860 -0.0048 -0.0131 0.9897 -0.1423
110.1000 76.9097 -122.5144 0.4725 -0.0042 -0.0135 0.9898 -0.1417
110.2000 77.8548 -122.2528 0.4744 -0.0039 -0.0141 0.9899 -0.1411
110.3000 78.8360 -121.9855 0.4770 -0.0041 -0.0146 0.9899 -0.1409
110.4000 79.8092 -121.7144 0.4711 -0.0045 -0.0142 0.9900 -0.1404
110.5000 80.7964 -121.4472 0.4665 -0.0043 -0.0139 0.9901 -0.1399
110.6000 81.7955 -121.1592 0.4616 -0.0040 -0.0140 0.9902 -0.1392
110.7000 82.7702 -120.9122 0.4614 -0.0036 -0.0136 0.9903 -0.1385
110.8000 83.7744 -120.6366 0.4579 -0.0029 -0.0135 0.9903 -0.1381
110.9000 84.7619 -120.3705 0.4434 -0.0017 -0.0135 0.9904 -0.1377
111.0000 85.7570 -120.0873 0.4520 -0.0010 -0.0136 0.9905 -0.1372
111.1000 86.7649 -119.8107 0.4452 -0.0008 -0.0132 0.9906 -0.1364
111.2000 87.7412 -119.5666 0.4413 -0.0006 -0.0121 0.9907 -0.1359
111.3000 88.7293 -119.2889 0.4311 -0.0000 -0.0113 0.9907 -0.1353
111.4000 89.7196 -119.0241 0.4226 0.0010 -0.0104 0.9908 -0.1346
111.5000 90.7048 -118.7653 0.4181 0.0014 -0.0094 0.9909 -0.1341
111.6000 91.6886 -118.4925 0.4099 0.0019 -0.0091 0.9910 -0.1335
111.7000 92.6696 -118.2524 0.3949 0.0025 -0.0080 0.9911 -0.1330
111.8000 93.6600 -117.9836 0.3785 0.0037 -0.0081 0.9911 -0.1325
111.9000 94.6705 -117.7014 0.3724 0.0046 -0.0078 0.9912 -0.1321
112.0000 95.6375 -117.4558 0.3553 0.0048 -0.0084 0.9913 -0.1314
112.1000 96.6200 -117.2137 0.3387 0.0045 -0.0084 0.9914 -0.1309
112.2000 97.6161 -116.9561 0.3275 0.0039 -0.0084 0.9914 -0.1304
112.3000 98.5929 -116.7075 0.3034 0.0039 -0.0087 0.9915 -0.1299
112.4000 99.5909 -116.4392 0.2826 0.0036 -0.0096 0.9915 -0.1295
112.5000 100.5639 -116.1858 0.2723 0.0027 -0.0085 0.9916 -0.1291
112.6000 101.5323 -115.9666 0.2657 0.0014 -0.0087 0.9917 -0.1285
112.7000 102.5246 -115.7108 0.2445 0.0005 -0.0083 0.9917 -0.1280
112.8000 103.5094 -115.4573 0.2306 0.0004 -0.0080 0.9918 -0.1276
112.9000 104.4875 -115.2080 0.2151 0.0006 -0.0079 0.9919 -0.1271
113.0000 105.4798 -114.9688 0.2147 0.0015 -0.0081 0.9919 -0.1265
113.1000 106.4571 -114.7179 0.1938 0.0019 -0.0092 0.9920 -0.1261
113.2000 107.4371 -114.4734 0.1895 0.0018 -0.0098 0.9920 -0.1255
113.3000 108.4150 -114.2444 0.1710 0.0016 -0.0099 0.9921 -0.1250
113.4000 109.3954 -113.9938 0.1569 0.0017 -0.0108 0.9921 -0.1247
113.5000 110.3658 -113.7547 0.1451 0.0015 -0.0113 0.9921 -0.1247
113.6000 111.3577 -113.4951 0.1380 0.0005 -0.0112 0.9921 -0.1253
113.7000 112.3244 -113.2589 0.1212 -0.0004 -0.0119 0.9919 -0.1262
113.8000 113.2970 -113.0127 0.1136 -0.0005 -0.0120 0.9918 -0.1275
113.9000 114.2778 -112.7668 0.1213 -0.0008 -0.0118 0.9916 -0.1291
114.0000 115.2146 -112.5023 0.1042 0.0001 -0.0125 0.9913 -0.1313
114.1000 116.1961 -112.2303 0.0897 0.0012 -0.0136 0.9909 -0.1337
114.2000 117.1695 -111.9702 0.0906 0.0018 -0.0133 0.9906 -0.1364
114.3000 118.1483 -111.6887 0.0816 0.0024 -0.0144 0.9901 -0.1394
114.4000 119.0967 -111.4148 0.0640 0.0025 -0.0150 0.9896 -0.1428
114.5000 120.0511 -111.1284 0.0528 0.0028 -0.0149 0.9890 -0.1469
114.6000 121.0113 -110.8494 0.0433 0.0030 -0.0151 0.9884 -0.1514
114.7000 121.9715 -110.5419 0.0474 0.0032 -0.0150 0.9876 -0.1564
114.8000 122.9029 -110.2318 0.0244 0.0037 -0.0156 0.9866 -0.1624
114.9000 123.8637 -109.8962 0.0146 0.0035 -0.0160 0.9854 -0.1696
115.0000 124.7973 -109.5578 0.0094 0.0036 -0.0157 0.9840 -0.1775
115.1000 125.7274 -109.1899 -0.0069 0.0037 -0.0154 0.9824 -0.1862
115.2000 126.6378 -108.8126 -0.0247 0.0038 -0.0151 0.9806 -0.1954
115.3000 127.5590 -108.4244 -0.0221 0.0031 -0.0138 0.9786 -0.2053
115.4000 128.4662 -108.0194 -0.0330 0.0024 -0.0131 0.9765 -0.2152
115.5000 129.3528 -107.5985 -0.0473 0.0029 -0.0133 0.9741 -0.2258
115.6000 130.2407 -107.1534 -0.0606 0.0035 -0.0133 0.9715 -0.2365
115.7000 131.0916 -106.6871 -0.0688 0.0041 -0.0122 0.9688 -0.2476
115.8000 131.9679 -106.1944 -0.0785 0.0043 -0.0123 0.9658 -0.2588
115.9000 132.8025 -105.7008 -0.0884 0.0044 -0.0135 0.9627 -0.2702
116.0000 133.6222 -105.1761 -0.1067 0.0044 -0.0138 0.9593 -0.2819
116.1000 134.4642 -104.6363 -0.1158 0.0049 -0.0134 0.9557 -0.2941
116.2000 135.2462 -104.0809 -0.1297 0.0065 -0.0146 0.9517 -0.3065
116.3000 136.0484 -103.4996 -0.1356 0.0073 -0.0157 0.9476 -0.3191
116.4000 136.8237 -102.9234 -0.1355 0.0063 -0.0156 0.9431 -0.3319
116.5000 137.5773 -102.2998 -0.1500 0.0054 -0.0159 0.9387 -0.3444
116.6000 138.3028 -101.6815 -0.1625 0.0046 -0.0148 0.9340 -0.3569
116.7000 139.0217 -101.0159 -0.1576 0.0033 -0.0130 0.9292 -0.3694
116.8000 139.7077 -100.3463 -0.1759 0.0027 -0.0130 0.9242 -0.3816
116.9000 140.3894 -99.6392 -0.1917 0.0037 -0.0122 0.9188 -0.3945
117.0000 141.0248 -98.9322 -0.2092 0.0055 -0.0102 0.9131 -0.4075
117.1000 141.6522 -98.1725 -0.2265 0.0071 -0.0099 0.9071 -0.4208
117.2000 142.2628 -97.4329 -0.2273 0.0076 -0.0097 0.9007 -0.4343
117.3000 142.8447 -96.6783 -0.2306 0.0076 -0.0108 0.8943 -0.4473
117.4000 143.4165 -95.8890 -0.2624 0.0083 -0.0127 0.8876 -0.4604
117.5000 143.9683 -95.0763 -0.2627 0.0091 -0.0138 0.8806 -0.4736
117.6000 144.5151 -94.2679 -0.2822 0.0097 -0.0155 0.8734 -0.4867
117.7000 145.0329 -93.4209 -0.2980 0.0109 -0.0176 0.8661 -0.4995
117.8000 145.5336 -92.5853 -0.3181 0.0126 -0.0181 0.8586 -0.5121
117.9000 145.9989 -91.6634 -0.3241 0.0134 -0.0191 0.8509 -0.5249
118.0000 146.4681 -90.7889 -0.3270 0.0137 -0.0195 0.8434 -0.5367
118.1000 146.8775 -89.8745 -0.3466 0.0131 -0.0206 0.8362 -0.5479
118.2000 147.2908 -88.9534 -0.3508 0.0115 -0.0218 0.8293 -0.5582
118.3000 147.6745 -88.0207 -0.3740 0.0106 -0.0226 0.8229 -0.5676
118.4000 148.0562 -87.0538 -0.3968 0.0120 -0.0221 0.8167 -0.5765
118.5000 148.4076 -86.0674 -0.4023 0.0149 -0.0204 0.8105 -0.5852
118.6000 148.7629 -85.0656 -0.3835 0.0164 -0.0202 0.8046 -0.5933
118.7000 149.0621 -84.0414 -0.3920 0.0154 -0.0209 0.7982 -0.6018
118.8000 149.3567 -83.0311 -0.4128 0.0138 -0.0218 0.7920 -0.6100
118.9000 149.6325 -82.0182 -0.4357 0.0134 -0.0208 0.7859 -0.6178
119.0000 149.8765 -80.9676 -0.4486 0.0134 -0.0194 0.7802 -0.6251
119.1000 150.1057 -79.9017 -0.4551 0.0138 -0.0182 0.7745 -0.6321
119.2000 150.3285 -78.8427 -0.4553 0.0129 -0.0177 0.7688 -0.6391
119.3000 150.5316 -77.7647 -0.4623 0.0123 -0.0182 0.7628 -0.6463
119.4000 150.7141 -76.6834 -0.4867 0.0116 -0.0186 0.7569 -0.6531
119.5000 150.8778 -75.5960 -0.4880 0.0108 -0.0181 0.7509 -0.6601
119.6000 151.0261 -74.4887 -0.4950 0.0108 -0.0181 0.7447 -0.6671
119.7000 151.1393 -73.3745 -0.5063 0.0109 -0.0182 0.7384 -0.6740
119.8000 151.2379 -72.2548 -0.5093 0.0110 -0.0182 0.7319 -0.6811
119.9000 151.3476 -71.1410 -0.5129 0.0111 -0.0182 0.7255 -0.6878
120.0000 151.3897 -70.0039 -0.5307 0.0122 -0.0184 0.7187 -0.6950
120.1000 151.4593 -68.8395 -0.5311 0.0129 -0.0181 0.7118 -0.7020
120.2000 151.4824 -67.7075 -0.5302 -0.0130 0.0183 -0.7053 0.7086
120.3000 151.4587 -66.5675 -0.5468 -0.0128 0.0183 -0.6982 0.7155
120.4000 151.4645 -65.4238 -0.5676 -0.0128 0.0172 -0.6915 0.7221
120.5000 151.3941 -64.2983 -0.5428 -0.0132 0.0179 -0.6847 0.7285
120.6000 151.3312 -63.1454 -0.5566 -0.0122 0.0170 -0.6778 0.7350
120.7000 151.2601 -62.0138 -0.5802 -0.0127 0.0171 -0.6714 0.7408
120.8000 151.1532 -60.8585 -0.5774 -0.0149 0.0176 -0.6650 0.7465
120.9000 151.0561 -59.7062 -0.5634 -0.0148 0.0179 -0.6588 0.7520
121.0000 150.8917 -58.5545 -0.5622 -0.0146 0.0190 -0.6528 0.7572
121.1000 150.7334 -57.4272 -0.5660 -0.0139 0.0195 -0.6471 0.7620
121.2000 150.5548 -56.2843 -0.5789 -0.0138 0.0195 -0.6413 0.7669
121.3000 150.3570 -55.1636 -0.5983 -0.0137 0.0178 -0.6362 0.7712
121.4000 150.1245 -54.0166 -0.5971 -0.0158 0.0157 -0.6308 0.7756
121.5000 149.9142 -52.8820 -0.5774 -0.0164 0.0147 -0.6264 0.7792
121.6000 149.6820 -51.7420 -0.5628 -0.0156 0.0159 -0.6224 0.7824
121.7000 149.4360 -50.6084 -0.5832 -0.0139 0.0171 -0.6187 0.7853
121.8000 149.1808 -49.4898 -0.6158 -0.0135 0.0167 -0.6161 0.7874
121.9000 148.9144 -48.3413 -0.6207 -0.0141 0.0152 -0.6136 0.7893
122.0000 148.6380 -47.2151 -0.6138 -0.0146 0.0151 -0.6117 0.7908
122.1000 148.3635 -46.0832 -0.6208 -0.0149 0.0153 -0.6101 0.7921
122.2000 148.1182 -44.9518 -0.6381 -0.0162 0.0155 -0.6084 0.7933
122.3000 147.8321 -43.8335 -0.6414 -0.0177 0.0159 -0.6076 0.7939
122.4000 147.5378 -42.7176 -0.6387 -0.0185 0.0162 -0.6068 0.7945
122.5000 147.2545 -41.5911 -0.6443 -0.0190 0.0169 -0.6061 0.7950
122.6000 146.9598 -40.4715 -0.6462 -0.0188 0.0178 -0.6056 0.7953
122.7000 146.6759 -39.3570 -0.6423 -0.0180 0.0189 -0.6051 0.7957
122.8000 146.3697 -38.2616 -0.6553 -0.0167 0.0201 -0.6047 0.7960
122.9000 146.0866 -37.1173 -0.6587 -0.0155 0.0203 -0.6041 0.7965
123.0000 145.7925 -36.0422 -0.6582 -0.0152 0.0203 -0.6036 0.7969
123.1000 145.4875 -34.9233 -0.6572 -0.0142 0.0195 -0.6033 0.7972
123.2000 145.1903 -33.8316 -0.6611 -0.0144 0.0190 -0.6030 0.7974
123.3000 144.8810 -32.7138 -0.6575 -0.0142 0.0174 -0.6025 0.7978
123.4000 144.5850 -31.6150 -0.6467 -0.0138 0.0168 -0.6022 0.7980
123.5000 144.2632 -30.5244 -0.6465 -0.0132 0.0172 -0.6022 0.7981
123.6000 143.9577 -29.4261 -0.6553 -0.0126 0.0171 -0.6016 0.7985
123.7000 143.6691 -28.3208 -0.6595 -0.0123 0.0164 -0.6013 0.7987
123.8000 143.3723 -27.2312 -0.6472 -0.0124 0.0161 -0.6011 0.7989
123.9000 143.0625 -26.1549 -0.6471 -0.0126 0.0169 -0.6010 0.7990
124.0000 142.7520 -25.0676 -0.6491 -0.0127 0.0177 -0.6008 0.7991
124.1000 142.4607 -23.9739 -0.6474 -0.0130 0.0182 -0.6005 0.7993
124.2000 142.1634 -22.8982 -0.6443 -0.0123 0.0179 -0.6000 0.7997
124.3000 141.8612 -21.8256 -0.6273 -0.0114 0.0184 -0.5999 0.7997
124.4000 141.5571 -20.7451 -0.6163 -0.0085 0.0181 -0.5997 0.8000
124.5000 141.2127 -19.6618 -0.6146 -0.0056 0.0179 -0.5992 0.8004
124.6000 140.9247 -18.6102 -0.6039 -0.0033 0.0174 -0.5990 0.8005
124.7000 140.5898 -17.5368 -0.5898 -0.0017 0.0179 -0.5988 0.8007
124.8000 140.3128 -16.4899 -0.5686 0.0002 0.0186 -0.5991 0.8005
124.9000 140.0107 -15.4225 -0.5625 0.0001 0.0204 -0.5990 0.8005
125.0000 139.7282 -14.3757 -0.5465 -0.0005 0.0218 -0.5990 0.8004
125.1000 139.4416 -13.3179 -0.5323 -0.0007 0.0208 -0.5987 0.8007
125.2000 139.1260 -12.2557 -0.5097 -0.0027 0.0195 -0.5990 0.8005
125.3000 138.8397 -11.2264 -0.4858 -0.0042 0.0182 -0.5986 0.8009
125.4000 138.5479 -10.1735 -0.4490 -0.0042 0.0176 -0.5988 0.8007
125.5000 138.2512 -9.1400 -0.4261 -0.0038 0.0184 -0.5987 0.8007
125.6000 137.9658 -8.1198 -0.4004 -0.0024 0.0196 -0.5987 0.8007
125.7000 137.6703 -7.1080 -0.4002 -0.0022 0.0211 -0.5987 0.8007
125.8000 137.3787 -6.1035 -0.3883 -0.0018 0.0215 -0.5986 0.8007
125.9000 137.1001 -5.1091 -0.3706 -0.0021 0.0212 -0.5986 0.8007
126.0000 136.8291 -4.1156 -0.3370 -0.0016 0.0209 -0.5984 0.8009
126.1000 136.5385 -3.1220 -0.3131 -0.0010 0.0206 -0.5984 0.8009
126.2000 136.2778 -2.1569 -0.2914 -0.0001 0.0205 -0.5985 0.8008
126.3000 135.9868 -1.2036 -0.2764 -0.0003 0.0208 -0.5984 0.8009
126.4000 135.7020 -0.2258 -0.2621 -0.0003 0.0209 -0.5982 0.8011
126.5000 135.4433 0.7050 -0.2495 -0.0002 0.0207 -0.5982 0.8011
126.6000 135.1724 1.6373 -0.2299 -0.0004 0.0204 -0.5984 0.8010
126.7000 134.9124 2.5663 -0.2049 -0.0003 0.0196 -0.5981 0.8012
126.8000 134.6471 3.4673 -0.1922 -0.0016 0.0190 -0.5980 0.8013
126.9000 134.3920 4.3649 -0.1665 -0.0030 0.0185 -0.5975 0.8016
127.0000 134.1396 5.2399 -0.1448 -0.0037 0.0180 -0.5972 0.8019
127.1000 133.9028 6.1294 -0.1184 -0.0042 0.0179 -0.5968 0.8022
127.2000 133.6288 6.9763 -0.1001 -0.0046 0.0185 -0.5954 0.8032
127.3000 133.3941 7.8020 -0.0918 -0.0056 0.0194 -0.5938 0.8044
127.4000 133.1581 8.6253 -0.0702 -0.0058 0.0199 -0.5921 0.8056
127.5000 132.9144 9.4307 -0.0606 -0.0060 0.0200 -0.5898 0.8072
127.6000 132.6641 10.2172 -0.0447 -0.0062 0.0202 -0.5875 0.8089
127.7000 132.4164 10.9820 -0.0313 -0.0065 0.0207 -0.5845 0.8111
127.8000 132.1535 11.7344 -0.0051 -0.0070 0.0213 -0.5810 0.8136
127.9000 131.8991 12.4694 0.0057 -0.0078 0.0219 -0.5771 0.8163
128.0000 131.6529 13.2048 0.0218 -0.0086 0.0224 -0.5726 0.8195
128.1000 131.3817 13.9090 0.0402 -0.0084 0.0226 -0.5677 0.8229
128.2000 131.1134 14.6022 0.0539 -0.0088 0.0229 -0.5622 0.8266
128.3000 130.8520 15.2785 0.0746 -0.0088 0.0230 -0.5560 0.8308
128.4000 130.5648 15.9332 0.0838 -0.0087 0.0233 -0.5495 0.8351
128.5000 130.2817 16.5718 0.0993 -0.0090 0.0236 -0.5423 0.8398
128.6000 129.9927 17.1774 0.1182 -0.0098 0.0250 -0.5341 0.8450
128.7000 129.6828 17.7998 0.1185 -0.0098 0.0243 -0.5249 0.8507
128.8000 129.3736 18.3893 0.1429 -0.0100 0.0235 -0.5149 0.8569
128.9000 129.0536 18.9574 0.1643 -0.0104 0.0233 -0.5033 0.8637
129.0000 128.7132 19.4944 0.1698 -0.0113 0.0233 -0.4911 0.8707
129.1000 128.3740 20.0229 0.1854 -0.0121 0.0223 -0.4778 0.8781
129.2000 128.0161 20.5528 0.2078 -0.0126 0.0219 -0.4639 0.8855
129.3000 127.6333 21.0311 0.2204 -0.0138 0.0222 -0.4482 0.8936
129.4000 127.2409 21.5061 0.2250 -0.0146 0.0219 -0.4317 0.9016
129.5000 126.8271 21.9833 0.2319 -0.0147 0.0202 -0.4143 0.9098
129.6000 126.4051 22.4202 0.2545 -0.0132 0.0188 -0.3963 0.9178
129.7000 125.9691 22.8528 0.2542 -0.0125 0.0185 -0.3777 0.9257
129.8000 125.5212 23.2254 0.2486 -0.0128 0.0169 -0.3582 0.9334
129.9000 125.0926 23.6138 0.2497 -0.0147 0.0154 -0.3386 0.9407
130.0000 124.6016 23.9915 0.2848 -0.0159 0.0146 -0.3191 0.9475
130.1000 124.1172 24.3159 0.2819 -0.0157 0.0127 -0.2993 0.9540
130.2000 123.6401 24.6566 0.3051 -0.0135 0.0105 -0.2787 0.9602
130.3000 123.1128 24.9144 0.3141 -0.0123 0.0109 -0.2582 0.9660
130.4000 122.5943 25.1801 0.2981 -0.0119 0.0119 -0.2369 0.9714
130.5000 122.0746 25.4344 0.2802 -0.0141 0.0118 -0.2157 0.9763
130.6000 121.5198 25.6646 0.2986 -0.0155 0.0111 -0.1940 0.9808
130.7000 120.9804 25.8941 0.3023 -0.0148 0.0092 -0.1736 0.9847
130.8000 120.3892 26.0591 0.3048 -0.0128 0.0074 -0.1533 0.9881
130.9000 119.8037 26.2043 0.3016 -0.0117 0.0064 -0.1328 0.9911
131.0000 119.2277 26.3558 0.3139 -0.0117 0.0064 -0.1135 0.9935
131.1000 118.6281 26.4679 0.3060 -0.0124 0.0073 -0.0947 0.9954
131.2000 118.0225 26.5756 0.3034 -0.0135 0.0074 -0.0763 0.9970
131.3000 117.3894 26.6504 0.3082 -0.0140 0.0067 -0.0588 0.9982
131.4000 116.7480 26.7060 0.3015 -0.0150 0.0078 -0.0407 0.9990
131.5000 116.1246 26.7533 0.3116 -0.0153 0.0076 -0.0230 0.9996
131.6000 115.4768 26.7551 0.2997 -0.0143 0.0064 -0.0058 0.9999
131.7000 114.8393 26.7375 0.2725 -0.0165 0.0057 0.0114 0.9998
131.8000 114.1691 26.7264 0.3096 -0.0168 0.0045 0.0276 0.9995
131.9000 113.5033 26.6655 0.2920 -0.0157 0.0029 0.0434 0.9989
132.0000 112.8492 26.5996 0.3025 -0.0142 0.0008 0.0586 0.9982
132.1000 112.1879 26.5251 0.3159 -0.0126 0.0007 0.0722 0.9973
132.2000 111.5410 26.4099 0.3102 -0.0124 0.0018 0.0849 0.9963
132.3000 110.8868 26.2970 0.2960 -0.0121 0.0025 0.0964 0.9953
132.4000 110.2226 26.1632 0.2948 -0.0117 0.0029 0.1071 0.9942
132.5000 109.5677 26.0007 0.2873 -0.0104 0.0031 0.1167 0.9931
132.6000 108.8942 25.8883 0.2732 -0.0102 0.0028 0.1250 0.9921
132.7000 108.2346 25.7103 0.2815 -0.0101 0.0029 0.1316 0.9912
132.8000 107.5644 25.5371 0.2793 -0.0102 0.0033 0.1374 0.9905
132.9000 106.9439 25.3509 0.2735 -0.0105 0.0039 0.1422 0.9898
133.0000 106.2719 25.1739 0.2697 -0.0107 0.0044 0.1455 0.9893
133.1000 105.6102 24.9888 0.2720 -0.0107 0.0045 0.1485 0.9888
133.2000 104.9741 24.8081 0.2750 -0.0108 0.0047 0.1514 0.9884
133.3000 104.3210 24.6121 0.2720 -0.0115 0.0050 0.1535 0.9881
133.4000 103.6566 24.4021 0.2766 -0.0116 0.0051 0.1555 0.9878
133.5000 103.0112 24.1984 0.2783 -0.0123 0.0052 0.1577 0.9874
133.6000 102.3729 23.9876 0.2801 -0.0127 0.0055 0.1600 0.9870
133.7000 101.7143 23.7794 0.2870 -0.0130 0.0063 0.1622 0.9867
133.8000 101.0719 23.5815 0.2830 -0.0135 0.0066 0.1644 0.9863
133.9000 100.4263 23.3766 0.2886 -0.0145 0.0070 0.1663 0.9859
134.0000 99.7763 23.1719 0.2938 -0.0146 0.0072 0.1675 0.9857
134.1000 99.1402 22.9542 0.2958 -0.0143 0.0074 0.1680 0.9857
134.2000 98.4984 22.7338 0.3021 -0.0152 0.0072 0.1683 0.9856
134.3000 97.8529 22.5220 0.3065 -0.0160 0.0074 0.1685 0.9855
134.4000 97.2081 22.3112 0.3128 -0.0172 0.0078 0.1683 0.9856
134.5000 96.5717 22.0948 0.3186 -0.0178 0.0081 0.1684 0.9855
134.6000 95.9186 21.8873 0.3217 -0.0181 0.0080 0.1680 0.9856
134.7000 95.2917 21.6819 0.3378 -0.0182 0.0079 0.1674 0.9857
134.8000 94.6361 21.4633 0.3404 -0.0185 0.0080 0.1672 0.9857
134.9000 93.9996 21.2442 0.3434 -0.0183 0.0074 0.1666 0.9858
135.0000 93.3629 21.0404 0.3619 -0.0182 0.0073 0.1659 0.9860
135.1000 92.7212 20.8361 0.3690 -0.0181 0.0076 0.1656 0.9860
135.2000 92.0791 20.6196 0.3659 -0.0172 0.0074 0.1649 0.9861
135.3000 91.4483 20.4131 0.3742 -0.0171 0.0073 0.1641 0.9863
135.4000 90.8102 20.2037 0.4447 -0.0172 0.0093 0.1634 0.9864
135.5000 90.1763 20.0014 0.3826 -0.0178 0.0106 0.1628 0.9864
135.6000 89.5343 19.7921 0.3751 -0.0174 0.0078 0.1618 0.9866
135.7000 88.8699 19.6102 0.3813 -0.0171 0.0062 0.1612 0.9868
135.8000 88.2312 19.4067 0.3912 -0.0177 0.0060 0.1606 0.9868
135.9000 87.5870 19.2001 0.4009 -0.0179 0.0033 0.1599 0.9870
136.0000 86.9665 19.0043 0.4399 -0.0189 0.0040 0.1590 0.9871
136.1000 86.3357 18.8202 0.4328 -0.0188 0.0059 0.1584 0.9872
136.2000 85.7039 18.6163 0.4170 -0.0194 0.0062 0.1578 0.9873
136.3000 85.0687 18.4112 0.4175 -0.0194 0.0062 0.1570 0.9874
136.4000 84.4334 18.2225 0.4228 -0.0192 0.0056 0.1566 0.9875
136.5000 83.8011 18.0212 0.4358 -0.0195 0.0053 0.1559 0.9876
136.6000 83.1764 17.8320 0.4386 -0.0196 0.0056 0.1550 0.9877
136.7000 82.5068 17.6330 0.4434 -0.0200 0.0061 0.1543 0.9878
136.8000 81.8903 17.4381 0.4497 -0.0201 0.0064 0.1537 0.9879
136.9000 81.2257 17.2404 0.4580 -0.0202 0.0073 0.1529 0.9880
137.0000 80.5797 17.0377 0.4681 -0.0202 0.0087 0.1524 0.9881
137.1000 79.9028 16.8402 0.4716 -0.0192 0.0101 0.1518 0.9882
137.2000 79.2411 16.6361 0.4839 -0.0187 0.0116 0.1512 0.9883
137.3000 78.5500 16.4161 0.4794 -0.0185 0.0128 0.1506 0.9883
137.4000 77.8429 16.2118 0.4827 -0.0181 0.0132 0.1501 0.9884
137.5000 77.1213 15.9870 0.4938 -0.0166 0.0132 0.1494 0.9885
137.6000 76.3944 15.7705 0.5033 -0.0150 0.0131 0.1487 0.9887
137.7000 75.6458 15.5469 0.5050 -0.0143 0.0126 0.1481 0.9888
137.8000 74.8748 15.3198 0.5128 -0.0146 0.0115 0.1475 0.9889
137.9000 74.0926 15.0966 0.5265 -0.0144 0.0108 0.1469 0.9890
138.0000 73.3136 14.8708 0.5340 -0.0142 0.0103 0.1463 0.9891
138.1000 72.5282 14.6401 0.5501 -0.0137 0.0105 0.1456 0.9892
138.2000 71.6916 14.3945 0.5406 -0.0135 0.0103 0.1449 0.9893
138.3000 70.8820 14.1637 0.5503 -0.0132 0.0095 0.1444 0.9894
138.4000 70.0395 13.9228 0.5471 -0.0131 0.0088 0.1439 0.9895
138.5000 69.1764 13.6815 0.5644 -0.0132 0.0078 0.1433 0.9896
138.6000 68.3041 13.4352 0.5603 -0.0134 0.0079 0.1424 0.9897
138.7000 67.4263 13.1885 0.5639 -0.0142 0.0072 0.1415 0.9898
138.8000 66.5145 12.9537 0.5564 -0.0156 0.0068 0.1409 0.9899
138.9000 65.6069 12.7055 0.5498 -0.0162 0.0060 0.1400 0.9900
139.0000 64.6858 12.4552 0.5470 -0.0170 0.0051 0.1392 0.9901
139.1000 63.7472 12.2066 0.5532 -0.0168 0.0045 0.1382 0.9903
139.2000 62.8008 11.9462 0.5514 -0.0158 0.0045 0.1372 0.9904
139.3000 61.8430 11.6815 0.5539 -0.0152 0.0053 0.1363 0.9905
139.4000 60.8750 11.4210 0.5446 -0.0139 0.0056 0.1353 0.9907
139.5000 59.8768 11.1539 0.5371 -0.0133 0.0054 0.1342 0.9908
139.6000 58.8919 10.8963 0.5241 -0.0131 0.0049 0.1332 0.9910
139.7000 57.8892 10.6329 0.5150 -0.0137 0.0035 0.1321 0.9911
139.8000 56.8435 10.3701 0.5038 -0.0142 0.0015 0.1312 0.9913
139.9000 55.8044 10.1070 0.4897 -0.0142 -0.0023 0.1302 0.9914
140.0000 54.7628 9.8320 0.4814 -0.0137 -0.0059 0.1295 0.9915
140.1000 53.7551 9.5869 0.4728 -0.0123 -0.0081 0.1292 0.9915
140.2000 52.6922 9.3179 0.4658 -0.0116 -0.0082 0.1288 0.9916
140.3000 51.6511 9.0497 0.4294 -0.0117 -0.0084 0.1281 0.9917
140.4000 50.6133 8.7820 0.4011 -0.0116 -0.0089 0.1275 0.9917
140.5000 49.5569 8.5236 0.3728 -0.0117 -0.0098 0.1270 0.9918
140.6000 48.5154 8.2670 0.3442 -0.0121 -0.0109 0.1264 0.9918
140.7000 47.4736 8.0119 0.3144 -0.0118 -0.0111 0.1261 0.9919
140.8000 46.4123 7.7488 0.2705 -0.0128 -0.0126 0.1255 0.9919
140.9000 45.3463 7.4923 0.2328 -0.0132 -0.0149 0.1247 0.9920
141.0000 44.2717 7.2430 0.1994 -0.0136 -0.0170 0.1239 0.9921
141.1000 43.2064 6.9941 0.1641 -0.0145 -0.0182 0.1231 0.9921
141.2000 42.1390 6.7257 0.1209 -0.0151 -0.0188 0.1226 0.9922
141.3000 41.0720 6.4754 0.0663 -0.0162 -0.0195 0.1217 0.9922
141.4000 39.9665 6.2263 0.0220 -0.0168 -0.0201 0.1207 0.9923
141.5000 38.9174 5.9830 -0.0209 -0.0166 -0.0197 0.1193 0.9925
141.6000 37.8180 5.7273 -0.0646 -0.0168 -0.0184 0.1183 0.9927
141.7000 36.7829 5.4926 -0.1161 -0.0175 -0.0165 0.1172 0.9928
141.8000 35.6996 5.2421 -0.1701 -0.0173 -0.0152 0.1163 0.9929
141.9000 34.5958 5.0101 -0.2202 -0.0178 -0.0152 0.1154 0.9930
142.0000 33.5168 4.7721 -0.2517 -0.0193 -0.0156 0.1144 0.9931
142.1000 32.4765 4.5426 -0.2795 -0.0205 -0.0147 0.1132 0.9932
142.2000 31.4218 4.3158 -0.3089 -0.0204 -0.0123 0.1123 0.9934
142.3000 30.4028 4.0886 -0.3594 -0.0214 -0.0104 0.1115 0.9935
142.4000 29.3600 3.8791 -0.3965 -0.0213 -0.0103 0.1105 0.9936
142.5000 28.2979 3.6585 -0.4211 -0.0204 -0.0103 0.1093 0.9937
142.6000 27.2909 3.4558 -0.4506 -0.0200 -0.0102 0.1081 0.9939
142.7000 26.2743 3.2424 -0.4757 -0.0199 -0.0099 0.1073 0.9940
142.8000 25.2675 3.0296 -0.4956 -0.0201 -0.0097 0.1063 0.9941
142.9000 24.2685 2.8372 -0.5242 -0.0196 -0.0102 0.1057 0.9941
143.0000 23.2662 2.6311 -0.5659 -0.0195 -0.0114 0.1049 0.9942
143.1000 22.2686 2.4349 -0.5821 -0.0193 -0.0132 0.1047 0.9942
143.2000 21.3145 2.2346 -0.6131 -0.0189 -0.0155 0.1043 0.9943
143.3000 20.3328 2.0380 -0.6536 -0.0187 -0.0180 0.1039 0.9942
143.4000 19.3882 1.8505 -0.6857 -0.0188 -0.0208 0.1037 0.9942
143.5000 18.4595 1.6623 -0.7082 -0.0188 -0.0224 0.1037 0.9942
143.6000 17.5342 1.4880 -0.7426 -0.0185 -0.0229 0.1033 0.9942
143.7000 16.6302 1.3147 -0.7771 -0.0186 -0.0220 0.1034 0.9942
143.8000 15.7250 1.1230 -0.8247 -0.0184 -0.0215 0.1036 0.9942
143.9000 14.8321 0.9460 -0.8816 -0.0184 -0.0223 0.1039 0.9942
144.0000 13.9550 0.7892 -0.9246 -0.0190 -0.0234 0.1042 0.9941
144.1000 13.0823 0.6044 -0.9486 -0.0194 -0.0236 0.1047 0.9940
144.2000 12.2538 0.4308 -0.9752 -0.0199 -0.0224 0.1057 0.9939
144.3000 11.4314 0.2506 -1.0235 -0.0209 -0.0208 0.1071 0.9938
144.4000 10.6120 0.0792 -1.0647 -0.0223 -0.0198 0.1090 0.9936
144.5000 9.8228 -0.0914 -1.0929 -0.0226 -0.0190 0.1119 0.9933
144.6000 9.0620 -0.2783 -1.1223 -0.0222 -0.0180 0.1159 0.9928
144.7000 8.2865 -0.4720 -1.1570 -0.0232 -0.0166 0.1208 0.9923
144.8000 7.5454 -0.6663 -1.1907 -0.0245 -0.0158 0.1275 0.9914
144.9000 6.7985 -0.8606 -1.2221 -0.0254 -0.0162 0.1354 0.9903
145.0000 6.0706 -1.0672 -1.2443 -0.0257 -0.0167 0.1456 0.9889
145.1000 5.3557 -1.2973 -1.2549 -0.0260 -0.0162 0.1566 0.9872
145.2000 4.6717 -1.5288 -1.2698 -0.0253 -0.0147 0.1688 0.9852
145.3000 4.0314 -1.7978 -1.2919 -0.0264 -0.0134 0.1824 0.9828
145.4000 3.3705 -2.0546 -1.3130 -0.0261 -0.0125 0.1962 0.9801
145.5000 2.7199 -2.3385 -1.3201 -0.0253 -0.0112 0.2105 0.9772
145.6000 2.1293 -2.6482 -1.3438 -0.0243 -0.0103 0.2256 0.9739
145.7000 1.5197 -2.9797 -1.3594 -0.0237 -0.0105 0.2414 0.9701
145.8000 0.9290 -3.3173 -1.3767 -0.0210 -0.0112 0.2574 0.9660
145.9000 0.3373 -3.6788 -1.3963 -0.0189 -0.0122 0.2740 0.9615
146.0000 -0.1714 -4.0532 -1.3994 -0.0163 -0.0128 0.2912 0.9564
146.1000 -0.6805 -4.4352 -1.3951 -0.0150 -0.0125 0.3088 0.9509
146.2000 -1.2136 -4.8426 -1.4028 -0.0145 -0.0112 0.3265 0.9450
146.3000 -1.6593 -5.2490 -1.4373 -0.0138 -0.0108 0.3447 0.9386
146.4000 -2.1238 -5.6703 -1.4422 -0.0114 -0.0106 0.3626 0.9318
146.5000 -2.5666 -6.1137 -1.4525 -0.0093 -0.0105 0.3800 0.9249
146.6000 -2.9665 -6.5836 -1.4725 -0.0082 -0.0102 0.3975 0.9175
146.7000 -3.3530 -7.0391 -1.4858 -0.0077 -0.0108 0.4149 0.9098
146.8000 -3.7308 -7.5119 -1.4924 -0.0072 -0.0109 0.4319 0.9018
146.9000 -4.0848 -7.9798 -1.4947 -0.0070 -0.0105 0.4482 0.8938
147.0000 -4.4249 -8.4787 -1.5035 -0.0054 -0.0093 0.4649 0.8853
147.1000 -4.7406 -8.9896 -1.5278 -0.0033 -0.0089 0.4813 0.8765
147.2000 -5.0364 -9.5184 -1.5503 -0.0015 -0.0088 0.4975 0.8674
147.3000 -5.3007 -10.0554 -1.5854 -0.0016 -0.0098 0.5138 0.8579
147.4000 -5.5871 -10.6067 -1.5809 -0.0018 -0.0111 0.5297 0.8481
147.5000 -5.8225 -11.1516 -1.5724 -0.0013 -0.0107 0.5456 0.8379
147.6000 -6.0282 -11.7170 -1.5970 -0.0013 -0.0091 0.5615 0.8274
147.7000 -6.2352 -12.2761 -1.6112 -0.0015 -0.0075 0.5769 0.8168
147.8000 -6.3831 -12.8580 -1.6496 -0.0038 -0.0077 0.5925 0.8055
147.9000 -6.5759 -13.4284 -1.6864 -0.0067 -0.0109 0.6072 0.7944
148.0000 -6.7404 -14.0431 -1.6751 -0.0074 -0.0124 0.6222 0.7827
148.1000 -6.8223 -14.6223 -1.6700 -0.0065 -0.0102 0.6366 0.7711
148.2000 -6.9039 -15.2484 -1.7010 -0.0066 -0.0087 0.6504 0.7595
148.3000 -6.9841 -15.8556 -1.7088 -0.0069 -0.0098 0.6637 0.7479
148.4000 -7.0915 -16.4617 -1.7168 -0.0079 -0.0113 0.6770 0.7359
148.5000 -7.1105 -17.0941 -1.7451 -0.0079 -0.0135 0.6895 0.7241
148.6000 -7.1449 -17.7247 -1.7682 -0.0048 -0.0143 0.7006 0.7134
148.7000 -7.1359 -18.3711 -1.7620 -0.0021 -0.0146 0.7111 0.7029
148.8000 -7.1073 -18.9866 -1.7602 -0.0015 -0.0142 0.7209 0.6929
148.9000 -7.0806 -19.6119 -1.7629 -0.0023 -0.0138 0.7304 0.6829
149.0000 -7.0377 -20.2541 -1.7937 -0.0035 -0.0139 0.7397 0.6728
149.1000 -6.9651 -20.8786 -1.8046 -0.0034 -0.0134 0.7477 0.6639
149.2000 -6.8706 -21.5188 -1.8229 -0.0033 -0.0126 0.7549 0.6557
149.3000 -6.8117 -22.1639 -1.8358 -0.0028 -0.0110 0.7617 0.6479
149.4000 -6.6989 -22.8101 -1.8492 -0.0021 -0.0094 0.7667 0.6419
149.5000 -6.6190 -23.4582 -1.8550 -0.0012 -0.0074 0.7712 0.6365
149.6000 -6.4591 -24.0980 -1.8781 -0.0016 -0.0067 0.7749 0.6321
149.7000 -6.3240 -24.7569 -1.8912 -0.0015 -0.0063 0.7777 0.6285
149.8000 -6.1979 -25.4234 -1.9056 -0.0010 -0.0058 0.7801 0.6256
149.9000 -6.0535 -26.1020 -1.9205 -0.0009 -0.0053 0.7821 0.6231
150.0000 -5.9077 -26.7986 -1.9290 -0.0007 -0.0049 0.7840 0.6208
150.1000 -5.7461 -27.4796 -1.9310 -0.0011 -0.0037 0.7855 0.6188
150.2000 -5.5769 -28.1796 -1.9517 -0.0022 -0.0029 0.7870 0.6169
150.3000 -5.4266 -28.8996 -1.9663 -0.0028 -0.0025 0.7885 0.6150
150.4000 -5.2313 -29.6182 -1.9798 -0.0032 -0.0019 0.7902 0.6129
150.5000 -5.0599 -30.3506 -1.9900 -0.0033 -0.0017 0.7919 0.6106
150.6000 -4.8617 -31.0921 -2.0046 -0.0032 -0.0023 0.7933 0.6089
150.7000 -4.6601 -31.8402 -2.0203 -0.0033 -0.0038 0.7951 0.6065
150.8000 -4.4556 -32.6208 -2.0271 -0.0028 -0.0045 0.7966 0.6044
150.9000 -4.2483 -33.3988 -2.0358 -0.0026 -0.0054 0.7987 0.6017
151.0000 -4.0190 -34.1868 -2.0341 -0.0032 -0.0059 0.8002 0.5998
151.1000 -3.7844 -34.9808 -2.0479 -0.0043 -0.0061 0.8020 0.5973
151.2000 -3.5568 -35.7677 -2.0661 -0.0053 -0.0061 0.8037 0.5950
151.3000 -3.3217 -36.6080 -2.0659 -0.0064 -0.0052 0.8054 0.5926
151.4000 -3.0810 -37.4368 -2.0810 -0.0080 -0.0053 0.8070 0.5905
151.5000 -2.8006 -38.2808 -2.1005 -0.0085 -0.0055 0.8085 0.5884
151.6000 -2.5374 -39.1410 -2.0985 -0.0081 -0.0037 0.8099 0.5865
151.7000 -2.2544 -40.0085 -2.1204 -0.0080 -0.0030 0.8115 0.5843
151.8000 -1.9824 -40.8917 -2.1256 -0.0064 -0.0023 0.8128 0.5825
151.9000 -1.6537 -41.7892 -2.1509 -0.0054 -0.0020 0.8138 0.5811
152.0000 -1.3689 -42.7001 -2.1553 -0.0027 -0.0030 0.8146 0.5800
152.1000 -1.0348 -43.6061 -2.1352 -0.0026 -0.0024 0.8148 0.5797
152.2000 -0.7455 -44.5132 -2.1222 -0.0050 -0.0002 0.8146 0.5801
152.3000 -0.4295 -45.4598 -2.1410 -0.0092 0.0021 0.8143 0.5804
152.4000 -0.1270 -46.4141 -2.1792 -0.0100 0.0036 0.8142 0.5805
152.5000 0.1923 -47.3910 -2.1891 -0.0091 0.0024 0.8141 0.5807
152.6000 0.5366 -48.3701 -2.1647 -0.0072 0.0022 0.8141 0.5807
152.7000 0.8770 -49.3356 -2.1560 -0.0077 0.0028 0.8139 0.5810
152.8000 1.1717 -50.3461 -2.1443 -0.0089 0.0044 0.8135 0.5814
152.9000 1.5137 -51.3485 -2.1537 -0.0092 0.0060 0.8134 0.5816
153.0000 1.8668 -52.3805 -2.1787 -0.0080 0.0056 0.8134 0.5816
153.1000 2.1898 -53.4072 -2.1628 -0.0069 0.0036 0.8133 0.5818
153.2000 2.5366 -54.4359 -2.1450 -0.0086 0.0010 0.8134 0.5816
153.3000 2.8704 -55.4629 -2.1102 -0.0107 0.0035 0.8136 0.5814
153.4000 3.2180 -56.4779 -2.1190 -0.0131 0.0057 0.8135 0.5814
153.5000 3.5579 -57.5258 -2.1175 -0.0132 0.0072 0.8134 0.5815
153.6000 3.8988 -58.5674 -2.1017 -0.0136 0.0059 0.8137 0.5811
153.7000 4.2218 -59.5947 -2.0717 -0.0151 0.0055 0.8140 0.5806
153.8000 4.5764 -60.6082 -2.0385 -0.0164 0.0079 0.8136 0.5811
153.9000 4.9073 -61.6455 -2.0316 -0.0166 0.0082 0.8135 0.5812
154.0000 5.2541 -62.6755 -2.0131 -0.0153 0.0074 0.8138 0.5809
154.1000 5.6147 -63.7259 -1.9694 -0.0154 0.0064 0.8143 0.5802
154.2000 5.9349 -64.7062 -1.9252 -0.0167 0.0082 0.8146 0.5797
154.3000 6.2992 -65.7289 -1.9083 -0.0182 0.0106 0.8147 0.5794
154.4000 6.6142 -66.7519 -1.8899 -0.0185 0.0115 0.8148 0.5793
154.5000 6.9589 -67.7784 -1.8664 -0.0167 0.0117 0.8150 0.5791
154.6000 7.2994 -68.7788 -1.8137 -0.0159 0.0111 0.8152 0.5789
154.7000 7.6343 -69.7707 -1.7915 -0.0174 0.0086 0.8156 0.5783
154.8000 7.9552 -70.7925 -1.7452 -0.0188 0.0090 0.8157 0.5780
154.9000 8.3191 -71.7827 -1.7202 -0.0206 0.0097 0.8161 0.5774
155.0000 8.6449 -72.7672 -1.6786 -0.0209 0.0126 0.8164 0.5770
155.1000 9.0016 -73.7575 -1.6457 -0.0218 0.0153 0.8165 0.5767
155.2000 9.3331 -74.7294 -1.6015 -0.0218 0.0182 0.8164 0.5767
155.3000 9.6646 -75.7486 -1.5780 -0.0189 0.0207 0.8161 0.5772
155.4000 9.9959 -76.7411 -1.5440 -0.0184 0.0166 0.8160 0.5775
155.5000 10.3425 -77.7179 -1.4867 -0.0174 0.0145 0.8158 0.5779
155.6000 10.6628 -78.6937 -1.4273 -0.0179 0.0144 0.8151 0.5788
155.7000 10.9809 -79.6584 -1.3977 -0.0195 0.0142 0.8146 0.5796
155.8000 11.3050 -80.6441 -1.3574 -0.0196 0.0141 0.8137 0.5808
155.9000 11.6296 -81.6526 -1.3211 -0.0191 0.0135 0.8132 0.5815
156.0000 11.9441 -82.5861 -1.2864 -0.0194 0.0128 0.8128 0.5821
156.1000 12.2725 -83.5448 -1.2529 -0.0200 0.0127 0.8129 0.5820
156.2000 12.6115 -84.5010 -1.2145 -0.0199 0.0135 0.8134 0.5812
156.3000 12.9279 -85.4682 -1.1744 -0.0196 0.0139 0.8143 0.5799
156.4000 13.2719 -86.3979 -1.1497 -0.0203 0.0126 0.8159 0.5777
156.5000 13.6140 -87.3681 -1.1071 -0.0202 0.0120 0.8181 0.5746
156.6000 13.9464 -88.2864 -1.0702 -0.0202 0.0111 0.8208 0.5708
156.7000 14.3133 -89.2177 -1.0344 -0.0199 0.0107 0.8238 0.5664
156.8000 14.6512 -90.1662 -1.0032 -0.0189 0.0103 0.8270 0.5618
156.9000 15.0369 -91.0856 -0.9714 -0.0189 0.0085 0.8306 0.5564
157.0000 15.4024 -91.9800 -0.9290 -0.0199 0.0076 0.8342 0.5511
157.1000 15.7570 -92.8845 -0.8915 -0.0217 0.0080 0.8374 0.5461
157.2000 16.1585 -93.8179 -0.8585 -0.0224 0.0090 0.8410 0.5406
157.3000 16.5790 -94.7071 -0.8453 -0.0222 0.0077 0.8446 0.5349
157.4000 16.9800 -95.5983 -0.8051 -0.0225 0.0056 0.8479 0.5296
157.5000 17.4013 -96.4471 -0.7732 -0.0227 0.0047 0.8514 0.5240
157.6000 17.8517 -97.3443 -0.7287 -0.0227 0.0062 0.8545 0.5190
157.7000 18.2633 -98.1874 -0.7040 -0.0232 0.0067 0.8574 0.5140
157.8000 18.7218 -99.0341 -0.6683 -0.0241 0.0067 0.8603 0.5091
157.9000 19.1651 -99.8891 -0.6420 -0.0240 0.0071 0.8631 0.5044
158.0000 19.7827 -100.6332 -0.6111 -0.0238 0.0066 0.8652 0.5009
158.1000 20.1638 -101.2702 -0.5760 -0.0235 0.0060 0.8660 0.4995
158.2000 20.6132 -102.0381 -0.5506 -0.0232 0.0048 0.8688 0.4946
158.3000 21.0797 -102.8417 -0.5079 -0.0230 0.0051 0.8716 0.4897
158.4000 21.5331 -103.6446 -0.4799 -0.0237 0.0049 0.8742 0.4850
158.5000 22.0108 -104.4345 -0.4406 -0.0235 0.0060 0.8770 0.4799
158.6000 22.5216 -105.2267 -0.4152 -0.0229 0.0065 0.8796 0.4751
158.7000 23.0484 -105.9906 -0.3753 -0.0219 0.0074 0.8819 0.4708
158.8000 23.5531 -106.7621 -0.3411 -0.0211 0.0088 0.8841 0.4667
158.9000 24.0314 -107.5306 -0.3227 -0.0202 0.0086 0.8858 0.4636
159.0000 24.5558 -108.3056 -0.2913 -0.0195 0.0067 0.8875 0.4604
159.1000 25.1278 -109.0441 -0.2480 -0.0189 0.0054 0.8893 0.4569
159.2000 25.6118 -109.7704 -0.2252 -0.0194 0.0044 0.8909 0.4538
159.3000 26.1139 -110.5381 -0.1891 -0.0209 0.0045 0.8926 0.4504
159.4000 26.6653 -111.2466 -0.1702 -0.0215 0.0043 0.8944 0.4468
159.5000 27.2698 -111.9825 -0.1352 -0.0217 0.0034 0.8964 0.4427
159.6000 27.7615 -112.6962 -0.1084 -0.0209 0.0027 0.8985 0.4386
159.7000 28.3134 -113.3994 -0.0716 -0.0207 0.0019 0.9004 0.4345
159.8000 28.8891 -114.0960 -0.0476 -0.0212 0.0006 0.9028 0.4295
159.9000 29.4392 -114.8057 -0.0300 -0.0226 -0.0010 0.9052 0.4244
160.0000 30.0055 -115.4893 -0.0096 -0.0230 -0.0009 0.9077 0.4191
160.1000 30.5881 -116.1793 0.0197 -0.0235 -0.0018 0.9102 0.4134
160.2000 31.1204 -116.8239 0.0532 -0.0230 -0.0017 0.9125 0.4083
160.3000 31.7027 -117.4586 0.0731 -0.0224 -0.0027 0.9152 0.4023
160.4000 32.3351 -118.1225 0.1013 -0.0222 -0.0041 0.9184 0.3951
160.5000 32.8527 -118.7616 0.1158 -0.0228 -0.0061 0.9214 0.3879
160.6000 33.5745 -119.3638 0.1507 -0.0239 -0.0069 0.9251 0.3790
160.7000 34.1505 -119.9750 0.1615 -0.0238 -0.0063 0.9287 0.3700
160.8000 34.7716 -120.5358 0.1962 -0.0233 -0.0062 0.9322 0.3612
160.9000 35.4211 -121.0815 0.2241 -0.0225 -0.0069 0.9358 0.3517
161.0000 36.0601 -121.6741 0.2564 -0.0230 -0.0089 0.9396 0.3414
161.1000 36.7328 -122.1974 0.2738 -0.0236 -0.0102 0.9433 0.3309
161.2000 37.3920 -122.7216 0.2846 -0.0243 -0.0109 0.9469 0.3203
161.3000 38.0401 -123.2361 0.3172 -0.0244 -0.0105 0.9508 0.3087
161.4000 38.7117 -123.7333 0.3319 -0.0236 -0.0111 0.9545 0.2970
161.5000 39.4326 -124.2098 0.3595 -0.0214 -0.0095 0.9583 0.2848
161.6000 40.1788 -124.6385 0.3762 -0.0195 -0.0094 0.9618 0.2730
161.7000 40.9030 -125.0470 0.3954 -0.0175 -0.0103 0.9652 0.2608
161.8000 41.5550 -125.4993 0.4200 -0.0176 -0.0103 0.9680 0.2502
161.9000 42.2971 -125.8951 0.4389 -0.0185 -0.0108 0.9710 0.2381
162.0000 43.0490 -126.2806 0.4562 -0.0192 -0.0116 0.9739 0.2259
162.1000 43.8619 -126.5237 0.4603 -0.0200 -0.0125 0.9769 0.2125
162.2000 44.5252 -126.8471 0.4833 -0.0194 -0.0120 0.9792 0.2016
162.3000 45.3346 -127.1566 0.5057 -0.0190 -0.0127 0.9817 0.1893
162.4000 46.0658 -127.4601 0.5228 -0.0197 -0.0129 0.9838 0.1777
162.5000 46.8310 -127.7215 0.5336 -0.0197 -0.0122 0.9859 0.1657
162.6000 47.6057 -127.9642 0.5632 -0.0196 -0.0118 0.9877 0.1544
162.7000 48.3528 -128.2181 0.5813 -0.0191 -0.0121 0.9896 0.1423
162.8000 49.1275 -128.4368 0.5833 -0.0173 -0.0125 0.9912 0.1306
162.9000 49.8564 -128.6183 0.6140 -0.0158 -0.0132 0.9926 0.1195
163.0000 50.6312 -128.8055 0.6257 -0.0145 -0.0147 0.9940 0.1075
163.1000 51.4201 -128.9692 0.6496 -0.0125 -0.0154 0.9952 0.0954
163.2000 52.1670 -129.1003 0.6648 -0.0117 -0.0166 0.9963 0.0840
163.3000 52.9270 -129.2394 0.6756 -0.0115 -0.0169 0.9972 0.0725
163.4000 53.7067 -129.3763 0.6988 -0.0115 -0.0165 0.9979 0.0620
163.5000 54.4764 -129.4582 0.6957 -0.0118 -0.0177 0.9984 0.0521
163.6000 55.2323 -129.5349 0.6877 -0.0102 -0.0176 0.9989 0.0425
163.7000 56.0047 -129.5934 0.6931 -0.0076 -0.0173 0.9993 0.0330
163.8000 56.7715 -129.6287 0.7131 -0.0054 -0.0173 0.9996 0.0229
163.9000 57.5312 -129.6622 0.7129 -0.0032 -0.0184 0.9997 0.0127
164.0000 58.2722 -129.6762 0.7031 -0.0012 -0.0187 0.9998 0.0028
164.1000 59.0244 -129.6774 0.7172 -0.0004 -0.0178 0.9998 -0.0068
164.2000 59.7825 -129.6590 0.7105 -0.0000 -0.0172 0.9997 -0.0165
164.3000 60.5097 -129.6299 0.6990 0.0007 -0.0172 0.9995 -0.0255
164.4000 61.2463 -129.5995 0.7013 0.0008 -0.0174 0.9993 -0.0339
164.5000 61.9948 -129.5498 0.6941 0.0013 -0.0175 0.9990 -0.0421
164.6000 62.7003 -129.4901 0.6921 0.0017 -0.0179 0.9986 -0.0495
164.7000 63.4302 -129.4127 0.6904 0.0014 -0.0181 0.9982 -0.0573
164.8000 64.1244 -129.3402 0.6717 0.0013 -0.0194 0.9977 -0.0642
164.9000 64.8786 -129.2567 0.6785 0.0011 -0.0189 0.9973 -0.0711
165.0000 65.5843 -129.1533 0.6674 0.0008 -0.0198 0.9968 -0.0775
165.1000 66.2943 -129.0646 0.6594 0.0008 -0.0203 0.9963 -0.0836
165.2000 66.9834 -128.9586 0.6544 0.0006 -0.0205 0.9958 -0.0887
165.3000 67.6855 -128.8182 0.6513 0.0006 -0.0213 0.9954 -0.0938
165.4000 68.3911 -128.6856 0.6484 0.0001 -0.0206 0.9948 -0.0993
165.5000 69.0726 -128.5496 0.6328 -0.0001 -0.0211 0.9943 -0.1045
165.6000 69.7576 -128.4089 0.6263 0.0001 -0.0215 0.9937 -0.1096
165.7000 70.4492 -128.2568 0.6296 0.0004 -0.0229 0.9931 -0.1146
165.8000 71.1241 -128.1001 0.6148 0.0006 -0.0223 0.9926 -0.1190
165.9000 71.7826 -127.9342 0.6250 0.0007 -0.0219 0.9921 -0.1236
166.0000 72.4269 -127.7832 0.6186 0.0008 -0.0223 0.9915 -0.1284
166.1000 73.0894 -127.6132 0.6055 0.0012 -0.0234 0.9909 -0.1328
166.2000 73.7337 -127.4434 0.6064 0.0018 -0.0231 0.9903 -0.1368
166.3000 74.3710 -127.2730 0.6163 0.0014 -0.0226 0.9899 -0.1401
166.4000 74.9775 -127.1002 0.6035 0.0012 -0.0230 0.9895 -0.1428
166.5000 75.6057 -126.9247 0.6190 0.0002 -0.0218 0.9891 -0.1458
166.6000 76.2184 -126.7700 0.5901 -0.0003 -0.0215 0.9887 -0.1481
166.7000 76.7993 -126.5738 0.5830 0.0011 -0.0216 0.9885 -0.1499
166.8000 77.3906 -126.3973 0.5856 0.0018 -0.0215 0.9881 -0.1522
166.9000 77.9714 -126.2058 0.5863 0.0026 -0.0224 0.9876 -0.1552
167.0000 78.5391 -126.0186 0.5894 0.0032 -0.0219 0.9871 -0.1587
167.1000 79.0845 -125.8166 0.6054 0.0025 -0.0217 0.9864 -0.1626
167.2000 79.6217 -125.6499 0.5915 0.0015 -0.0200 0.9859 -0.1661
167.3000 80.1410 -125.4901 0.5855 0.0015 -0.0192 0.9856 -0.1681
167.4000 81.1202 -125.1942 0.5793 0.0010 -0.0164 0.9857 -0.1674
167.5000 81.6084 -125.0323 0.5742 0.0013 -0.0170 0.9860 -0.1658
167.6000 82.0701 -124.8822 0.5720 0.0020 -0.0172 0.9863 -0.1643
167.7000 82.5024 -124.7413 0.5773 0.0025 -0.0182 0.9865 -0.1628
167.8000 82.9484 -124.6063 0.5732 0.0027 -0.0186 0.9867 -0.1617
167.9000 83.3499 -124.4703 0.5727 0.0027 -0.0190 0.9869 -0.1603
168.0000 83.7519 -124.3464 0.5665 0.0031 -0.0186 0.9871 -0.1590
168.1000 84.1201 -124.2293 0.5770 0.0032 -0.0186 0.9873 -0.1580
168.2000 84.4752 -124.1132 0.5704 0.0034 -0.0189 0.9874 -0.1568
168.3000 84.7879 -124.0218 0.5710 0.0034 -0.0191 0.9876 -0.1556
168.4000 85.1028 -123.9196 0.5643 0.0033 -0.0198 0.9877 -0.1548
168.5000 85.3842 -123.8265 0.5667 0.0034 -0.0196 0.9879 -0.1539
168.6000 85.6343 -123.7527 0.5642 0.0035 -0.0203 0.9880 -0.1532
168.7000 85.8518 -123.6893 0.5600 0.0034 -0.0201 0.9881 -0.1524
168.8000 86.0547 -123.6134 0.5567 0.0033 -0.0205 0.9882 -0.1518
168.9000 86.2190 -123.5626 0.5579 0.0032 -0.0202 0.9883 -0.1511
169.0000 86.3838 -123.5103 0.5624 0.0031 -0.0199 0.9883 -0.1509
169.1000 86.4886 -123.4853 0.5598 0.0030 -0.0200 0.9884 -0.1503
169.2000 86.5973 -123.4424 0.5587 0.0028 -0.0202 0.9885 -0.1499
169.3000 86.6647 -123.4205 0.5565 0.0028 -0.0203 0.9885 -0.1496
169.4000 86.7210 -123.4020 0.5614 0.0027 -0.0201 0.9885 -0.1496
169.5000 86.7520 -123.3902 0.5581 0.0023 -0.0200 0.9886 -0.1495
169.6000 86.7684 -123.3901 0.5561 0.0020 -0.0201 0.9886 -0.1493
169.7000 86.7622 -123.3947 0.5550 0.0018 -0.0201 0.9886 -0.1492
169.8000 86.7774 -123.3814 0.5575 0.0017 -0.0205 0.9886 -0.1493
169.9000 86.7610 -123.3940 0.5653 0.0007 -0.0204 0.9886 -0.1492
170.0000 86.7556 -123.3966 0.5709 -0.0004 -0.0202 0.9886 -0.1493
170.1000 86.7595 -123.3929 0.5578 -0.0005 -0.0204 0.9886 -0.1493
170.2000 86.7758 -123.3886 0.5591 -0.0001 -0.0204 0.9886 -0.1494
170.3000 86.7644 -123.3893 0.5606 -0.0000 -0.0207 0.9886 -0.1493
170.4000 86.7737 -123.3947 0.5690 -0.0004 -0.0203 0.9886 -0.1495
170.5000 86.7639 -123.3925 0.5537 -0.0002 -0.0207 0.9886 -0.1494
170.6000 86.7682 -123.3927 0.5597 -0.0000 -0.0205 0.9886 -0.1493
170.7000 86.7652 -123.3927 0.5639 -0.0002 -0.0204 0.9886 -0.1493
170.8000 86.7675 -123.3852 0.5605 -0.0003 -0.0207 0.9886 -0.1493
170.9000 86.7673 -123.3961 0.5604 -0.0002 -0.0205 0.9886 -0.1493
171.0000 86.7715 -123.3920 0.5632 -0.0001 -0.0205 0.9886 -0.1494
171.1000 86.7635 -123.3941 0.5617 -0.0001 -0.0205 0.9886 -0.1494
171.2000 86.7681 -123.3913 0.5633 -0.0003 -0.0204 0.9886 -0.1494
171.3000 86.7728 -123.3888 0.5615 -0.0002 -0.0206 0.9886 -0.1494
171.4000 86.7691 -123.3911 0.5606 -0.0001 -0.0204 0.9886 -0.1493
171.5000 86.7678 -123.3943 0.5605 -0.0002 -0.0204 0.9886 -0.1494
171.6000 86.7590 -123.3936 0.5589 -0.0002 -0.0205 0.9886 -0.1494
171.7000 86.7625 -123.3905 0.5584 -0.0001 -0.0205 0.9886 -0.1493
171.8000 86.7660 -123.3895 0.5598 -0.0002 -0.0206 0.9886 -0.1494
171.9000 86.7679 -123.3879 0.5591 -0.0001 -0.0206 0.9886 -0.1494
172.0000 86.7663 -123.3948 0.5612 -0.0002 -0.0205 0.9886 -0.1494
172.1000 86.7698 -123.3905 0.5606 -0.0002 -0.0205 0.9886 -0.1494
172.2000 86.7667 -123.3958 0.5617 -0.0002 -0.0206 0.9886 -0.1494
172.3000 86.7682 -123.3941 0.5606 -0.0002 -0.0207 0.9886 -0.1494
172.4000 86.7671 -123.3922 0.5574 -0.0002 -0.0206 0.9886 -0.1493
172.5000 86.7654 -123.3926 0.5595 -0.0002 -0.0205 0.9886 -0.1494
172.6000 86.7634 -123.3924 0.5607 -0.0002 -0.0205 0.9886 -0.1494
172.7000 86.7655 -123.3911 0.5614 -0.0002 -0.0204 0.9886 -0.1494
172.8000 86.7679 -123.3895 0.5593 -0.0002 -0.0205 0.9886 -0.1494
172.9000 86.7622 -123.3913 0.5583 -0.0001 -0.0205 0.9886 -0.1494
173.0000 86.7637 -123.3950 0.5602 -0.0002 -0.0206 0.9886 -0.1493
173.1000 86.7639 -123.3929 0.5626 -0.0002 -0.0205 0.9886 -0.1493
173.2000 86.7645 -123.3927 0.5624 -0.0002 -0.0205 0.9886 -0.1493
173.3000 86.7637 -123.3934 0.5643 -0.0002 -0.0204 0.9886 -0.1493
173.4000 86.7629 -123.3958 0.5618 -0.0002 -0.0205 0.9886 -0.1494
173.5000 86.7696 -123.3906 0.5590 -0.0002 -0.0206 0.9886 -0.1494
173.6000 86.7645 -123.3938 0.5610 -0.0002 -0.0205 0.9886 -0.1494
173.7000 86.7674 -123.3899 0.5608 -0.0002 -0.0206 0.9886 -0.1494
173.8000 86.7638 -123.3893 0.5603 -0.0002 -0.0205 0.9886 -0.1493
173.9000 86.7714 -123.3925 0.5601 -0.0002 -0.0205 0.9886 -0.1494
174.0000 86.7637 -123.3949 0.5606 -0.0002 -0.0205 0.9886 -0.1494
174.1000 86.7634 -123.3938 0.5609 -0.0002 -0.0205 0.9886 -0.1493
174.2000 86.7643 -123.3966 0.5618 -0.0002 -0.0205 0.9886 -0.1493
174.3000 86.7684 -123.3920 0.5612 -0.0002 -0.0204 0.9886 -0.1494
174.4000 86.7615 -123.3951 0.5630 -0.0002 -0.0205 0.9886 -0.1493
174.5000 86.7645 -123.3941 0.5606 -0.0002 -0.0205 0.9886 -0.1494
174.6000 86.7657 -123.3924 0.5604 -0.0002 -0.0204 0.9886 -0.1493
174.7000 86.7676 -123.3921 0.5590 -0.0002 -0.0204 0.9886 -0.1494
174.8000 86.7663 -123.3929 0.5615 -0.0002 -0.0205 0.9886 -0.1494
174.9000 86.7660 -123.3930 0.5592 -0.0002 -0.0207 0.9886 -0.1494
175.0000 86.7657 -123.3904 0.5587 -0.0002 -0.0206 0.9886 -0.1493
175.1000 86.7669 -123.3937 0.5612 -0.0001 -0.0204 0.9886 -0.1494
175.2000 86.7674 -123.3909 0.5589 -0.0001 -0.0206 0.9886 -0.1494
175.3000 86.7664 -123.3954 0.5622 -0.0001 -0.0205 0.9886 -0.1493
175.4000 86.7634 -123.3947 0.5635 -0.0002 -0.0206 0.9886 -0.1494
175.5000 86.7669 -123.3941 0.5605 -0.0001 -0.0206 0.9886 -0.1494
175.6000 86.7631 -123.3922 0.5585 -0.0002 -0.0205 0.9886 -0.1493
175.7000 86.7636 -123.3908 0.5595 -0.0001 -0.0205 0.9886 -0.1494
175.8000 86.7617 -123.3923 0.5615 -0.0001 -0.0206 0.9886 -0.1494
175.9000 86.7667 -123.3923 0.5607 -0.0002 -0.0205 0.9886 -0.1494
176.0000 86.7691 -123.3931 0.5592 -0.0002 -0.0204 0.9886 -0.1493
176.1000 86.7663 -123.3927 0.5586 -0.0001 -0.0206 0.9886 -0.1493
176.2000 86.7608 -123.3970 0.5633 -0.0002 -0.0204 0.9886 -0.1493
176.3000 86.7644 -123.3925 0.5606 -0.0002 -0.0206 0.9886 -0.1494
176.4000 86.7672 -123.3919 0.5605 -0.0002 -0.0204 0.9886 -0.1494
176.5000 86.7657 -123.3907 0.5595 -0.0002 -0.0204 0.9886 -0.1494
176.6000 86.7629 -123.3937 0.5586 -0.0001 -0.0206 0.9886 -0.1493
176.7000 86.7634 -123.3944 0.5616 -0.0002 -0.0205 0.9886 -0.1493
176.8000 86.7658 -123.3957 0.5587 -0.0002 -0.0204 0.9886 -0.1493
176.9000 86.7680 -123.3911 0.5587 -0.0002 -0.0205 0.9886 -0.1494
177.0000 86.7645 -123.3940 0.5593 -0.0001 -0.0205 0.9886 -0.1493
177.1000 86.7620 -123.3939 0.5591 -0.0002 -0.0205 0.9886 -0.1493
177.2000 86.7627 -123.3958 0.5609 -0.0002 -0.0204 0.9886 -0.1494
177.3000 86.7664 -123.3924 0.5610 -0.0002 -0.0204 0.9886 -0.1493
177.4000 86.7631 -123.3905 0.5590 -0.0001 -0.0204 0.9886 -0.1493
177.5000 86.7671 -123.3951 0.5598 -0.0002 -0.0205 0.9886 -0.1493
177.6000 86.7625 -123.3938 0.5577 -0.0001 -0.0206 0.9886 -0.1493
177.7000 86.7708 -123.3950 0.5597 -0.0002 -0.0204 0.9886 -0.1494
177.8000 86.7669 -123.3891 0.5585 -0.0001 -0.0205 0.9886 -0.1494
177.9000 86.7677 -123.3914 0.5608 -0.0002 -0.0205 0.9886 -0.1494
178.0000 86.7664 -123.3931 0.5593 -0.0002 -0.0205 0.9886 -0.1493
178.1000 86.7682 -123.3898 0.5599 -0.0002 -0.0205 0.9886 -0.1494
178.2000 86.7644 -123.3942 0.5588 -0.0002 -0.0204 0.9886 -0.1494
178.3000 86.7694 -123.3934 0.5617 -0.0002 -0.0203 0.9886 -0.1494
178.4000 86.7641 -123.3952 0.5604 -0.0002 -0.0204 0.9886 -0.1494
178.5000 86.7660 -123.3908 0.5591 -0.0002 -0.0206 0.9886 -0.1494
178.6000 86.7663 -123.3923 0.5612 -0.0002 -0.0205 0.9886 -0.1494
178.7000 86.7667 -123.3907 0.5598 -0.0001 -0.0206 0.9886 -0.1494
178.8000 86.7696 -123.3913 0.5615 -0.0002 -0.0204 0.9886 -0.1494
178.9000 86.7650 -123.3934 0.5616 -0.0002 -0.0204 0.9886 -0.1493
179.0000 86.7658 -123.3923 0.5598 -0.0001 -0.0205 0.9886 -0.1494
179.1000 86.7636 -123.3950 0.5584 -0.0002 -0.0206 0.9886 -0.1494
179.2000 86.7674 -123.3929 0.5639 -0.0002 -0.0204 0.9886 -0.1494
179.3000 86.7690 -123.3920 0.5602 -0.0001 -0.0205 0.9886 -0.1494
179.4000 86.7632 -123.3927 0.5587 -0.0001 -0.0205 0.9886 -0.1493
179.5000 86.7662 -123.3948 0.5595 -0.0002 -0.0205 0.9886 -0.1494
179.6000 86.7695 -123.3907 0.5614 -0.0002 -0.0205 0.9886 -0.1494
179.7000 86.7707 -123.3902 0.5614 -0.0002 -0.0205 0.9886 -0.1494
179.8000 86.7610 -123.3972 0.5608 -0.0002 -0.0204 0.9886 -0.1493
179.9000 86.7619 -123.3952 0.5609 -0.0001 -0.0204 0.9886 -0.1494
