1.000000000000000000e+00 -3.028701341033826348e-24 -7.105049804833366975e-26 -1.518849488567559002e-27 3.028701341033826348e-24 1.000000000000000000e+00 8.599050028923590560e-25 1.448631822942723281e-27 7.105049804833366975e-26 -8.599050028923590560e-25 1.000000000000000000e+00 -1.213929235813814308e-27
1.000000000000000000e+00 -9.225951878405551912e-14 -2.164321939075447997e-15 -2.430159181708095237e-12 9.225951878405551912e-14 1.000000000000000000e+00 2.619420432513515982e-14 2.317810916708358024e-12 2.164321939075447997e-15 -2.619420432513515982e-14 1.000000000000000000e+00 -1.942286777302103374e-12
9.999999012537761356e-01 4.124804244328872816e-04 -1.653854215516556870e-04 -4.722585389346270132e-03 -4.125123269001796929e-04 9.999998963096486948e-01 -1.929100112111536091e-04 -7.538847404573527020e-03 1.653058327995052506e-04 1.929782156871130618e-04 9.999999677166941936e-01 -6.785446984260514770e-03
9.999999459592392448e-01 3.227909247161940163e-04 -6.235012364269707126e-05 2.559152261589341636e-03 -3.228294622473874029e-04 9.999997562700031484e-01 -6.190646764431010848e-04 -7.008385425087591651e-03 6.215027998674599319e-05 6.190847714452812423e-04 9.999998064356750982e-01 -6.285341382672161165e-03
9.999999104611622114e-01 4.178611624517462311e-04 -6.685594363064368553e-05 -2.482494084983186480e-02 -4.178933925428922531e-04 9.999997961359829990e-01 -4.827971700706947021e-04 -7.798700819999337085e-03 6.665418781438585871e-05 4.828250654987077347e-04 9.999998812185798558e-01 -1.128057169949116950e-02
9.999999144106783699e-01 4.059419551898207890e-04 -7.993601508472799699e-05 -1.745426650489430992e-02 -4.059743147008213100e-04 9.999998354914364507e-01 -4.052184100261413987e-04 -1.372206806037686369e-02 7.977150678088028724e-05 4.052508273127268003e-04 9.999999147041320757e-01 -1.653339549237686085e-02
9.999999671412693747e-01 2.506249805262169335e-04 5.389417330863070066e-05 -9.568255630290749617e-03 -2.505978698571190329e-04 9.999998423698260863e-01 -5.024550092719868915e-04 -1.782537299220047708e-02 -5.402009259033522105e-05 5.024414869968448242e-04 9.999998723171814596e-01 -3.376957617543403876e-03
9.999998836707804095e-01 4.712909723004900893e-04 -1.026803239255488862e-04 -6.879234889962078554e-03 -4.713111633571330787e-04 9.999998695865390808e-01 -1.967045997422556063e-04 -6.120206123890318574e-03 1.025876054322708036e-04 1.967529712425105325e-04 9.999999753820240089e-01 -3.787443515928320178e-03
9.999998946557828727e-01 4.573572490991934534e-04 3.889440224590055297e-05 -1.490484214092688059e-03 -4.573406734329243158e-04 9.999998050573485342e-01 -4.251173751936331902e-04 -1.158913131433250872e-02 -3.908882517746715751e-05 4.250995424176139885e-04 9.999999088812158154e-01 -9.229481165893220485e-03
9.999999307841511698e-01 3.712747738307356515e-04 2.422273134066922713e-05 -5.035176626014417102e-03 -3.712652900397121541e-04 9.999998548901267714e-01 -3.903611420846608078e-04 -2.183625211251130280e-02 -2.436765907109848022e-05 3.903521220057899169e-04 9.999999235157140953e-01 -7.515758607020974272e-03
9.999999651584172700e-01 2.275545148763634244e-04 -1.337987778233743624e-04 -1.019891220993195124e-02 -2.276230724155279867e-04 9.999998427139245027e-01 -5.126010897261750647e-04 -1.768525792406707917e-02 1.336821120855740969e-04 5.126315275548425218e-04 9.999998596689925190e-01 -9.078924772059480952e-03
9.999999735869919970e-01 2.243349570472374097e-04 4.999848578737722799e-05 -9.655383291950432600e-03 -2.243153827093429453e-04 9.999998983378521888e-01 -3.911609783766373987e-04 -1.734099567807576014e-02 -5.008623178670251714e-05 3.911497526149704859e-04 9.999999222466141591e-01 -1.305879166196188129e-02
9.999999493959406127e-01 1.857522917793462012e-04 -2.582715792908596062e-04 -1.667107904855294129e-02 -1.858067675903633169e-04 9.999999604950392529e-01 -2.109165340478365909e-04 -3.324765163089624109e-02 2.582323908571220079e-04 2.109645119813839188e-04 9.999999444049986197e-01 -1.367952438403391251e-02
9.999998968906803620e-01 3.552928070658776692e-04 -2.828173546811587778e-04 -4.746268460992590990e-03 -3.554409687120428174e-04 9.999997995429912301e-01 -5.239997303530117201e-04 -8.567492223216691127e-03 2.826311246520387299e-04 5.241002011977234122e-04 9.999998227192938849e-01 -1.800787382553351024e-02
9.999998767807859457e-01 3.670473857338051515e-04 -3.342373948770577881e-04 -4.245801850309061445e-03 -3.670788905245344963e-04 9.999999281895212144e-01 -9.420225752552778889e-05 -2.662512556236703784e-02 3.342027941815633096e-04 9.432493740950443110e-05 9.999999397056434924e-01 -1.534876853480095400e-02
9.999998723647366417e-01 4.951843315889823674e-04 1.003144797970052018e-04 1.582182433985143948e-03 -4.951313285244684798e-04 9.999997381853275025e-01 -5.277066151415043226e-04 -1.483514102468519794e-02 -1.005757655821487475e-04 5.276568789452975574e-04 9.999998557313524161e-01 -1.311727220258369041e-02
9.999999226651165030e-01 3.862533245583106502e-04 -7.401443841307647200e-05 -1.617348712732387395e-02 -3.862688735222878102e-04 9.999999033101354406e-01 -2.101811288238866022e-04 -1.817607925061668142e-02 7.393324809536490198e-05 2.102097020426905484e-04 9.999999751728737563e-01 -1.140560334792995421e-02
9.999998678358845705e-01 4.665950837369749692e-04 2.159102787031459139e-04 -6.355852132449882168e-03 -4.664825888274159679e-04 9.999997555892301548e-01 -5.207835504673206288e-04 -1.267039712319136154e-02 -2.161532209782325272e-04 5.206827632520429072e-04 9.999998410836056228e-01 -1.816263479046020118e-02
9.999999259723044709e-01 3.841769207990426618e-04 -2.152873760349878843e-05 -1.158435405470311166e-02 -3.841831031832254367e-04 9.999998847572282301e-01 -2.879043370807671753e-04 -3.535964725612169429e-02 2.141812891917706159e-05 2.879125867444393074e-04 9.999999583237976220e-01 -1.317287560320048664e-02
9.999998561983165501e-01 5.354441222372717827e-04 3.004904636827398324e-05 -5.855040036992527688e-03 -5.354243764331948928e-04 9.999996432439007821e-01 -6.533244549956139340e-04 -2.070520546409368792e-02 -3.039885438903646144e-05 6.533082720538834496e-04 9.999997861320777393e-01 -1.477977169609886489e-02
9.999998751061630609e-01 4.990007549759503409e-04 2.803411554609186928e-05 -1.061466371240672377e-02 -4.989983547156528554e-04 9.999998718399759623e-01 -8.556114866309157845e-05 -1.781356164101243270e-02 -2.807680703263553003e-05 8.554714899880859762e-05 9.999999959466833177e-01 -1.861575241177875970e-02
9.999999035882098930e-01 4.332888369920873356e-04 -7.130470712803530582e-05 3.690691203017446454e-03 -4.333308994691900478e-04 9.999997315052018276e-01 -5.909432238076875758e-04 -1.989070608329705434e-02 7.104863887930545820e-05 5.909740653659639135e-04 9.999998228508502063e-01 -9.999081520891265826e-03
9.999999253016450540e-01 3.047767203528838802e-04 -2.377138215733220073e-04 -2.522675621247412805e-02 -3.048399767985026515e-04 9.999999181283719674e-01 -2.661125268878968540e-04 -1.351274321429277690e-02 2.376326972064422827e-04 2.661849716848825511e-04 9.999999363381215645e-01 -2.578229218627477518e-02
9.999999070000914481e-01 4.295262409501623903e-04 3.882037643534291658e-05 4.744931255169038652e-03 -4.295080312413799206e-04 9.999997983086489350e-01 -4.678734359514177582e-04 -2.037734476583015486e-02 -3.902133252548578904e-05 4.678567187750476745e-04 9.999998897936989151e-01 -7.972901602489470760e-03
9.999999324059203332e-01 2.542557720673129114e-04 -2.655977442926668445e-04 -1.869645395034130742e-02 -2.544095359930360705e-04 9.999997999814456140e-01 -5.790620834935550397e-04 8.493146116358616347e-04 2.654504612893609583e-04 5.791296149505602590e-04 9.999997970724414653e-01 -6.164586103270264413e-03
9.999998049969746061e-01 6.047005378797405380e-04 1.560233198211060475e-04 2.636765554043827425e-03 -6.046851802367019619e-04 9.999998123307202169e-01 -9.846013264900074075e-05 -2.495378680748420314e-02 -1.560828294371885156e-04 9.836576845897371170e-05 9.999999829811534457e-01 -7.572267561015556640e-03
9.999999191860350356e-01 2.202309911134656280e-04 -3.363424399777733978e-04 -2.267481551922759242e-02 -2.204696830573271639e-04 9.999997237904406644e-01 -7.097972964288509420e-04 -1.225605706294438137e-02 3.361860277129955638e-04 7.098713923777137018e-04 9.999996915307227674e-01 -2.252823023585459605e-02
9.999998617918283150e-01 4.641762922888028708e-04 2.468940973461442186e-04 7.507361109504550982e-03 -4.640593201963808131e-04 9.999997801661203445e-01 -4.736208403121253390e-04 -2.948259167084936461e-02 -2.471138866377374900e-04 4.735062013461670098e-04 9.999998573632812304e-01 -4.474869828491403329e-03
9.999999691399603652e-01 2.465089674599214116e-04 -3.087728060639419571e-05 -1.326587610035417572e-02 -2.465174045027022465e-04 9.999999322027678383e-01 -2.735391601639548505e-04 -1.288721322481510209e-02 3.080984865536963435e-05 2.735467635088566695e-04 9.999999621114483705e-01 -1.181849925672105207e-02
9.999999167493305308e-01 4.040171755187095429e-04 -5.719659974760447717e-05 -6.578686518515281315e-03 -4.040596931950686901e-04 9.999996406239274327e-01 -7.453105555621131369e-04 -5.485216780305469768e-03 5.689546092528377020e-05 7.453336043542940813e-04 9.999997206203109501e-01 -6.148848587704871041e-03
9.999999287821772498e-01 3.740905470397779963e-04 -4.991891664384145717e-05 -4.829865290243239191e-03 -3.741080347858856013e-04 9.999998685001590948e-01 -3.507746972560165820e-04 -2.280049205960599235e-02 4.978768857944758022e-05 3.507933473416011876e-04 9.999999372325911740e-01 -8.793568907763078119e-03
9.999999207952599001e-01 3.949930118307914506e-04 -4.888750169415341919e-05 -2.867982104688961836e-02 -3.950166703226207481e-04 9.999998044278096687e-01 -4.848775301156942746e-04 -1.508765987219402166e-02 4.869596889551375393e-05 4.848968030884189136e-04 9.999998812518746671e-01 -1.912550491073108233e-02
9.999999720372473311e-01 2.149128275367813879e-04 -9.868116437627387635e-05 -1.183150763159685273e-02 -2.149514348833425354e-04 9.999999003051424085e-01 -3.913893642427263291e-04 -4.174901739937737083e-02 9.859703994172231128e-05 3.914105649553763396e-04 9.999999185381770461e-01 -7.468172957615664201e-03
9.999999081005558343e-01 3.901300013850104130e-04 -1.777567172052182259e-04 -2.980320249390661091e-02 -3.901500801611295483e-04 9.999999175142312291e-01 -1.129358056898556407e-04 -2.524040136718578436e-02 1.777126428952564895e-04 1.130051471075854105e-04 9.999999778240084014e-01 -2.270414381174113566e-02
9.999999384490145804e-01 3.499285588285298387e-04 -2.553344839564611470e-05 -1.347627268501089444e-02 -3.499325042616725214e-04 9.999999268107673256e-01 -1.546795230176135807e-04 -3.580199971868254505e-02 2.547931974282983985e-05 1.546884484793860815e-04 9.999999877111240831e-01 -1.537262868250688017e-02
9.999999295441747149e-01 3.750324247645011027e-04 -1.619596036976349448e-05 -1.906223590570861603e-02 -3.750387449192048891e-04 9.999998528385456442e-01 -3.920062258624609232e-04 -2.944840082387825339e-02 1.604894293953097425e-05 3.920122723548150924e-04 9.999999230343801226e-01 -1.632971912608465262e-02
9.999999136562794932e-01 4.136506718992139452e-04 3.975596475253685225e-05 -1.537267764096518843e-02 -4.136375178901751455e-04 9.999998598998125487e-01 -3.303095743541090709e-04 -4.265836225643639817e-02 -3.989259196139644258e-05 3.302931012740551180e-04 9.999999446574987516e-01 -1.365000379045266943e-02
9.999999145551092816e-01 3.487132479547998742e-04 -2.220108656697458716e-04 -1.559383119214426301e-02 -3.487835602909446328e-04 9.999998890107664185e-01 -3.167468090113720195e-04 -2.501548054737587345e-02 2.219003872191496209e-04 3.168242156856862718e-04 9.999999251912883302e-01 -2.108899795189885309e-02
9.999999514059716432e-01 2.658819019149421831e-04 -1.627723757362716244e-04 -2.121509649880137793e-02 -2.659875827035110664e-04 9.999997536494971140e-01 -6.495780258120477510e-04 -4.140741486932256188e-02 1.625996245951107728e-04 6.496212896756417294e-04 9.999997757767178364e-01 -1.370389982352328458e-02
9.999999495506904923e-01 2.944116892315109591e-04 -1.192491064145383644e-04 -2.480925667455124300e-02 -2.944613500944099358e-04 9.999998698505344619e-01 -4.166431218818820439e-04 -2.658298612981404088e-02 1.191264262879236185e-04 4.166782151137166860e-04 9.999999060940454321e-01 -1.769758061431206744e-02
9.999999362987883611e-01 3.536949602257910704e-04 4.798194940440735225e-05 -3.749220779891057620e-02 -3.536861702868281782e-04 9.999999206943558372e-01 -1.830776909283369461e-04 -4.952476146598667334e-02 -4.804669925683125115e-05 1.830607087123762460e-04 9.999999820901136482e-01 -1.292852348813532982e-02
9.999999599957704044e-01 2.720740958342358624e-04 -7.735706317066333275e-05 -2.910410533236549788e-02 -2.721128906511763182e-04 9.999998370075842136e-01 -5.019357020109375652e-04 -3.973383745913824233e-02 7.722048685871245289e-05 5.019567317836610282e-04 9.999998710381758915e-01 -9.741550977296823191e-03
9.999999636238580125e-01 2.603693761577021413e-04 7.042754670893437133e-05 -3.636280153422310341e-02 -2.603308486818736072e-04 9.999998167782278014e-01 -5.465084008891602126e-04 -4.037439172498140383e-02 -7.056982785753584107e-05 5.464900465444857752e-04 9.999998481842173881e-01 -7.597680980590883551e-03
9.999999794486343907e-01 1.299279677291913552e-04 -1.556323224049514537e-04 -3.106090136801871460e-02 -1.299925927692324333e-04 9.999999053124516424e-01 -4.153036100642769866e-04 -4.028380880925016422e-02 1.555783481133895076e-04 4.153238325764885405e-04 9.999999016507045146e-01 -9.783591538997302856e-03
9.999999653604725314e-01 2.631589423737405557e-04 -5.136947553182713393e-06 -3.658269216069737206e-02 -2.631606082849699958e-04 9.999999118964955080e-01 -3.270375721056833227e-04 -3.658886634000687449e-02 5.050884237921535099e-06 3.270389126177108215e-04 9.999999465099801421e-01 -1.241028805022287643e-02
9.999999805792680885e-01 1.681458984167950030e-04 -1.028026333628869404e-04 -3.115470921447562047e-02 -1.681942555596996867e-04 9.999998751417583653e-01 -4.705605610853729544e-04 -4.211076693594333065e-02 1.027234976977627349e-04 4.705778427573922645e-04 9.999998840021432356e-01 -9.075195139386052490e-03
9.999999789533695616e-01 1.926182038868916140e-04 -7.065017327352199155e-05 -3.517601973778498176e-02 -1.926490803689632797e-04 9.999998858331823337e-01 -4.372871351825118481e-04 -4.055297720652123461e-02 7.056593574403127820e-05 4.373007366682773274e-04 9.999999018942128393e-01 -9.219339575519236440e-03
9.999999806653777634e-01 1.695654831942219865e-04 -9.958286878743513723e-05 -3.355307254400895223e-02 -1.696183649528745492e-04 9.999998444938618114e-01 -5.312644820769922994e-04 -4.103433560219865717e-02 9.949276918211539633e-05 5.312813628868753727e-04 9.999998539205999792e-01 -1.009542445515511713e-02
9.999999659376068717e-01 2.404473915706421187e-04 -1.015371453557450054e-04 -3.796587215407520172e-02 -2.404996305280723563e-04 9.999998385793511524e-01 -5.147827600038020575e-04 -4.329713660151765509e-02 1.014133507927874906e-04 5.148071621133260651e-04 9.999998623444079637e-01 -7.809197265126403831e-03
9.999999812385008680e-01 1.937072249963959114e-04 -6.799310838341354269e-07 -3.722918500462730346e-02 -1.937075368194583996e-04 9.999998595875018159e-01 -4.932569921835494803e-04 -4.392059823555115317e-02 5.843835443582164676e-07 4.932571146354136670e-04 9.999998783484885800e-01 -9.057456329860734401e-03
9.999999826018478588e-01 1.817364579965065742e-04 -4.204895559201818150e-05 -4.073951699300053242e-02 -1.817605270191159780e-04 9.999998192537197239e-01 -5.731105781598355925e-04 -4.374967805293944467e-02 4.194479290453591010e-05 5.731182110274685680e-04 9.999998348880180243e-01 -7.539549018291749616e-03
9.999999942310556778e-01 9.459383161190169041e-05 -5.089051102013883188e-05 -3.876984979871948844e-02 -9.461750996112313998e-05 9.999998871884293594e-01 -4.654790587989253436e-04 -4.608832693432884930e-02 5.084647383073207731e-05 4.654838712454223665e-04 9.999998903696505348e-01 -7.302405775980399388e-03
9.999999816942726216e-01 1.250923490138480831e-04 -1.447871001438730742e-04 -3.875382881886736686e-02 -1.251582472339159537e-04 9.999998885555093642e-01 -4.552191598040928981e-04 -4.669220660569468884e-02 1.447301395735338067e-04 4.552372727691097001e-04 9.999998859060543754e-01 -5.793695490486922527e-03
9.999999880558494425e-01 1.416973047067354111e-04 6.172614647706928226e-05 -4.645497227098657755e-02 -1.416833021927842563e-04 9.999999642451093962e-01 -2.267944574071651743e-04 -4.953050163608804790e-02 -6.175828043389721463e-05 2.267857091325441263e-04 9.999999723770317539e-01 -7.311873458150690112e-03
9.999999856559111944e-01 1.499139578718921282e-04 -7.882843312191121859e-05 -4.222317266216570053e-02 -1.499404706485686113e-04 9.999999321641126482e-01 -3.364368183776263155e-04 -4.643510966144637903e-02 7.877799119905776280e-05 3.364486331227290361e-04 9.999999402981236685e-01 -5.218774742499159187e-03
9.999999873088939450e-01 1.393376343089074935e-04 7.724747108045607090e-05 -4.795989148912280925e-02 -1.392974848737419920e-04 9.999998553513329558e-01 -5.195128822361283049e-04 -4.657555240939489916e-02 -7.731984760306226411e-05 5.195021152632719368e-04 9.999998620695391693e-01 -7.847098737607974966e-03
9.999999813938050819e-01 1.875329948377133947e-04 -4.520728570709645918e-05 -5.055740894476590946e-02 -1.875462320517667957e-04 9.999999394931136099e-01 -2.929851436591044160e-04 -4.932449994941601190e-02 4.515233859005407638e-05 2.929936166627159183e-04 9.999999560579535540e-01 -8.091131268019000761e-03
9.999999587992900452e-01 2.645662066131596740e-04 -1.113825462951162251e-04 -5.072363722599391306e-02 -2.646310161325242253e-04 9.999997954765164065e-01 -5.822520667530723705e-04 -4.956051707892225600e-02 1.112284792939930572e-04 5.822815180392984470e-04 9.999998242881642518e-01 -8.947839031362560952e-03
9.999999844114195735e-01 1.765661701237232039e-04 1.215152939421951467e-06 -5.000254232821333550e-02 -1.765655632187564377e-04 9.999998679907780019e-01 -4.825382385989984355e-04 -5.257205776332377067e-02 -1.300352707864492778e-06 4.825380165218901593e-04 9.999998835776281458e-01 -5.962280310468318079e-03
9.999999779383788034e-01 6.676680884122063533e-05 -1.991616470711614090e-04 -4.855210142037882926e-02 -6.687979745007177786e-05 9.999998368101604695e-01 -5.673683751578064653e-04 -5.128460037929643417e-02 1.991237331940794218e-04 5.673816825306372000e-04 9.999998192138143116e-01 -6.563318719990055700e-03
9.999999985115436418e-01 2.569522718487911135e-05 4.813098611526489957e-05 -5.117957831718637079e-02 -2.567166130662349103e-05 9.999998798377489617e-01 -4.895565193986249532e-04 -5.567746378025398984e-02 -4.814355959770739535e-05 4.895552830669642076e-04 9.999998790088504563e-01 -6.615509653448926365e-03
9.999999827455360313e-01 1.669471975762426650e-04 -8.147074684361764766e-05 -5.252381235686716388e-02 -1.669854626951343781e-04 9.999998756556559565e-01 -4.698985672327226585e-04 -5.428424731142453274e-02 8.139228846438694885e-05 4.699121635547269548e-04 9.999998862788658238e-01 -5.318387852525289020e-03
9.999999913021738740e-01 1.279603337738516170e-04 -3.196442236760791686e-05 -5.241900315817009381e-02 -1.279736162356095541e-04 9.999999053321996234e-01 -4.158827776703877895e-04 -5.472080584997926489e-02 3.191120284289203948e-05 4.158868646554534873e-04 9.999999130098354838e-01 -7.897805189111702789e-03
9.999999877134635451e-01 1.467758237724994905e-04 5.504404425530579021e-05 -5.854756922559284371e-02 -1.467566082397568216e-04 9.999999283532721162e-01 -3.489356567294890198e-04 -5.698637791777294570e-02 -5.509525562945609325e-05 3.489275743647857284e-04 9.999999376069707013e-01 -8.655048741902392206e-03
9.999999917917725689e-01 1.010030965871748851e-04 7.883364095260264755e-05 -6.017978171821885408e-02 -1.009535658565163682e-04 9.999997976834968938e-01 -6.280457711639301664e-04 -5.301093248811147157e-02 -7.889705957010161876e-05 6.280378074715623968e-04 9.999997996718040794e-01 -5.440887084682695038e-03
9.999999917007351691e-01 1.223378797701938476e-04 -4.039657891683869285e-05 -6.074255695254200671e-02 -1.223628811698328927e-04 9.999998006376600301e-01 -6.194772941678389645e-04 -5.569405215565902123e-02 4.032078532565986267e-05 6.194822320685059889e-04 9.999998073079202632e-01 -6.028171118608631300e-03
9.999999990370719294e-01 -3.258850729015136031e-05 2.938967973792348920e-05 -6.130762642392087458e-02 3.261144981683297505e-05 9.999996945111286895e-01 -7.809701017401692123e-04 -5.945357033174754335e-02 -2.936422010844497149e-05 7.809710594284527060e-04 9.999996946108651308e-01 -1.404129774179595051e-03
9.999999988110569449e-01 3.082641894061141532e-05 -3.778257332349613224e-05 -6.480227250532266670e-02 -3.085001489227929519e-05 9.999998044130418151e-01 -6.246777703175238755e-04 -5.913671977503515143e-02 3.776330935680302306e-05 6.246789351681490124e-04 9.999998041749981192e-01 -5.487024984801361187e-03
9.999999946583980615e-01 8.427777814012436352e-05 5.983612756555473241e-05 -6.830911124244463950e-02 -8.423514964702659121e-05 9.999997429330766963e-01 -7.120662800168611750e-04 -6.032285629102254743e-02 -5.989612354554854450e-05 7.120612359087520040e-04 9.999997446905284360e-01 -4.310175921889096602e-03
9.999999938735132377e-01 8.643785650539079440e-05 -6.914744535337853160e-05 -6.461833680658073120e-02 -8.647674689946034709e-05 9.999998379893380029e-01 -5.626217580684872346e-04 -6.064418810528687115e-02 6.909880233441241786e-05 5.626277342685128595e-04 9.999998393376153816e-01 -5.670483118437037555e-03
9.999999981979390551e-01 -3.651975519587945815e-05 -4.764792948942252258e-05 -6.349264169066445862e-02 3.649384358259269374e-05 9.999998515285720702e-01 -5.437013991532997723e-04 -6.367079455512618391e-02 4.766777825990416319e-05 5.436996593184344022e-04 9.999998510591535661e-01 -5.074018656458056768e-03
9.999999994536746817e-01 2.431206116867850418e-05 -2.239345685381444341e-05 -6.657284711284701395e-02 -2.432222200062266325e-05 9.999998967134106076e-01 -4.538521577639503726e-04 -6.384081774110789143e-02 2.238242046273016792e-05 4.538527021758346526e-04 9.999998967583023646e-01 -5.753743860730716267e-03
9.999999975506406180e-01 -4.646223994419163494e-05 -5.234374844376099773e-05 -6.930934610603416146e-02 4.642604965073368487e-05 9.999997600535779352e-01 -6.911856454340251045e-04 -6.434714241943012558e-02 5.237584992110989001e-05 6.911832136290772637e-04 9.999997597611690603e-01 -4.921745496826639664e-03
9.999999851847510834e-01 1.671568340153897195e-04 4.109715338157598444e-05 -7.152070604686941446e-02 -1.671362876758990192e-04 9.999998613116659607e-01 -4.994419917020149861e-04 -6.650628759188834116e-02 -4.118063281976782838e-05 4.994351154786776234e-04 9.999998744342811774e-01 -5.982707710517466346e-03
9.999999813978837082e-01 -1.259219372746003829e-04 -1.461087929842315469e-04 -6.809455294766983413e-02 1.258206544271878267e-04 9.999997519575455351e-01 -6.930037579582918120e-04 -6.755278137891204682e-02 1.461960211234560329e-04 6.929853615649647289e-04 9.999997491989017773e-01 -2.626994639266000062e-03
9.999999951299508583e-01 9.625578927457445510e-05 2.178986799900533802e-05 -7.395599721722004305e-02 -9.624740955214148349e-05 9.999999215461526925e-01 -3.842451402591107136e-04 -6.741523317902257950e-02 -2.182685210358231882e-05 3.842430411715477118e-04 9.999999259403598018e-01 -5.508526924999696331e-03
9.999999972293472927e-01 -7.429697645206710622e-05 4.597562535513339209e-06 -7.280766233702476442e-02 7.429989391056860141e-05 9.999997938096230055e-01 -6.378561315912432321e-04 -6.836729626689803940e-02 -4.550170799946799585e-06 6.378564714247379102e-04 9.999997965591123084e-01 -3.093937777860315819e-03
9.999999833410135874e-01 -1.721202708273751191e-04 -6.076556589927812647e-05 -7.376144470346060467e-02 1.720770805285440916e-04 9.999997331020021862e-01 -7.100602890015982483e-04 -7.008427489787082132e-02 6.088776545628634296e-05 7.100498208141200465e-04 9.999997460608565092e-01 -3.925702008338529184e-03
9.999999824476967225e-01 -1.612309520149302132e-04 9.544135199125811791e-05 -7.627742763167288942e-02 1.613079816275831660e-04 9.999996608553324284e-01 -8.076318288610893079e-04 -6.938916186453385204e-02 -9.531110436781191483e-05 8.076472101399173901e-04 9.999996693107553458e-01 -4.171025353006847791e-04
9.999999995170676392e-01 -2.796580052836567025e-05 1.355140617309172162e-05 -7.799664955415235024e-02 2.797454748018921177e-05 9.999997910181986915e-01 -6.458956606024021619e-04 -6.843989548867991657e-02 -1.353334034516260980e-05 6.458960393878086315e-04 9.999997913174756281e-01 -2.210318753375444673e-03
9.999999995010203646e-01 3.345969908285735898e-07 3.158649275570733008e-05 -7.856225998015933798e-02 -3.158484951586310128e-07 9.999998238438726483e-01 -5.935590537070308068e-04 -7.086799689474290731e-02 -3.158668578752052685e-05 5.935590434373304606e-04 9.999998233448745832e-01 -4.775987969609450656e-03
9.999999927774058106e-01 -9.135486357063923955e-05 7.809822906082393478e-05 -7.929558002358033653e-02 9.139234048161265272e-05 9.999998806237150317e-01 -4.800002371261214307e-04 -7.427364583195382453e-02 -7.805436937403676398e-05 4.800073712423598925e-04 9.999998817501295489e-01 -5.620567797711374311e-03
9.999999874251654930e-01 -1.374171260728097464e-04 -7.915842007905623341e-05 -7.671611977286815764e-02 1.373766818316396042e-04 9.999998601532423814e-01 -5.107067464274600826e-04 -7.515833597502519225e-02 7.922858887026573574e-05 5.106958654876766731e-04 9.999998664561886574e-01 -2.497427734981533948e-03
9.999999970449638953e-01 -7.619954966521928536e-05 1.017599236419691007e-05 -8.213726853986445808e-02 7.620772178530309997e-05 9.999996726742164110e-01 -8.055085885816377737e-04 -7.211559089177443926e-02 -1.011460963331333211e-05 8.055093616942421994e-04 9.999996755260431858e-01 -3.720941599715612419e-03
9.999999965891529508e-01 -5.020786430120642617e-05 -6.557981607551875616e-05 -8.336802208804323933e-02 5.018804173711844199e-05 9.999999530683932880e-01 -3.022327253673526520e-04 -7.765575612260515459e-02 6.559498746614243335e-05 3.022294330177780972e-04 9.999999521772453548e-01 -5.223063334152323878e-03
9.999999837060215002e-01 -1.044500085217246174e-04 -1.472345004819641335e-04 -8.352463247744996988e-02 1.043553978019651419e-04 9.999997881863529336e-01 -6.424464603932234039e-04 -7.772072232158970528e-02 1.473015728430910145e-04 6.424310852145695069e-04 9.999997827921610627e-01 -2.411055921944680810e-03
9.999999932645208256e-01 -6.532409506925193642e-05 9.593520957219357889e-05 -8.656479733804001153e-02 6.538008022704178048e-05 9.999998275184166507e-01 -5.836855676340493761e-04 -7.736505012174792195e-02 -9.589706428401916839e-05 5.836918359588239794e-04 9.999998250536905608e-01 -2.646144494790914417e-03
9.999999937174302023e-01 -1.070563179636268767e-04 -3.322536174868160924e-05 -8.379243824564762411e-02 1.070342160053477693e-04 9.999997734895078594e-01 -6.645034798798683633e-04 -7.505090273566897285e-02 3.329649352862043793e-05 6.644999194593047363e-04 9.999997786654829524e-01 -3.999195417337940775e-03
9.999999881512569022e-01 -1.539214613664527246e-04 -2.346772611837064202e-06 -8.490534348372459628e-02 1.539198096424436934e-04 9.999997512852335513e-01 -6.882865928190103283e-04 -7.769811264770787318e-02 2.452714116792415627e-06 6.882862234539640755e-04 9.999997631279066157e-01 2.187384020239432209e-04
9.999999836109578766e-01 -1.636284032280061330e-04 -7.748331255143245193e-05 -8.728478010125333142e-02 1.635818867881444266e-04 9.999998066401093455e-01 -5.999674870395654402e-04 -8.151676606719568396e-02 7.758146930198933395e-05 5.999548023455807989e-04 9.999998170175616874e-01 -2.886586081050433739e-03
9.999999810277340195e-01 -1.630393819227620746e-04 -1.065951336501028579e-04 -8.415307875400127036e-02 1.629853378180116680e-04 9.999998582869844554e-01 -5.068156181381694263e-04 -8.030897192544972363e-02 1.066777494605476538e-04 5.067982350844921647e-04 9.999998658875951518e-01 -3.351019246143886743e-03
9.999999893208992852e-01 -1.455991306008242630e-04 1.260643808499900315e-05 -8.977942941375488539e-02 1.456062650704368201e-04 9.999998282008100148e-01 -5.678005379539171216e-04 -8.185571243624681359e-02 -1.252376464289879144e-05 5.678023674726544743e-04 9.999998387216991746e-01 -1.195977397607387097e-03
9.999999554562090109e-01 -2.983635912749054504e-04 -8.159132908605278619e-06 -8.965516048736203725e-02 2.983586588125277305e-04 9.999997766928375720e-01 -5.979938755147158527e-04 -8.409735673605202300e-02 8.337550698921480474e-06 5.979914145361444255e-04 9.999998211682574745e-01 -1.823912782051805709e-03
9.999999597334627843e-01 -2.639446823639624864e-04 1.042405788552836708e-04 -9.979403839251589636e-02 2.640280612682894060e-04 9.999996446100926084e-01 -8.006679497398431090e-04 -8.440948854439753180e-02 -1.040292097490468965e-04 8.006954399443701360e-04 9.999996740322095734e-01 2.993806372528724780e-03
9.999999519649022117e-01 -2.884577847232991919e-04 1.134112737286980220e-04 -9.659938384855094873e-02 2.885167768433759229e-04 9.999998229246120918e-01 -5.204893016461029087e-04 -8.303613021800532179e-02 -1.132611144424382042e-04 5.205219977064667316e-04 9.999998581142677256e-01 -2.287049915201934402e-03
9.999999955358391812e-01 -8.026043098059141873e-05 4.986380547247161921e-05 -9.913432702722176082e-02 8.028776074938992783e-05 9.999998464449616487e-01 -5.483285809463250620e-04 -8.264142934614052138e-02 -4.981978871389069189e-05 5.483325819590910595e-04 9.999998484245631314e-01 -2.810068902709239591e-03
9.999999461270753232e-01 -2.606130678194095731e-04 -1.995657444151649452e-04 -9.213108867761916898e-02 2.605046122215713428e-04 9.999998184861499384e-01 -5.432911950798203528e-04 -8.813037180036246976e-02 1.997072969903367870e-04 5.432391780219224470e-04 9.999998325039698432e-01 -2.957178806691313985e-03
9.999999612607505250e-01 -2.771415561593669951e-04 2.590102511140422953e-05 -1.011428332146205450e-01 2.771598088358165411e-04 9.999997113961335282e-01 -7.073827840442116054e-04 -8.766787838132510113e-02 -2.570497245604016925e-05 7.073899353720581283e-04 9.999997494692217659e-01 1.863362063807700794e-03
9.999999781527767473e-01 -1.844368842756922283e-04 9.837319820307180874e-05 -1.025695677865894051e-01 1.844888702924104434e-04 9.999998432148062832e-01 -5.287102588376112276e-04 -8.709567306175600154e-02 -9.827566909159812954e-05 5.287283960554701144e-04 9.999998553939617452e-01 -1.909186720335225712e-03
9.999999785600961477e-01 -1.858635255423893436e-04 9.129270406442003898e-05 -1.055459076771298188e-01 1.859478283866054869e-04 9.999995555502207978e-01 -9.242959964629610808e-04 -8.884210784106463810e-02 -9.112087056112582730e-05 9.243129523352816481e-04 9.999995686710656528e-01 1.701763874998709139e-03
9.999999778138330964e-01 -1.597528988526188121e-04 1.372994620360701171e-04 -1.050173640038795098e-01 1.598756404804420350e-04 9.999995872221325577e-01 -8.944247713893399912e-04 -8.900620355797234096e-02 -1.371565183955955874e-04 8.944467023943934291e-04 9.999995905763893189e-01 4.387973323279462101e-03
9.999999810550133095e-01 -1.896918196557245836e-04 4.366670540856382833e-05 -1.066363140003039334e-01 1.897132936075572303e-04 9.999998608288300783e-01 -4.922921064468027295e-04 -9.012885738714844497e-02 -4.357331552919617955e-05 4.923003812845977390e-04 9.999998778707207547e-01 -8.774239099103263440e-04
9.999999287644462109e-01 -3.678364931697722926e-04 -8.465936670458765190e-05 -1.052716967974249435e-01 3.677627011112555798e-04 9.999995539201727013e-01 -8.700059692787712618e-04 -9.078864866413093038e-02 8.497934890177597444e-05 8.699747727563866872e-04 9.999996179610047831e-01 2.685437431136732805e-03
9.999999765323180911e-01 -2.136154327306318793e-04 3.610538523821862510e-05 -1.116222179255029062e-01 2.136462795853494268e-04 9.999996103619388510e-01 -8.565229576030972646e-04 -9.304306837581927114e-02 -3.592240463017789409e-05 8.565306512945577684e-04 9.999996325322172419e-01 2.910442980885311840e-03
9.999999371814025650e-01 -2.709444913423156428e-04 2.285302134884589624e-04 -1.125808624969673322e-01 2.710828621331569290e-04 9.999997798403420513e-01 -6.056679719493566648e-04 -9.370297807229725773e-02 -2.283660607564168537e-04 6.057298845377019278e-04 9.999997904699728934e-01 3.724217629258869122e-03
9.999999426253017853e-01 -3.377264416046432596e-04 -2.626833687239942818e-05 -1.109288480824436318e-01 3.377005653297743899e-04 9.999994638386623391e-01 -9.789183126278876157e-04 -9.334869747135050855e-02 2.659892940550421609e-05 9.789093856423472951e-04 9.999995205142089283e-01 2.868433127595585667e-03
9.999998884603142901e-01 -4.503645757630015930e-04 -1.423056109403461784e-04 -1.081974747230542155e-01 4.502356570644119415e-04 9.999994894342558727e-01 -9.046653700052649516e-04 -9.686537340941182850e-02 1.427129675388657019e-04 9.046011980511815690e-04 9.999995806646185814e-01 2.920162672821211523e-03
9.999999338521476933e-01 -3.618466860579621540e-04 -3.691140934989863617e-05 -1.131632295696604062e-01 3.618143135015971482e-04 9.999995532171815915e-01 -8.733018923250991661e-04 -9.393991436991495914e-02 3.722739427403272145e-05 8.732884794945571828e-04 9.999996179904673266e-01 3.342256952187721945e-03
9.999999309631137923e-01 -3.686061698859910722e-04 -4.693647522037013454e-05 -1.106879618039090379e-01 3.685629311482515615e-04 9.999995107939585459e-01 -9.179180622801943372e-04 -9.654151439071456675e-02 4.727480254038266873e-05 9.179006998783215609e-04 9.999995776114714019e-01 3.799858893208381098e-03
9.999999276822635341e-01 -3.802383018706306252e-04 -7.353395933077868738e-06 -1.145481604660792407e-01 3.802324991399423106e-04 9.999996284472019159e-01 -7.736466046367094195e-04 -9.743897864486353311e-02 7.647563293107069191e-06 7.736437527018462379e-04 9.999997007082436218e-01 2.048024872567792178e-03
9.999999519754723121e-01 -3.098723113450181166e-04 5.288788130141922923e-06 -1.125973154984512559e-01 3.098752842416658323e-04 9.999997885737540448e-01 -5.716905837903896431e-04 -1.008175723023683190e-01 -5.111635907835492362e-06 5.716921952139121478e-04 9.999998365707957193e-01 4.641281218998315715e-03
9.999999598675414214e-01 -2.832829944542209996e-04 3.927469064196956861e-06 -1.178525322402448061e-01 2.832859145212998707e-04 9.999996675787711231e-01 -7.645860380975271278e-04 -9.950456601899121400e-02 -3.710873514177535324e-06 7.645871200239731311e-04 9.999997076961941733e-01 2.485212544019787650e-03
9.999999197710832677e-01 -3.954531206719238794e-04 6.383116544741083661e-05 -1.209677774767182329e-01 3.954815652546888032e-04 9.999998222381972779e-01 -4.462267149663968840e-04 -1.042171717285416410e-01 -6.365469233110307543e-05 4.462519232301199513e-04 9.999998984034973448e-01 2.447210472612298265e-03
9.999999496642363317e-01 -3.125653332148541465e-04 5.453618719131998825e-05 -1.184550914566443597e-01 3.126109385455242340e-04 9.999995998097237493e-01 -8.382452936106857266e-04 -1.008195839080065076e-01 -5.427415892385395121e-05 8.382623000410259788e-04 9.999996471851037017e-01 3.695911592653795038e-03
9.999999328161620626e-01 -3.367107554627260611e-04 1.448906280005670527e-04 -1.233940014890247960e-01 3.368205385885485333e-04 9.999996557359115412e-01 -7.583405342708301935e-04 -1.000905609219233106e-01 -1.446352366820924092e-04 7.583892854777481499e-04 9.999997019629734973e-01 3.511102154415765651e-03
9.999999087499454875e-01 -4.199782442951674249e-04 7.821846419322436123e-05 -1.248497022693854097e-01 4.200400665062777495e-04 9.999995981141772683e-01 -7.920468495279141870e-04 -1.029484601303131130e-01 -7.788579028888892644e-05 7.920796321587335667e-04 9.999996832716258055e-01 2.804267244825701423e-03
9.999999332453832768e-01 -3.593079548305212973e-04 6.638353214529361447e-05 -1.211069422259801465e-01 3.593491744446555163e-04 9.999997420129665970e-01 -6.219666870129729333e-04 -1.019380679012190927e-01 -6.616003741616428662e-05 6.219905003778721658e-04 9.999998043751583410e-01 3.660124284601427337e-03
9.999998967490985047e-01 -4.445842259802837318e-04 9.405533603875336230e-05 -1.262401432734773787e-01 4.446722811803265952e-04 9.999994609614417662e-01 -9.382663693282226186e-04 -1.061924110470237742e-01 -9.363814688632961074e-05 9.383080962693552286e-04 9.999995554046504642e-01 3.855668388357555779e-03
9.999999081618785590e-01 -4.273460341432659031e-04 3.242448960221851537e-05 -1.258225807290962173e-01 4.273640163859717452e-04 9.999997537650837653e-01 -5.566238973165896437e-04 -1.052429480710821846e-01 -3.218661057714576168e-05 5.566377032747955129e-04 9.999998445590730922e-01 2.130161920473205676e-03
9.999999190313251241e-01 -3.998203809659729106e-04 4.561522838921586750e-05 -1.306104800432701385e-01 3.998628790275434775e-04 9.999994824834528284e-01 -9.354907275017169390e-04 -1.063918785067633627e-01 -4.524117649693310596e-05 9.355088916108304569e-04 9.999995613879173462e-01 5.114907886548031302e-03
9.999999043230147766e-01 -4.265889698108451178e-04 9.682743517660459044e-05 -1.315870439485645471e-01 4.266358915087538881e-04 9.999997913354484735e-01 -4.850889355627654434e-04 -1.089461969165293337e-01 -9.662048135568540672e-05 4.851301992282558125e-04 9.999998776564154035e-01 2.927758719840676139e-03
9.999998934891479729e-01 -4.597237524663629169e-04 4.093288725889868336e-05 -1.328108743103321165e-01 4.597606358763079099e-04 9.999994841931442169e-01 -9.056677134261714116e-04 -1.093365089269607709e-01 -4.051650915799915838e-05 9.056864363118466259e-04 9.999995890449960845e-01 4.371745955648485490e-03
9.999998675012786720e-01 -4.962064643420915910e-04 1.370266557588732811e-04 -1.312575233130905961e-01 4.963014804881841699e-04 9.999996358492493354e-01 -6.942525597689566848e-04 -1.092088574938190199e-01 -1.366821132241365316e-04 6.943204743326562758e-04 9.999997496183408163e-01 3.419462002643181529e-03
9.999999072991160309e-01 -4.305219281447590814e-04 7.236054516505188049e-06 -1.330239820756091429e-01 4.305270936274135408e-04 9.999996410957490145e-01 -7.296952826845394448e-04 -1.117408147623901588e-01 -6.921902070447507677e-06 7.296983303782752801e-04 9.999997337460124758e-01 2.509920707410862647e-03
9.999999001086704586e-01 -4.457966684758124499e-04 3.236832991294625168e-05 -1.314589280547641958e-01 4.458172180613108608e-04 9.999996973180459436e-01 -6.376607553856747639e-04 -1.137120248248149890e-01 -3.208405304571782212e-05 6.376751220676878627e-04 9.999997961703340765e-01 8.855351880475426096e-03
9.999999176213345553e-01 -4.056360834730268479e-04 -1.471115369221253667e-05 -1.324209962625061687e-01 4.056225375231855895e-04 9.999995042363863940e-01 -9.093941703471218260e-04 -1.084536223923267817e-01 1.508002951867318046e-05 9.093881282775284798e-04 9.999995863926532946e-01 4.903421230079673017e-03
9.999999138479801486e-01 -3.981367594818661210e-04 1.174345611768967007e-04 -1.376310466329796756e-01 3.982234165052355324e-04 9.999996477818836604e-01 -7.388197631756807885e-04 -1.140451614128589058e-01 -1.171403684772232955e-04 7.388664647379550657e-04 9.999997201770257638e-01 2.660720395403257110e-03
9.999998717836157125e-01 -5.048678344429586217e-04 3.925482760879058837e-05 -1.378424658404640291e-01 5.048894665537875847e-04 9.999997196243717301e-01 -5.530264293911669104e-04 -1.172641984667749243e-01 -3.897561131555354923e-05 5.530461778542805282e-04 9.999998463102235391e-01 4.318165447063100626e-03
9.999998645738403802e-01 -5.166341581940133093e-04 6.277868581678095698e-05 -1.407217876720314731e-01 5.166780356163852908e-04 9.999996208718836543e-01 -7.009281903399879879e-04 -1.148328605933774116e-01 -6.241653853809367013e-05 7.009605318057031366e-04 9.999997523790434828e-01 2.958503392093881582e-03
9.999998552077851155e-01 -5.341772801435991196e-04 -6.510571793555034554e-05 -1.351160018239198901e-01 5.341240660584324574e-04 9.999995255339176881e-01 -8.146433931819641863e-04 -1.159095613576852229e-01 6.554085106972370057e-05 8.146085007192985748e-04 9.999996660584560271e-01 7.326387536277420218e-03
9.999998407425848557e-01 -5.612578193349812734e-04 5.919605391392285997e-05 -1.433767573619827429e-01 5.612905485443629152e-04 9.999996888325057842e-01 -5.543358671791065017e-04 -1.191251160672281151e-01 -5.888491012076452641e-05 5.543690051049737126e-04 9.999998446035905930e-01 3.638914785886396795e-03
9.999998854633177503e-01 -4.132722705464662079e-04 2.414106153542826738e-04 -1.508025641685747098e-01 4.134566744378335773e-04 9.999996224418825630e-01 -7.643102236749959840e-04 -1.175106212711476972e-01 -2.410946559522400817e-04 7.644099489865272381e-04 9.999996787751609384e-01 6.306680148945215808e-03
9.999997918035752331e-01 -6.376704325694994378e-04 9.883787380187027257e-05 -1.439043153085917959e-01 6.377531182772803488e-04 9.999994448278037851e-01 -8.388179168898453547e-04 -1.208123085995531643e-01 -9.830292951136227039e-05 8.388807764364094883e-04 9.999996433075371005e-01 6.174792273499583352e-03
9.999998215267986712e-01 -5.914035802159019108e-04 8.478131624595370024e-05 -1.438171379918921355e-01 5.914659884106286290e-04 9.999995527747740365e-01 -7.379828559060710438e-04 -1.192881556318260011e-01 -8.434483259131220982e-05 7.380328694844083114e-04 9.999997240964887402e-01 5.926073732267272444e-03
9.999998300773914606e-01 -5.790638421945391466e-04 6.730487225002708038e-05 -1.435434261939033951e-01 5.791141315423762063e-04 9.999995513742877540e-01 -7.495855595233574288e-04 -1.209317396515321441e-01 -6.687078412537639357e-05 7.496244093782921747e-04 9.999997167955401167e-01 4.464981103462170933e-03
9.999998473934011978e-01 -5.521983308267205655e-04 -1.702542627456008094e-05 -1.485483620941469574e-01 5.521846171192789070e-04 9.999995313497962446e-01 -7.952312915260200971e-04 -1.228862648573960242e-01 1.746454372385948574e-05 7.952217690141784355e-04 9.999996836584205129e-01 6.374723463819263053e-03
9.999998050712193276e-01 -6.231917953923941369e-04 3.859004813862926053e-05 -1.503035056273441805e-01 6.232326313942099585e-04 9.999992361309750777e-01 -1.067388883841511758e-03 -1.219585597726242227e-01 -3.792483062881748206e-05 1.067412726378670325e-03 9.999994295955314527e-01 9.195077868590362247e-03
9.999998348938062831e-01 -5.678420464381598925e-04 8.813312958838650797e-05 -1.480587276274577535e-01 5.679188030066401787e-04 9.999994573650888841e-01 -8.733488662803645273e-04 -1.229885019924562284e-01 -8.763715751888784082e-05 8.733987745715167915e-04 9.999996147468834806e-01 7.363495646203183261e-03
9.999997250559289341e-01 -7.412610605760364861e-04 2.048855016816266282e-05 -1.517119461459921492e-01 7.412843549225908149e-04 9.999990508970931780e-01 -1.161336688835673189e-03 -1.260617797851364963e-01 -1.962767701812077799e-05 1.161351557400278414e-03 9.999993254382307795e-01 7.904898049766686044e-03
9.999998111080612428e-01 -6.068739529038924725e-04 9.740389059693250735e-05 -1.491275317058582683e-01 6.069495857542286151e-04 9.999995128955992962e-01 -7.783452046453754637e-04 -1.235823920033428669e-01 -9.693148568056839207e-05 7.784041768989832105e-04 9.999996923453644548e-01 7.849137069136469941e-03
9.999998385881891938e-01 -5.637595977561119095e-04 -7.069920740469036826e-05 -1.480438011917541985e-01 5.636950998191289988e-04 9.999994279729558233e-01 -9.090116033352733851e-04 -1.227697997300119526e-01 7.121163101884802043e-05 9.089716038394379327e-04 9.999995843494747794e-01 6.655007415666709496e-03
9.999997674768448253e-01 -6.703542566460722997e-04 1.251842239119874481e-04 -1.558613176498224451e-01 6.704489756623889084e-04 9.999994878652881392e-01 -7.581344460787080861e-04 -1.287973681067313692e-01 -1.246759411067727607e-04 7.582181994560129685e-04 9.999997047802881012e-01 8.118023487703488958e-03
9.999997820807422499e-01 -6.598074842783231654e-04 2.218582713172565535e-05 -1.557527787525053997e-01 6.598266893508423266e-04 9.999993976800446438e-01 -8.770797003777814965e-04 -1.262368257132948923e-01 -2.160710997628305634e-05 8.770941480729790374e-04 9.999996151192142024e-01 7.075414139697085852e-03
9.999997339887520820e-01 -7.258565330643479635e-04 7.179396697589763730e-05 -1.563392379236542007e-01 7.259347545040248156e-04 9.999991363735718508e-01 -1.095568967706866351e-03 -1.293982261156035873e-01 -7.099867903731766716e-05 1.095620794036402442e-03 9.999993972867424752e-01 8.898132054163759852e-03
9.999998119835747934e-01 -6.067981734188569384e-04 8.847848822965795779e-05 -1.597859573995527027e-01 6.068761125413748821e-04 9.999994255357037565e-01 -8.835327809264345448e-04 -1.294430621507315637e-01 -8.794231128064677254e-05 8.835863103164085354e-04 9.999996057704041430e-01 8.731894347954431354e-03
9.999997711194832384e-01 -6.621776982551002373e-04 1.388572081610077880e-04 -1.599591178972363525e-01 6.623138185606150009e-04 9.999992979716948449e-01 -9.825462126734432495e-04 -1.288345141094682234e-01 -1.382064904452464109e-04 9.826379548636542550e-04 9.999995076604759614e-01 9.822517950526578681e-03
9.999997572544503388e-01 -6.521376099339497084e-04 2.453715993764684668e-04 -1.633863267552949361e-01 6.523529435005499637e-04 9.999994013126924930e-01 -8.785274261200382755e-04 -1.314832224798491989e-01 -2.447985316542583339e-04 8.786872817749624785e-04 9.999995839908712991e-01 9.010199261601797502e-03
9.999998235612830300e-01 -5.899215411616516016e-04 6.978264684249974633e-05 -1.636605241291105850e-01 5.899820487219659864e-04 9.999994472779464294e-01 -8.702675084504542464e-04 -1.325325203414402242e-01 -6.926921867603754086e-05 8.703085254393229950e-04 9.999996188821368426e-01 8.323949089157348796e-03
9.999997876320615431e-01 -6.506716713455307265e-04 3.690316739741244866e-05 -1.641574996365577355e-01 6.507099019097690572e-04 9.999992416513985294e-01 -1.045597346888106887e-03 -1.323360529342324787e-01 -3.622279879158296813e-05 1.045621138122477915e-03 9.999994526818074547e-01 9.104635102490226187e-03
9.999997459228561203e-01 -7.060783052359742573e-04 9.801674421380202561e-05 -1.651650363102795116e-01 7.061912347791451288e-04 9.999990814003464346e-01 -1.156932569786814791e-03 -1.319103767814804873e-01 -9.719976913951134680e-05 1.157001494432036712e-03 9.999993259494299735e-01 1.164699916439144479e-02
9.999996963790069859e-01 -7.763010923687327456e-04 6.780955676091349649e-05 -1.662564369233330008e-01 7.763682437360540627e-04 9.999992026719187743e-01 -9.959460086718971254e-04 -1.364731862807789797e-01 -6.703634867106504256e-05 9.959983514982598610e-04 9.999995017463644276e-01 8.733903679232534259e-03
9.999997044622490616e-01 -7.149755402711600221e-04 2.826393737845031887e-04 -1.739374096816643789e-01 7.151491613930973388e-04 9.999995553762870415e-01 -6.146620933753424833e-04 -1.388447680681421381e-01 -2.821997797041347661e-04 6.148640410607375062e-04 9.999997711525031585e-01 7.421696946518853942e-03
9.999997107512932359e-01 -7.504149144122374731e-04 1.239935761827384061e-04 -1.694674711431744807e-01 7.505389524635832938e-04 9.999992149807849229e-01 -1.003359201054073672e-03 -1.348565394523103533e-01 -1.232405430856428825e-04 1.003451972873212802e-03 9.999994889476035986e-01 1.193235327328805856e-02
9.999997562826928865e-01 -6.973067578302891579e-04 3.460429138200430917e-05 -1.679323407575724625e-01 6.973323796932739439e-04 9.999994785899993799e-01 -7.460213682328802011e-04 -1.382062892580690483e-01 -3.408406754573038277e-05 7.460453171382689644e-04 9.999997211270723607e-01 8.612129061267143754e-03
9.999997570409786540e-01 -6.931606416490681448e-04 7.379648118585420608e-05 -1.742991087034309050e-01 6.932168408688593221e-04 9.999994676773420466e-01 -7.642617698463317769e-04 -1.389176942240619439e-01 -7.326668567092424012e-05 7.643127411568048299e-04 9.999997052287502575e-01 9.604924967582336229e-03
9.999997372559807918e-01 -7.240313856596980588e-04 3.558270967168950926e-05 -1.717141560143362056e-01 7.240593441766342286e-04 9.999994241537526474e-01 -7.921053248229795824e-04 -1.390846333963404180e-01 -3.500918001208870730e-05 7.921308807270525335e-04 9.999996856512428645e-01 9.896718946852463283e-03
9.999996293702224648e-01 -8.609605890420835798e-04 -2.425464807117018272e-06 -1.719212012749296581e-01 8.609589402615915607e-04 9.999994414565152034e-01 -6.130554505172919203e-04 -1.439757505435853568e-01 2.953280088683471667e-06 6.130531351068500921e-04 9.999998120783275546e-01 9.298891936026945290e-03
9.999996446706646003e-01 -8.334243410213842355e-04 1.267359777579715101e-04 -1.745934431199225312e-01 8.335208742834037321e-04 9.999993611152165895e-01 -7.635527122483639359e-04 -1.439256565328575488e-01 -1.260995333166715460e-04 7.636580780508965419e-04 9.999997004623578656e-01 9.351245649040112670e-03
9.999996640915419510e-01 -8.061405992053080963e-04 1.481679029675525290e-04 -1.802941143161931326e-01 8.063071564552025568e-04 9.999990392938785666e-01 -1.127510856356521473e-03 -1.419104320251541596e-01 -1.472588282878064983e-04 1.127629946489445197e-03 9.999993533823401393e-01 1.040130726452770903e-02
9.999996592554144526e-01 -8.247895781123615105e-04 3.479641463348984539e-05 -1.754799575274251788e-01 8.248178430746085392e-04 9.999993234273574227e-01 -8.202566695293513413e-04 -1.438950966302008638e-01 -3.411985188118721069e-05 8.202850907679831065e-04 9.999996629838243667e-01 9.304128106671661139e-03
9.999997035994627748e-01 -7.606094591283205216e-04 1.194730715555907842e-04 -1.776381288930767577e-01 7.606894549536161697e-04 9.999994855821611184e-01 -6.709602270320340822e-04 -1.444216124171157634e-01 -1.189626713424313844e-04 6.710509100979911851e-04 9.999997677690304343e-01 9.394544779319462594e-03
9.999997553903212655e-01 -6.976863637179661062e-04 4.952378900396255394e-05 -1.800470717099199036e-01 6.977247887217776032e-04 9.999994522645795358e-01 -7.801610910295526296e-04 -1.478983463958958577e-01 -4.897945406356881478e-05 7.801954542035064236e-04 9.999996944477642646e-01 9.760511409182107828e-03
9.999996932125553295e-01 -7.733910292714744677e-04 1.242605095743294077e-04 -1.838366275478852119e-01 7.735074678852665473e-04 9.999992592749511466e-01 -9.397533838618971156e-04 -1.463554945358399306e-01 -1.235336206338107806e-04 9.398492120237040203e-04 9.999995507111284487e-01 1.008324665004355428e-02
9.999996518883281782e-01 -8.065066919001318262e-04 2.139386234062382226e-04 -1.861173860480067055e-01 8.067119073977730174e-04 9.999992129622014003e-01 -9.608806173755570380e-04 -1.466948897616005276e-01 -2.131634983184714938e-04 9.610528697514238768e-04 9.999995154690131116e-01 1.233532646531403272e-02
9.999996399020554261e-01 -8.485837446217693852e-04 1.004674306722984614e-05 -1.831952221476574050e-01 8.485929858784269737e-04 9.999991804515843130e-01 -9.586379905422246633e-04 -1.463799497137222849e-01 -9.233250154732345103e-06 9.586461709694115438e-04 9.999995404558055245e-01 9.209042948423517422e-03
9.999995934372121198e-01 -8.853210726564622298e-04 1.712645667820050289e-04 -1.849509162562829323e-01 8.855707376010899272e-04 9.999985373569458824e-01 -1.463232428206727095e-03 -1.449320617490692520e-01 -1.699688857161682921e-04 1.463383500235473228e-03 9.999989148088441748e-01 1.547169126117805757e-02
9.999996477296557718e-01 -7.973591170764791338e-04 2.622184942633229128e-04 -1.896249413719723331e-01 7.976603566660719511e-04 9.999990197898627198e-01 -1.150720634477854195e-03 -1.453936140899942386e-01 -2.613006995798887108e-04 1.150929390446776878e-03 9.999993035412774178e-01 1.276538353564943794e-02
9.999996542219524720e-01 -8.018853130502490373e-04 2.203076234452471861e-04 -1.885793202591665996e-01 8.020636673210738282e-04 9.999993497481366456e-01 -8.106774294168862631e-04 -1.505140157413736302e-01 -2.196574097993914706e-04 8.108538498789082940e-04 9.999996471330445669e-01 1.112759870326276643e-02
9.999995428288755983e-01 -9.274283152130515136e-04 2.328481943591604025e-04 -1.891031635162072899e-01 9.276515764343759660e-04 9.999991083958794658e-01 -9.605575070361842098e-04 -1.519593734424601328e-01 -2.319571384532055809e-04 9.607730699281224812e-04 9.999995115551565394e-01 1.270995664263985768e-02
9.999996000610296143e-01 -8.854105849574246158e-04 1.261958424319525190e-04 -1.920675310944310321e-01 8.855483196201649693e-04 9.999990077414345757e-01 -1.095591645132839437e-03 -1.535617588154374880e-01 -1.252256687056137446e-04 1.095702959516198748e-03 9.999993918763718792e-01 1.680601699663426471e-02
9.999994821236583009e-01 -9.759855465198294605e-04 2.884512692462617945e-04 -1.947234492074962631e-01 9.763683630044296029e-04 9.999986389058916902e-01 -1.329996963782899147e-03 -1.513931779993264171e-01 -2.871528187543050136e-04 1.330277909739942819e-03 9.999990739513202609e-01 1.734614073589986136e-02
9.999995861584591861e-01 -8.681227990937655844e-04 2.721125048011478493e-04 -2.020619319611617337e-01 8.684762788498653690e-04 9.999987757854790216e-01 -1.301605640512452488e-03 -1.541314230483911418e-01 -2.709822180750971667e-04 1.301841425147267847e-03 9.999991158881580411e-01 1.462000389024457371e-02
9.999994980260059618e-01 -9.985478082586763705e-04 8.276172514647138262e-05 -1.927548766631796417e-01 9.986575338539868587e-04 9.999986081745841915e-01 -1.336537608095081505e-03 -1.543742250635991298e-01 -8.142701318649100723e-05 1.336619587846344130e-03 9.999991034082358343e-01 1.562392661366412798e-02
9.999995658823835898e-01 -9.087925865102104706e-04 2.057439300759253051e-04 -1.993038204957008064e-01 9.089694317637068499e-04 9.999992161534404511e-01 -8.610852667093127702e-04 -1.571192537652795207e-01 -2.049612208256063679e-04 8.612719078782237045e-04 9.999996081005005921e-01 1.456740956723549807e-02
9.999995025021850559e-01 -9.712599350337089129e-04 2.272641632194363911e-04 -1.992053816406102462e-01 9.715152422137616865e-04 9.999988941480975058e-01 -1.125993553106020232e-03 -1.597126593028226071e-01 -2.261702794008550840e-04 1.126213783563830831e-03 9.999993402443193569e-01 1.590851472229733513e-02
9.999995079225016958e-01 -9.756150835046455702e-04 1.798038820273411924e-04 -1.978065377256089385e-01 9.757689183959856842e-04 9.999991563030502517e-01 -8.574782658635157241e-04 -1.576651664593713698e-01 -1.789671615236465996e-04 8.576532909959254857e-04 9.999996162004975986e-01 1.296633942380929182e-02
9.999995615235146573e-01 -9.341932688275413283e-04 6.507826439231055148e-05 -1.972718237025756216e-01 9.342517127951245571e-04 9.999991550768093651e-01 -9.038916868113150514e-04 -1.588570150397967951e-01 -6.423379980201126107e-05 9.039520899951116991e-04 9.999995893720116102e-01 1.588214754463368808e-02
9.999995225519129338e-01 -9.771808814827628864e-04 -3.595843051321985116e-06 -1.981542041605235949e-01 9.771762620964085516e-04 9.999989003457022685e-01 -1.115542344440496490e-03 -1.578758439031236471e-01 4.685925824032137249e-06 1.115538298094108545e-03 9.999993777757567592e-01 1.473467685305936310e-02
9.999994661906570492e-01 -1.007384717434377805e-03 2.297691986396917469e-04 -2.030524867347569262e-01 1.007582475326353070e-03 9.999991206985378023e-01 -8.621951611598279493e-04 -1.631566271158627901e-01 -2.289004342980821235e-04 8.624262123697347664e-04 9.999996019125065860e-01 1.495785018051825309e-02
9.999995114362193460e-01 -9.686706670678943377e-04 1.969870733768988797e-04 -2.048951003638340429e-01 9.688991847459909202e-04 9.999988539869205662e-01 -1.163297043451944936e-03 -1.613683162648147651e-01 -1.958599958268160239e-04 1.163487335762383116e-03 9.999993039675743045e-01 1.599605853984540846e-02
9.999994314962964426e-01 -1.058730540527522612e-03 1.268706651099387600e-04 -2.037705941708752022e-01 1.058876647819370891e-03 9.999987698977663708e-01 -1.157144762590563104e-03 -1.633913179235144397e-01 -1.256454044679941660e-04 1.157278445174789042e-03 9.999993224594623253e-01 1.507924908248638000e-02
9.999994161372359747e-01 -1.057183471562608140e-03 2.238028735161994194e-04 -2.109336118974041163e-01 1.057449660933737230e-03 9.999987297115634499e-01 -1.192634178824512631e-03 -1.649874025552119372e-01 -2.225417560015009125e-04 1.192870142803639094e-03 9.999992637674989249e-01 1.488298384847897525e-02
9.999993753542839592e-01 -1.113690245231814101e-03 9.478661905413970673e-05 -2.038498533742781615e-01 1.113784890444581175e-03 9.999988753487882853e-01 -1.004382991727526767e-03 -1.646488737322474583e-01 -9.366794083201403079e-05 1.004487936289358849e-03 9.999994911147969123e-01 1.635362250218098251e-02
9.999994179285869311e-01 -1.073286517138491002e-03 1.104443547433887456e-04 -2.080685402817181451e-01 1.073390711223644670e-03 9.999989748352264840e-01 -9.477139354701753738e-04 -1.675484916678277869e-01 -1.094270728498587895e-04 9.478319338190088804e-04 9.999995448198414350e-01 1.458321758730250252e-02
9.999994076645161156e-01 -1.083821585689275294e-03 1.000039764130263985e-04 -2.130923035040618307e-01 1.083907609649492404e-03 9.999990391518122079e-01 -8.641993869940539467e-04 -1.665837835007342449e-01 -9.906724229266876262e-05 8.643072702109050060e-04 9.999996215790143417e-01 1.656881014901389129e-02
9.999994940215828354e-01 -9.868751650120499361e-04 1.950215034652584447e-04 -2.147582293246022289e-01 9.870820962121194548e-04 9.999989469600268910e-01 -1.063836742431656596e-03 -1.649651885171426469e-01 -1.939714239563243689e-04 1.064028706429918317e-03 9.999994151086011307e-01 1.558180694134555372e-02
9.999994242163549041e-01 -1.066803234067425880e-03 1.161774919828180604e-04 -2.113010740128409004e-01 1.066930137439695047e-03 9.999988282521816707e-01 -1.097795607396983555e-03 -1.678093647329610971e-01 -1.150062238640330947e-04 1.097918928614289658e-03 9.999993906733836146e-01 1.600383003294911233e-02
9.999993356693200885e-01 -1.148847811264912385e-03 9.385631591703796277e-05 -2.156677872707750687e-01 1.148949819848367384e-03 9.999987413930322422e-01 -1.094133228106046159e-03 -1.708596368693776624e-01 -9.259920513971699337e-05 1.094240337479907314e-03 9.999993970313242331e-01 1.969025893567308630e-02
9.999994848849416140e-01 -1.001318765884117801e-03 1.661022432829399392e-04 -2.164590007929394766e-01 1.001524581649413910e-03 9.999987251154489609e-01 -1.243670717972245130e-03 -1.653691463310524579e-01 -1.648567206074190135e-04 1.243836432861763043e-03 9.999992128460545304e-01 1.532818974026922514e-02
9.999994057253632773e-01 -1.089984730622399174e-03 2.194477444436082543e-05 -2.150120232866886694e-01 1.090003600926397380e-03 9.999990195524449677e-01 -8.790831423639860641e-04 -1.714253079460797968e-01 -2.098656563975759254e-05 8.791065398735567167e-04 9.999996133653211716e-01 1.625690700072165984e-02
9.999993267662441454e-01 -1.159417228077222299e-03 4.709678417537005614e-05 -2.139960342203967303e-01 1.159478651493225281e-03 9.999984489222597528e-01 -1.325806626224286305e-03 -1.714292628851042388e-01 -4.555954799332378227e-05 1.325860341406248210e-03 9.999991200087209320e-01 1.898511428416703450e-02
9.999994959450173582e-01 -9.974991897062762940e-04 1.144745647285317215e-04 -2.201707668129284368e-01 9.976176501851673293e-04 9.999989621296548892e-01 -1.039470789098373904e-03 -1.737065548271732041e-01 -1.134375745601918551e-04 1.039584467038128087e-03 9.999994531976419410e-01 1.548029189867811475e-02
9.999991438018095424e-01 -1.288441823949952950e-03 2.287195974306605831e-04 -2.229707274977491827e-01 1.288672784942365267e-03 9.999986570408869735e-01 -1.012541241875908457e-03 -1.761144082764837526e-01 -2.274146896953419092e-04 1.012835119704679236e-03 9.999994612234083258e-01 1.576861997074960331e-02
9.999993670632295606e-01 -1.111331867867298984e-03 1.755390291457871032e-04 -2.195954115862560341e-01 1.111525554536387005e-03 9.999987693466919625e-01 -1.107166175450041571e-03 -1.733309889793551994e-01 -1.743083839736582605e-04 1.107360590845091327e-03 9.999993716841194535e-01 1.992320905055287514e-02
9.999992117136540237e-01 -1.254297076217770731e-03 5.753465613994316116e-05 -2.190467289822445596e-01 1.254362227321894349e-03 9.999985558510307015e-01 -1.146678751189335495e-03 -1.749917828875452719e-01 -5.609629715483860401e-05 1.146750016622338688e-03 9.999993409083460794e-01 1.397976730789196424e-02
9.999994099424719396e-01 -1.071533030468632556e-03 1.786924308923353651e-04 -2.250293975164782134e-01 1.071775340399680520e-03 9.999984988344859937e-01 -1.361479820905661230e-03 -1.775727762333393356e-01 -1.772332919544704756e-04 1.361670535740430905e-03 9.999990572201706840e-01 1.849282763199329091e-02
9.999993841587173637e-01 -1.105600542943075684e-03 9.658637886517348653e-05 -2.262911943782835167e-01 1.105705071387926616e-03 9.999987957881305567e-01 -1.088962578520364386e-03 -1.742699046445337907e-01 -9.538230484319566520e-05 1.089068703986387741e-03 9.999994024153655570e-01 1.667551064707367692e-02
9.999993109047411455e-01 -1.169034382924602836e-03 1.074613801803439458e-04 -2.250674343597866001e-01 1.169149849509786921e-03 9.999987324947732237e-01 -1.080786007989108536e-03 -1.782159532906549271e-01 -1.061977678742047592e-04 1.080910901726476071e-03 9.999994101764095866e-01 1.697811034358795781e-02
9.999993458217154574e-01 -1.139046123524741763e-03 1.045435528751328605e-04 -2.306064968790898784e-01 1.139149442006664016e-03 9.999988575469184182e-01 -9.936016965405880010e-04 -1.780586084121595636e-01 -1.034116751829806003e-04 9.937201373233976818e-04 9.999995009127859991e-01 1.504267426773757237e-02
9.999992871824862073e-01 -1.183868068630378970e-03 1.552101530154427098e-04 -2.294897190057963998e-01 1.184039761873464285e-03 9.999986820709899638e-01 -1.110813690835696149e-03 -1.805024357333135654e-01 -1.538948915045182798e-04 1.110996674066784757e-03 9.999993710009300596e-01 1.452119443285355277e-02
9.999993607395937234e-01 -1.106995025101908557e-03 2.303946292563451134e-04 -2.304837863273488940e-01 1.107223969752006839e-03 9.999988910563104572e-01 -9.959629343825235868e-04 -1.797493615437671111e-01 -2.292918476510708459e-04 9.962173962049694197e-04 9.999994774876874715e-01 2.062427881343367742e-02
9.999992942101717519e-01 -1.179022479601632336e-03 1.465756109912898415e-04 -2.297307886119017428e-01 1.179181063783683262e-03 9.999987144258029037e-01 -1.086590862590603021e-03 -1.797732609040569307e-01 -1.452943074065196681e-04 1.086762934917164967e-03 9.999993989175114395e-01 1.975704135047992929e-02
9.999992642823586353e-01 -1.193543956070749080e-03 2.165336369390808324e-04 -2.322182385599653731e-01 1.193786007748159385e-03 9.999986589099695289e-01 -1.121184275259646569e-03 -1.834497480193706120e-01 -2.151951637339853836e-04 1.121441945257373391e-03 9.999993480290367831e-01 1.894996275854284734e-02
9.999992521388900713e-01 -1.211935715007068015e-03 1.641119278860851476e-04 -2.325605554692345978e-01 1.212144446435318686e-03 9.999984489459985415e-01 -1.277815477297584990e-03 -1.843154407495080360e-01 -1.625630430261655384e-04 1.278013449078340205e-03 9.999991701268415856e-01 2.247233616909107348e-02
9.999992722085041530e-01 -1.177293109339481308e-03 2.637472844241424354e-04 -2.390877536890423927e-01 1.177519766176975081e-03 9.999989361741870031e-01 -8.608708717616907376e-04 -1.870831554489414406e-01 -2.627335063974195147e-04 8.611808129149841522e-04 9.999995946690178883e-01 1.806818966523450476e-02
9.999992242783287688e-01 -1.225300057378691989e-03 2.237894889888455171e-04 -2.354017218881445384e-01 1.225562275751558875e-03 9.999985582566390807e-01 -1.175364931611412285e-03 -1.839671210352507857e-01 -2.223489915227348812e-04 1.175638287858520774e-03 9.999992842172575891e-01 1.837648142269220075e-02
9.999992311030824199e-01 -1.219168211974526548e-03 2.267627221996280440e-04 -2.365482549318722871e-01 1.219317021590939250e-03 9.999990406385010910e-01 -6.572587440866146718e-04 -1.871828971253515772e-01 -2.259611955825623802e-04 6.575347344168879643e-04 9.999997582945179264e-01 1.902409966475835171e-02
9.999991922780041564e-01 -1.265778305176798934e-03 1.150992235114577317e-04 -2.374197296033485893e-01 1.265913673604916658e-03 9.999984981156866404e-01 -1.183735582206154810e-03 -1.868675264080925935e-01 -1.136007037241872639e-04 1.183880331806099308e-03 9.999992927606102811e-01 2.175674307296931315e-02
9.999992485957590604e-01 -1.222683186472135926e-03 8.861683989286361137e-05 -2.369434559074740931e-01 1.222803890915558295e-03 9.999983069437723415e-01 -1.375085898085549787e-03 -1.852516217695685807e-01 -8.693539534871358540e-05 1.375193225905663131e-03 9.999990506422026249e-01 2.005244697651801730e-02
9.999992161931470225e-01 -1.234958237947242398e-03 2.061320826162902850e-04 -2.417660532917459970e-01 1.235222334371896720e-03 9.999984101777760204e-01 -1.286028268584196591e-03 -1.882275516618460154e-01 -2.045435635941971462e-04 1.286281879587769386e-03 9.999991518198063645e-01 2.144558940503889927e-02
9.999993328015742700e-01 -1.149247824311407269e-03 1.167263023359362548e-04 -2.445162730878509827e-01 1.149376318221675269e-03 9.999987269877390617e-01 -1.106778202988781268e-03 -1.892973042939815886e-01 -1.154541911951715888e-04 1.106911627044882517e-03 9.999993807080341801e-01 1.787482006559195855e-02
9.999992976140872347e-01 -1.179896416772995829e-03 1.123163147273006175e-04 -2.441008303498180265e-01 1.180021793280805909e-03 9.999986733914836279e-01 -1.122837859351572985e-03 -1.905665612867542269e-01 -1.109913332548400733e-04 1.122969606434707276e-03 9.999993633096255774e-01 1.972266086637339266e-02
9.999992464750365739e-01 -1.225030463606139155e-03 7.967992601206200026e-05 -2.462931046160167503e-01 1.225139403141536952e-03 9.999982947664006749e-01 -1.381846141827200100e-03 -1.923451039762042181e-01 -7.798698641277995725e-05 1.381942719638780143e-03 9.999990420754492071e-01 2.207558993534907907e-02
9.999989232478286860e-01 -1.457047679332194390e-03 1.746837241534816669e-04 -2.457135421032560219e-01 1.457251927859626057e-03 9.999982480373571514e-01 -1.174878746792774615e-03 -1.948461317967282447e-01 -1.729715636550346555e-04 1.175132039983550281e-03 9.999992945722456783e-01 2.011938085527912104e-02
9.999990422139201085e-01 -1.366376058190947162e-03 2.204242777754700407e-04 -2.492026049933812604e-01 1.366701301986423828e-03 9.999979676104986392e-01 -1.482195488222754496e-03 -1.926571991181562915e-01 -2.183985932504008630e-04 1.482495322794921125e-03 9.999988772539352144e-01 2.239111143573612253e-02
9.999990226235658808e-01 -1.370259086958218377e-03 2.777428512467700517e-04 -2.506726771180348146e-01 1.370535615171635836e-03 9.999985629193161030e-01 -9.978940221364147010e-04 -1.972113738714043052e-01 -2.763750786469609962e-04 9.982737033384894883e-04 9.999994635327976722e-01 2.232806983426159630e-02
9.999990735419562737e-01 -1.351369326492225451e-03 1.634481831453784043e-04 -2.465658454635350494e-01 1.351557064218675925e-03 9.999984207842197437e-01 -1.154003304302940501e-03 -1.958130910441138739e-01 -1.618884402473688938e-04 1.154223144765055423e-03 9.999993207800266237e-01 1.994817389311333983e-02
9.999990519886688967e-01 -1.365858657060342075e-03 1.745022086675094501e-04 -2.519270202465498376e-01 1.366038695182785444e-03 9.999985305225069787e-01 -1.035805085826340712e-03 -2.007397411949037869e-01 -1.730871887862104783e-04 1.036042480692182495e-03 9.999994483279723845e-01 1.991617875749222139e-02
9.999991102991337977e-01 -1.319577618114503754e-03 1.952305588680774799e-04 -2.599519765459690213e-01 1.319844982425031656e-03 9.999981826608997926e-01 -1.375748957774753809e-03 -1.983100956086490396e-01 -1.934147964236165515e-04 1.376005407895366378e-03 9.999990345991721652e-01 2.020503819624805061e-02
9.999991321130569100e-01 -1.311154133505803340e-03 1.290235793626760266e-04 -2.546345053930624269e-01 1.311302482978916276e-03 9.999984714977785405e-01 -1.156498590114138055e-03 -1.988673699174512977e-01 -1.275070341307672338e-04 1.156666775396242427e-03 9.999993229314537713e-01 2.182954725589787703e-02
9.999991494790578805e-01 -1.295312183379995720e-03 1.523371721136600502e-04 -2.564498129017966921e-01 1.295501797890860488e-03 9.999983780084377161e-01 -1.251262034801574547e-03 -1.981998440951237284e-01 -1.507161499527435392e-04 1.251458323709965731e-03 9.999992055677552338e-01 2.333207105127931696e-02
9.999991031801718222e-01 -1.327186527291354624e-03 1.794822322725129777e-04 -2.568057581359404207e-01 1.327401215413947068e-03 9.999983973560214734e-01 -1.201371094226887266e-03 -1.979541672317585710e-01 -1.778875009820145531e-04 1.201608261799580121e-03 9.999992622462547942e-01 2.221100907006108224e-02
9.999989149633176089e-01 -1.429283150633713561e-03 3.566804634909109687e-04 -2.598450260981652327e-01 1.429709220305833400e-03 9.999982613692111055e-01 -1.197159644169047471e-03 -2.006949318553485628e-01 -3.549687631324759335e-04 1.197668294607474740e-03 9.999992197933259552e-01 2.451733475423731323e-02
9.999991739048721406e-01 -1.274587233668144715e-03 1.661807424945614784e-04 -2.560157835594543130e-01 1.274829884160534176e-03 9.999981094156525918e-01 -1.468323877714684030e-03 -1.975188122803795410e-01 -1.643089213310718456e-04 1.468534516970116093e-03 9.999989082035913857e-01 2.177825640790580566e-02
9.999987572012409842e-01 -1.561048215258652476e-03 2.207340417906058518e-04 -2.586128308312631296e-01 1.561332983396510835e-03 9.999979414867501415e-01 -1.295863692274979275e-03 -2.011143143504663944e-01 -2.187106815865001285e-04 1.296206721171336892e-03 9.999991360062236989e-01 2.225091850416868050e-02
9.999991952981274190e-01 -1.262027536067077647e-03 1.291846073281743119e-04 -2.605595952570606832e-01 1.262175946138688809e-03 9.999985361417772500e-01 -1.155260717365615662e-03 -2.032905067486850959e-01 -1.277264472667557940e-04 1.155422841483494780e-03 9.999993243414863064e-01 2.108798272252559655e-02
9.999988440598366335e-01 -1.473414430058711880e-03 3.754037395852252127e-04 -2.640292588952466990e-01 1.473760354055471964e-03 9.999984881721029062e-01 -9.228678557870932751e-04 -2.056052290161071994e-01 -3.740434051058375573e-04 9.234200442097218126e-04 9.999995036930598991e-01 2.145532106607219575e-02
9.999990255668220751e-01 -1.379434529370297292e-03 2.145340034367760132e-04 -2.668480863690068094e-01 1.379645238636509948e-03 9.999985630333905195e-01 -9.851453354670913765e-04 -2.055198999165461227e-01 -2.131747515479295776e-04 9.854403563801332738e-04 9.999994917314900533e-01 2.341112016032722773e-02
9.999988887167144958e-01 -1.478230847362906704e-03 1.933854821804977518e-04 -2.620564109543687681e-01 1.478433765336417639e-03 9.999983522983713069e-01 -1.053392290292417491e-03 -2.064352119560749488e-01 -1.918280064418355162e-04 1.053677027357158465e-03 9.999994264829070723e-01 2.355688399579331654e-02
9.999989382568984508e-01 -1.432751058288731383e-03 2.659107373519168900e-04 -2.701374921809943097e-01 1.433089809664805491e-03 9.999981563033705223e-01 -1.278141088229223623e-03 -2.088655705866714896e-01 -2.640789889763922095e-04 1.278520805195791123e-03 9.999991478227566732e-01 2.412012280099666214e-02
9.999988645728633552e-01 -1.482746850217656976e-03 2.689122440359082377e-04 -2.673852980010178459e-01 1.483175788049475924e-03 9.999976169506202828e-01 -1.601962501993505535e-03 -2.056352316422377924e-01 -2.665362982300415167e-04 1.602359527268069949e-03 9.999986807000017519e-01 2.656001588673135780e-02
9.999988363485916576e-01 -1.509060120138636238e-03 2.236918455198041381e-04 -2.703356894931148169e-01 1.509307289462630828e-03 9.999982461260049638e-01 -1.108935357264848260e-03 -2.093780998959096917e-01 -2.220180029476001321e-04 1.109271686640069020e-03 9.999993601116574649e-01 2.551973792771141183e-02
9.999988567916140436e-01 -1.504654915966506220e-03 1.497600295511076032e-04 -2.703396473742298856e-01 1.504882238782546391e-03 9.999976978916156334e-01 -1.529556188805524224e-03 -2.076599451155503040e-01 -1.474582304264790010e-04 1.529779811469845954e-03 9.999988190138967559e-01 2.648146893981164623e-02
9.999989057661105019e-01 -1.452252862817987426e-03 2.818283428081396489e-04 -2.739635813863722791e-01 1.452602949961007747e-03 9.999981687172262435e-01 -1.245996826830834785e-03 -2.104165624648051680e-01 -2.800183241189750281e-04 1.246404848158124030e-03 9.999991840317061786e-01 2.440081467354331124e-02
9.999989080757479831e-01 -1.470223091440794926e-03 1.492996185634425815e-04 -2.766100802556428206e-01 1.470406876817959875e-03 9.999981520997445195e-01 -1.238427209191960039e-03 -2.127352250254405108e-01 -1.474785782690229302e-04 1.238645388166422856e-03 9.999992220032243306e-01 2.363132654187311346e-02
9.999987673160672941e-01 -1.543031370056151133e-03 2.905503976912945431e-04 -2.756219665098404437e-01 1.543404209482601794e-03 9.999979802556940855e-01 -1.287396298322657706e-03 -2.143824806173901809e-01 -2.885633178552982157e-04 1.287843148134448605e-03 9.999991290949290512e-01 2.232749879590476688e-02
9.999987267557972626e-01 -1.590938578160886428e-03 1.240976019668713840e-04 -2.762854730641995937e-01 1.591083455798577564e-03 9.999980424777646926e-01 -1.176220785609100733e-03 -2.137764921287952369e-01 -1.222260638936791032e-04 1.176416737691992134e-03 9.999993005516675249e-01 2.383507323429312832e-02
9.999989049582076461e-01 -1.471114433770329263e-03 1.609462381929142047e-04 -2.770334025248689103e-01 1.471314505251170154e-03 9.999981362146035391e-01 -1.250120880853099626e-03 -2.148175663844943684e-01 -1.591068672260087015e-04 1.250356314511474800e-03 9.999992056464167556e-01 2.778243726813160383e-02
9.999986898173517380e-01 -1.604615106651694195e-03 2.134781395960038829e-04 -2.742940420722094763e-01 1.604906974704599061e-03 9.999977680172206229e-01 -1.374130801984348388e-03 -2.139520228723413020e-01 -2.112727119464595017e-04 1.374471614235785221e-03 9.999990330950289108e-01 2.842118092190674267e-02
9.999986958085129718e-01 -1.603072890296379028e-03 1.963098335395504319e-04 -2.777067184099688557e-01 1.603271758287926670e-03 9.999981975132373746e-01 -1.017099423336971205e-03 -2.162115315848596730e-01 -1.946789950540514394e-04 1.017412834914832240e-03 9.999994634851455677e-01 2.153978043224552899e-02
9.999987692958511865e-01 -1.549781996622844223e-03 2.440932364136363573e-04 -2.789905243619862363e-01 1.550090860658111681e-03 9.999979917920448491e-01 -1.270287960862808091e-03 -2.182686328868491954e-01 -2.421240766833418880e-04 1.270664764267954820e-03 9.999991633928263512e-01 2.694920886833832713e-02
9.999987743142976226e-01 -1.554217669239071811e-03 1.891462243298740751e-04 -2.831475028836774599e-01 1.554459262225758691e-03 9.999979676154973074e-01 -1.283909104920650255e-03 -2.162841257725111599e-01 -1.871503655667371689e-04 1.284201551411100163e-03 9.999991578998844721e-01 2.633315171889711107e-02
9.999987292961048935e-01 -1.573197357445517766e-03 2.577890567174927032e-04 -2.843754993207567860e-01 1.573497478425248727e-03 9.999980797359819817e-01 -1.168174368821142802e-03 -2.186791255174791448e-01 -2.559507927348842610e-04 1.168578514907325739e-03 9.999992844561467198e-01 2.581757869453782037e-02
9.999986696817960707e-01 -1.599132419563974996e-03 3.215728275898890919e-04 -2.864564535211651108e-01 1.599484967537489338e-03 9.999981168433175194e-01 -1.099071876074040645e-03 -2.168913353566008506e-01 -3.198146604191238183e-04 1.099584764921688945e-03 9.999993443154268080e-01 2.317987963697310666e-02
9.999986331845983623e-01 -1.604668124380734077e-03 3.983316195727955528e-04 -2.865696794115233370e-01 1.605085899568971632e-03 9.999981598443057340e-01 -1.050718134416757637e-03 -2.214933192952206198e-01 -3.966448325515526882e-04 1.051356054804339054e-03 9.999993686611386989e-01 2.544111281357654825e-02
9.999987274532523562e-01 -1.545350842077359687e-03 3.962090064755627219e-04 -2.889538680837838158e-01 1.545734855644778768e-03 9.999983341708602591e-01 -9.707526000727357152e-04 -2.236043119363104181e-01 -3.947081929793441637e-04 9.713637988755345620e-04 9.999994503284306280e-01 2.379176644441319266e-02
9.999988768590005739e-01 -1.482730938768047919e-03 2.186060810593959988e-04 -2.854252486293036295e-01 1.482991846889692182e-03 9.999981825050041628e-01 -1.198216687372803853e-03 -2.210507875013336954e-01 -2.168290506579602286e-04 1.198539532702345110e-03 9.999992582434744648e-01 2.739440935408667815e-02
9.999986553334700989e-01 -1.613032439912265607e-03 2.957304692609653883e-04 -2.854200178825453404e-01 1.613393644544189364e-03 9.999979478533796984e-01 -1.225255624756636796e-03 -2.244493703347650582e-01 -2.937534851757522803e-04 1.225731106916258051e-03 9.999992056454286571e-01 2.863779070168764179e-02
9.999985985793612420e-01 -1.661810454795696439e-03 2.030375066983700983e-04 -2.893464116413239640e-01 1.662078752440790874e-03 9.999977363222448679e-01 -1.328475060078221880e-03 -2.233831226820842397e-01 -2.008293732095052086e-04 1.328810662712344133e-03 9.999990969641563421e-01 2.735403436823662104e-02
9.999985535461539676e-01 -1.679862538760211639e-03 2.663950947126843098e-04 -2.931267475390739174e-01 1.680264881651579540e-03 9.999974371587652122e-01 -1.517361926812721678e-03 -2.241056468043238770e-01 -2.638454523914389449e-04 1.517807346402237547e-03 9.999988133221839881e-01 2.639574437431931736e-02
9.999985595783178471e-01 -1.663160647964292580e-03 3.387282650208473357e-04 -2.948516187725752080e-01 1.663489054652005127e-03 9.999981444311194512e-01 -9.715656853056834838e-04 -2.256170966755501328e-01 -3.371117665373977025e-04 9.721277566633854160e-04 9.999994706611695650e-01 2.508914812956180782e-02
9.999985930862478334e-01 -1.669110265461511188e-03 1.670189456986278392e-04 -2.892194555218280394e-01 1.669267678658197885e-03 9.999981585291053410e-01 -9.468290355387571017e-04 -2.302859864128353473e-01 -1.654382759395757246e-04 9.471065028205415733e-04 9.999995378092852993e-01 2.627627575980702110e-02
9.999982938358732421e-01 -1.826197175973354701e-03 2.780792900283435504e-04 -2.946060883802587571e-01 1.826527809516070595e-03 9.999976197761123453e-01 -1.193415136296435263e-03 -2.270559109148408139e-01 -2.758992166492402914e-04 1.193921019752330328e-03 9.999992492154948787e-01 2.693213692451303098e-02
9.999986222658259205e-01 -1.639150111407282730e-03 2.620157037729739166e-04 -2.976389368052258511e-01 1.639461744731755257e-03 9.999979437258202930e-01 -1.193612477134966448e-03 -2.275964831411456668e-01 -2.600586548348431115e-04 1.194040397438907034e-03 9.999992533178987397e-01 2.692153918361334108e-02
9.999985016313622799e-01 -1.711087458901491918e-03 2.625139951962433653e-04 -2.962964881344991586e-01 1.711378593553479748e-03 9.999979163853026654e-01 -1.112838622461585422e-03 -2.304610783554900955e-01 -2.606092838697266325e-04 1.113286215912917760e-03 9.999993463377511160e-01 2.751219536441227784e-02
9.999986336202885129e-01 -1.622349723061718065e-03 3.173921593569889758e-04 -2.986930894836132833e-01 1.622701938354442590e-03 9.999980644514212536e-01 -1.112624499673334167e-03 -2.310261581034885603e-01 -3.155864788414956129e-04 1.113138012340182540e-03 9.999993306639080037e-01 2.693973010565807458e-02
9.999985822345306419e-01 -1.662031608007914860e-03 2.705156270397513743e-04 -2.961123394027562195e-01 1.662413628113855587e-03 9.999976126164920043e-01 -1.418147983353743296e-03 -2.300386274035873535e-01 -2.681579743026881574e-04 1.418595681680461136e-03 9.999989578379140376e-01 2.963623314708646941e-02
9.999985095028102178e-01 -1.698141883338191022e-03 3.119377093005817349e-04 -3.001935361642609212e-01 1.698477888486321944e-03 9.999979743129540077e-01 -1.080066811415007419e-03 -2.316775650443473333e-01 -3.101029705829636430e-04 1.080595020942940908e-03 9.999993680747337743e-01 2.741859131044694503e-02
9.999984635738284888e-01 -1.714181138347523710e-03 3.666494651660835279e-04 -3.009994545238177110e-01 1.714672629288143063e-03 9.999976262334649979e-01 -1.344405699332656794e-03 -2.297737090193888720e-01 -3.643440397928111429e-04 1.345032317618368150e-03 9.999990290699295459e-01 2.878766695565914552e-02
9.999981219493305762e-01 -1.886875585442538295e-03 4.424897177414632257e-04 -3.049554005320252448e-01 1.887392259444969521e-03 9.999975342402377398e-01 -1.170156137836751665e-03 -2.354141065119724208e-01 -4.402806874787149939e-04 1.170989091955715929e-03 9.999992174680820689e-01 2.867395063407778347e-02
9.999983182448238805e-01 -1.790023463972462842e-03 3.991520085731923976e-04 -3.057721431012815905e-01 1.790512063398831287e-03 9.999976441257265591e-01 -1.227114925217847718e-03 -2.363793422264714450e-01 -3.969545035697508747e-04 1.227827548061163638e-03 9.999991674326262903e-01 2.715142249460395646e-02
9.999985965517728115e-01 -1.653369006331233950e-03 2.706736167893992605e-04 -3.093797570577924705e-01 1.653695178493305804e-03 9.999979014618339823e-01 -1.209283128785344384e-03 -2.374874055816758034e-01 -2.686736573825966893e-04 1.209729043338084523e-03 9.999992321844133336e-01 2.973806248646837513e-02
9.999985314667679814e-01 -1.694511343985189615e-03 2.563091807737398649e-04 -3.086327718487280602e-01 1.694851231239256949e-03 9.999976769845116964e-01 -1.331730600850175540e-03 -2.345561124695457189e-01 -2.540519526098105165e-04 1.332163051154585699e-03 9.999990803988352273e-01 3.115986772069985478e-02
9.999983441769498826e-01 -1.773389339229823267e-03 4.083287691497366968e-04 -3.099004861695239255e-01 1.773961233167983733e-03 9.999974402236615489e-01 -1.404496060695512288e-03 -2.379692169968572191e-01 -4.058370054341472566e-04 1.405218094570267161e-03 9.999989303282954545e-01 3.290084221619439531e-02
9.999981597940724720e-01 -1.860995242671221062e-03 4.659441375741570188e-04 -3.116523970282375489e-01 1.861548968534022059e-03 9.999975583182801886e-01 -1.190795717751988404e-03 -2.388063939537539704e-01 -4.637269345762031272e-04 1.191660904336074543e-03 9.999991824501255344e-01 3.078027562851784124e-02
9.999982299346484860e-01 -1.835401923631421739e-03 4.140363537162005400e-04 -3.113146718701830795e-01 1.835868181401061321e-03 9.999976779538516380e-01 -1.128572753766030707e-03 -2.399197128380046729e-01 -4.119640075559357641e-04 1.129330872351079615e-03 9.999992774481063496e-01 2.698147000285659389e-02
9.999981232290895417e-01 -1.905636906030463811e-03 3.494066738060837589e-04 -3.072162627489997688e-01 1.906160403442816757e-03 9.999970521355234787e-01 -1.504085876320464601e-03 -2.423571729447340506e-01 -3.465394021007099710e-04 1.504749078727880872e-03 9.999988078192629803e-01 3.091829928755718965e-02
9.999982273392565846e-01 -1.816567869201512683e-03 4.953768798128289907e-04 -3.135380389240907117e-01 1.817173036345693651e-03 9.999975999384769221e-01 -1.223928508606013420e-03 -2.410062792556801614e-01 -4.931523415279974627e-04 1.224826524570330139e-03 9.999991282996421038e-01 3.076154946792902453e-02
9.999981156234607482e-01 -1.880313915149560726e-03 4.828745474012279145e-04 -3.204849398173042485e-01 1.880915509210228601e-03 9.999974517711811561e-01 -1.248442851127692628e-03 -2.444539281660307595e-01 -4.805258523135779889e-04 1.249348744882310298e-03 9.999991041105519285e-01 2.827468807206602597e-02
9.999982736415197193e-01 -1.828143589514459773e-03 3.325713537933900222e-04 -3.166636842884534286e-01 1.828599974375467226e-03 9.999973797641913409e-01 -1.377203127928692617e-03 -2.440151900994904366e-01 -3.300527571601530471e-04 1.377808890417728162e-03 9.999989963530576675e-01 3.150759186870089046e-02
9.999982411012028338e-01 -1.856471926601833402e-03 2.670303040995278634e-04 -3.201477055285956719e-01 1.856796115182942145e-03 9.999975332062280842e-01 -1.218971379537998802e-03 -2.446528896709667111e-01 -2.647666590966787025e-04 1.219465056388273480e-03 9.999992214011330649e-01 2.994730500175439569e-02
9.999982519794810010e-01 -1.850169338092034436e-03 2.700186806217456112e-04 -3.153763527417922097e-01 1.850560541300295828e-03 9.999972280117106482e-01 -1.455814605338570872e-03 -2.457024167673322879e-01 -2.673244284389797595e-04 1.456311746527522155e-03 9.999989038459106139e-01 3.048721476779003847e-02
9.999983721912681922e-01 -1.768498947482970846e-03 3.578057565821441506e-04 -3.203017797667355726e-01 1.769056973283970316e-03 9.999972101038548944e-01 -1.565318986239973374e-03 -2.424532514270329175e-01 -3.550364932113804625e-04 1.565949417036236781e-03 9.999987108745609365e-01 3.283285467282278519e-02
9.999983479017047205e-01 -1.785000804870776276e-03 3.434598198171020145e-04 -3.230666512085441644e-01 1.785429670994207081e-03 9.999976218199778666e-01 -1.252436379318628374e-03 -2.456308764918811449e-01 -3.412234029116914600e-04 1.253047533590787629e-03 9.999991567185121388e-01 3.120815378385933744e-02
9.999982220150250845e-01 -1.835722072108319234e-03 4.313813978001120194e-04 -3.207352109371007232e-01 1.836250105344118403e-03 9.999975614968968918e-01 -1.226860801114206629e-03 -2.462745992522486771e-01 -4.291281702713732019e-04 1.227650743978552211e-03 9.999991543606062683e-01 3.068490717429851050e-02
9.999981394755081965e-01 -1.891313477259751186e-03 3.794436556452250478e-04 -3.246137597002465847e-01 1.891930758979415124e-03 9.999968767898202993e-01 -1.633098353315901854e-03 -2.457980763613770436e-01 -3.763537694851094265e-04 1.633813196088066810e-03 9.999985945047822344e-01 3.506869718070140113e-02
9.999982288195637947e-01 -1.854951847080536656e-03 3.186063452954719893e-04 -3.223511346141975653e-01 1.855430433327551068e-03 9.999971409670458389e-01 -1.508455260336462799e-03 -2.468302123033082329e-01 -3.158073223647936932e-04 1.509043740567515141e-03 9.999988115252835819e-01 3.124418765271293544e-02
9.999981193068534502e-01 -1.854604281996550391e-03 5.672956225396498173e-04 -3.364990430132228649e-01 1.855279812673064519e-03 9.999975678282961855e-01 -1.192592113317581144e-03 -2.497353611300542064e-01 -5.650824561848999221e-04 1.193642362601813776e-03 9.999991279491089458e-01 2.950981728828886569e-02
9.999978799446490596e-01 -2.024849247402322593e-03 3.742864279160934972e-04 -3.259265283484993336e-01 2.025359001176080080e-03 9.999970151442333366e-01 -1.366610839843342964e-03 -2.526999195372081619e-01 -3.715181296396665041e-04 1.367366007006701059e-03 9.999989961413601192e-01 3.409334692247415616e-02
9.999981760418731325e-01 -1.894205595389648108e-03 2.447379707753859928e-04 -3.258877097731127659e-01 1.894528848566561126e-03 9.999973243780884147e-01 -1.327403013856950746e-03 -2.508436784427440780e-01 -2.422229415773827124e-04 1.327864255943630653e-03 9.999990890514874886e-01 3.264454405821127364e-02
9.999980603638232157e-01 -1.930084852631834807e-03 3.924788225449953646e-04 -3.291776923948803724e-01 1.930578368008946085e-03 9.999973414141847261e-01 -1.260965260948447488e-03 -2.523244754106651055e-01 -3.900440089999702921e-04 1.261720526327635584e-03 9.999991279627294949e-01 3.227041875223463779e-02
9.999981341170026683e-01 -1.888709155290455759e-03 4.056338268516447945e-04 -3.344434151445804249e-01 1.889276567354284493e-03 9.999972310664516639e-01 -1.403030701804100066e-03 -2.539717941660553091e-01 -4.029827865895307319e-04 1.403794438465812578e-03 9.999989334820701403e-01 3.490092364495442356e-02
9.999981640720929654e-01 -1.884849358206771176e-03 3.452446815983847513e-04 -3.354921657901940302e-01 1.885267586917374009e-03 9.999974846401661344e-01 -1.215105403312850742e-03 -2.540222110989450166e-01 -3.429535223860992292e-04 1.215754051143424878e-03 9.999992021617777338e-01 3.276561750225107789e-02
9.999981419482202316e-01 -1.900322420604187842e-03 3.238415405139298433e-04 -3.329574622811832807e-01 1.900689482155031506e-03 9.999975473625850597e-01 -1.136947662537542755e-03 -2.528033776402159316e-01 -3.216801789550161939e-04 1.137561072308666474e-03 9.999993012376992008e-01 3.004422826434523242e-02
9.999978233858349830e-01 -2.068465285451797850e-03 2.732644905681321824e-04 -3.306509463633608981e-01 2.068833358669114764e-03 9.999969438388839338e-01 -1.353603749909771097e-03 -2.583021003652279934e-01 -2.704637729013075463e-04 1.354166142399971118e-03 9.999990465408544749e-01 3.194029654802562485e-02
9.999979133186532865e-01 -2.021670719861610142e-03 2.936057790470797272e-04 -3.391626727161791144e-01 2.022061592336870436e-03 9.999970616513276234e-01 -1.337145212518901002e-03 -2.561211655120827491e-01 -2.909016488462066747e-04 1.337736111361725140e-03 9.999990629183276303e-01 3.092253421684004744e-02
9.999978909161878482e-01 -1.997185947170485552e-03 4.789676091562793570e-04 -3.377024839974378523e-01 1.997912110628933657e-03 9.999968482915612134e-01 -1.520445934703135464e-03 -2.558772627487610474e-01 -4.759294861745328592e-04 1.521399663212488502e-03 9.999987294158875217e-01 3.657529829515448333e-02
9.999979836353589668e-01 -1.984968666863207165e-03 3.043404313353834296e-04 -3.391662993281852612e-01 1.985389612402361191e-03 9.999970642635557239e-01 -1.389134284605203105e-03 -2.579373325188041854e-01 -3.015821496813539003e-04 1.389735718005262249e-03 9.999989888405067529e-01 3.447481728041054683e-02
9.999979763366565466e-01 -1.994150456853736354e-03 2.658665557051820847e-04 -3.396410364633034584e-01 1.994567492047179952e-03 9.999967663382612892e-01 -1.577661322987086896e-03 -2.583202086123372876e-01 -2.627196017723483316e-04 1.578188419191874255e-03 9.999987201486377764e-01 3.506470514390469528e-02
9.999977761448068936e-01 -2.086685937520481836e-03 3.056889020703911809e-04 -3.466591484621163177e-01 2.087172747325768095e-03 9.999965403561315025e-01 -1.600933292022092835e-03 -2.608295686897656451e-01 -3.023471993452390028e-04 1.601567757395105322e-03 9.999986717821541804e-01 3.721685629990342109e-02
9.999980800412556770e-01 -1.938431634209503282e-03 2.870453886899627981e-04 -3.474166223965024503e-01 1.938724619887772799e-03 9.999975964254582683e-01 -1.023958922396800159e-03 -2.594748543340343883e-01 -2.850598242238788142e-04 1.024513458470410407e-03 9.999994345559638509e-01 3.020966411027649345e-02
9.999979267007800265e-01 -2.020464827401910468e-03 2.536029631944128619e-04 -3.412772140202542936e-01 2.020746772287715896e-03 9.999973350370109371e-01 -1.116469025313156661e-03 -2.600711011056125455e-01 -2.513465007909576956e-04 1.116979177979032269e-03 9.999993445905969169e-01 3.516968489091137906e-02
9.999975819353134066e-01 -2.168546348452151610e-03 3.654157740257783782e-04 -3.433977660271934074e-01 2.169076075585799589e-03 9.999965882369472592e-01 -1.455549784465706795e-03 -2.638036376418332329e-01 -3.622580999784354291e-04 1.456338879537178929e-03 9.999988739220164735e-01 3.726106089564205220e-02
9.999980688165346354e-01 -1.952004274940752696e-03 2.281248028850204712e-04 -3.454594239313839021e-01 1.952259167512796845e-03 9.999974643263969121e-01 -1.122509089109573503e-03 -2.631842391130458370e-01 -2.259330817286380106e-04 1.122952280147815948e-03 9.999993439655728844e-01 3.492559891401163935e-02
9.999977328577706048e-01 -2.098610095782898859e-03 3.607123305466207398e-04 -3.505987572969343491e-01 2.099149154619997602e-03 9.999966708753311728e-01 -1.500604152286785613e-03 -2.709726276132843892e-01 -3.575619464999924241e-04 1.501357939260013338e-03 9.999988090357619930e-01 3.890289541995731876e-02
9.999979127770824983e-01 -2.008276071157296446e-03 3.758551425870268470e-04 -3.494374681874717337e-01 2.008709213440464103e-03 9.999973148224643449e-01 -1.155611051393080294e-03 -2.697433438413762152e-01 -3.735333471598377181e-04 1.156363623135117386e-03 9.999992616473032392e-01 3.381451494314904882e-02
9.999977775123575219e-01 -2.079775483313188802e-03 3.456915668668546389e-04 -3.510071368389724444e-01 2.080153306776996985e-03 9.999972356426479747e-01 -1.096207568485482297e-03 -2.649177663449512332e-01 -3.434107454582726866e-04 1.096924223705848106e-03 9.999993394125027413e-01 3.591993742823342689e-02
9.999978976176869816e-01 -2.018723541514864678e-03 3.598803012489131068e-04 -3.531218396057017594e-01 2.019311318279620737e-03 9.999966156573689702e-01 -1.640444258023977635e-03 -2.677616893144425525e-01 -3.565674796797526952e-04 1.641167519622138303e-03 9.999985897129712864e-01 3.872872900184168993e-02
9.999972897544607831e-01 -2.266337121766512884e-03 5.331023663156144853e-04 -3.592171836330187995e-01 2.267000016791855584e-03 9.999966538849524023e-01 -1.246166755834286592e-03 -2.729917622385627518e-01 -5.302763483454511068e-04 1.247371921562895596e-03 9.999990814342790690e-01 3.522549925770838281e-02
9.999974261359070304e-01 -2.215597480750988203e-03 4.887204733487655623e-04 -3.521823990317938247e-01 2.216428528514366707e-03 9.999960876098408225e-01 -1.706520247572691296e-03 -2.682103452819196709e-01 -4.849375991519756009e-04 1.707599069295490535e-03 9.999984244687858403e-01 3.691579541578098034e-02
9.999978470267030239e-01 -2.022625023840231122e-03 4.636035971041254614e-04 -3.463000671033330535e-01 2.023095456278053896e-03 9.999974368862062368e-01 -1.016517370410551175e-03 -2.701512877552221248e-01 -4.615463751937957525e-04 1.017453096279785987e-03 9.999993758814262890e-01 3.384724997816444814e-02
9.999970869160688114e-01 -2.226753130759645451e-03 9.315192864297692360e-04 -3.454593404344176721e-01 2.227635737503250255e-03 9.999970699098635896e-01 -9.475296750949914254e-04 -2.713936881254713773e-01 -9.294066421514928129e-04 9.496020005874761596e-04 9.999991172288242858e-01 3.756087115300648510e-02
9.999955234266517667e-01 -2.337265766358204589e-03 1.868238124957715979e-03 -3.583594119438378578e-01 2.339350232110750348e-03 9.999966428460230761e-01 -1.114333413909672716e-03 -2.733780710138921655e-01 -1.865627359479843372e-03 1.118698888879780329e-03 9.999976339704196304e-01 4.162329216120028152e-02
9.999917806386892094e-01 -2.299675480227727532e-03 3.339183438101421802e-03 -3.717236864247940309e-01 2.301163394999005893e-03 9.999972547187090388e-01 -4.418188125936367105e-04 -2.785454970863520119e-01 -3.338158231036693173e-03 4.494991878952592072e-04 9.999943273085010187e-01 3.422993021488729415e-02
9.999914329598109664e-01 -2.229052112182643847e-03 3.487883589849669324e-03 -4.043943179477663130e-01 2.230162170380360805e-03 9.999974637609733152e-01 -3.144043709848671824e-04 -2.799333126511907577e-01 -3.487173919838154959e-03 3.221802235799419768e-04 9.999938678897108968e-01 3.267155663682704686e-02
9.999908767016598699e-01 -2.272904739173963427e-03 3.616685741167260503e-03 -4.278718164440304395e-01 2.272566845343630335e-03 9.999974129611585161e-01 9.753319435215878621e-05 -2.773592291432412926e-01 -3.616898068141676664e-03 -8.931314434975003863e-05 9.999934550138750433e-01 2.835129162007809372e-02
9.999893626772883293e-01 -2.557591207508677893e-03 3.838392597288669411e-03 -4.611809957255588177e-01 2.557236790735145822e-03 9.999967255377628650e-01 9.723967772554625117e-05 -2.803451715219718587e-01 -3.838628727782127711e-03 -8.742296451573322287e-05 9.999926286157152511e-01 2.553559822274456895e-02
9.999887406713324767e-01 -2.529726289207996897e-03 4.014849149822246645e-03 -4.997039564396680844e-01 2.531338662212323769e-03 9.999967175232331584e-01 -3.965717443587561328e-04 -2.814980742042315076e-01 -4.013832753025377460e-03 4.067302221773839706e-04 9.999918618249860058e-01 2.606636275024765831e-02
9.999873619425903026e-01 -2.899978003786893212e-03 4.106833438819050379e-03 -5.411143097673900559e-01 2.900833633157542685e-03 9.999957720908944081e-01 -2.024015483680506231e-04 -2.854865382806786589e-01 -4.106229115281045429e-03 2.143122310449259796e-04 9.999915464401476495e-01 2.404082317000128671e-02
9.999862352770053642e-01 -3.317859603866469675e-03 4.064610974625418316e-03 -5.789370338769628255e-01 3.321073599208188617e-03 9.999941777088570127e-01 -7.842323374778159247e-04 -2.801547272901662167e-01 -4.061985336302590538e-03 7.977204150115470727e-04 9.999914319214425751e-01 2.735096650300533269e-02
9.999855849830969756e-01 -3.579960753828810224e-03 4.001712783815037332e-03 -6.430419965480541622e-01 3.580577191919804420e-03 9.999935789254591478e-01 -1.468899384008435854e-04 -2.851531912724112883e-01 -4.001161228121972308e-03 1.612162625767494563e-04 9.999919823264413754e-01 2.062444690075681750e-02
9.999836426952306567e-01 -4.176992982351465829e-03 3.907309787848649470e-03 -6.945176234727808984e-01 4.179316833019535923e-03 9.999910944679581970e-01 -5.867686261558330112e-04 -2.834568397257702932e-01 -3.904824062559604080e-03 6.030889138465237321e-04 9.999921942854445023e-01 1.953226754103159005e-02
9.999806681663667707e-01 -4.910827570910871083e-03 3.814061388630345453e-03 -7.576849072700276855e-01 4.911862014958489654e-03 9.999879024380390335e-01 -2.618987565599300389e-04 -2.886635241182712863e-01 -3.812729107968536400e-03 2.806278369095025101e-04 9.999926921451850470e-01 2.121514335909225127e-02
9.999761634913512109e-01 -5.969611641158076819e-03 3.469320411582301356e-03 -8.252302070002593970e-01 5.966881036631101198e-03 9.999818804850982845e-01 7.968902242200920057e-04 -2.904313598805615126e-01 -3.474014674154968924e-03 -7.761702068925831069e-04 9.999936643703574157e-01 1.827773152461893355e-02
9.999669230216347016e-01 -7.534639611252065550e-03 3.063015949195499639e-03 -8.988490750284047204e-01 7.531802346534763326e-03 9.999711967844692184e-01 9.367799652805099261e-04 -2.896971009837609468e-01 -3.069986023736671725e-03 -9.136789486434754217e-04 9.999948701746362856e-01 2.536047182860176608e-02
9.999502639819629612e-01 -9.524776391952713764e-03 2.957734809729476669e-03 -9.706580758699834277e-01 9.519124728038052055e-03 9.999528506586580212e-01 1.919042963663886246e-03 -3.002820124052113515e-01 -2.975873809412543040e-03 -1.890792471471486715e-03 9.999937845196279484e-01 2.746308440307201545e-02
9.999290168652695820e-01 -1.159586567529164933e-02 2.738088420909645746e-03 -1.054910036271190954e+00 1.159033227176431945e-02 9.999307729189212957e-01 2.028193645855761850e-03 -2.965226005655570707e-01 -2.761417531936888152e-03 -1.996314323654489829e-03 9.999941946338074539e-01 2.742034357682750917e-02
9.998951908526266807e-01 -1.423824144564015369e-02 2.622935076541318272e-03 -1.131207378045354872e+00 1.423204394172134998e-02 9.998959188465840198e-01 2.366516650711495903e-03 -3.006506908154654156e-01 -2.656357113706251695e-03 -2.328938890783445719e-03 9.999937598852819409e-01 2.803225988175178651e-02
9.998543999009681382e-01 -1.694453203523059795e-02 2.015398436736108492e-03 -1.212910312952472314e+00 1.693967829106185138e-02 9.998536293360630323e-01 2.401500525544640781e-03 -3.055175860224140227e-01 -2.055795743931880960e-03 -2.367010665613596913e-03 9.999950854695929259e-01 3.044808355734223565e-02
9.997992708883269852e-01 -1.999731777143378547e-02 1.234994405380099173e-03 -1.283802803066474318e+00 1.999396903272117332e-02 9.997965438847842279e-01 2.666840872632721040e-03 -3.119871005833258493e-01 -1.288072802407766882e-03 -2.641613120067066219e-03 9.999956813644470532e-01 3.198593889659290951e-02
9.997374607312472516e-01 -2.288955609805540942e-02 1.038186073183644878e-03 -1.377340871249173704e+00 2.288716538870314010e-02 9.997355023282261666e-01 2.258992449040673166e-03 -3.091274201613635197e-01 -1.089618809587431045e-03 -2.234638238382997966e-03 9.999969095561013210e-01 3.647001051516346459e-02
9.996486197200256107e-01 -2.649180303780375792e-02 9.063452384582013424e-04 -1.453367863608094890e+00 2.648937732649948515e-02 9.996457366518516352e-01 2.591155055550191117e-03 -3.193526344369035375e-01 -9.746685227465661265e-04 -2.566236053681505373e-03 9.999962322192730291e-01 3.369896271837347079e-02
9.995409911666771618e-01 -3.027750648573726902e-02 1.039026740838616984e-03 -1.537773579168598248e+00 3.027494233241134411e-02 9.995387258736818659e-01 2.400697290604224092e-03 -3.275057244725941841e-01 -1.111234592287342875e-03 -2.368138874610011685e-03 9.999965785315974021e-01 2.914477716063511303e-02
9.994142576552970114e-01 -3.421115662517804773e-02 8.592762609801588881e-04 -1.594173009552613207e+00 3.420923100280362505e-02 9.994123506955415737e-01 2.163745204050344668e-03 -3.249395239954761538e-01 -9.327955337696633865e-04 -2.133082626682333317e-03 9.999972899212999922e-01 3.015160905844388450e-02
9.992861378310921028e-01 -3.777285128716145746e-02 6.530254659419863859e-04 -1.691978376729887268e+00 3.777054670324315327e-02 9.992811854123053728e-01 3.240105649663452877e-03 -3.365735419216048241e-01 -7.749440903836223114e-04 -3.213127531887842014e-03 9.999945376211111236e-01 2.919676320452267021e-02
9.991397679623045258e-01 -4.146113573089343918e-02 8.356423438824329931e-04 -1.761497999323928587e+00 4.145643353048097945e-02 9.991276872670943332e-01 5.022813668693815702e-03 -3.455579345188490858e-01 -1.043164961506398659e-03 -4.983850132107050732e-03 9.999870364378020682e-01 3.093559477243602168e-02
9.989547992840352997e-01 -4.570279152169860748e-02 7.508878052481656688e-04 -1.850817093567918237e+00 4.569828047618328115e-02 9.989417247185100601e-01 5.205552789341325384e-03 -3.514640792644073142e-01 -9.880014529425457364e-04 -5.165797660243562697e-03 9.999861690976493689e-01 3.339063350821605547e-02
9.987513075055526324e-01 -4.995496097906966526e-02 5.723875403580006883e-04 -1.930389211453220621e+00 4.995087046938640613e-02 9.987352195043603942e-01 5.733398891207120047e-03 -3.540341825008452847e-01 -8.580753134595567322e-04 -5.697648383093344843e-03 9.999834001165143205e-01 2.947712640149875024e-02
9.984682971567281351e-01 -5.532195237394497284e-02 7.356333573022647834e-04 -1.997197143162462885e+00 5.531671056249454904e-02 9.984516473586968477e-01 5.862543916321511298e-03 -3.709695621686943112e-01 -1.058821712589146915e-03 -5.812871423566074412e-03 9.999825445583117034e-01 2.474385924798213482e-02
9.981628435054070714e-01 -6.058588632912737665e-02 5.368620512808121000e-04 -2.085559701110699660e+00 6.058202050620752066e-02 9.981480006249372483e-01 5.512498684727474597e-03 -3.749530608640772589e-01 -8.698474016090756208e-04 -5.469847174102546519e-03 9.999846619505261547e-01 2.268959545414569665e-02
9.977811726272821646e-01 -6.657855552557921663e-02 1.658089017756776587e-04 -2.175291545459467013e+00 6.657654348631573960e-02 9.977651613285896115e-01 5.678617637588688830e-03 -3.882901084694657667e-01 -5.435125051316889826e-04 -5.654978781710819080e-03 9.999838627738202312e-01 2.930418670145426910e-02
9.973222454217580690e-01 -7.313178556237588668e-02 -2.841219666775231028e-04 -2.270722246356775553e+00 7.313191188484229055e-02 9.972956608516964083e-01 7.286172683471675571e-03 -3.988500957938640457e-01 -2.494972135463618544e-04 -7.287440483781342307e-03 9.999734151272460236e-01 3.138576571608521493e-02
9.967979512965491340e-01 -7.996151125790557090e-02 -3.172188481685018336e-05 -2.360343151828074859e+00 7.995849357828108128e-02 9.967567259767416976e-01 9.092223421537325850e-03 -4.065119242838619584e-01 -6.954089232354556489e-04 -9.065646113385648214e-03 9.999586643786253504e-01 2.598337295017943624e-02
9.961686390016979420e-01 -8.745300381362652864e-02 1.216198863288420960e-04 -2.454827583783024902e+00 8.744804999324189143e-02 9.961252118510072195e-01 9.348843195484813143e-03 -4.193756531626293138e-01 -9.387330544676868432e-04 -9.302388980330148632e-03 9.999562912139783322e-01 2.862986233797033125e-02
9.953627017339068406e-01 -9.619292760703659906e-02 -1.125756615754902715e-04 -2.554999532263680262e+00 9.619008035348322605e-02 9.953227684060863556e-01 8.947353573053125689e-03 -4.411152868878892575e-01 -7.486230151975572069e-04 -8.916690687717779978e-03 9.999599652934414440e-01 3.063972203998513791e-02
9.943873874034718785e-01 -1.058003918230466661e-01 -2.934108567368351597e-05 -2.660611595764578841e+00 1.057958015494350201e-01 9.943415838318049316e-01 9.594948634196815568e-03 -4.664569818818116165e-01 -9.859742632232983313e-04 -9.544200068250241475e-03 9.999539669898334093e-01 2.498358297503530667e-02
9.931143991413875494e-01 -1.171485679626100146e-01 5.692331635169468797e-05 -2.759193340535804229e+00 1.171438102670445403e-01 9.930782173706798055e-01 8.542944568876447917e-03 -4.970168929911558675e-01 -1.057323027759646131e-03 -8.477453048187845452e-03 9.999635067624824680e-01 2.458598813025688126e-02
9.915143610677029651e-01 -1.299965156441286185e-01 4.215623424272210186e-04 -2.865481274562643677e+00 1.299894171891820827e-01 9.914852756854657390e-01 7.726546423693131729e-03 -5.176264208039341730e-01 -1.422396968143807344e-03 -7.606183097284744364e-03 9.999700609340466118e-01 2.793838223421007613e-02
9.896139605505634984e-01 -1.437466182027481443e-01 1.057750738990416049e-03 -2.967704201485326543e+00 1.437337887740886277e-01 9.895842892754422859e-01 7.970720529227107165e-03 -5.476848760295929264e-01 -2.192497633788836799e-03 -7.735901790014122585e-03 9.999676738657612418e-01 2.237163540794323904e-02
9.872723862968157960e-01 -1.590332357015588616e-01 1.290424743611093793e-03 -3.071008572577921036e+00 1.590195369147346383e-01 9.872475523988092361e-01 7.420051472719440405e-03 -5.736918222544598045e-01 -2.454003464261080274e-03 -7.120409178700266677e-03 9.999716384173110706e-01 1.935528864446093428e-02
9.844520298029287853e-01 -1.756478884964357834e-01 1.421366098986275636e-03 -3.181164222110931750e+00 1.756305204386609531e-01 9.844215151313281398e-01 8.258379916108336480e-03 -6.188005807370394740e-01 -2.849790363181983234e-03 -7.880343603535159072e-03 9.999648888228266363e-01 1.529117691378668702e-02
9.810889564369138505e-01 -1.935524352907159462e-01 1.383599845029527585e-03 -3.274620057752533064e+00 1.935337458516273590e-01 9.810558007952022708e-01 8.614229190674269065e-03 -6.511870438210617396e-01 -3.024693691747484987e-03 -8.183551866356598287e-03 9.999619396285990280e-01 1.169551484374533115e-02
9.771770942998206921e-01 -2.124226964770201120e-01 1.234663996915376849e-03 -3.391415801589386270e+00 2.124039888871885329e-01 9.771422361638993914e-01 8.808848461731518670e-03 -6.898330002886384760e-01 -3.077641681748912415e-03 -8.345557386020033622e-03 9.999604391136976966e-01 7.261292226449025250e-03
9.726518534305669261e-01 -2.322659183796856319e-01 9.566479743948134561e-04 -3.507641672403679411e+00 2.322475522499009848e-01 9.726129451360397971e-01 9.226777849776535839e-03 -7.243929308237215814e-01 -3.073514234590726032e-03 -8.752263426298109369e-03 9.999569747714276424e-01 8.530341884923657234e-03
9.674417829591236417e-01 -2.530904602179675500e-01 1.271034848437354974e-03 -3.631871104846066345e+00 2.530630720693683444e-01 9.673907593633277457e-01 1.068645193583695960e-02 -7.737674046047133825e-01 -3.934226405535238939e-03 -1.001686813080233246e-02 9.999420904303880642e-01 5.913895684842784654e-03
9.614284757100775014e-01 -2.750511133687698062e-01 1.473474293958690730e-03 -3.737666605063209690e+00 2.750101783652600385e-01 9.613545737016263582e-01 1.291454297077852982e-02 -8.264944919766649134e-01 -4.968690674277550894e-03 -1.201118893443690189e-02 9.999155181575162255e-01 3.746308926611913344e-03
9.545195749991771672e-01 -2.981460420516890419e-01 1.148281519569631370e-03 -3.845976292146315423e+00 2.981048462454127246e-01 9.544392466333199154e-01 1.338749911806278413e-02 -8.838517641079294274e-01 -5.087394823267879507e-03 -1.243632168258562883e-02 9.999097240830114863e-01 -1.113579287130957857e-03
9.470045924677219507e-01 -3.212194387414485375e-01 6.115700044528935399e-04 -3.954826619150557221e+00 3.211845983386088510e-01 9.469267191017810559e-01 1.304769875341643334e-02 -9.299302225368425434e-01 -4.770286448043148907e-03 -1.215980377433198596e-02 9.999146881300494671e-01 1.462824258878329085e-03
9.389741515648297732e-01 -3.439876795652201391e-01 1.378357613138207391e-04 -4.071944543759753898e+00 3.439552306694432238e-01 9.388909319307190415e-01 1.336477590120762823e-02 -9.767513013053152893e-01 -4.726730996343541692e-03 -1.250176978156161689e-02 9.999106778934074846e-01 -2.406167780250311698e-03
9.297586548468186329e-01 -3.681684243306311832e-01 -9.246954381426928174e-04 -4.177226427340661630e+00 3.681451227067925047e-01 9.296649924842096402e-01 1.386255308218534849e-02 -1.053705005671645933e+00 -4.244097347701168699e-03 -1.322925082192708858e-02 9.999034826218110572e-01 5.409547253280177874e-03
9.200062991551485325e-01 -3.918993294429957142e-01 -1.823484402170500894e-03 -4.309304977971240014e+00 3.918845472343414627e-01 9.199058344848989321e-01 1.413355301833932667e-02 -1.118941563462274580e+00 -3.861496009669280419e-03 -1.371755316560066724e-02 9.998984536354406094e-01 2.063370328523258211e-03
9.090467641160363543e-01 -4.166853148718975830e-01 -2.707216048970268515e-03 -4.409168519635218608e+00 4.166803036299690510e-01 9.089445761228200915e-01 1.404571482710673461e-02 -1.186466336997379578e+00 -3.391933761013299440e-03 -1.389625521850718082e-02 9.998976892037948483e-01 9.753082136092990767e-03
8.971238487424599839e-01 -4.417660703191093607e-01 -3.396929624858101380e-03 -4.523432769942994369e+00 4.417664453817396475e-01 8.970133002442607362e-01 1.447573558928611295e-02 -1.264231888218292577e+00 -3.347797772548489603e-03 -1.448717715077810046e-02 9.998894508629936340e-01 4.977601937637870025e-03
8.843177288679746617e-01 -4.668661872293191628e-01 -4.256480986008235982e-03 -4.626444967934143726e+00 4.668750959551482560e-01 8.841999759244226764e-01 1.476642655464453606e-02 -1.340814251269842661e+00 -3.130364878999227635e-03 -1.504545776302860030e-02 9.998819105350618131e-01 -4.126707329668048360e-04
8.709340416219795156e-01 -4.913809198552908097e-01 -4.322816778845078867e-03 -4.753741507211314499e+00 4.913831074654212427e-01 8.707977218474840519e-01 1.593641502441530203e-02 -1.418101283858113515e+00 -4.066551270689657167e-03 -1.600372548793029676e-02 9.998636626711097097e-01 5.478251855769565191e-04
8.563463393874127805e-01 -5.163816111108577855e-01 -4.580253613545445628e-03 -4.862234181523217735e+00 5.163840081008242988e-01 8.562090645347699702e-01 1.592463459823085722e-02 -1.501926047361864081e+00 -4.301533808178091903e-03 -1.600217226331664827e-02 9.998627042192174130e-01 -1.104286426494357348e-02
8.409510984340483608e-01 -5.410829386348411374e-01 -5.523002787229510692e-03 -4.979231637448251924e+00 5.411002518847286558e-01 8.408256891178755854e-01 1.492239694172437826e-02 -1.601579222674784031e+00 -3.430371763909675301e-03 -1.553750429869951884e-02 9.998734012406477190e-01 -7.875464449292211497e-03
8.246544831822459898e-01 -5.656078976443306150e-01 -5.717472240962319027e-03 -5.078113272871003225e+00 5.656309412410688298e-01 8.245578358324914259e-01 1.288462954912721579e-02 -1.694824741416329772e+00 -2.573261693546153531e-03 -1.385934672695847934e-02 9.999006434798248799e-01 -8.676634352574180697e-03
8.075265943097956756e-01 -5.898041937164764104e-01 -5.640262053723556039e-03 -5.179838216667783435e+00 5.898248170840961757e-01 8.074366330531639324e-01 1.235996585756250939e-02 -1.800395500158424200e+00 -2.735805494564058551e-03 -1.330776766883843415e-02 9.999077050842111181e-01 -6.343719699147092918e-03
7.891977914687754447e-01 -6.141108615749601984e-01 -5.890300140044216898e-03 -5.290748268235081042e+00 6.141321376303232604e-01 7.891068312054768663e-01 1.233395617197083002e-02 -1.906403838570923215e+00 -2.926340372813360843e-03 -1.335135358723375278e-02 9.999065845808861042e-01 -1.322963580842359890e-02
7.694982922310344975e-01 -6.386005050509847569e-01 -7.859592963041188776e-03 -5.390400106173427908e+00 6.386472850115501032e-01 7.694106983335730066e-01 1.169712090550364611e-02 -2.013952600407612259e+00 -1.422532407363484097e-03 -1.402042226790152675e-02 9.999006971493612506e-01 -2.319327882274772878e-02
7.495328140016107588e-01 -6.618960677012911686e-01 -9.703416713360306020e-03 -5.492615824924562240e+00 6.619670046007327668e-01 7.494411005557470862e-01 1.173548541183206534e-02 -2.125873572807515544e+00 -4.955323456238741641e-04 -1.521947310049938905e-02 9.998840543208162845e-01 -2.375328055208527495e-02
7.283899001629620118e-01 -6.850778360484206519e-01 -1.079406760443690771e-02 -5.585898733757356460e+00 6.851626541167963325e-01 7.282868818381144083e-01 1.226193892235291974e-02 -2.236730938240915734e+00 -5.392047444753283320e-04 -1.632716447599100867e-02 9.998665575751644052e-01 -1.801218010545899834e-02
7.060410984993465977e-01 -7.080874870704296775e-01 -1.086636479678442131e-02 -5.678077369266619101e+00 7.081707169511809452e-01 7.059480738083800944e-01 1.146964423772092560e-02 -2.367147476611576540e+00 -4.504222680665672263e-04 -1.579328156574997394e-02 9.998751768975734366e-01 -2.165175164495306698e-02
6.825497549767842731e-01 -7.307580784124725337e-01 -1.088406247469437399e-02 -5.776773200176618772e+00 7.308387404397191922e-01 6.824583473901066899e-01 1.119551471606169621e-02 -2.495371423343626383e+00 -7.532935311516772599e-04 -1.559599033612064055e-02 9.998780913856832875e-01 -2.658521524382344639e-02
6.577782564152413469e-01 -7.531308060076707944e-01 -1.103423896828096933e-02 -5.875919488982001226e+00 7.532115006096297138e-01 6.576988392204337064e-01 1.023094507099178707e-02 -2.624409090412727075e+00 -4.480337461908162470e-04 -1.504080890162121271e-02 9.998867802567099616e-01 -3.202386211913839376e-02
6.316810390568884381e-01 -7.751415732276806247e-01 -1.160199768632057780e-02 -5.962873875400960699e+00 7.752283722730116677e-01 6.316139233069952841e-01 9.209924380553872678e-03 -2.764936712349103320e+00 1.889880034313361483e-04 -1.481193238378522917e-02 9.998902794513869763e-01 -3.483571933606253307e-02
6.044851191847410155e-01 -7.965208788610025348e-01 -1.233816125006464461e-02 -6.041076000418326153e+00 7.966158497869926247e-01 6.044309043478149901e-01 8.152897441694952410e-03 -2.919050382906305696e+00 9.636129270691941740e-04 -1.475707999073371315e-02 9.998906440401622575e-01 -3.358521335789853984e-02
5.756482882257877298e-01 -8.176010252223696595e-01 -1.255435456402538737e-02 -6.132589452461403745e+00 8.176962094003806802e-01 5.756058639888441686e-01 7.127304751319544877e-03 -3.082291211221461769e+00 1.399068434123175182e-03 -1.436846891819271860e-02 9.998957894236963906e-01 -3.300917566841977957e-02
5.461499837626784259e-01 -8.375888094506916959e-01 -1.285229627755451846e-02 -6.224643149454971436e+00 8.376850810559149929e-01 5.461203528818732167e-01 6.022054756461344728e-03 -3.252074472464562493e+00 1.974894904755204392e-03 -1.405512195643710861e-02 9.998992715947321308e-01 -3.554377351365282933e-02
5.153922134672408450e-01 -8.568709628397610523e-01 -1.195906936774208777e-02 -6.316747976399978981e+00 8.569521957671996093e-01 5.153724378345271306e-01 4.917772777610050945e-03 -3.434706082934891214e+00 1.949478039534640033e-03 -1.278293255115714802e-02 9.999163945898346118e-01 -4.463106248582301289e-02
4.834470940456327970e-01 -8.752771369337892793e-01 -1.299387627689597285e-02 -6.389094960253610900e+00 8.753686034922842918e-01 4.834411413197332585e-01 3.804063369516438170e-03 -3.627769708375763624e+00 2.952164682911056874e-03 -1.321349471197481688e-02 9.999083399391905935e-01 -5.974596192023991226e-02
4.504537729264827539e-01 -8.926951454726446133e-01 -1.366659090182665952e-02 -6.499833275293386947e+00 8.927901965453036714e-01 4.504669981373244370e-01 2.269039506957900177e-03 -3.837047082161389344e+00 4.130787625794688986e-03 -1.322349578413381348e-02 9.999040332709946410e-01 -6.116557293406096885e-02
4.161230505399987623e-01 -9.091711204417578518e-01 -1.579495378584687762e-02 -6.563333274084965474e+00 9.092871674168930829e-01 4.161690516301717602e-01 4.094320561516168774e-04 -4.049584505453747596e+00 6.201127136584228157e-03 -1.453252290357164717e-02 9.998751681080276787e-01 -8.046690063595506037e-02
3.820941233821699146e-01 -9.239745361089869435e-01 -1.658726922193989525e-02 -6.645249052443558568e+00 9.240941457926336033e-01 3.821633179474187569e-01 -1.099147615342326977e-03 -4.285636686061293332e+00 7.354630249765654361e-03 -1.490822053809436748e-02 9.998618176393369028e-01 -8.990437499165700175e-02
3.475044572736434856e-01 -9.375281494760510093e-01 -1.678157073447393566e-02 -6.720491202259123220e+00 9.376358131346286262e-01 3.476034756603702536e-01 -3.302367991935014225e-03 -4.525094199486272117e+00 8.929395266930142613e-03 -1.458741412450435121e-02 9.998537259259910881e-01 -9.845681334677626462e-02
3.128265841526761681e-01 -9.496259783632288176e-01 -1.870907444265515474e-02 -6.790910887987338107e+00 9.497487292223321109e-01 3.129698350302563270e-01 -5.218591740354027071e-03 -4.774716714927536465e+00 1.081108622921468816e-02 -1.613640544858516504e-02 9.998113506219568070e-01 -1.007211450863518681e-01
2.788139876977317466e-01 -9.601512068788773391e-01 -1.929819148680046378e-02 -6.864634525749280236e+00 9.602715307520395260e-01 2.789851002093285404e-01 -6.775034042993289575e-03 -5.044170857046237799e+00 1.188896499904416003e-02 -1.664252962143289091e-02 9.997908174802401238e-01 -1.074936470795829352e-01
2.455716593016210869e-01 -9.691536278182467656e-01 -2.087596312004245253e-02 -6.923261198878024381e+00 9.692847601604633878e-01 2.457903694350169754e-01 -8.610923965871637373e-03 -5.334775390845324594e+00 1.347641888819111310e-02 -1.812015401948651946e-02 9.997449905605995113e-01 -1.156154350179562224e-01
2.141944119864775398e-01 -9.765422646192624123e-01 -2.204448429242707175e-02 -6.975522676009847878e+00 9.766675148994451439e-01 2.144716911633325063e-01 -1.106612070639934400e-02 -5.630735678620505169e+00 1.553445240240713607e-02 -1.915983047342614820e-02 9.996957445560817890e-01 -1.215270008666055057e-01
1.832464043113725960e-01 -9.828299479597675248e-01 -2.158816115545282924e-02 -7.003240966421287794e+00 9.829332560486406800e-01 1.835395321798189427e-01 -1.246813051657792368e-02 -5.939470188774346404e+00 1.621633306606702976e-02 -1.893498145096448801e-02 9.996892002107911068e-01 -1.178485175489067810e-01
1.523055714802538096e-01 -9.880952697866127732e-01 -2.169679061880267976e-02 -7.039840414732337237e+00 9.882359026361152710e-01 1.525622681735721853e-01 -1.070304014827101052e-02 -6.268635040025403171e+00 1.388573493194709269e-02 -1.981141481510488578e-02 9.997073042681889898e-01 -1.257891462841004560e-01
1.229184542834109162e-01 -9.921787992315923566e-01 -2.173209501467601376e-02 -7.090810552441504377e+00 9.923429324996111411e-01 1.231469627518942678e-01 -9.504203318215108040e-03 -6.607344673240303834e+00 1.210611053142827444e-02 -2.039744891514072220e-02 9.997186535042232869e-01 -1.469721612320329385e-01
9.489378995584016319e-02 -9.952557123030285613e-01 -2.147640002014322702e-02 -7.135566106267869912e+00 9.954016597050974191e-01 9.514668017335897732e-02 -1.107452508921844513e-02 -6.970698805621810656e+00 1.306539252029420041e-02 -2.032674056685212019e-02 9.997080169404257699e-01 -1.794838128372404917e-01
7.030278238182911810e-02 -9.972969539697650321e-01 -2.136128258861904813e-02 -7.142366169871891657e+00 9.973841198823706344e-01 7.063746276348294162e-02 -1.533839164996268420e-02 -7.357922418211217952e+00 1.680583807494620552e-02 -2.022707242394177624e-02 9.996541548688196999e-01 -1.907211216116170005e-01
4.574109319670676549e-02 -9.987344748830351282e-01 -2.090935377085307786e-02 -7.162534711175712054e+00 9.987513235095273334e-01 4.614274188243132346e-02 -1.914787604722939865e-02 -7.742386756536369319e+00 2.008845884333680665e-02 -2.000739996956081568e-02 9.995979980804756693e-01 -1.982250201027261627e-01
2.299562411697363834e-02 -9.995054376817213981e-01 -2.144950624092231348e-02 -7.168417012165318347e+00 9.995157195079510393e-01 2.343520013570779201e-02 -2.047236793025434751e-02 -8.154475001353940655e+00 2.096491654028188531e-02 -2.096834378576830846e-02 9.995603037496414434e-01 -2.077329125356707495e-01
3.515445765091440578e-03 -9.997222300256793925e-01 -2.330460116346567273e-02 -7.193295857075028721e+00 9.997669091510139605e-01 4.010130871264384195e-03 -2.121429269587418037e-02 -8.579831665511241212e+00 2.130185450310811274e-02 -2.322459137877626659e-02 9.995033013195854243e-01 -2.317265051275935461e-01
-1.534246164367396303e-02 -9.996025109902459960e-01 -2.365224924891335193e-02 -7.203654270847684948e+00 9.995948546556229219e-01 -1.476659514458161793e-02 -2.433257510824345105e-02 -9.024090041035808696e+00 2.397363998834101464e-02 -2.401598825053706879e-02 9.994240826059729299e-01 -2.526972872659865588e-01
-3.269620685947619704e-02 -9.991036289645571777e-01 -2.688673741212072726e-02 -7.182630225064485785e+00 9.991331020924570927e-01 -3.197994397314972426e-02 -2.665196961078574595e-02 -9.471577452011041842e+00 2.576824320132548377e-02 -2.773484766733614812e-02 9.992831309823642094e-01 -2.678661964628596404e-01
-4.821065706836905052e-02 -9.984768824803026410e-01 -2.682625018988824342e-02 -7.190129339331273073e+00 9.985125222900010922e-01 -4.749287438319092780e-02 -2.678002446677131554e-02 -9.943737256640542199e+00 2.546517961208531397e-02 -2.807742931655197657e-02 9.992813330534225935e-01 -2.771326133859237650e-01
-6.325984793707076226e-02 -9.975972489633819773e-01 -2.824748663956254055e-02 -7.138006173347464234e+00 9.976855130455374310e-01 -6.250754927689962381e-02 -2.676608563126665202e-02 -1.041301781539326754e+01 2.493609222839761677e-02 -2.987532670716359570e-02 9.992425412067093005e-01 -2.904311453042496827e-01
-7.847827827438283443e-02 -9.965482240964731453e-01 -2.707022148075156551e-02 -7.126343800685061680e+00 9.966082774114723986e-01 -7.775070269266982914e-02 -2.695866508748759327e-02 -1.089763574931842882e+01 2.476088107497246421e-02 -2.909407641973978456e-02 9.992699502558840541e-01 -3.102088935120667079e-01
-9.204952502449416374e-02 -9.954043915764499983e-01 -2.640041997439817115e-02 -7.097844465022626892e+00 9.954782290682320234e-01 -9.136721866462788055e-02 -2.598320230916359441e-02 -1.141098305781945221e+01 2.345166074132423728e-02 -2.867278475396477233e-02 9.993137100138514972e-01 -3.217084694603263295e-01
-1.049934372248175901e-01 -9.941366381032176180e-01 -2.585967753609949571e-02 -7.017446274391514471e+00 9.942432790785528107e-01 -1.043749150329868619e-01 -2.421113620968232821e-02 -1.190615244118234806e+01 2.137007591074771562e-02 -2.825282099919822557e-02 9.993723520089373702e-01 -3.382169187786182030e-01
-1.183708030674821832e-01 -9.926519870282179969e-01 -2.510748158991137069e-02 -6.968570787486662255e+00 9.927589548562981703e-01 -1.177872459051958615e-01 -2.357588285279570844e-02 -1.243570112545444140e+01 2.044530585188886543e-02 -2.771637336860426418e-02 9.994067200667769990e-01 -3.794346081746411969e-01
-1.297244104643609508e-01 -9.912731378530216242e-01 -2.343381109367085463e-02 -6.903535080741399987e+00 9.913263214130446643e-01 -1.291568457306686846e-01 -2.430295603796847614e-02 -1.298224966603330444e+01 2.106423036676180124e-02 -2.638324039276099264e-02 9.994299489329659947e-01 -4.043483208999397172e-01
-1.413110231563119157e-01 -9.896748480882078258e-01 -2.397685963069692144e-02 -6.830735001330182854e+00 9.897730578586834138e-01 -1.407649192056436016e-01 -2.311993632579529070e-02 -1.352880739855477010e+01 1.950611876253053462e-02 -2.699875153205074166e-02 9.994451354352817951e-01 -4.018186997431800189e-01
-1.515500396321991239e-01 -9.881135866373234045e-01 -2.577063041197038065e-02 -6.759396036899155469e+00 9.883015333723894624e-01 -1.510245985499598376e-01 -2.125205317673936958e-02 -1.408274808797068367e+01 1.710744337574150731e-02 -2.868990305335065299e-02 9.994419567151706651e-01 -4.309824072842113329e-01
-1.625765574150890569e-01 -9.863535632623712246e-01 -2.599059869035300063e-02 -6.683446313647653625e+00 9.865489104465391401e-01 -1.620412230175726498e-01 -2.153809038301609038e-02 -1.465718769448105796e+01 1.703262379662537004e-02 -2.914258540761601943e-02 9.994301373488170270e-01 -4.521825637189709202e-01
-1.723723682125276879e-01 -9.847089967010645983e-01 -2.521821750964032063e-02 -6.570779990504377999e+00 9.848931099696960345e-01 -1.718619063079750431e-01 -2.119073127694532863e-02 -1.524882890155979176e+01 1.653265280040220123e-02 -2.848994520535304970e-02 9.994573499716176146e-01 -4.653438484472057213e-01
-1.822930031517423499e-01 -9.829970280973270302e-01 -2.204776077726188291e-02 -6.464421107990377280e+00 9.831007965192055664e-01 -1.818375487970163573e-01 -2.116435041413580395e-02 -1.584572524275740157e+01 1.679538278272168020e-02 -2.553328417836181474e-02 9.995328741542017781e-01 -4.962920532244898819e-01
-1.927123431033776479e-01 -9.810655651711114311e-01 -1.929532722231270744e-02 -6.348860294516151193e+00 9.810605957477009920e-01 -1.922451508344630855e-01 -2.370462928353659834e-02 -1.645033315337495949e+01 1.954636243318380595e-02 -2.349805987151368930e-02 9.995327813016520180e-01 -5.326292956958236235e-01
-2.010033395344298646e-01 -9.794071927305221248e-01 -1.895279201650410666e-02 -6.231357742879690242e+00 9.792996756871380493e-01 -2.004345785533584723e-01 -2.825110470200037707e-02 -1.708543281979826034e+01 2.387054026769254780e-02 -2.423902946578710554e-02 9.994211658538143528e-01 -5.543912091016954813e-01
-2.086588926414974232e-01 -9.778256094588808622e-01 -1.784780125010108562e-02 -6.099256320450143320e+00 9.776362513325885795e-01 -2.080592587217892364e-01 -3.063829202476544764e-02 -1.771286705088412106e+01 2.624550627419079685e-02 -2.384160959501198732e-02 9.993711778168523630e-01 -5.622083754112252585e-01
-2.160036452258740636e-01 -9.762358832278362764e-01 -1.749072751336675641e-02 -5.968514369676732656e+00 9.760357701298355559e-01 -2.154058378398452378e-01 -3.089499068258116932e-02 -1.836042613002465274e+01 2.639319370208579457e-02 -2.374500630531758971e-02 9.993695882907763783e-01 -5.776340133214080685e-01
-2.231825855275278436e-01 -9.746436304823373753e-01 -1.610363557948428503e-02 -5.823053996713902336e+00 9.744453309546726727e-01 -2.226455801094040787e-01 -2.975302734348648712e-02 -1.901770783698267664e+01 2.541319530263887877e-02 -2.233247007163282130e-02 9.994275512930984595e-01 -5.927283234209893559e-01
-2.282766324722217410e-01 -9.735153757787921025e-01 -1.255357283074949593e-02 -5.677493904166089678e+00 9.732905475171675924e-01 -2.278628424434075428e-01 -2.800062758352159231e-02 -1.968368669915487956e+01 2.439854869618936911e-02 -1.861016274562182771e-02 9.995290754464368765e-01 -6.219560887397667104e-01
-2.310503866200246392e-01 -9.728708039602066426e-01 -1.175234640130909392e-02 -5.519426622810459371e+00 9.726590721422287977e-01 -2.306752241312311491e-01 -2.689368604637679822e-02 -2.036029134877682623e+01 2.345310682541446382e-02 -1.764482290485305457e-02 9.995692132131708263e-01 -6.638794596165794593e-01
-2.326063145501488516e-01 -9.725298486905591400e-01 -8.944039281831621391e-03 -5.365710801756162773e+00 9.723044158019350514e-01 -2.323174338083353052e-01 -2.554863907353641800e-02 -2.106334036109187480e+01 2.276895783881437846e-02 -1.463910366550039491e-02 9.996335684647190689e-01 -6.834890426600275237e-01
-2.341523070285193575e-01 -9.721702520669304182e-01 -7.595927243246103529e-03 -5.215849460855337405e+00 9.719457215353262125e-01 -2.339052776610389961e-01 -2.469484701782452205e-02 -2.176192864400775662e+01 2.223086817936419102e-02 -1.316518438610642279e-02 9.996661774906517861e-01 -7.132620035445988993e-01
-2.353948638698382390e-01 -9.718734518152548629e-01 -7.159030781182637061e-03 -5.035792410111445072e+00 9.716536434944065270e-01 -2.351630755831964903e-01 -2.423891425060877361e-02 -2.248418553796447839e+01 2.187361756451253539e-02 -1.266181426279929662e-02 9.996805606357030971e-01 -7.389999014144698064e-01
-2.369386917194381270e-01 -9.714963856167185829e-01 -7.404667530655506709e-03 -4.869041650486659378e+00 9.713032937685879276e-01 -2.367151641793721895e-01 -2.314827336071804617e-02 -2.322219262902446602e+01 2.073566681321168184e-02 -1.267689956744076640e-02 9.997046205444202194e-01 -7.639264204947138204e-01
-2.382728373621219309e-01 -9.711712068425647493e-01 -7.248584458250823329e-03 -4.684461532069893686e+00 9.709881456457194471e-01 -2.380594121404667474e-01 -2.257736265784732535e-02 -2.396069874611352546e+01 2.020089078498252255e-02 -1.241786184231421369e-02 9.997188208278616761e-01 -7.998947476781218535e-01
-2.395402313516385995e-01 -9.708690822725581926e-01 -5.805398566387215582e-03 -4.507311984086488366e+00 9.706664962812575626e-01 -2.393544154140348212e-01 -2.271600353581182744e-02 -2.471734074373397050e+01 2.066471772583129002e-02 -1.107650262830404964e-02 9.997251024804401087e-01 -8.229718506100851538e-01
-2.409730614200503440e-01 -9.705226488860232426e-01 -4.215645900426945314e-03 -4.306996001286020004e+00 9.703186973057458253e-01 -2.408268557094563334e-01 -2.200116419071927037e-02 -2.548494929877408310e+01 2.033738740219067503e-02 -9.392207928244087137e-03 9.997490570651084152e-01 -8.454755488568275190e-01
-2.423147951299970126e-01 -9.701909821756944385e-01 -3.605297117220425136e-03 -4.118090992660468963e+00 9.699790979236395660e-01 -2.421796527256804832e-01 -2.212612471006779324e-02 -2.624331071983067432e+01 2.059343706060346932e-02 -8.858550221645476036e-03 9.997486866391409599e-01 -8.742827197427586183e-01
-2.442780170961090513e-01 -9.696959790366644905e-01 -4.237759423856810558e-03 -3.937870542282005282e+00 9.695085482504031127e-01 -2.441381206849412289e-01 -2.120737832926107569e-02 -2.704094600836866036e+01 1.953011087036270882e-02 -9.289040312935644556e-03 9.997661168984168789e-01 -8.983935616694213033e-01
-2.467608819578528123e-01 -9.690670505491784104e-01 -4.256603868872136862e-03 -3.750391056873080942e+00 9.689229808437670455e-01 -2.466412802138259475e-01 -1.887686640044996741e-02 -2.782155877241142861e+01 1.724309501894108476e-02 -8.782393510473312376e-03 9.998127550882091041e-01 -9.206747100596859301e-01
-2.496514254583913905e-01 -9.683242662781998966e-01 -4.720286491075960898e-03 -3.549894720792061698e+00 9.682087714147834534e-01 -2.495367709985650828e-01 -1.741191755319931866e-02 -2.862060188951627637e+01 1.568249724025759517e-02 -8.917132821371314202e-03 9.998372587682624602e-01 -9.505056348761938834e-01
-2.534325295700210479e-01 -9.673373936287209540e-01 -5.506345838399260770e-03 -3.337083331656804930e+00 9.672416714327426446e-01 -2.533128595292998830e-01 -1.661758823917777045e-02 -2.942704202557143844e+01 1.467998628603183094e-02 -9.537404575031355192e-03 9.998467562158165345e-01 -9.771194461056356140e-01
-2.571231348713584608e-01 -9.663623705122407204e-01 -5.609133001240410206e-03 -3.144630465799651109e+00 9.662692066791331857e-01 -2.570023334114525104e-01 -1.654148852307462531e-02 -3.024571910788790419e+01 1.454351179145891258e-02 -9.673131879762864732e-03 9.998474467552952438e-01 -1.009498533447611868e+00
-2.598481799797617842e-01 -9.656240647682376999e-01 -7.006347321554162212e-03 -2.917158536779751454e+00 9.655143064344314796e-01 -2.596835681790000128e-01 -1.861634996661414715e-02 -3.106885055084038783e+01 1.615696225377958803e-02 -1.160215323151099487e-02 9.998021517329298558e-01 -1.039175080766527426e+00
-2.638642290284847758e-01 -9.645409259523791690e-01 -6.039106161257370986e-03 -2.693384239231779276e+00 9.643851765053906844e-01 -2.636921376899483693e-01 -2.068061544050468423e-02 -3.189847117179976266e+01 1.835483515308141550e-02 -1.128089911031349667e-02 9.997678937335608973e-01 -1.066313780369911646e+00
-2.669850563509341135e-01 -9.636704102179409759e-01 -7.636763499719239484e-03 -2.478766142198477240e+00 9.634983707628123062e-01 -2.667582680598102329e-01 -2.260345011209846655e-02 -3.274344762292442823e+01 1.974510623732867939e-02 -1.339279259180207668e-02 9.997153414272206273e-01 -1.080244891251144201e+00
-2.705916438557753878e-01 -9.626461104525398937e-01 -9.624360086880874229e-03 -2.252178582408780549e+00 9.625063957312220975e-01 -2.703278566498689139e-01 -2.245635975449119387e-02 -3.358025424987851437e+01 1.901579473890185890e-02 -1.534001143945128848e-02 9.997014972471330863e-01 -1.105543718231261296e+00
-2.739206661825341338e-01 -9.616985600592841132e-01 -1.016603261122794172e-02 -2.017647358011809722e+00 9.615837132507921714e-01 -2.736594494008747769e-01 -2.161638642973456870e-02 -3.442675609577348439e+01 1.800641681641379152e-02 -1.569666635865112417e-02 9.997146510966675725e-01 -1.132217270903544515e+00
-2.777991815461557934e-01 -9.605772080793487655e-01 -1.091063938478743431e-02 -1.791767038901059594e+00 9.605002789233441085e-01 -2.775479728396886836e-01 -2.015780143317373943e-02 -3.527638216880171029e+01 1.633489877829896741e-02 -1.607949291225423821e-02 9.997372759821748778e-01 -1.158381184096363592e+00
-2.803079023041687434e-01 -9.598524898923537219e-01 -1.052034002692851279e-02 -1.552614078530654584e+00 9.598000172124800944e-01 -2.800929034860699662e-01 -1.821791353407552563e-02 -3.613792928157902651e+01 1.453983708276144690e-02 -1.520404766605013870e-02 9.997786905464856044e-01 -1.184464910682873517e+00
-2.819824746150661476e-01 -9.593508936690352540e-01 -1.147810208034259934e-02 -1.309149762393923000e+00 9.593397177892794003e-01 -2.817844944471635249e-01 -1.627281656680732574e-02 -3.700406810333850416e+01 1.237698992419832521e-02 -1.560004829500772836e-02 9.998017046456154633e-01 -1.209432767511855245e+00
-2.828859329129699285e-01 -9.590766651721387426e-01 -1.214492829175696162e-02 -1.056320870222212438e+00 9.590800163843639092e-01 -2.826847692401761036e-01 -1.596381563646968177e-02 -3.787377780653067560e+01 1.187733681269720690e-02 -1.616389690425116057e-02 9.997988084138604847e-01 -1.237688523119414352e+00
-2.835877279427568287e-01 -9.588991497408307918e-01 -9.509005601215364881e-03 -8.083616891065877885e-01 9.588722494257508888e-01 -2.834286612834196473e-01 -1.523821650230870912e-02 -3.875153903100510888e+01 1.191678812018503140e-02 -1.343929278645617127e-02 9.998386747715690692e-01 -1.257324180643791145e+00
-2.845841877088021166e-01 -9.586189850059406714e-01 -7.841026286897059133e-03 -5.408258424724192714e-01 9.585630588099852689e-01 -2.844377289115490592e-01 -1.587578830704612295e-02 -3.965130697565331275e+01 1.298854836393201727e-02 -1.203411646140011351e-02 9.998432265365709837e-01 -1.296317212240984951e+00
-2.847968212878297933e-01 -9.585648074287079767e-01 -6.654362811485651716e-03 -2.731732726105824960e-01 9.584879112877191520e-01 -2.846599873068417774e-01 -1.641997380207678089e-02 -4.053708671969163646e+01 1.384537819236230163e-02 -1.105448265661623623e-02 9.998430396390105557e-01 -1.304466935665115512e+00
-2.858481091257214501e-01 -9.582692392438552087e-01 -3.305091398361578985e-03 -3.119066240984517263e-02 9.581378818681312026e-01 -2.857471949824504365e-01 -1.789804142365442746e-02 -4.146176491691366550e+01 1.620672194299883906e-02 -8.282854569830392158e-03 9.998343545221429762e-01 -1.353192451614263492e+00
-2.851955776087869987e-01 -9.584612231672257066e-01 -3.945402142000353947e-03 2.577431952262247417e-01 9.582905255620128848e-01 -2.850604435015446358e-01 -2.048931835550639804e-02 -4.236046946803876523e+01 1.851353904872982473e-02 -9.624304475442570922e-03 9.997822871175153780e-01 -1.366162423017580840e+00
-2.862779064760240244e-01 -9.581371474288474799e-01 -4.262274215453269732e-03 5.119865509994744324e-01 9.580212779586368965e-01 -2.861656677274962979e-01 -1.744825465400414929e-02 -4.328168172601283459e+01 1.549810439513968872e-02 -9.078399204930144920e-03 9.998386827017187173e-01 -1.365474726701338737e+00
-2.863880822121812608e-01 -9.580907485545050450e-01 -6.632036033907077674e-03 7.598738184330213752e-01 9.580694991675374750e-01 -2.863015186779863663e-01 -1.158771614431351391e-02 -4.419021339136109816e+01 9.203321646558021082e-03 -9.672535245280953001e-03 9.999108664932446766e-01 -1.373581588052226410e+00
-2.870577663027481519e-01 -9.578461016379659076e-01 -1.134391392211837532e-02 1.032300134164594763e+00 9.579113016354475763e-01 -2.870130201360731603e-01 -5.428118399324402543e-03 -4.508607265310030954e+01 1.943451053329845217e-03 -1.242464689374729592e-02 9.999209224464897794e-01 -1.421903671202658037e+00
-2.870838845084422442e-01 -9.578522456282362318e-01 -1.009548420424829195e-02 1.300941841966144041e+00 9.579047546513833611e-01 -2.870550722029282520e-01 -4.226882627963699651e-03 -4.603659941638744613e+01 1.150769070287852198e-03 -1.088398220398556493e-02 9.999401055366271551e-01 -1.460456023382679991e+00
-2.875186738950722409e-01 -9.577346379558806522e-01 -8.796330027482195113e-03 1.564274438051689975e+00 9.577633810673923387e-01 -2.874577499033949546e-01 -7.572839938923978109e-03 -4.697152016421889442e+01 4.724197880352069313e-03 -1.060213568499671771e-02 9.999326360670396374e-01 -1.479061919732984620e+00
-2.883041560761203104e-01 -9.575173429496861566e-01 -6.422736224440962413e-03 1.832564977782508153e+00 9.575103675279831306e-01 -2.882373190718994782e-01 -9.651112297446841348e-03 -4.792085948267067153e+01 7.389835133375853744e-03 -8.932292308939989572e-03 9.999327999868222738e-01 -1.475609894301628922e+00
-2.880731850710892550e-01 -9.575860081736647933e-01 -6.548052673180776266e-03 2.116981495099357513e+00 9.575951353772101937e-01 -2.880264758984441564e-01 -7.232280507161243342e-03 -4.885245371656011315e+01 5.039518085648400474e-03 -8.353809467086033280e-03 9.999524074292378550e-01 -1.485971237863728645e+00
-2.886176909474369445e-01 -9.573964173385134391e-01 -9.587937229761348337e-03 2.406402830576452434e+00 9.574442436105188303e-01 -2.885969865459576678e-01 -3.507097316243469598e-03 -4.978966985014741198e+01 5.906326143904530156e-04 -1.019212563811066306e-02 9.999478845053714204e-01 -1.506233635298210638e+00
-2.891543309367493042e-01 -9.572622700829577225e-01 -6.222473535665984726e-03 2.659551316967097012e+00 9.572775788154086474e-01 -2.891675670843438795e-01 1.324855368193582177e-03 -5.074423346593019346e+01 -3.067571590577290036e-03 -5.573546732912186205e-03 9.999797625852384630e-01 -1.511846324074838321e+00
-2.888383721178476304e-01 -9.573760923689215163e-01 -1.847309793324029836e-03 2.941993706824412858e+00 9.573761839898506931e-01 -2.888409505711198033e-01 1.321968274767422544e-03 -5.169067827853137231e+01 -1.799199537570065526e-03 -1.386735236120594699e-03 9.999974199192159796e-01 -1.543341795091989210e+00
-2.893106016283087389e-01 -9.572351647730046320e-01 -4.637975823879238071e-04 3.218249103011197487e+00 9.572309844641745391e-01 -2.893078192362505408e-01 -3.134981407756794701e-03 -5.266732947404146614e+01 2.866734177547637305e-03 -1.350944773570326475e-03 9.999949783784213286e-01 -1.558344778940105035e+00
-2.880036216617837819e-01 -9.575844387232814725e-01 -9.271279600872747717e-03 3.507827249491242139e+00 9.576255909346176320e-01 -2.879619853806566487e-01 -5.578759778488239125e-03 -5.362801255963823621e+01 2.672357470630735976e-03 -1.048511762713136806e-02 9.999414586927495296e-01 -1.562894016573682210e+00
-2.863803918693671458e-01 -9.580578249834679205e-01 -1.055817888694682641e-02 3.781916702911702899e+00 9.581077887273813376e-01 -2.864061738382014388e-01 9.842587064918650180e-04 -5.458781551460408821e+01 -3.966904373003647330e-03 -9.834001032334130366e-03 9.999437764654971472e-01 -1.538721346739257534e+00
-2.860420088891565960e-01 -9.581354005199305135e-01 -1.251093209437861148e-02 4.056798678692135063e+00 9.581303475362147326e-01 -2.861674037789340153e-01 9.718752104741478284e-03 -5.555525039532668785e+01 -1.289210139645509401e-02 -9.207132339691895956e-03 9.998745033424689677e-01 -1.572090021806705984e+00
-2.864852341728814089e-01 -9.580431096413474235e-01 -8.922481175929513481e-03 4.355790362929301551e+00 9.579747976052629399e-01 -2.865809887359312969e-01 1.247493672171425851e-02 -5.653474036688324844e+01 -1.450854064654588660e-02 -4.973626930665868244e-03 9.998823757233394893e-01 -1.588923620037706597e+00
-2.861571665302904410e-01 -9.581373898738710926e-01 -9.317626828608814235e-03 4.642043529363958143e+00 9.581081836318103839e-01 -2.862426540294703003e-01 9.687696828215672240e-03 -5.752921914448242546e+01 -1.194924678527564677e-02 -6.155090641984921167e-03 9.999096610990141354e-01 -1.602785703211541346e+00
-2.872210531574019843e-01 -9.577541807636831273e-01 -1.452569631723476737e-02 4.927211706109518197e+00 9.577996520584207696e-01 -2.873448539324997553e-01 7.263706574335577343e-03 -5.852628539418476805e+01 -1.113072942567727708e-02 -1.182641742649517130e-02 9.998681126588653267e-01 -1.580644435698846051e+00
-2.892288223885545739e-01 -9.571303972239562086e-01 -1.575090506246974026e-02 5.198320440682995702e+00 9.571403210713127496e-01 -2.894136820575616831e-01 1.105108208796351695e-02 -5.949069459787234138e+01 -1.513585401819440845e-02 -1.187953487028470430e-02 9.998148741507605353e-01 -1.566929767898304293e+00
-2.907002747395697195e-01 -9.566844102691467455e-01 -1.575720200238026406e-02 5.499478133415604653e+00 9.566151839160705883e-01 -2.909362493483124701e-01 1.560412491270760441e-02 -6.046883919147661857e+01 -1.951256429039035720e-02 -1.053745529236253115e-02 9.997540806965832250e-01 -1.564530861327494193e+00
-2.928685857251435709e-01 -9.560464702193416375e-01 -1.425265859779407430e-02 5.800489096902890829e+00 9.559532970742067315e-01 -2.930793909267206954e-01 1.605504359737727413e-02 -6.144798315734011851e+01 -1.952652826113239828e-02 -8.922858066559897008e-03 9.997695220883107137e-01 -1.584045186269527061e+00
-2.951407796061275013e-01 -9.553802681169679678e-01 -1.185173011988071082e-02 6.085894892599879036e+00 9.553188780818659964e-01 -2.952848406522297076e-01 1.314169164661172298e-02 -6.241733006488931323e+01 -1.605494912847024724e-02 -7.443532403572202666e-03 9.998434039551103991e-01 -1.574169872325405839e+00
-2.973630774571155433e-01 -9.546630312277880615e-01 -1.391750598295870243e-02 6.375415473448701853e+00 9.546388482324208447e-01 -2.975288202994399445e-01 1.188572819172693633e-02 -6.339909196586894780e+01 -1.548772444020166464e-02 -9.751815168978342219e-03 9.998325022178869981e-01 -1.548591958428879423e+00
-2.987469456429264758e-01 -9.542269110908511154e-01 -1.418677622300478468e-02 6.666843424161998044e+00 9.541478567949071010e-01 -2.989484863096454337e-01 1.522070644912320268e-02 -6.435578252670150334e+01 -1.876512297676306146e-02 -8.989142565854646438e-03 9.997835093030416065e-01 -1.535723564885340897e+00
-3.001582542965924860e-01 -9.537965087451254487e-01 -1.331323716398505677e-02 6.967507585739524778e+00 9.535907724021643883e-01 -3.003842709903735142e-01 2.083095122613946859e-02 -6.531659269644609367e+01 -2.386757559306717721e-02 -6.442798155046203755e-03 9.996943678874807837e-01 -1.524901935622849480e+00
-3.011379549393921051e-01 -9.534986790510011634e-01 -1.249804558544913638e-02 7.275203430988197439e+00 9.532300668915624220e-01 -3.013567398312313461e-01 2.316365537139640496e-02 -6.628982974867837186e+01 -2.585288507022005799e-02 -4.938057022009938180e-03 9.996535619528904570e-01 -1.522638093608720489e+00
-3.011603320101315928e-01 -9.535266947214026123e-01 -9.449702521828688695e-03 7.556684628723733255e+00 9.532485902921061793e-01 -3.013016068104295564e-01 2.311853882780425321e-02 -6.725222769403463019e+01 -2.489135446868111917e-02 -2.045528778678663232e-03 9.996880694913992116e-01 -1.521543085058183253e+00
-3.001729365877143230e-01 -9.538369021714884211e-01 -9.558880516185587831e-03 7.855124194190364229e+00 9.536251419359209613e-01 -3.003099605761432311e-01 2.032280109668383253e-02 -6.821662653307716084e+01 -2.225526467218734775e-02 -3.015233904156211248e-03 9.997477739698089616e-01 -1.501771961490291352e+00
-3.004558020006696806e-01 -9.537127262570187503e-01 -1.258359328817030935e-02 8.144548535498138619e+00 9.535509769544263659e-01 -3.006514251098799662e-01 1.868836340143829183e-02 -6.917123477474851256e+01 -2.160660526367075979e-02 -6.384070459721430564e-03 9.997461669104122928e-01 -1.483521527337025914e+00
-3.002910065999356837e-01 -9.537126413781775724e-01 -1.604708793357727259e-02 8.450032877102417572e+00 9.535802568570427296e-01 -3.005626572651935446e-01 1.862210482493453778e-02 -7.012216351430350869e+01 -2.258329217100420866e-02 -9.710135630676203916e-03 9.996978084298634437e-01 -1.467209685588469092e+00
-3.002102368948944000e-01 -9.537166418449158911e-01 -1.727370058917839304e-02 8.731010048366474763e+00 9.535408659839759160e-01 -3.005343583487835590e-01 2.095033050780123474e-02 -7.107382092582136579e+01 -2.517201938002696857e-02 -1.018167573383900806e-02 9.996312834832159488e-01 -1.462074710107288622e+00
-2.997944199590122372e-01 -9.538355941284515360e-01 -1.791549986821070611e-02 9.001739121759632312e+00 9.535878254405257826e-01 -3.001653703321727207e-01 2.389580764348282066e-02 -7.201245292076474414e+01 -2.817028453313328781e-02 -9.920172769136696711e-03 9.995539131233852626e-01 -1.440977919181831046e+00
-2.995363043266855985e-01 -9.539683959266757052e-01 -1.490979422552846101e-02 9.305259347935836090e+00 9.535614748256229234e-01 -2.998529929394452287e-01 2.843758695141837198e-02 -7.296563560685984839e+01 -3.159930563040828921e-02 -5.699315671696167374e-03 9.994843679034050021e-01 -1.415889915921955788e+00
-2.983031140194892794e-01 -9.543702859709767283e-01 -1.387837967457358247e-02 9.614408544500994580e+00 9.537810809156361813e-01 -2.986087474966193644e-01 3.368182898660505853e-02 -7.391339032204633952e+01 -3.628914233357692642e-02 -3.189541494842818795e-03 9.993362421990226174e-01 -1.395103050138428280e+00
-2.962605614360931949e-01 -9.550788810541427365e-01 -7.349197396179917886e-03 9.884549185775950875e+00 9.543102799001778047e-01 -2.963188731892882899e-01 3.856183432691534518e-02 -7.482949639341013892e+01 -3.900729947132360043e-02 4.410936063476505152e-03 9.992291900408607486e-01 -1.374433257340581527e+00
-2.938990336395155278e-01 -9.558300626286690971e-01 -3.499914492660577501e-03 1.016169801963981101e+01 9.551467624053066041e-01 -2.938240702750818945e-01 3.690634080509430648e-02 -7.580164295979984956e+01 -3.630454916467570209e-02 7.503805901401985716e-03 9.993126000434808809e-01 -1.369469960595461000e+00
-2.919355767148030245e-01 -9.564260205398117387e-01 -4.783961014517629923e-03 1.045057520628742154e+01 9.559323278669011881e-01 -2.919402092264917203e-01 3.105316044675431042e-02 -7.673615731294025011e+01 -3.109668125048662898e-02 4.492379314774162802e-03 9.995062855940526347e-01 -1.345525505327098914e+00
-2.898917742437235878e-01 -9.570350471363011646e-01 -6.832113805381186990e-03 1.073549057738374835e+01 9.566456085673091803e-01 -2.899689490949018400e-01 2.733474286781465909e-02 -7.766551909289464106e+01 -2.814140778890653408e-02 1.388205439254426229e-03 9.996029882168430136e-01 -1.309810067313771365e+00
-2.880048847860424144e-01 -9.575694556821195969e-01 -1.067351321848561407e-02 1.101171503582255795e+01 9.571907998378342830e-01 -2.881923525937333253e-01 2.703591334250764547e-02 -7.859855753822361635e+01 -2.896478970783404605e-02 -2.430113547439393968e-03 9.995774784898129317e-01 -1.281499107543991434e+00
-2.873613659498235884e-01 -9.577347014481571996e-01 -1.294940160192627372e-02 1.128031316184281430e+01 9.573326603061875772e-01 -2.876204436001171816e-01 2.808305418429618214e-02 -7.953860633992603368e+01 -3.062062814775394493e-02 -4.326900274560009120e-03 9.995217131531339838e-01 -1.259280246206187170e+00
-2.874802937204561371e-01 -9.576579115409750154e-01 -1.569729867695207268e-02 1.155316143234837867e+01 9.573082069999111487e-01 -2.878160345513129381e-01 2.688730302100540009e-02 -8.045355630518965029e+01 -3.026677271613560649e-02 -7.297583081410257723e-03 9.995152163670374401e-01 -1.253799095293047783e+00
-2.869200252551330488e-01 -9.578335680368099680e-01 -1.522350320496944701e-02 1.180165396582057902e+01 9.575229309443578085e-01 -2.872315255734581019e-01 2.545363295172979948e-02 -8.135098093933147823e+01 -2.875301411949404001e-02 -7.273696398784156372e-03 9.995600819953099903e-01 -1.235774255259734833e+00
-2.884910855683120445e-01 -9.573462783891801831e-01 -1.615539545636932028e-02 1.210892451941431247e+01 9.570568525873195398e-01 -2.888248629337127893e-01 2.494753424590070642e-02 -8.229412735509244214e+01 -2.854950894332888844e-02 -8.264490690993386846e-03 9.995582142784096291e-01 -1.220241950656752561e+00
-2.906541590001491260e-01 -9.566826751309069898e-01 -1.668589106459907739e-02 1.238271584821097981e+01 9.563833518361994912e-01 -2.910065458368999436e-01 2.541799773021629488e-02 -8.319254399941935674e+01 -2.917266158763697631e-02 -8.570261671062728848e-03 9.995376463292985347e-01 -1.201078030781050687e+00
-2.938995845409880792e-01 -9.557223500779364889e-01 -1.475885390041978273e-02 1.265206619157161150e+01 9.553686843970645715e-01 -2.942037118947729568e-01 2.673673089120024229e-02 -8.408998943663952730e+01 -2.989500088125737060e-02 -6.242232733212317586e-03 9.995335529393428731e-01 -1.181707316985575407e+00
-2.982071581170707142e-01 -9.543766335751707741e-01 -1.541856458156655799e-02 1.293584507389070026e+01 9.540309039527740120e-01 -2.985283529499075938e-01 2.656796541073670054e-02 -8.500001761431673231e+01 -2.995872407872884544e-02 -6.787029643387916707e-03 9.995280941919177931e-01 -1.163638262041490012e+00
-3.039008754199064022e-01 -9.525988426603505532e-01 -1.413162699201504259e-02 1.321905403244250721e+01 9.522528085802178799e-01 -3.041799246095915343e-01 2.625189542869954540e-02 -8.589129436238373216e+01 -2.930608243576363764e-02 -5.478907490809454585e-03 9.995554687478374056e-01 -1.144307482997078518e+00
-3.101113539009167086e-01 -9.506031167690033312e-01 -1.358906071214659866e-02 1.353103840718847373e+01 9.502590085561298805e-01 -3.103711946796443577e-01 2.602956336693450223e-02 -8.679934276667806614e+01 -2.896143707224923050e-02 -4.841064222432466500e-03 9.995688066654733195e-01 -1.125467957650837070e+00
-3.180344898413078325e-01 -9.479529127783372644e-01 -1.547056646209856584e-02 1.382486979784905223e+01 9.476677353537611426e-01 -3.183348227262177144e-01 2.426528399543465345e-02 -8.769654669964104698e+01 -2.792716667475420717e-02 -6.943759467508950692e-03 9.995858430193540478e-01 -1.114691879336584313e+00
-3.256054838776189508e-01 -9.453973524771984716e-01 -1.431484537496392588e-02 1.411394170059689124e+01 9.451028669298949803e-01 -3.258713583019282045e-01 2.425755052355925076e-02 -8.855893053167588391e+01 -2.759782214847853604e-02 -5.630609927700517929e-03 9.996032495161457643e-01 -1.090699496560580961e+00
-3.351497422995837749e-01 -9.420497012008895998e-01 -1.473128317520889033e-02 1.442835081831971422e+01 9.417836885080753673e-01 -3.354179156399040296e-01 2.320142077502007280e-02 -8.946160240703291322e+01 -2.679802780557595174e-02 -6.097732011548642056e-03 9.996222703445446500e-01 -1.077233896561826443e+00
-3.439308841963086283e-01 -9.389066963773079477e-01 -1.287487452033988893e-02 1.474071330390859025e+01 9.386707122550956850e-01 -3.441401012689526140e-01 2.156118390062511034e-02 -9.032265267889754057e+01 -2.467470056707832607e-02 -4.669710593015533040e-03 9.996846267466747982e-01 -1.065802727470081868e+00
-3.545776626936699705e-01 -9.348974017987300433e-01 -1.554121065944199034e-02 1.506222634526960746e+01 9.347246833797450138e-01 -3.548365444000414204e-01 1.951391905757584797e-02 -9.119615785806075792e+01 -2.375810171173162524e-02 -7.607553403638097310e-03 9.996887904408062742e-01 -1.044706567251777463e+00
-3.655543374029022741e-01 -9.305999525162979014e-01 -1.880837001535756725e-02 1.538304186355921921e+01 9.304423264327112975e-01 -3.658954307565185360e-01 1.994018385380177602e-02 -9.203972439701200869e+01 -2.543823079581292862e-02 -1.021088285721643424e-02 9.996242465466664839e-01 -1.019841219179967506e+00
-3.747659470587319519e-01 -9.268480293645613433e-01 -2.243246282092686839e-02 1.569136240710319186e+01 9.266474417057678492e-01 -3.752374729083352567e-01 2.283325871800661808e-02 -9.290511901290763319e+01 -2.958046150648766318e-02 -1.222985645637412674e-02 9.994875821674086280e-01 -1.008907013303252720e+00
-3.852600533258969673e-01 -9.225535661755384087e-01 -2.167046026500931213e-02 1.605642670046229625e+01 9.222637573302803204e-01 -3.857330707113402202e-01 2.528952496236339109e-02 -9.373467000039626384e+01 -3.168995462235919131e-02 -1.024283637158738755e-02 9.994452616716076321e-01 -9.979634479146290982e-01
-3.958554135941346197e-01 -9.180387059751717871e-01 -2.243715355351902710e-02 1.640606412396601854e+01 9.178007321748669067e-01 -3.963324173833164266e-01 2.371562667502926866e-02 -9.462555697831105306e+01 -3.066443453089664692e-02 -1.120487675334542500e-02 9.994669295132151410e-01 -9.979283468609176921e-01
-4.057308916187853387e-01 -9.136408294270684793e-01 -2.535504663655447494e-02 1.676103064514484942e+01 9.135379096067389737e-01 -4.062478935027807880e-01 2.027650695120977384e-02 -9.547953594385705856e+01 -2.882587891424800292e-02 -1.493599105821348007e-02 9.994728534956134336e-01 -9.736946804018001833e-01
-4.165725401281715756e-01 -9.086575108756935748e-01 -2.844023101539391862e-02 1.715943278998219057e+01 9.086226616744211837e-01 -4.171651599411034805e-01 1.944448562635273797e-02 -9.633275449903345589e+01 -2.953265142949305574e-02 -1.774139963509708748e-02 9.994063564122782628e-01 -9.482536672962769142e-01
-4.255790853694671472e-01 -9.044738379835730591e-01 -2.845203857678111140e-02 1.751632105975006226e+01 9.043815491028168729e-01 -4.262007120195426824e-01 2.114158732735539614e-02 -9.717290601816688422e+01 -3.124829173056249687e-02 -1.673408132527653622e-02 9.993715599239619829e-01 -9.363932557179519556e-01
-4.352932007399386016e-01 -8.998226547858114710e-01 -2.896583027597434551e-02 1.795037106615012945e+01 8.997080444546194933e-01 -4.359426238752877047e-01 2.189665341322069581e-02 -9.802098140157217188e+01 -3.233054485813523227e-02 -1.652932616397669030e-02 9.993405411792678494e-01 -9.250984185726213171e-01
-4.459034235545097369e-01 -8.945836549357195633e-01 -2.983657460163818831e-02 1.835801965266184155e+01 8.944978532295038143e-01 -4.465683816614225976e-01 2.121959157152501774e-02 -9.889146268974546672e+01 -3.230677061816307483e-02 -1.722686340082784859e-02 9.993295291085544374e-01 -9.048142830920998803e-01
-4.562234457938381671e-01 -8.893602980314757600e-01 -2.997378509736019908e-02 1.875927692883142583e+01 8.892732944447491183e-01 -4.568896541473559947e-01 2.109150821724097360e-02 -9.975244364381039475e+01 -3.245266234032953556e-02 -1.703244606476242776e-02 9.993281345418059125e-01 -8.818585140203316630e-01
-4.645203771249691860e-01 -8.850561768709560573e-01 -2.993965627573141192e-02 1.915538286234046694e+01 8.849838617434574450e-01 -4.651734197527016001e-01 2.042679631327193671e-02 -1.005719594041985658e+02 -3.200599454643930641e-02 -1.700744950338648268e-02 9.993429656395315108e-01 -8.641364853014342762e-01
-4.736553561826840064e-01 -8.802133483794455371e-01 -2.958149579934280307e-02 1.958237033227936408e+01 8.801603534427715481e-01 -4.742792912023662266e-01 1.941407125034377498e-02 -1.013692313146014925e+02 -3.111841552105133399e-02 -1.684088096519287606e-02 9.993738184195678498e-01 -8.461824006131681841e-01
-4.814370532162667304e-01 -8.759156981307432144e-01 -3.146511652865828512e-02 2.001365117656733261e+01 8.759723494730516924e-01 -4.820701561692687376e-01 1.675731148058901693e-02 -1.021936406208119763e+02 -2.984638582286003317e-02 -1.949498139313229905e-02 9.993643674619021589e-01 -8.306083521475479126e-01
-4.894622906672304041e-01 -8.714543938943222212e-01 -3.152626486951074641e-02 2.047994598418060264e+01 8.715437384112815211e-01 -4.900729434701003862e-01 1.549264706633723607e-02 -1.030111135021097510e+02 -2.895130477992395243e-02 -1.989345222105360148e-02 9.993828458148574789e-01 -8.109150048873356997e-01
-4.970887937647467947e-01 -8.671563413121066155e-01 -3.070196793740720409e-02 2.092675553472424710e+01 8.671877981176556727e-01 -4.976996616497305626e-01 1.674424044567847381e-02 -1.038390027694342876e+02 -2.980023333704355168e-02 -1.830099768799200652e-02 9.993883227131559188e-01 -7.884146279920254408e-01
-5.029035670072329323e-01 -8.637883108018875600e-01 -3.094763986012273940e-02 2.137445668971890456e+01 8.638129170155872671e-01 -5.035263720786753439e-01 1.698343359968890187e-02 -1.046360153093048098e+02 -3.025304424354574931e-02 -1.819194172512960186e-02 9.993767090386891372e-01 -7.775435589005701420e-01
-5.101222308296077257e-01 -8.596078875655956963e-01 -2.914771428245328810e-02 2.181777680152579180e+01 8.595635654950354310e-01 -5.107089496517766003e-01 1.807887213266886478e-02 -1.054133711274016321e+02 -3.042673962916320196e-02 -1.583187863157548697e-02 9.994116094649228010e-01 -7.561625409650079011e-01
-5.161926977970889840e-01 -8.560437458883022321e-01 -2.709619652104374582e-02 2.225850497958377971e+01 8.559667321879854684e-01 -5.167167089357940224e-01 1.802210011488314043e-02 -1.061513472169603176e+02 -2.942876358184001034e-02 -1.389056631268774725e-02 9.994703597607538237e-01 -7.430353871684950429e-01
-5.226356614937803791e-01 -8.521127246071251715e-01 -2.749308816716428822e-02 2.274181712631402164e+01 8.520491237409112406e-01 -5.231651769300421639e-01 1.762068042648493038e-02 -1.069436775868607867e+02 -2.939823234266084051e-02 -1.421626571121670929e-02 9.994666786457109264e-01 -7.247866200017195615e-01
-5.292558177820493315e-01 -8.480978581400058225e-01 -2.486568642809902641e-02 2.318773468154215678e+01 8.479759685518126755e-01 -5.297173845735301256e-01 1.833710003803244726e-02 -1.076928924790959172e+02 -2.872344164676280537e-02 -1.138048765630777712e-02 9.995226102492144049e-01 -7.059955599656071445e-01
-5.363994835681910045e-01 -8.435663595843325702e-01 -2.591121387989294561e-02 2.371695778541017674e+01 8.435748862937842985e-01 -5.368317370775730346e-01 1.389594470833481303e-02 -1.084889354413759861e+02 -2.563211344721804535e-02 -1.440427173734496781e-02 9.995676623994403931e-01 -6.985875802946297508e-01
-5.444276884635224079e-01 -8.383557887233430428e-01 -2.753295384811265192e-02 2.418987824812253251e+01 8.384959997779423135e-01 -5.448269381797270494e-01 9.384337416693953188e-03 -1.092642245605815958e+02 -2.286810854042141752e-02 -1.797717853631332699e-02 9.995768458014594460e-01 -6.779239995067541935e-01
-5.518737043938577447e-01 -8.334731557446013461e-01 -2.753022068518742177e-02 2.466685106819542028e+01 8.336385942108606173e-01 -5.522508854489190933e-01 8.102700889594071157e-03 -1.099530410206398017e+02 -2.195697243019564815e-02 -1.847858691491389982e-02 9.995881317753151363e-01 -6.545610921767910373e-01
-5.614341296716395258e-01 -8.269097844484586401e-01 -3.181079097487686524e-02 2.515362561676252184e+01 8.271908050267232637e-01 -5.618815479581100725e-01 6.670692779101177437e-03 -1.107085383688630600e+02 -2.338995760251370154e-02 -2.256843920044801152e-02 9.994716481392278418e-01 -6.326260568997524869e-01
-5.712290254221386032e-01 -8.200828365754101457e-01 -3.408139769511667888e-02 2.562219861020714617e+01 8.203805683124394399e-01 -5.717636820472706827e-01 7.874961958938223733e-03 -1.113994208286583216e+02 -2.594462657637387065e-02 -2.346130956510809190e-02 9.993880344010709349e-01 -6.286377174368912302e-01
-5.794247235544048857e-01 -8.142311429134325707e-01 -3.598104560595104251e-02 2.595384753285122059e+01 8.146161882180625868e-01 -5.799683168998144289e-01 6.100597040124286843e-03 -1.120669475777622637e+02 -2.583516256049985318e-02 -2.577590546628202861e-02 9.993338516589932441e-01 -6.254332910441224858e-01
-5.895592943621573712e-01 -8.069272063099006687e-01 -3.589320474906593922e-02 2.648335868117834835e+01 8.073474965409778159e-01 -5.900601938163007043e-01 4.357465007813178526e-03 -1.127742630852692969e+02 -2.469530841595653572e-02 -2.640930500193271885e-02 9.993461314030731568e-01 -6.168246031206759961e-01
-5.992401001680260908e-01 -7.997455063956333543e-01 -3.631015491051360622e-02 2.697684021671997456e+01 8.002304775950238591e-01 -5.996895756172747616e-01 1.896212765760416866e-03 -1.134896150538481123e+02 -2.329130902715745646e-02 -2.792020587805579476e-02 9.993387699005081837e-01 -6.011013404837846075e-01
-6.101927478404591820e-01 -7.914229815001123658e-01 -3.625568693807419002e-02 2.750470811077497757e+01 7.919186471104985303e-01 -6.106256067733887294e-01 1.106666248558845888e-03 -1.141852409352080002e+02 -2.301449193719466019e-02 -2.803627483107281465e-02 9.993419337009727954e-01 -5.805820628758765478e-01
-6.218460156637080072e-01 -7.822572355050587678e-01 -3.716383056238628524e-02 2.804212657813496179e+01 7.827891814183527419e-01 -6.222868743501863698e-01 3.787674463543611470e-04 -1.148406667683800322e+02 -2.342285753471818471e-02 -2.885590947708648393e-02 9.993091144545245275e-01 -5.633853407594864304e-01
-6.333679153262063988e-01 -7.728342824988734261e-01 -3.965167876205857866e-02 2.861001634625326773e+01 7.734508987231686339e-01 -6.338561318326771943e-01 -3.337684776735696645e-04 -1.155151163338377813e+02 -2.487551199851134251e-02 -3.088002481947131617e-02 9.992135071988795803e-01 -5.493509723746667905e-01
-6.462083307188895009e-01 -7.619276577028017972e-01 -4.337093192259415531e-02 2.915081983030785651e+01 7.627219676218589539e-01 -6.467202864217550529e-01 -2.840992186956918780e-03 -1.161842190840048801e+02 -2.588423099248101517e-02 -3.491583535249145887e-02 9.990549989996984070e-01 -5.470560614619165429e-01
-6.603165980267101665e-01 -7.496527747224656091e-01 -4.475162254134609080e-02 2.971384205736523754e+01 7.505507550174336240e-01 -6.607916095998120909e-01 -5.292714266179322086e-03 -1.168439809489327956e+02 -2.560379875552688117e-02 -3.708323116541690362e-02 9.989841237248663353e-01 -5.351387022814736438e-01
-6.731603514517631170e-01 -7.381131782842605960e-01 -4.521147282637744125e-02 3.026471466412678524e+01 7.390646906059843424e-01 -6.735978260221695546e-01 -7.025089094661905037e-03 -1.174937374405819668e+02 -2.526903896739937996e-02 -3.814321462039684668e-02 9.989527370435522524e-01 -5.199537734864038141e-01
-6.878057185153033659e-01 -7.245661543583152842e-01 -4.389967579228717248e-02 3.084301893646336268e+01 7.254931627061624866e-01 -6.881784495938024770e-01 -8.372119231977542125e-03 -1.181245908070925452e+02 -2.414465658834674677e-02 -3.760730611635494658e-02 9.990008639053402639e-01 -4.982734075409962493e-01
-7.010560295475181114e-01 -7.117790519567952501e-01 -4.348591299619276873e-02 3.139343272443183963e+01 7.127154073449590843e-01 -7.013864099276339026e-01 -9.687729410862724877e-03 -1.187297559694815732e+02 -2.360490554283082784e-02 -3.778472131114814919e-02 9.990070686779267684e-01 -4.774930488380795812e-01
-7.159843635263138939e-01 -6.967463260135885461e-01 -4.371439546505185431e-02 3.199981375497303659e+01 6.977394017022311434e-01 -7.162508675204921627e-01 -1.201757411520216166e-02 -1.193325151540530698e+02 -2.293727306229759524e-02 -3.910565129175642973e-02 9.989717861582578795e-01 -4.790719686247024711e-01
-7.309345323949828499e-01 -6.810068441771589542e-01 -4.432141169701034333e-02 3.265765371597913713e+01 6.820413236231460674e-01 -7.311978151354155964e-01 -1.301491494018067359e-02 -1.199286035487356656e+02 -2.354447324560716634e-02 -3.974208506483194181e-02 9.989325424937303133e-01 -4.658083387478053616e-01
-7.465854111171940088e-01 -6.637745988352996562e-01 -4.487210543709401617e-02 3.332637860253576889e+01 6.648134986777304301e-01 -7.469034277034051206e-01 -1.258100394091539800e-02 -1.204838701710611844e+02 -2.516417851508908482e-02 -3.922437540836046233e-02 9.989135160223734378e-01 -4.635491734199532754e-01
-7.618838581195349624e-01 -6.462051858982852393e-01 -4.417968371700949776e-02 3.388223421743756347e+01 6.472176205918163117e-01 -7.621963099813360287e-01 -1.288940051925018329e-02 -1.210020318685891283e+02 -2.534439444626910773e-02 -3.841409597047011626e-02 9.989404481247186052e-01 -4.509602686436369190e-01
-7.776795817424767554e-01 -6.271922111414808265e-01 -4.294645995322143167e-02 3.452279641187639214e+01 6.281638736948238488e-01 -7.779652833715252624e-01 -1.342257996369631244e-02 -1.215513170829503906e+02 -2.499231728033964040e-02 -3.741588101796066573e-02 9.989872050848767060e-01 -4.305229635871211102e-01
-7.933387635454501874e-01 -6.070184861464217319e-01 -4.628351467659336249e-02 3.523470165955603051e+01 6.081685980061547481e-01 -7.936553265946748592e-01 -1.556210033047512355e-02 -1.220653230429820582e+02 -2.728667537241645513e-02 -4.049419766621013828e-02 9.988071171658565728e-01 -4.129354626952442264e-01
-8.087507695138972386e-01 -5.862548561210849662e-01 -4.719572526394992529e-02 3.590196616402029406e+01 5.874529648591393372e-01 -8.090950587683377604e-01 -1.625422881888213822e-02 -1.225489133288899666e+02 -2.865670752815486014e-02 -4.087088880031178317e-02 9.987534047806755355e-01 -4.037792644201935177e-01
-8.234975428916977425e-01 -5.653673415853132100e-01 -4.702728907867263081e-02 3.657698981426801765e+01 5.665280453946955896e-01 -8.238960182505514762e-01 -1.553463523362917827e-02 -1.230498652654238043e+02 -2.996282079617912375e-02 -3.943501210676303437e-02 9.987728015863979181e-01 -3.854524355057070140e-01
-8.382992059416076724e-01 -5.431111127517347370e-01 -4.779916862425645507e-02 3.726421326636535269e+01 5.443481420475250188e-01 -8.386794559982212460e-01 -1.737441612493081586e-02 -1.235321200038916061e+02 -3.065194226361260890e-02 -4.058434787346108102e-02 9.987058471551149008e-01 -3.824592815650965094e-01
-8.534008547455135263e-01 -5.192974240222653082e-01 -4.513498112686967906e-02 3.800375280805614864e+01 5.205641682126891379e-01 -8.535256212064942227e-01 -2.251578816970283003e-02 -1.239754379765576715e+02 -2.683147200777609084e-02 -4.271064677710693230e-02 9.987271262764608748e-01 -3.666146327559430818e-01
-8.677814304980921989e-01 -4.951478783590356758e-01 -4.223703868665143468e-02 3.872203140264257826e+01 4.963627599123252021e-01 -8.677433365374235263e-01 -2.540693737894369336e-02 -1.243950473054664485e+02 -2.407071773631129855e-02 -4.301256155651741325e-02 9.987845213531615363e-01 -3.407166332534716791e-01
-8.809721700079223838e-01 -4.714218923882289025e-01 -4.061323732920996132e-02 3.946921880977112096e+01 4.726268196559428314e-01 -8.808212767604807203e-01 -2.788848772975406273e-02 -1.247901800589789900e+02 -2.262575989596665380e-02 -4.376388674857291383e-02 9.987856612929735256e-01 -3.313285381608108149e-01
-8.940152059313610788e-01 -4.462492004145406921e-01 -3.998077901385262145e-02 4.019925892722977068e+01 4.474824481250748720e-01 -8.937841338797475332e-01 -3.015593879778519573e-02 -1.251832198579682682e+02 -2.227712236615465510e-02 -4.485056470564108277e-02 9.987452911845527970e-01 -3.110704619170396312e-01
-9.060747679370028118e-01 -4.211253558593249791e-01 -4.101157833922117191e-02 4.093967437131728104e+01 4.224207597937041370e-01 -9.058838642674644781e-01 -3.057983249069227971e-02 -1.255480796494921236e+02 -2.427378422556139906e-02 -4.503175671016926979e-02 9.986906048850211493e-01 -3.006511264066330513e-01
-9.175845158282299741e-01 -3.953175949435969172e-01 -4.198399025630290132e-02 4.170990653916481961e+01 3.966983181623848775e-01 -9.173912310680805149e-01 -3.199646115702216298e-02 -1.258876751873261384e+02 -2.586698043475993067e-02 -4.601443564362676930e-02 9.986058136393072271e-01 -2.894754539165390606e-01
-9.281446733845992725e-01 -3.698063223835453273e-01 -4.231724459915116310e-02 4.247502987799200724e+01 3.712288177256514166e-01 -9.279620900769663949e-01 -3.279518669084282440e-02 -1.262155753761516195e+02 -2.714093136218367897e-02 -4.614805852193266944e-02 9.985658348542075791e-01 -2.771071742918183034e-01
-9.377711526230975148e-01 -3.445972532490841900e-01 -4.287188307739710907e-02 4.323469220255558554e+01 3.460112456272232406e-01 -9.377018958810755533e-01 -3.148606613491172768e-02 -1.265035863434127776e+02 -2.935103413563653132e-02 -4.436087819711781455e-02 9.985843125542143150e-01 -2.615054192731899319e-01
-9.473864348966429816e-01 -3.171326599752844477e-01 -4.342601695131852874e-02 4.406133048205570901e+01 3.186783173958029347e-01 -9.472184834016366128e-01 -3.494674125338263770e-02 -1.268020091289733244e+02 -3.005117290532638430e-02 -4.694699862077127139e-02 9.984452445307827606e-01 -2.503579443606674393e-01
-9.558973552878404778e-01 -2.904865733748726586e-01 -4.333355328180547167e-02 4.486079033587559906e+01 2.920184726419395305e-01 -9.557897346510952907e-01 -3.451368962645867677e-02 -1.270588137788576120e+02 -3.139200195827015344e-02 -4.564574267888175246e-02 9.984643250446951779e-01 -2.285797066354487983e-01
-9.636986191365608523e-01 -2.634858796191041908e-01 -4.312960367302852427e-02 4.569877759324755573e+01 2.649925621172930512e-01 -9.636527463813123751e-01 -3.394593369555548579e-02 -1.273053169551507580e+02 -3.261768683026465554e-02 -4.414267360834814302e-02 9.984926193373475645e-01 -2.106785343090094020e-01
-9.707414403854536245e-01 -2.362465512172588489e-01 -4.299561551667122061e-02 4.654853348373394795e+01 2.377957740725565872e-01 -9.706711949163122632e-01 -3.536384019283117519e-02 -1.275121265093679170e+02 -3.338002020605324721e-02 -4.455332084008511995e-02 9.984491854129420307e-01 -1.965939282653458853e-01
-9.772144047956077273e-01 -2.084786160372665564e-01 -3.985816995872366181e-02 4.737879157684097464e+01 2.099343093736575350e-01 -9.770277302091303628e-01 -3.666606265231771994e-02 -1.277102319159125159e+02 -3.129844732745135777e-02 -4.419820197438908971e-02 9.985323861226141906e-01 -1.833539005481735484e-01
-9.828169298323808922e-01 -1.808278438161543544e-01 -3.704285805575432966e-02 4.822897947285469655e+01 1.822165354434246987e-01 -9.825106632959966779e-01 -3.833967554486473334e-02 -1.278767690591624842e+02 -2.946212217703233355e-02 -4.443070346784144115e-02 9.985779368405722778e-01 -1.628503422822125957e-01
-9.876802779884561456e-01 -1.521395365465144645e-01 -3.662280559061109608e-02 4.914362338663363516e+01 1.535471274750003501e-01 -9.873597954200067361e-01 -3.929267148681027388e-02 -1.280368074155780107e+02 -3.018191700565740071e-02 -4.443192329574210953e-02 9.985563860276962522e-01 -1.422902202848692066e-01
-9.916372081269231309e-01 -1.243865025453471107e-01 -3.440414858758634314e-02 5.000880781068329384e+01 1.257751921811381957e-01 -9.911833491662940254e-01 -4.166736573763742818e-02 -1.281676108331915884e+02 -2.891796132755992954e-02 -4.564609863073709750e-02 9.985390253720854981e-01 -1.356496685465745644e-01
-9.947441085570360997e-01 -9.715457521775126837e-02 -3.232873338961925191e-02 5.091463114581146954e+01 9.849463043727507694e-02 -9.942158790133730495e-01 -4.282048216577609423e-02 -1.282597873077111217e+02 -2.798153432859917106e-02 -4.577962900792572482e-02 9.985595922643232258e-01 -1.226212240255824260e-01
-9.971750251670413734e-01 -6.905457964675057458e-02 -2.955392038576817523e-02 5.182503280519626543e+01 7.030312451844773769e-02 -9.965755404433731535e-01 -4.352772533854859516e-02 -1.283548136212434088e+02 -2.644692540412183629e-02 -4.548249355505395303e-02 9.986149923345101209e-01 -1.037694225987232655e-01
-9.987499125341425810e-01 -4.196203729372764007e-02 -2.716246742198345082e-02 5.275626476220031691e+01 4.312435915408128345e-02 -9.981125289499453990e-01 -4.372263945464743840e-02 -1.284096926990072234e+02 -2.527650802338943931e-02 -4.483934633194160135e-02 9.986743869556437003e-01 -8.612739866455446092e-02
-9.995749907402846635e-01 -1.559346831304980405e-02 -2.463090801781247022e-02 5.366204134088219035e+01 1.667069893318113769e-02 -9.988856921507771602e-01 -4.415271015132549159e-02 -1.284411120624116904e+02 -2.391496771668596977e-02 -4.454455929292045618e-02 9.987211104983539922e-01 -9.159466488398582129e-02
-9.997360592493821363e-01 1.052932685726335783e-02 -2.041923381782135075e-02 5.461540723807887332e+01 -9.609186094324128832e-03 -9.989565389041061838e-01 -4.464859374572487105e-02 -1.284635637133608270e+02 -2.086804677868480187e-02 -4.444059694495577223e-02 9.987940518271856138e-01 -8.039234440051212793e-02
-9.992749875375939173e-01 3.483157987792118160e-02 -1.537076192698241112e-02 5.555063255199781480e+01 -3.410386020448779448e-02 -9.983908291486807141e-01 -4.530650053879011624e-02 -1.284595810560911957e+02 -1.692412473713089671e-02 -4.474945044551773693e-02 9.988548746866318107e-01 -6.759542867226714380e-02
-9.982377925431906718e-01 5.802607979194139565e-02 -1.242109494989969420e-02 5.650126119293764759e+01 -5.739467217142605465e-02 -9.972790050697666331e-01 -4.626486413542169746e-02 -1.284179921160183824e+02 -1.507186591109829950e-02 -4.547043117443826804e-02 9.988519803981471545e-01 -5.500439698913058006e-02
-9.967463688069441163e-01 8.003825030428149412e-02 -9.516026255183990604e-03 5.744446243651520234e+01 -7.949861843131619810e-02 -9.956942953472075475e-01 -4.767431048883233324e-02 -1.283856009696337992e+02 -1.329082145235178231e-02 -4.676268492512374031e-02 9.988176036505559408e-01 -6.042958336278185516e-02
-9.949708828985490694e-01 1.000472096609566902e-01 -4.847475676913770223e-03 5.838909369633316970e+01 -9.967730921830036950e-02 -9.937382786908306453e-01 -5.048432916853332064e-02 -1.283104617276636930e+02 -9.867938399792799270e-03 -4.974725423363837024e-02 9.987130891734968818e-01 -6.841494490858557320e-02
-9.927338367139917352e-01 1.203217107846679540e-01 -1.488406625969946944e-03 5.938798195406135960e+01 -1.200796238601400251e-01 -9.913838533736595293e-01 -5.233487559533711586e-02 -1.282156084657947872e+02 -7.772604061280111859e-03 -5.177587453617520791e-02 9.986284821897637443e-01 -4.631138245808297249e-02
-9.902656855661648994e-01 1.391769195628829170e-01 -1.912341102638493752e-03 6.034834777743968459e+01 -1.388660493770810522e-01 -9.888041874679595056e-01 -5.461226214114761612e-02 -1.281122436895092846e+02 -9.491697305025883352e-03 -5.381508995580688848e-02 9.985058055784244990e-01 -3.554467056061959285e-02
-9.877814849105517325e-01 1.558048769019451940e-01 -3.546603843649671559e-03 6.130343608630936103e+01 -1.553716868702802734e-01 -9.862977001901047647e-01 -5.546607538581165703e-02 -1.280079945847151350e+02 -1.213989226190080768e-02 -5.423732048517921484e-02 9.984542734051197188e-01 -4.636984494932205186e-02
-9.852537356862084428e-01 1.710739711908821625e-01 -2.961873514160208182e-03 6.230302326086931686e+01 -1.706480901818844542e-01 -9.837632604624909627e-01 -5.557946276605709585e-02 -1.278494555427906079e+02 -1.242198175711717832e-02 -5.425443525940967099e-02 9.984498738656764072e-01 -6.303944227903331143e-02
-9.828773156959741408e-01 1.842611132667045515e-01 -1.562861522236965394e-04 6.326659747758894525e+01 -1.839576897777940312e-01 -9.813067625399336524e-01 -5.653853698903778952e-02 -1.277037934234630825e+02 -1.057121842584546507e-02 -5.554169542993168257e-02 9.984004053525968869e-01 -6.436206653805481848e-02
-9.804541390221577224e-01 1.967475361889219898e-01 2.971115743227324604e-04 6.424921881045425209e+01 -1.964605883873286052e-01 -9.789403953225368493e-01 -5.548819348366792331e-02 -1.275363664324801647e+02 -1.062631083317107546e-02 -5.446199968290729027e-02 9.984592991740181001e-01 -5.459064772686702399e-02
-9.782102660168894293e-01 2.076147421106140922e-01 -8.912434556262237122e-04 6.525343472379985599e+01 -2.072473493857460436e-01 -9.767171699502238402e-01 -5.542658294359457255e-02 -1.273651797330512352e+02 -1.237786850933045822e-02 -5.403414460209893244e-02 9.984623676367220257e-01 -5.050687415418544240e-02
-9.763761474647464356e-01 2.160769829822635490e-01 -5.967282240624335746e-04 6.623104920268497153e+01 -2.157014591374099843e-01 -9.748347761138874690e-01 -5.630310652843518310e-02 -1.271631975570216184e+02 -1.274751681560613685e-02 -5.484429509416891002e-02 9.984135436326431190e-01 -5.591835992715828152e-02
-9.743546190116414429e-01 2.250177724012157043e-01 2.801993379834527673e-04 6.721882110690245327e+01 -2.246852601165995889e-01 -9.728456030537649957e-01 -5.556947457950552755e-02 -1.269726880180868136e+02 -1.223152868916046500e-02 -5.420733089400729676e-02 9.984547836440541557e-01 -6.160673601652543602e-02
-9.726542790537842098e-01 2.322561839564816211e-01 8.476141421572861660e-04 6.819652231497018136e+01 -2.319407841320974828e-01 -9.711299037498042352e-01 -5.576901199423925370e-02 -1.267695219986662210e+02 -1.212955446822622588e-02 -5.444056444385055038e-02 9.984433378263621872e-01 -6.061458702243195662e-02
-9.712961101056493129e-01 2.378710168300372796e-01 1.116173497592061557e-03 6.918080964303541691e+01 -2.375745320973396690e-01 -9.698288835617380199e-01 -5.468343723502692988e-02 -1.265498684009708086e+02 -1.192510752153944434e-02 -5.337898427029521414e-02 9.985031175951680771e-01 -5.781060764028773252e-02
-9.700578443353949920e-01 2.428636616197571152e-01 2.240648434294375668e-03 7.016367264815474414e+01 -2.426516895941834007e-01 -9.687340502623108529e-01 -5.171554311003677407e-02 -1.263343945317783010e+02 -1.038923372910643093e-02 -5.071076539659738480e-02 9.986593423654532842e-01 -6.601394095856873145e-02
-9.690783123961250745e-01 2.467208027109442925e-01 4.008734281127624560e-03 7.118290477407478534e+01 -2.465979447709192862e-01 -9.677635825108767964e-01 -5.121622789858456398e-02 -1.260988288668267217e+02 -8.756601809446026841e-03 -5.062108133438879970e-02 9.986795422194567617e-01 -6.828061784788663768e-02
-9.683568573530549894e-01 2.495138731599700344e-01 5.274837951119217341e-03 7.218301634708099357e+01 -2.494740685680801318e-01 -9.671850439252932530e-01 -4.812255104414760870e-02 -1.258690585834441436e+02 -6.905499721634030148e-03 -4.791573758189546228e-02 9.988275107164104050e-01 -6.369631966716506055e-02
-9.680273824117686665e-01 2.507947703563265240e-01 4.997005134559208070e-03 7.316271416837494712e+01 -2.507477577361948429e-01 -9.669085083779604961e-01 -4.704783115353697309e-02 -1.256234455535368681e+02 -6.967703228625004783e-03 -4.679657667286418049e-02 9.988801387162372647e-01 -5.623814102099222029e-02
-9.677252122830675152e-01 2.519646643504512284e-01 4.660625261299442858e-03 7.414486890853441992e+01 -2.519044164350787707e-01 -9.666333109120454070e-01 -4.652104056645965657e-02 -1.253792670722045557e+02 -7.216542744037090888e-03 -4.619361594474401256e-02 9.989064377383454207e-01 -6.462751055875662343e-02
-9.675430491392519317e-01 2.526780658482582487e-01 3.774003029118330309e-03 7.511924005616883449e+01 -2.525808272652810826e-01 -9.664845325299060708e-01 -4.594098473146917411e-02 -1.251268542947349687e+02 -7.960763611474772766e-03 -4.540312125500810952e-02 9.989370264542961619e-01 -6.669382757057543132e-02
-9.673319335580267131e-01 2.534782720748661178e-01 4.206649757400342769e-03 7.609086808522653200e+01 -2.534060759084167391e-01 -9.663078655046541954e-01 -4.510509678730750122e-02 -1.248877901489870084e+02 -7.368243247145819450e-03 -4.469759109659780794e-02 9.989733902061290749e-01 -7.720816929501259085e-02
-9.671151771083856818e-01 2.542702555934647779e-01 5.905194695483088549e-03 7.705388919814421911e+01 -2.542670101420542728e-01 -9.660298225138358452e-01 -4.620248442406575673e-02 -1.246589816993213731e+02 -6.043323339703483843e-03 -4.618462010642595400e-02 9.989146405509040649e-01 -8.390352171550526095e-02
-9.671059130412629212e-01 2.543226376717929726e-01 5.113602019913903070e-03 7.804362005538808944e+01 -2.542857738585146965e-01 -9.660454274639366234e-01 -4.577092187011802538e-02 -1.244200940505826196e+02 -6.700609729201311045e-03 -4.556564543304936210e-02 9.989388738976072712e-01 -8.184020173067069193e-02
-9.669826180781675440e-01 2.548132604366523113e-01 3.849498364398780056e-03 7.902656272515835667e+01 -2.547161829926183341e-01 -9.659184326408843946e-01 -4.605700387440052335e-02 -1.241810316246776722e+02 -8.017633896317689912e-03 -4.551685171739082436e-02 9.989313959200210036e-01 -7.544332566282876962e-02
-9.669584459573327129e-01 2.549135138814276891e-01 3.234846165527175289e-03 8.000033830920392575e+01 -2.547870179502149113e-01 -9.658921227300149015e-01 -4.621669321549681797e-02 -1.239360774725487602e+02 -8.656747237748830398e-03 -4.551381865725750292e-02 9.989261999951564164e-01 -8.449499928936923809e-02
-9.669167612906307552e-01 2.550754268401056457e-01 2.916051246966225481e-03 8.096458939847305203e+01 -2.549348713690860468e-01 -9.658563851279713397e-01 -4.614818162379573374e-02 -1.236983772207968570e+02 -8.954780409075416628e-03 -4.536485346495557763e-02 9.989303489113661172e-01 -8.414676004649720986e-02
-9.670200765691724376e-01 2.546801561597401009e-01 3.192110256202124793e-03 8.192063387521194784e+01 -2.545471528961930074e-01 -9.659289016741064993e-01 -4.676648225727254859e-02 -1.234583366971145040e+02 -8.827143450262630101e-03 -4.603666983102059490e-02 9.989007491075487799e-01 -9.450469913648830433e-02
-9.669785677693319981e-01 2.548238797206995310e-01 4.152083348762293340e-03 8.288678573252012427e+01 -2.547287189907314620e-01 -9.658426382313263225e-01 -4.755289576156973563e-02 -1.232274185262926949e+02 -8.107354253928261006e-03 -4.704028590965896039e-02 9.988600914576432066e-01 -9.416054014455772780e-02
-9.669064283250204950e-01 2.550954686516866410e-01 4.273258053284901929e-03 8.387507563051238435e+01 -2.550196632149089870e-01 -9.658525848759449417e-01 -4.575757491196603272e-02 -1.229742576900843147e+02 -7.545212679663522437e-03 -4.533305815679888884e-02 9.989434336347539078e-01 -8.981539796266199693e-02
-9.668338797657605177e-01 2.553523070726898547e-01 5.239103643873792987e-03 8.483675349483885952e+01 -2.553244671140398325e-01 -9.658032723200609126e-01 -4.509385399811902811e-02 -1.227405503152299104e+02 -6.454876209681489202e-03 -4.493593716089604173e-02 9.989690165980118497e-01 -9.441194155990549619e-02
-9.669570290586696482e-01 2.548825074843664718e-01 5.386216645180907057e-03 8.580258894255420898e+01 -2.548571679571648985e-01 -9.658927079722415820e-01 -4.581594292938501872e-02 -1.225072103116240498e+02 -6.475175035204071110e-03 -4.567476397899382368e-02 9.989353773102264133e-01 -9.684525430242257871e-02
-9.671717572542786190e-01 2.540795496175546897e-01 4.730162051561714529e-03 8.675845039058455654e+01 -2.540211971449300443e-01 -9.660863123739854563e-01 -4.637314356707820939e-02 -1.222554003958440063e+02 -7.212722618289912728e-03 -4.605235618048453966e-02 9.989129877626190535e-01 -9.691692108898197766e-02
-9.672007888686416921e-01 2.539732056849317576e-01 4.499422541537530414e-03 8.774308988201815396e+01 -2.539060045809792276e-01 -9.661272632040821540e-01 -4.615032102933940006e-02 -1.220072115051223989e+02 -7.373930188897735022e-03 -4.577905730684323632e-02 9.989243730452460612e-01 -1.030514019457608177e-01
-9.674463741703849262e-01 2.530117788672341939e-01 5.705511038348246369e-03 8.871646061011375650e+01 -2.530101815752300864e-01 -9.664340221289902111e-01 -4.462206730358878742e-02 -1.217657554080015387e+02 -5.775908643866699277e-03 -4.461300960491643847e-02 9.989876466961385981e-01 -1.139831272102424242e-01
-9.675226581129858783e-01 2.526919024462068730e-01 6.834359756411939948e-03 8.969759101293593062e+01 -2.527447196551025344e-01 -9.665390512205853657e-01 -4.384483038699528434e-02 -1.215090791121444056e+02 -4.473558008005177125e-03 -4.414821518147631074e-02 9.990149760505024901e-01 -1.158535577902865127e-01
-9.676336621247541014e-01 2.522603766897489330e-01 7.056789110567151732e-03 9.067316706576050933e+01 -2.523275133353614086e-01 -9.666922027154035701e-01 -4.286036890670512356e-02 -1.212684089809107491e+02 -3.990229795823168300e-03 -4.325375777389484783e-02 9.990561498247966243e-01 -1.223519446861233428e-01
-9.678284282309546072e-01 2.515153937780487126e-01 6.938313759599218367e-03 9.166913796423203564e+01 -2.515839576347201900e-01 -9.669512639482835681e-01 -4.136139999141678902e-02 -1.210341518582930576e+02 -3.694017546288431118e-03 -4.177630717835408014e-02 9.991201601364204654e-01 -1.302164303510903454e-01
-9.680473035186195618e-01 2.506224814657178612e-01 8.531701555511823215e-03 9.265659957207510899e+01 -2.507625623059348552e-01 -9.672503308015154566e-01 -3.930566002116187008e-02 -1.207847476911049256e+02 -1.598590898035744503e-03 -4.018916953967092281e-02 9.991908101844001466e-01 -1.504531898311517457e-01
-9.681248428931543692e-01 2.502216522263558951e-01 1.110915511365403660e-02 9.366767075520712638e+01 -2.504631025743341843e-01 -9.674339276114057862e-01 -3.660368772107189944e-02 -1.205370814465233877e+02 1.588338345145815910e-03 -3.821937288129132609e-02 9.992681105268770292e-01 -1.607133294041865057e-01
-9.682186862369883684e-01 2.497663160949214201e-01 1.301395262776875762e-02 9.468180319698240055e+01 -2.500839087714582520e-01 -9.675028286238884778e-01 -3.736730091848630697e-02 -1.202738312270369505e+02 3.257942886364539707e-03 -3.943429914551611210e-02 9.992168542699488842e-01 -1.656794949090680258e-01
-9.682335555714738362e-01 2.496892544766013133e-01 1.338125784195012997e-02 9.569395795709969832e+01 -2.500179002010035623e-01 -9.675556683777547518e-01 -3.642908410488737009e-02 -1.200251185917264678e+02 3.851161023828442772e-03 -3.861741561705735182e-02 9.992466481144159918e-01 -1.777840034870729891e-01
-9.680265778752923378e-01 2.505092617069492600e-01 1.302514196353445931e-02 9.673826831307331986e+01 -2.508232360539390804e-01 -9.673510782299784561e-01 -3.632623985889148893e-02 -1.197550245032067977e+02 3.499825595122204366e-03 -3.843177391531336917e-02 9.992550975464575824e-01 -1.955243289448776456e-01
-9.678761007071678968e-01 2.510588318798638863e-01 1.361310442456543750e-02 9.774323235320446202e+01 -2.513990989597458259e-01 -9.671623830162796587e-01 -3.735529306603122685e-02 -1.195074794259635524e+02 3.787706274062445973e-03 -3.957761758018661646e-02 9.992093201456340168e-01 -2.135504368876215420e-01
-9.675906470821997729e-01 2.521434233968543048e-01 1.385762294989772644e-02 9.878301849760491393e+01 -2.524917515111090305e-01 -9.668856384267641157e-01 -3.714939599057852371e-02 -1.192467755396659328e+02 4.031760731036037812e-03 -3.944434359591999367e-02 9.992136351460200183e-01 -2.286165125245455676e-01
-9.673255878608647551e-01 2.532582378467259088e-01 1.189420150545016444e-02 9.980949427614221747e+01 -2.535256856464385700e-01 -9.666666738141365123e-01 -3.578083920417471364e-02 -1.189868898921108098e+02 2.435935921658072528e-03 -3.762720690949830638e-02 9.992888769091694545e-01 -2.324825163523898675e-01
-9.671873025895900700e-01 2.538992065533341447e-01 9.160492241160793706e-03 1.008182213715728324e+02 -2.540641295144812628e-01 -9.665043079324729947e-01 -3.634337410797203183e-02 -1.187358840395344544e+02 -3.738986353848441891e-04 -3.747820245794698107e-02 9.992973754285210397e-01 -2.427495387167629415e-01
-9.670459097129504578e-01 2.545159113024003106e-01 6.622642855628915574e-03 1.018399477009183300e+02 -2.545889580870022706e-01 -9.664050768639834699e-01 -3.529433143181884280e-02 -1.184998861195063853e+02 -2.582813250005532111e-03 -3.581729059186494757e-02 9.993550173828906757e-01 -2.627685516694877044e-01
-9.667845511030561667e-01 2.554885187662042090e-01 7.297158634369334609e-03 1.028629865449283756e+02 -2.555867368574505361e-01 -9.661727546160092661e-01 -3.443295194711687435e-02 -1.182154582112298726e+02 -1.746908030844084156e-03 -3.515430295531014881e-02 9.993803696761452970e-01 -2.790391710341347808e-01
-9.666194622052205476e-01 2.560884414967488643e-01 8.094777011645924725e-03 1.038742295343182178e+02 -2.562144712861898488e-01 -9.660090458386809686e-01 -3.436085070094214988e-02 -1.179468897029603482e+02 -9.797888869774236831e-04 -3.528786603795276700e-02 9.993767090152653187e-01 -2.861339534881450208e-01
-9.665478059184221538e-01 2.563535378947347509e-01 8.258479287227744187e-03 1.049078041653431654e+02 -2.564853473619475022e-01 -9.659445179084859001e-01 -3.415340262215828954e-02 -1.176997961917171693e+02 -7.781127993443403591e-04 -3.512907529803811074e-02 9.993824806384796755e-01 -2.904500013595477381e-01
-9.664088610548007274e-01 2.568750383499886492e-01 8.314321646708092844e-03 1.059315481905976952e+02 -2.570081650101622150e-01 -9.657912613102412891e-01 -3.455492286756752657e-02 -1.174453746695038632e+02 -8.463979464444128936e-04 -3.553103220228576165e-02 9.993682151034666283e-01 -3.086170446287893054e-01
-9.663218900460633920e-01 2.571790291223597924e-01 8.997321515975285899e-03 1.069332539440679142e+02 -2.573362823118337528e-01 -9.657027188941312845e-01 -3.458751979979701047e-02 -1.171899112126349110e+02 -2.064469108921289180e-04 -3.573801477491127254e-02 9.993611717880275247e-01 -3.212603477411850039e-01
-9.661331311923151421e-01 2.578764905661187212e-01 9.299915204015457917e-03 1.079669585983433535e+02 -2.580440407164285577e-01 -9.654752385379726798e-01 -3.564879830049987042e-02 -1.169131790168049321e+02 -2.141491484253967687e-04 -3.684127282315401847e-02 9.993211069295077076e-01 -3.279934121946366798e-01
-9.659736084107057863e-01 2.585025089199551318e-01 8.452262007570545202e-03 1.089848123383011256e+02 -2.586389321908704186e-01 -9.653319963323967468e-01 -3.521419616512670020e-02 -1.166683368680917567e+02 -9.437191007659424466e-04 -3.620206815742901124e-02 9.993440446879510164e-01 -3.354686704079196113e-01
-9.658500634275581920e-01 2.589957276184408630e-01 7.407297031974300998e-03 1.099907237156032664e+02 -2.590945521645189875e-01 -9.652175976115670020e-01 -3.500003284420953598e-02 -1.164111014358892362e+02 -1.915205526932383480e-03 -3.572397425007849819e-02 9.993598599350704825e-01 -3.478200901822651736e-01
-9.657057221065743491e-01 2.595501858222573621e-01 6.794065585818402642e-03 1.110045197798380769e+02 -2.596282547093880511e-01 -9.650956604287486140e-01 -3.440255190564176641e-02 -1.161373700121259702e+02 -2.372265526103142525e-03 -3.498667262105590453e-02 9.993849634115176128e-01 -3.602427564271035165e-01
-9.656683293747125862e-01 2.597230608239637917e-01 5.348767690200042883e-03 1.120119619937015329e+02 -2.597467386304037062e-01 -9.650268575903283574e-01 -3.542309839163904767e-02 -1.158857907044976940e+02 -4.038491061866111148e-03 -3.559628920863567442e-02 9.993580913678360433e-01 -3.614817897783773049e-01
-9.655186715170287481e-01 2.602909082629784598e-01 4.726311937922235071e-03 1.130098223842934431e+02 -2.602928889807590296e-01 -9.648858837893153906e-01 -3.525398147179659852e-02 -1.156381353152459894e+02 -4.615939185670614626e-03 -3.526860274516543936e-02 9.993672091697176629e-01 -3.741911401476702981e-01
-9.652095577781628633e-01 2.614458494961500734e-01 4.071529420124931319e-03 1.140263662684907047e+02 -2.614241562055399926e-01 -9.645807972661067931e-01 -3.523203225968193908e-02 -1.153735051576457806e+02 -5.283949509229187054e-03 -3.507069042040060480e-02 9.993708653692280341e-01 -3.750657371224046521e-01
-9.648199716294303396e-01 2.628546424520884495e-01 5.464364854051299500e-03 1.150504693728621675e+02 -2.628727802457732077e-01 -9.641133509845649652e-01 -3.719338460807544017e-02 -1.150926972088780076e+02 -4.508186702075197422e-03 -3.732135306412004416e-02 9.992931466071058866e-01 -3.838937101338253388e-01
-9.642723765962242233e-01 2.648017278362043703e-01 7.669984700691882470e-03 1.160447827499881441e+02 -2.648985856012928131e-01 -9.635166993927621881e-01 -3.826629505367901835e-02 -1.148343871191123640e+02 -2.742822704680347723e-03 -3.893089937403891587e-02 9.992381407829350470e-01 -3.918047677256542571e-01
-9.632374697711100220e-01 2.684576646802417366e-01 1.020093624401650391e-02 1.170698263108236432e+02 -2.686489947411916379e-01 -9.623733879333529195e-01 -4.080661492496445025e-02 -1.145603439928718217e+02 -1.137738972796422526e-03 -4.204693177792988984e-02 9.991149889156303310e-01 -4.011831998893728435e-01
-9.614138918142300927e-01 2.748684890071563802e-01 1.142988951892650457e-02 1.180766617385123283e+02 -2.751050221355093583e-01 -9.604676745289915107e-01 -4.265059179048655974e-02 -1.142644230300842452e+02 -7.452643141269909514e-04 -4.414929145089880463e-02 9.990246666840929546e-01 -4.005997652850849522e-01
-9.591734685450052922e-01 2.825844343732587527e-01 1.150194271296822029e-02 1.190856679448328919e+02 -2.828151578591352466e-01 -9.581736181347878523e-01 -4.380529642594343381e-02 -1.139796952621135517e+02 -1.357836847996264423e-03 -4.526980185788975070e-02 9.989738741912159714e-01 -4.077270747824360830e-01
-9.566177359712920714e-01 2.910670787269731830e-01 1.274609365242803521e-02 1.200807801735998908e+02 -2.913448760800020354e-01 -9.555751031541822593e-01 -4.465854244306534382e-02 -1.137051023271174444e+02 -8.187817321587044115e-04 -4.643466283965914931e-02 9.989209937133156636e-01 -4.248904064235925482e-01
-9.539095104939759873e-01 2.997698195162489809e-01 1.395353336034727866e-02 1.210743306067143550e+02 -3.000943846753757471e-01 -9.528898249348758398e-01 -4.409469153083532544e-02 -1.134086350788718249e+02 7.792223935649796387e-05 -4.624972262170916337e-02 9.989299059910482503e-01 -4.364995594675816770e-01
-9.510817082384802612e-01 3.086010101583124832e-01 1.445685928384615564e-02 1.220593930017165576e+02 -3.089393650839585281e-01 -9.500743978141801271e-01 -4.376193915753474190e-02 -1.130929730904515083e+02 2.301132480968061172e-04 -4.608747277836344053e-02 9.989373813700889171e-01 -4.508038232974669879e-01
-9.477509870164064765e-01 3.187239881720451695e-01 1.353092643015178266e-02 1.230367775788145082e+02 -3.190097944535140173e-01 -9.467740467630499923e-01 -4.303086587437797428e-02 -1.127695210685620566e+02 -9.042392130367281648e-04 -4.509904366418602401e-02 9.989821112561243499e-01 -4.444385704652966118e-01
-9.435892774807791428e-01 3.308244984943056188e-01 1.394369449743713789e-02 1.240193011350376509e+02 -3.311156455831795187e-01 -9.425788823732691446e-01 -4.367470381365909371e-02 -1.124439767019606364e+02 -1.305630010279693227e-03 -4.582795762137973489e-02 9.989484939816674069e-01 -4.662673612371410203e-01
-9.386131754763147317e-01 3.446892738957228475e-01 1.395031470897017609e-02 1.250045494073498702e+02 -3.449685718302900606e-01 -9.376721326542480917e-01 -4.204350237767422171e-02 -1.120864759978478133e+02 -1.411122962024396891e-03 -4.427500541691676422e-02 9.990183845280420361e-01 -4.665794204442310633e-01
-9.331392997618371821e-01 3.592200898407706400e-01 1.455933692782329821e-02 1.259646509097495510e+02 -3.595115432637806530e-01 -9.321867777828729551e-01 -4.218129426668371096e-02 -1.117172904504818547e+02 -1.580346938464947297e-03 -4.459527308320796607e-02 9.990038859383268965e-01 -4.868300333268879565e-01
-9.265213186324665617e-01 3.759646916147935114e-01 1.444980192212388243e-02 1.269341240890152989e+02 -3.762344171611448629e-01 -9.255702950758393222e-01 -4.203917477448383677e-02 -1.113325312842799946e+02 -2.430937950771967868e-03 -4.438670445086784905e-02 9.990114669043340667e-01 -4.873463829667992187e-01
-9.193754444845300133e-01 3.931931824187062108e-01 1.216196429059287869e-02 1.278756163772285532e+02 -3.933561274790549067e-01 -9.185280568370765009e-01 -3.971354651519361234e-02 -1.109413959865746619e+02 -4.443990312073465253e-03 -4.129564265566922771e-02 9.991370881142518368e-01 -4.935809482684931360e-01
-9.111836685145867643e-01 4.118112022226323443e-01 1.248422818521050318e-02 1.288111085168529826e+02 -4.119723999923216029e-01 -9.103501703379317522e-01 -3.925950852002598607e-02 -1.105118871040465933e+02 -4.802486147150033385e-03 -4.091578044518985602e-02 9.991510571655426443e-01 -5.077554500310502705e-01
-9.019930170976994122e-01 4.314957388434955132e-01 1.483322163514201597e-02 1.297482039630228883e+02 -4.317337422267314984e-01 -9.011215270569721270e-01 -3.982423001534376311e-02 -1.100725920794193797e+02 -3.817450223104249495e-03 -4.232517967127667757e-02 9.990965950483624569e-01 -5.077657483077490097e-01
-8.914268426780782573e-01 4.528312850736537776e-01 1.737847544460270968e-02 1.306820812439235624e+02 -4.531618840589391461e-01 -8.906321447871943242e-01 -3.766549490904382014e-02 -1.096081412241728827e+02 -1.578285604036024992e-03 -4.145129587954923811e-02 9.991392791208287827e-01 -5.179697285153713748e-01
-8.801597875997296816e-01 4.743719594074736201e-01 1.702916373816478271e-02 1.315821344228995429e+02 -4.746704970112169408e-01 -8.793850391318712711e-01 -3.701178483823601428e-02 -1.091408263860108150e+02 -2.582161074410321572e-03 -4.065952629751218295e-02 9.991697230015859077e-01 -5.107513795137161861e-01
-8.679577983515920359e-01 4.962833640560685988e-01 1.876387058224376209e-02 1.324747157991608617e+02 -4.966283472166875268e-01 -8.670862712731216559e-01 -3.900875426316469108e-02 -1.086397117091729569e+02 -3.089501215348545125e-03 -4.317662250167403348e-02 9.990626778381799244e-01 -5.219344332113876606e-01
-8.549063264870025991e-01 5.183499665337475415e-01 2.117746737484241595e-02 1.333469198183086633e+02 -5.187749709184862335e-01 -8.539631179868694133e-01 -4.024329341953447603e-02 -1.081399567117057359e+02 -2.775333726536685468e-03 -4.539058616488328424e-02 9.989654609684515130e-01 -5.336927209902220248e-01
-8.406578201258192440e-01 5.410065314621155252e-01 2.462442637233175705e-02 1.342422170047293264e+02 -5.415638136748541775e-01 -8.396369956851329475e-01 -4.145299981043066434e-02 -1.075891295288706289e+02 -1.750764266206563009e-03 -4.818348671441728681e-02 9.988369668920504818e-01 -5.433489616657077859e-01
-8.256727471979897759e-01 5.635232287425805398e-01 2.657226372879808313e-02 1.350624874485430666e+02 -5.641490780800354488e-01 -8.247077867866099421e-01 -3.991095229854962900e-02 -1.070507187046913629e+02 -5.763958915847979068e-04 -4.794410371308193558e-02 9.988498539242515184e-01 -5.499640592699938102e-01
-8.096247621240456604e-01 5.863211766007225823e-01 2.711498520785673300e-02 1.359188857278735725e+02 -5.869454898935135834e-01 -8.086269708152791225e-01 -4.021708544974243738e-02 -1.064659861577736990e+02 -1.654220507817338610e-03 -4.847576651720272856e-02 9.988229891290255624e-01 -5.402200023379712945e-01
-7.931378755303173378e-01 6.084500879105181337e-01 2.684773582107037940e-02 1.367229431501913268e+02 -6.090276107631595881e-01 -7.920436647464271784e-01 -4.185931749769126325e-02 -1.058803892520651289e+02 -4.204726341282659027e-03 -4.955122255313004764e-02 9.987627328937702664e-01 -5.451638887537529898e-01
-7.756158424889854075e-01 6.307008436578896982e-01 2.522916342644909715e-02 1.375287691965569365e+02 -6.311601120282291921e-01 -7.744626345967312586e-01 -4.294811516364292758e-02 -1.052629751395464410e+02 -7.548368091109068818e-03 -4.923488014093323206e-02 9.987587039491586660e-01 -5.582399127550425888e-01
-7.571602387618545649e-01 6.527190120684461805e-01 2.581209252354830716e-02 1.383028267736264354e+02 -6.531816105263930083e-01 -7.560368777217023606e-01 -4.197645998619684710e-02 -1.046112567531424844e+02 -7.883939653158015051e-03 -4.864289063146694236e-02 9.987851183733575944e-01 -5.705348558065683751e-01
-7.372959556160648686e-01 6.752200815633109254e-01 2.173741667929045621e-02 1.390648450444660966e+02 -6.755015398061325893e-01 -7.363819436978671362e-01 -3.793814324918211994e-02 -1.039406255219765853e+02 -9.609555033613171801e-03 -4.265529801980846858e-02 9.990436336819340513e-01 -5.524285307405900625e-01
-7.175475776617339374e-01 6.962095052728265454e-01 2.044012127401216225e-02 1.397729074137200200e+02 -6.964044741300566832e-01 -7.166207895384660853e-01 -3.841161817343575341e-02 -1.032565933935752582e+02 -1.209471783941861930e-02 -4.179675548173220068e-02 9.990529260399947376e-01 -5.655366997226223269e-01
-6.965297149419570344e-01 7.171735547749265027e-01 2.254880335221615129e-02 1.404867559423453258e+02 -7.174479838563464495e-01 -6.956389526998074668e-01 -3.680812335436806082e-02 -1.025490396834139659e+02 -1.071198672188583730e-02 -4.181554517132106408e-02 9.990679223756369076e-01 -5.794724639492409013e-01
-6.745693388876418117e-01 7.378443635927092181e-01 2.327879175342360135e-02 1.411852960038846447e+02 -7.381848887736963682e-01 -6.739418511734014405e-01 -2.975653240414884160e-02 -1.018115046272633180e+02 -6.267137706896921956e-03 -3.725689669306404134e-02 9.992860684664954807e-01 -5.788464880583858996e-01
-6.515860890831193242e-01 7.582275159332509951e-01 2.294782328439553404e-02 1.418386068495445613e+02 -7.585632391175367584e-01 -6.511117826998400471e-01 -2.520433864286798081e-02 -1.010523765291099210e+02 -4.169024951956487937e-03 -3.383017160585297806e-02 9.994189005204540122e-01 -5.653214598731611806e-01
-6.274754028957357788e-01 7.782393549534860622e-01 2.486212301765424598e-02 1.424729135084674283e+02 -7.786305573434012528e-01 -6.270272296038674753e-01 -2.390206065955922596e-02 -1.002837950264303828e+02 -3.012296151744414587e-03 -3.435636384468618992e-02 9.994051062170419275e-01 -5.679558833116565841e-01
-6.028523899331894587e-01 7.973118323978286570e-01 2.937410200970323043e-02 1.430956972528298934e+02 -7.978488432756002391e-01 -6.023256634095703888e-01 -2.531834274340399871e-02 -9.951458022124529634e+01 -2.493838765786359195e-03 -3.869931674303857955e-02 9.992477889138668967e-01 -5.797625496245614185e-01
-5.773737871882795858e-01 8.157300779135512325e-01 3.498499469372701176e-02 1.436736390477096279e+02 -8.164769346957394536e-01 -5.767249195993479072e-01 -2.745509461169459708e-02 -9.872190162026292626e+01 -2.219228214620691617e-03 -4.441629318179444313e-02 9.990106445496610421e-01 -5.902190875994823838e-01
-5.505621546276813216e-01 8.338210195899978805e-01 4.029666463138907584e-02 1.442629381543822547e+02 -8.347899273006620380e-01 -5.497635613984269698e-01 -2.976245676910971999e-02 -9.789906466434375432e+01 -2.662924188314905443e-03 -5.002533206427536849e-02 9.987443992253599578e-01 -5.797083673183242025e-01
-5.236757126060120893e-01 8.507780664174905416e-01 4.405030906110860706e-02 1.447815116888552041e+02 -8.519058579815916854e-01 -5.226954206491996047e-01 -3.234047566081586084e-02 -9.710937805018158997e+01 -4.489672525130768838e-03 -5.446263797313161126e-02 9.985057155084354763e-01 -6.001449219626431297e-01
-4.955775048880824984e-01 8.672416526484361121e-01 4.790461939595867802e-02 1.453134512962924987e+02 -8.685519378592676532e-01 -4.945291749110901636e-01 -3.253346583958861837e-02 -9.624849808309336652e+01 -4.524144776617628622e-03 -5.773050383530452245e-02 9.983219525976269049e-01 -6.003645100675670809e-01
-4.678985439507294397e-01 8.822438570280922709e-01 5.212225344339824207e-02 1.457988653291005505e+02 -8.837766039278471819e-01 -4.668715445574880274e-01 -3.114281986345802597e-02 -9.538289465632550446e+01 -3.141164543958690266e-03 -6.063610820630341292e-02 9.981549957117218375e-01 -6.138761667205783201e-01
-4.407732585185730745e-01 8.961185012657900684e-01 5.187066862090020797e-02 1.462650825096665415e+02 -8.976061991603794255e-01 -4.397284036945192098e-01 -3.069270613401542391e-02 -9.452968358245662728e+01 -4.695295509197219483e-03 -6.008795780455358782e-02 9.981820432788354180e-01 -5.969934736199835612e-01
-4.140828280783620530e-01 9.088265666062750325e-01 5.069204395608643832e-02 1.466890261281007781e+02 -9.102114783412627030e-01 -4.129929189275874934e-01 -3.085309722076017350e-02 -9.363183832204475721e+01 -7.104659216312117671e-03 -5.891621802195177310e-02 9.982376485931323540e-01 -6.074118336075911007e-01
-3.876856095540694436e-01 9.204846247363078771e-01 4.907059983306434614e-02 1.471109579275181716e+02 -9.217284926906378351e-01 -3.864861602688302034e-01 -3.232698067349096260e-02 -9.271043165668213248e+01 -1.079138096235602098e-02 -5.776247522738991308e-02 9.982720283318828880e-01 -6.037353662954441091e-01
-3.621297959824077983e-01 9.309215073196500656e-01 4.740419887235559904e-02 1.474938432032844275e+02 -9.319858308180943851e-01 -3.607189775581510216e-01 -3.583616023254786176e-02 -9.179588474779971818e+01 -1.626105815086139120e-02 -5.715738306451061124e-02 9.982327441765957987e-01 -5.935571020174491563e-01
-3.378107076647652862e-01 9.400761461755284820e-01 4.626840366945696170e-02 1.478765085207830055e+02 -9.409929297777375190e-01 -3.362574687173493504e-01 -3.825206970300770726e-02 -9.085944661864002114e+01 -2.040176196998610275e-02 -5.646019946146031698e-02 9.981963804695862530e-01 -6.048099642769525497e-01
-3.144539283396743379e-01 9.480112529688153877e-01 4.892229752987203861e-02 1.482272086612317423e+02 -9.490734108116927192e-01 -3.129140404792197239e-01 -3.666693548194162322e-02 -8.989557591038710882e+01 -1.945219365899447314e-02 -5.796091368428295254e-02 9.981293226050499401e-01 -6.190076065404551686e-01
-2.917697300995947263e-01 9.550509346174691494e-01 5.242267527793083998e-02 1.485478098845238151e+02 -9.563885091926066506e-01 -2.905078695413050860e-01 -3.043348838505506929e-02 -8.890946279275668473e+01 -1.383633181500435426e-02 -5.901601494943795739e-02 9.981611422504197417e-01 -6.242597065029372727e-01
-2.699451576786256468e-01 9.613930393284806364e-01 5.341381634017002000e-02 1.488633077373813478e+02 -9.628082419396396530e-01 -2.688539785326612974e-01 -2.679230256236352775e-02 -8.788956094842406230e+01 -1.139741615920917238e-02 -5.865971494592858715e-02 9.982129716371226369e-01 -5.928482389001369368e-01
-2.494790646622193631e-01 9.670052063365162098e-01 5.158611453453375989e-02 1.491562313240782771e+02 -9.682814034362804412e-01 -2.483385305931763432e-01 -2.755173276937002494e-02 -8.687621955756546299e+01 -1.383184914889506144e-02 -5.682345590083484610e-02 9.982884226544215256e-01 -5.743201832216614511e-01
-2.304730664163825993e-01 9.718231239707214586e-01 4.941640792153551703e-02 1.494029186962789595e+02 -9.729138479962372577e-01 -2.292019290452254610e-01 -3.008521389959025599e-02 -8.584646597154340952e+01 -1.791117053496560363e-02 -5.501173908670393964e-02 9.983250465304146504e-01 -5.876515602488354695e-01
-2.137351513700166405e-01 9.758451151848873684e-01 4.520615265748787609e-02 1.496745382625998673e+02 -9.767082611018000904e-01 -2.125694925628225374e-01 -2.924352104901573046e-02 -8.482293188559793862e+01 -1.892769823521097544e-02 -5.040359115156633346e-02 9.985495582272114756e-01 -5.899623428197280361e-01
-1.980527723695588993e-01 9.792187975754514939e-01 4.365370352086688638e-02 1.498911754164159902e+02 -9.800284940712999937e-01 -1.970115567274955681e-01 -2.702956382177312475e-02 -8.377252447026945958e+01 -1.786757289682384953e-02 -4.813515337339038108e-02 9.986810085536333981e-01 -5.994225459000417366e-01
-1.824680638915057995e-01 9.822692694716899098e-01 4.304053799282923226e-02 1.501111550210827659e+02 -9.830862232482201479e-01 -1.815703029572532656e-01 -2.395209259739240065e-02 -8.268250095552969015e+01 -1.571252097500526121e-02 -4.668305190469194260e-02 9.987861679792470193e-01 -5.947562777788168997e-01
-1.667327815183792528e-01 9.850836780692413530e-01 4.254793494632826134e-02 1.503031177195843497e+02 -9.858738647311140468e-01 -1.658598215772283668e-01 -2.330756149253374737e-02 -8.159142669667650694e+01 -1.590290550306214593e-02 -4.583303162027633354e-02 9.988225221761070083e-01 -5.793692736349526085e-01
-1.511818791818650143e-01 9.875835692567803692e-01 4.269347889966121357e-02 1.505076516496132797e+02 -9.883433865739787993e-01 -1.502326838873043746e-01 -2.464733055947402121e-02 -8.049779282580806239e+01 -1.792734276684587735e-02 -4.592204727146449034e-02 9.987841488294109116e-01 -5.732020833664168702e-01
-1.356547938888096605e-01 9.899053248114669801e-01 4.105148967292343576e-02 1.506919677020594861e+02 -9.905585544591740677e-01 -1.346837472553316928e-01 -2.557417465371856352e-02 -7.939050314682179987e+01 -1.978704320766418515e-02 -4.413316366067823043e-02 9.988296835715083644e-01 -5.712085103978624678e-01
-1.202299122328955583e-01 9.919020767675243988e-01 4.092723186605693592e-02 1.508518993305712570e+02 -9.925298408997779154e-01 -1.192411166787757937e-01 -2.580835161067882022e-02 -7.826778483082074445e+01 -2.071914873015337499e-02 -4.372443478185677329e-02 9.988287594357985189e-01 -5.731218907242691118e-01
-1.034544490688287660e-01 9.937491190230929305e-01 4.195074979262090886e-02 1.509512019326253380e+02 -9.944095468129096060e-01 -1.024426815407782076e-01 -2.559590206018258485e-02 -7.712493720232153294e+01 -2.113835782136161759e-02 -4.436423603614286088e-02 9.987917622741421253e-01 -5.720750977601697373e-01
-8.706068807720891700e-02 9.953386782056022897e-01 4.148918243247670667e-02 1.510682522850692067e+02 -9.959765892857241898e-01 -8.607748744828602749e-02 -2.492588505065981147e-02 -7.598577923599935957e+01 -2.123841289921550926e-02 -4.349231911513726928e-02 9.988279871893049888e-01 -5.596215598010584324e-01
-7.106718190285511716e-02 9.966039534526803800e-01 4.159345643651616437e-02 1.512004018806634065e+02 -9.972416564892756519e-01 -7.009382662328748903e-02 -2.441176003530950642e-02 -7.484136107419094230e+01 -2.141341203766318826e-02 -4.321360238720503566e-02 9.988363481325377435e-01 -5.522148549680229168e-01
-5.470479995635958020e-02 9.976131088598586549e-01 4.213632509078529820e-02 1.512783689959123876e+02 -9.982711213100438075e-01 -5.373484490411448850e-02 -2.381879085323637679e-02 -7.369477625378328867e+01 -2.149774909865907052e-02 -4.336647868543260648e-02 9.988279107570158244e-01 -5.364893581948335655e-01
-3.816162277680902604e-02 9.983330201493835210e-01 4.329978551788391666e-02 1.513513218637777697e+02 -9.990430491926449719e-01 -3.719039501169826845e-02 -2.301869620394447757e-02 -7.253996858721887975e+01 -2.136998837371680351e-02 -4.413678055486648655e-02 9.987969103858183040e-01 -5.370829185908863046e-01
-2.108912060100847849e-02 9.988515387315085592e-01 4.302153606516932738e-02 1.514196651489362750e+02 -9.995645973412261576e-01 -2.017688903052401728e-02 -2.152925654355901386e-02 -7.134899762977109106e+01 -2.063649026703550174e-02 -4.345683746202020498e-02 9.988421489626595484e-01 -5.272065097664246913e-01
-4.465177483299870471e-03 9.989994249298349560e-01 4.449956381045756804e-02 1.514535260776178234e+02 -9.997755994175819838e-01 -3.538291214678928980e-03 -2.088615093059421890e-02 -7.017051376780516136e+01 -2.070780035284135526e-02 -4.458283845361338260e-02 9.987910479760219173e-01 -5.139609835970304630e-01
1.188806751931047873e-02 9.990039103202265069e-01 4.301001063659453533e-02 1.514574057531021936e+02 -9.997235886033993824e-01 1.274713812497490356e-02 -1.975491978648952554e-02 -6.902427317023449405e+01 -2.028349666097644180e-02 -4.276327435956452094e-02 9.988793130935863518e-01 -5.062771963824931332e-01
2.822078571522110280e-02 9.987414724230708751e-01 4.146153054583106429e-02 1.514608659126528210e+02 -9.994198907623513817e-01 2.898245915733652436e-02 -1.788572072848450267e-02 -6.785133428557811897e+01 -1.906486817123146174e-02 -4.093272923724580736e-02 9.989800010389859874e-01 -5.036594264748447403e-01
4.492874682286150667e-02 9.981806532000091492e-01 4.020934326129728398e-02 1.514382305441063181e+02 -9.987937122430153858e-01 4.568176074918024049e-02 -1.800825130030661927e-02 -6.666195108096729882e+01 -1.981232164454774930e-02 -3.935175105973784393e-02 9.990289843626262156e-01 -4.727645535899646645e-01
6.155543400610080651e-02 9.973197694379103417e-01 3.955004465217454995e-02 1.513851494101461128e+02 -9.978768862392201067e-01 6.233776299298043888e-02 -1.886062593832365727e-02 -6.549545488460492493e+01 -2.127553642202775416e-02 -3.830510139319705243e-02 9.990395741682277508e-01 -4.664608351786551088e-01
7.678477172299530418e-02 9.961379137259344096e-01 4.258351404619954705e-02 1.513302781877980578e+02 -9.968039580359840945e-01 7.764026214478815524e-02 -1.881113856555115260e-02 -6.433714424355696337e+01 -2.204468351896715292e-02 -4.100300636805829374e-02 9.989158049577253617e-01 -4.668595389044585819e-01
9.281298399019718981e-02 9.946792202549059603e-01 4.471016433916433219e-02 1.512526577332516524e+02 -9.954374338157587765e-01 9.369481254715769647e-02 -1.804431922549956310e-02 -6.313432008086497405e+01 -2.213741984383883754e-02 -4.283142414420480076e-02 9.988370256180112428e-01 -4.423068041107858228e-01
1.077961203551770913e-01 9.930008184478792410e-01 4.826355765477555876e-02 1.511662042955443894e+02 -9.938929439402232058e-01 1.087909467005013509e-01 -1.847554865551618436e-02 -6.198959029590096037e+01 -2.359687306447719526e-02 -4.597721693638138346e-02 9.986637487669965951e-01 -4.319850656161055014e-01
1.219693479019712951e-01 9.913475377448985881e-01 4.851327219175267241e-02 1.510326796102560536e+02 -9.922580852787974415e-01 1.229418681104798156e-01 -1.758377833837969709e-02 -6.081227700586631357e+01 -2.339594767129119651e-02 -4.599300459835817256e-02 9.986677491325889333e-01 -4.145197940061683406e-01
1.365497521517009816e-01 9.894692776977757065e-01 4.800743357836281117e-02 1.509161175605004246e+02 -9.903592181380918014e-01 1.374913058005818867e-01 -1.687482961303638299e-02 -5.962913086846719324e+01 -2.329773019918938287e-02 -4.524035058256439812e-02 9.987044239632130171e-01 -4.056141754106703523e-01
1.485260699436292686e-01 9.878901597077676122e-01 4.486690204224445117e-02 1.507541752849406578e+02 -9.886937883101132307e-01 1.492862848555014388e-01 -1.407828495820841186e-02 -5.850324261672859905e+01 -2.060581229452132165e-02 -4.226863501382997768e-02 9.988937696225246299e-01 -3.951679534164480589e-01
1.613079807584319181e-01 9.859087767365124488e-01 4.431274417965198886e-02 1.505719763480484517e+02 -9.867636435747147994e-01 1.618799085879219501e-01 -9.612851349148436239e-03 -5.734166709562691011e+01 -1.665073749155502117e-02 -4.217557526337910312e-02 9.989714579451838272e-01 -3.930346261148056075e-01
1.729575965503982737e-01 9.839509813402332883e-01 4.388776725072943835e-02 1.504045613668277213e+02 -9.848276843995573682e-01 1.734079524200342060e-01 -6.641842670165092055e-03 -5.615138692394658193e+01 -1.414573546833758876e-02 -4.207313105043809093e-02 9.990143891899639916e-01 -3.546526940564503350e-01
1.828013270036361604e-01 9.822213862864505041e-01 4.271794899524043732e-02 1.502044061491608034e+02 -9.830208994010170009e-01 1.833085059010494677e-01 -8.240327755344688254e-03 -5.500706796828831102e+01 -1.592438955667057829e-02 -4.048629379357381042e-02 9.990531886886798718e-01 -3.283914909125254522e-01
1.921151172414469199e-01 9.803414274604599354e-01 4.497185043104521412e-02 1.500145390561936836e+02 -9.811628443893886109e-01 1.928192665898163516e-01 -1.184074397503306376e-02 -5.385218407026759735e+01 -2.027941106786626188e-02 -4.184992276972011177e-02 9.989180794478634828e-01 -3.232614077822070220e-01
1.994756038919264785e-01 9.788537547531651617e-01 4.533001496422475046e-02 1.497912093205419239e+02 -9.796820706248112742e-01 2.001989753820978268e-01 -1.197542269179701323e-02 -5.272851598906042625e+01 -2.079721001640329192e-02 -4.202019824862916059e-02 9.989002848090324793e-01 -3.408251875242186424e-01
2.065825500390572333e-01 9.773847610109879236e-01 4.519600603931929472e-02 1.496025867402106542e+02 -9.782449516033880910e-01 2.072195206029333880e-01 -9.843014781829955567e-03 -5.156327014892220717e+01 -1.898590735469106797e-02 -4.217936964722900084e-02 9.989296452177983676e-01 -3.381052358141080072e-01
2.113661916879110425e-01 9.764325040248955645e-01 4.363368073007295456e-02 1.493670966284326767e+02 -9.772374145914232146e-01 2.119502746650527292e-01 -9.171509609102434721e-03 -5.042054984261613271e+01 -1.820353070858120662e-02 -4.070191828798526423e-02 9.990054981401658152e-01 -3.034505242656961865e-01
2.160229756556442116e-01 9.753729004691861215e-01 4.451717666496826653e-02 1.491419616679770286e+02 -9.762066956649964045e-01 2.166374746124044293e-01 -9.417639238682669334e-03 -4.928962637519006051e+01 -1.882979882927107718e-02 -4.142353948077976550e-02 9.989642281131899670e-01 -2.959251180118936952e-01
2.201176567159647268e-01 9.743518991901318760e-01 4.676102806233668058e-02 1.489227079596302019e+02 -9.753026969026410420e-01 2.207227226590971203e-01 -8.131980868158613165e-03 -4.814675183536664349e+01 -1.824463243121800943e-02 -4.381616420631355424e-02 9.988730035087197701e-01 -2.974518569618382346e-01
2.240020020111355703e-01 9.733058105671260618e-01 4.998902089702707274e-02 1.486811820201581043e+02 -9.744431401751989519e-01 2.245601524198339860e-01 -5.771005729972141819e-03 -4.700732176366405923e+01 -1.684249556164547565e-02 -4.741874166039650174e-02 9.987330941144516583e-01 -2.922910757836972295e-01
2.271766354403707555e-01 9.725382935482875801e-01 5.059687629814284965e-02 1.484599568854945346e+02 -9.737210990288563961e-01 2.276958801633834906e-01 -4.669845727759048062e-03 -4.588372024299005147e+01 -1.606230407732548923e-02 -4.820636615634407707e-02 9.987082400013239658e-01 -2.673098725661895436e-01
2.299797308641606253e-01 9.718010698379917489e-01 5.207690517223224902e-02 1.481979613346030646e+02 -9.730578552982992457e-01 2.305174624913810255e-01 -4.484386834146819253e-03 -4.475296692303285084e+01 -1.636256795759279126e-02 -4.964252358060824294e-02 9.986330087770908248e-01 -2.630778538083459739e-01
2.322449120772867304e-01 9.711626804074473540e-01 5.390128938117488833e-02 1.479377325520885336e+02 -9.725065741268079655e-01 2.328277665417484710e-01 -4.711093694109463881e-03 -4.363105391832812785e+01 -1.712495519985643075e-02 -5.132523073668304042e-02 9.985351554131791652e-01 -2.493102956561883132e-01
2.351967569915424938e-01 9.703849986909975911e-01 5.509482566478571264e-02 1.476904586382171374e+02 -9.717461393936518421e-01 2.359244602079366704e-01 -7.006400331718754329e-03 -4.250543710658580210e+01 -1.979712278183481597e-02 -5.189030150447299788e-02 9.984565441400630181e-01 -2.327275460963811049e-01
2.369158254028498611e-01 9.700113445291025371e-01 5.430362011333458166e-02 1.474602075099585079e+02 -9.712527383211962961e-01 2.378136110111926105e-01 -1.062095654272062102e-02 -4.139778162965374975e+01 -2.321658832621982527e-02 -5.022626705029333005e-02 9.984679825219495708e-01 -2.153509275743731022e-01
2.389541903619398500e-01 9.694799948569983172e-01 5.485831276490429204e-02 1.471948555111340511e+02 -9.706879523633660245e-01 2.399895359320152743e-01 -1.303540472118658311e-02 -4.028121020143819919e+01 -2.580298512441706396e-02 -5.013543870703095207e-02 9.984090563196429402e-01 -2.171522949172302874e-01
2.397260601174389383e-01 9.693751064539910534e-01 5.332278206112011504e-02 1.469458795724608251e+02 -9.704818906959717939e-01 2.407686276369350453e-01 -1.397740224422183188e-02 -3.917420933616421763e+01 -2.638779884698278649e-02 -4.839804678150327888e-02 9.984795006090461111e-01 -2.036123874006331991e-01
2.399447776512859121e-01 9.694416014982827345e-01 5.108311816208731954e-02 1.466654747344892087e+02 -9.704220648889032574e-01 2.409641758729902938e-01 -1.474048571480634888e-02 -3.805469215780241399e+01 -2.659924154707626540e-02 -4.603528244083961163e-02 9.985856163176207723e-01 -1.898441282994462187e-01
2.410767406878102925e-01 9.692192474142760084e-01 4.996053982769367574e-02 1.464134077755807084e+02 -9.701638844647927362e-01 2.420390836523576283e-01 -1.411096245534899929e-02 -3.693565063814490657e+01 -2.576901968983900601e-02 -4.506808655282030368e-02 9.986515033761331761e-01 -1.752467264124566437e-01
2.412386629964738960e-01 9.692788346472256400e-01 4.798383247933455525e-02 1.461502583287056609e+02 -9.701720409718277427e-01 2.420871771779718185e-01 -1.264948849038671948e-02 -3.583478231802323677e+01 -2.387715201785117758e-02 -4.350102699944150692e-02 9.987680122321779264e-01 -1.628948793684025509e-01
2.422350350862670088e-01 9.691080302978477556e-01 4.638764261936922234e-02 1.458751411026704261e+02 -9.699388053820370281e-01 2.430345831782109445e-01 -1.236548381479805718e-02 -3.470385253599113184e+01 -2.325729105196051166e-02 -4.199782126130371246e-02 9.988469759772620193e-01 -1.370364287516007973e-01
2.422199247839142144e-01 9.692010664750254634e-01 4.448371365047212866e-02 1.456203541681435638e+02 -9.699245478114185692e-01 2.430252080437875495e-01 -1.360587390086594878e-02 -3.361803536596033837e+01 -2.399749125941485692e-02 -3.985023209483229412e-02 9.989174537527718556e-01 -1.120257926636443330e-01
2.429893876183671919e-01 9.690942697589519650e-01 4.257292360163061201e-02 1.453590205395207136e+02 -9.697089577802296967e-01 2.438023802602425072e-01 -1.499788574242990301e-02 -3.250772664475803708e+01 -2.491374524010913846e-02 -3.763901830357625072e-02 9.989807853987577868e-01 -1.040864860407599152e-01
2.432058549687005355e-01 9.690522001951054065e-01 4.229356221378465647e-02 1.450779148272216901e+02 -9.696611753241130005e-01 2.440045468571770959e-01 -1.479818159803898171e-02 -3.139296654418964394e+01 -2.466003191932309227e-02 -3.741142083763237397e-02 9.989956298269275781e-01 -9.260427713043750675e-02
2.442246350873689686e-01 9.687940524061510184e-01 4.233688271068395542e-02 1.448295251375149917e+02 -9.694284770791203876e-01 2.449867852927951895e-01 -1.378052453604191978e-02 -3.031749940110637453e+01 -2.372246700406953346e-02 -3.767703615467232758e-02 9.990083510674373501e-01 -7.476529680150291457e-02
2.447849292912937791e-01 9.686202119739586447e-01 4.307230370104385420e-02 1.445704502679860468e+02 -9.692633036339280972e-01 2.455947239838105201e-01 -1.455609070089541011e-02 -2.921973159740147707e+01 -2.467765419892552214e-02 -3.818529174772606477e-02 9.989659137698373437e-01 -5.419620275495716510e-02
2.445818223064046004e-01 9.685857555440950950e-01 4.495960801737469703e-02 1.442874367126433697e+02 -9.692790115258392847e-01 2.454757568454149774e-01 -1.548711119604261749e-02 -2.811259373525994221e+01 -2.603708910446049865e-02 -3.979053853938896435e-02 9.988687516537523292e-01 -4.152597312504403837e-02
2.454100825406151376e-01 9.683376948814580443e-01 4.578209320008787275e-02 1.440354785422991313e+02 -9.690566556750203064e-01 2.463362889272971423e-01 -1.573629073232320902e-02 -2.700377618589280715e+01 -2.651583443186397021e-02 -4.050359771908711159e-02 9.988274971649473422e-01 -2.549793870208113405e-02
2.462042312225595497e-01 9.681200451623173109e-01 4.612000305416077972e-02 1.437702607267148949e+02 -9.688456474784532535e-01 2.471496967296633596e-01 -1.597306373353385434e-02 -2.593439735055374484e+01 -2.686238795100520660e-02 -4.075052834424356535e-02 9.988081930730351443e-01 -1.389913686967805470e-02
2.464262645769146332e-01 9.680821901909709704e-01 4.572711624849808837e-02 1.434960785585459178e+02 -9.687625057918278770e-01 2.474042772132785117e-01 -1.703910165060065415e-02 -2.484760286465220958e+01 -2.780833498921698316e-02 -4.009983354833324826e-02 9.988086402565286015e-01 1.988289624254205301e-02
2.467182555523542153e-01 9.680853157044992940e-01 4.405591779992986540e-02 1.432452163944828101e+02 -9.685992812563328780e-01 2.477815757123687235e-01 -2.048714435347085902e-02 -2.377768563686405301e+01 -3.074954834114636271e-02 -3.761797780026160387e-02 9.988189791046172550e-01 4.418875443636927081e-02
2.478491725715322724e-01 9.680780170923061201e-01 3.735961023480362242e-02 1.429630767161379481e+02 -9.682037856238902007e-01 2.488638964311695734e-01 -2.545958666628959921e-02 -2.268278148277997275e+01 -3.394432434798944076e-02 -2.986157856979071781e-02 9.989775117420883754e-01 6.737610567867965972e-02
2.488539582831792718e-01 9.679234604712081413e-01 3.458152852153074941e-02 1.426811340308194644e+02 -9.678456697503357020e-01 2.498694512412250601e-01 -2.898304467255155906e-02 -2.159008156539091416e+01 -3.669423644912274407e-02 -2.625703724331025085e-02 9.989815318628955110e-01 1.019523229857767083e-01
2.488767475640028815e-01 9.679321082820111499e-01 3.417306362244754148e-02 1.424258274812757179e+02 -9.677471984875662958e-01 2.499423888543067240e-01 -3.153033570754443238e-02 -2.054883649184569805e+01 -3.906052147242675132e-02 -2.522371918412357264e-02 9.989184349331650115e-01 1.154254654427098459e-01
2.492479391464759164e-01 9.678819060837119403e-01 3.286458132433166951e-02 1.421486657432764673e+02 -9.675278369282271917e-01 2.503421312153784606e-01 -3.490991412324567778e-02 -1.946173166332895477e+01 -4.201606355298110468e-02 -2.309617312953263918e-02 9.988499472827566672e-01 1.545934148568197941e-01
2.494485281478426020e-01 9.678094007049745651e-01 3.347231259669476017e-02 1.418999844041930771e+02 -9.673407572770996721e-01 2.506369636424820024e-01 -3.785461349969490574e-02 -1.838547255642913925e+01 -4.502544960030857579e-02 -2.293635459424614789e-02 9.987225002585468081e-01 1.820241448332476919e-01
2.501725427113009048e-01 9.675463714614320754e-01 3.560502694541380769e-02 1.416174775859466877e+02 -9.670654383776425833e-01 2.514908045207135956e-01 -3.920220827391637797e-02 -1.732442957877520939e+01 -4.688429124011073146e-02 -2.462507486788308164e-02 9.985967499041412676e-01 2.209913791448881448e-01
2.499350250320449274e-01 9.675720552246809270e-01 3.656229217531509201e-02 1.413555384560226855e+02 -9.671488191935754264e-01 2.512801337694118842e-01 -3.848968565562163602e-02 -1.626394797677782122e+01 -4.642892192341510627e-02 -2.574125715680870841e-02 9.985898772195977990e-01 2.427764934295130184e-01
2.501727251759182646e-01 9.675097314847209695e-01 3.658588606284765565e-02 1.411019128328213128e+02 -9.672749952223785863e-01 2.514073707471609076e-01 -3.425518279205827521e-02 -1.518405598231698939e+01 -4.234018412654224489e-02 -2.681890033641849691e-02 9.987432379692472439e-01 2.773030672894560844e-01
2.514523236103273773e-01 9.672184898404854181e-01 3.549819516868268215e-02 1.408318528598853732e+02 -9.671184406922773702e-01 2.525328836327580539e-01 -3.015069408214586522e-02 -1.414760060209615133e+01 -3.812677038740203833e-02 -2.674949707376678837e-02 9.989148180813672839e-01 3.138452543255593752e-01
2.522624225860354286e-01 9.670169836852419154e-01 3.523951494966017645e-02 1.405798890403885082e+02 -9.669715161860437114e-01 2.532883930587691013e-01 -2.847941051261956846e-02 -1.308533614086657693e+01 -3.646583376473731125e-02 -2.689132211105855694e-02 9.989730225383208762e-01 3.656464501402043044e-01
2.532348845866836395e-01 9.667113565149907384e-01 3.662303116716058432e-02 1.403019580611475021e+02 -9.666611635959841964e-01 2.543429228594213942e-01 -2.959514120874967569e-02 -1.204441373089775347e+01 -3.792476789511175367e-02 -2.790753975439812240e-02 9.988908254665914699e-01 3.939872183562164176e-01
2.530073554823771831e-01 9.667261787658173455e-01 3.778588836063848794e-02 1.400540805817628609e+02 -9.666169349799054178e-01 2.542272209055649324e-01 -3.194090100904699303e-02 -1.101444249585298962e+01 -4.048430656610944867e-02 -2.844319669689362659e-02 9.987752527370092892e-01 4.312824701328321630e-01
2.537927910232223860e-01 9.664924237473487834e-01 3.849174018093214078e-02 1.397964496126621441e+02 -9.662836157862966235e-01 2.551224604061897994e-01 -3.476354492626866632e-02 -9.976695276124845080e+00 -4.341881025403979133e-02 -2.837120078750135846e-02 9.986540351284501904e-01 4.612561526210511298e-01
2.542483412312464552e-01 9.663378907486884772e-01 3.935558261624862164e-02 1.395445542735423032e+02 -9.660887743618016277e-01 2.556577477676309496e-01 -3.621596409161489255e-02 -8.978006686539384162e+00 -4.505841796540111660e-02 -2.881313777790593320e-02 9.985687467862029987e-01 4.817147080206504728e-01
2.549344531664058389e-01 9.661941833004501490e-01 3.843468152127567372e-02 1.392813387771638531e+02 -9.659359803740513728e-01 2.562909734954972873e-01 -3.581366666712737512e-02 -7.957840267026996983e+00 -4.445341835944386505e-02 -2.799530424821026348e-02 9.986191248581793856e-01 5.139379748654024915e-01
2.545914962073706489e-01 9.663025617443180559e-01 3.798064275094354542e-02 1.390274995144671948e+02 -9.660414733324044212e-01 2.559221665268171519e-01 -3.560500636950385961e-02 -6.952358635728069558e+00 -4.412529724460432373e-02 -2.762614423740732475e-02 9.986439577216392749e-01 5.619937673612024343e-01
2.552957412244639679e-01 9.661369930126701977e-01 3.746191724393916483e-02 1.388004423425228424e+02 -9.658445727394343594e-01 2.566132410517043549e-01 -3.597090245349528898e-02 -5.976340298820327135e+00 -4.436604353227816683e-02 -2.699917125035116230e-02 9.986504388069729066e-01 5.895837352201828141e-01
2.559892196771071382e-01 9.660410356895141604e-01 3.513170607204346013e-02 1.385279220827753477e+02 -9.656013400137671843e-01 2.572508349431419372e-01 -3.789538337683361763e-02 -5.011173278059493974e+00 -4.564615612514814902e-02 -2.422241284038156861e-02 9.986639590690371548e-01 6.381184483922224260e-01
2.558818411155334149e-01 9.660312585335899538e-01 3.616753961524487443e-02 1.382938533641547281e+02 -9.655997633935288205e-01 2.572005384562240926e-01 -3.827505648325304349e-02 -4.028621760680048958e+00 -4.627721164857000191e-02 -2.512947577351990272e-02 9.986125019874424469e-01 6.619241747879451854e-01
2.559764750189467142e-01 9.659661677527691115e-01 3.722105576661281084e-02 1.380456651706594471e+02 -9.655741247706048913e-01 2.573369682940035985e-01 -3.800387242559219447e-02 -3.063294066303777541e+00 -4.628880865432775243e-02 -2.621159104456420585e-02 9.985841470224223748e-01 7.034270900244964375e-01
2.565125243510573694e-01 9.658729559749817950e-01 3.592711741385076069e-02 1.377927412629483115e+02 -9.654393551555182640e-01 2.578172450154275208e-01 -3.817223711239212114e-02 -2.134890590046298886e+00 -4.613216192884068978e-02 -2.489379616704510967e-02 9.986251161193433479e-01 7.347723896526890952e-01
2.565451417353312724e-01 9.658654837176050556e-01 3.589509177333793932e-02 1.375569577786243940e+02 -9.654452424394673882e-01 2.578406784606305790e-01 -3.786381357673333781e-02 -1.198635740623389623e+00 -4.582656543186094944e-02 -2.494096815906086950e-02 9.986380094930293883e-01 7.733896735581660131e-01
2.567876948204282361e-01 9.658338171297154995e-01 3.500167818699780053e-02 1.373433493634918250e+02 -9.654391675355368241e-01 2.580165970207118353e-01 -3.680556271484714675e-02 -2.762309115466022869e-01 -4.457907102424323031e-02 -2.434077544533237020e-02 9.987092835622946030e-01 8.027094663732297075e-01
2.572964186677259568e-01 9.657213511867149824e-01 3.436313142469340359e-02 1.371035389340375445e+02 -9.653701179888606321e-01 2.584642775103824786e-01 -3.545070580152043932e-02 6.365471507262853157e-01 -4.311714544377644870e-02 -2.405180059619229510e-02 9.987804676969918027e-01 8.421124044231408368e-01
2.574868155472729847e-01 9.656304762147600584e-01 3.547285191541927479e-02 1.368835948737157651e+02 -9.654288333419142054e-01 2.586282684572632218e-01 -3.253592635049880333e-02 1.539521334924186746e+00 -4.059196432397635390e-02 -2.586894197339271659e-02 9.988408733475244716e-01 8.719296260168064583e-01
2.577181903231253179e-01 9.655701649551445831e-01 3.543431844261594327e-02 1.366521985059573012e+02 -9.654510943048892901e-01 2.588027299674485193e-01 -3.041926138987788644e-02 2.438659779207189793e+00 -3.854242958545207182e-02 -2.637050452025706260e-02 9.989089436025339053e-01 9.055816313223659098e-01
2.578107570472358834e-01 9.655369030957006160e-01 3.566654327951992304e-02 1.364371076897930379e+02 -9.654636266013855161e-01 2.588763680797231959e-01 -2.937706173480148994e-02 3.322359453996309053e+00 -3.759786239556076742e-02 -2.686102769756024133e-02 9.989318725170567292e-01 9.386855561098604861e-01
2.587271118264193315e-01 9.652594856819458613e-01 3.652953469987501450e-02 1.362066727757361662e+02 -9.651876852657638173e-01 2.598404588746024979e-01 -2.992771524481699016e-02 4.189488686301302778e+00 -3.837986208366916951e-02 -2.751474571220608248e-02 9.988843401269912325e-01 9.812115828884564461e-01
2.597220640402418956e-01 9.649375988863634346e-01 3.794574685638395228e-02 1.359814275534809269e+02 -9.648864367010266951e-01 2.609033886246267531e-01 -3.039055891568014783e-02 5.056936281376594344e+00 -3.922516688756504805e-02 -2.872023778355461271e-02 9.988175680375209753e-01 1.003650804163500831e+00
2.621055883475327808e-01 9.642462068776455064e-01 3.911410330614122771e-02 1.357674573284075734e+02 -9.642282585093819858e-01 2.633313877917398682e-01 -3.033884790611197230e-02 5.892145095838965396e+00 -3.955409012027384652e-02 -2.976294213407741293e-02 9.987740691599656939e-01 1.031337950540782922e+00
2.647462410169315605e-01 9.635030437593177233e-01 3.963978471557027400e-02 1.355495843302483081e+02 -9.635175003485842993e-01 2.659775541854062508e-01 -2.983231784825612562e-02 6.731834938709321925e+00 -3.928682203620585678e-02 -3.029563227261379554e-02 9.987686019672219473e-01 1.060716391403948577e+00
2.681575519665205798e-01 9.624488998084831382e-01 4.223319285950140334e-02 1.353261113444733326e+02 -9.625930451250989117e-01 2.694483113941466002e-01 -2.849977123194526521e-02 7.550440046162057328e+00 -3.880923596768680317e-02 -3.301094883508640110e-02 9.987012168094419051e-01 1.079745440737939877e+00
2.734435362386822277e-01 9.609335487646940566e-01 4.284095407550338186e-02 1.351143096941216868e+02 -9.611220875331190072e-01 2.747317363594165007e-01 -2.769126016580673172e-02 8.353969264668036132e+00 -3.837923060128392572e-02 -3.360339111058368439e-02 9.986980758769666844e-01 1.111625767764566897e+00
2.798953926455371999e-01 9.589004253294421964e-01 4.656762262681473502e-02 1.348949287964519215e+02 -9.592286419564015620e-01 2.813145369076578417e-01 -2.724965635695789437e-02 9.137157278747640277e+00 -3.922985626485307742e-02 -3.704194414624999154e-02 9.985433955253640859e-01 1.144828688155606677e+00
2.891797661983083190e-01 9.560304035076746532e-01 4.879477829350217094e-02 1.346495658260755022e+02 -9.564431089648715023e-01 2.906772625132524324e-01 -2.689439287464059566e-02 9.897724623404821287e+00 -3.989538985126560300e-02 -3.889211520903885361e-02 9.984466742090872815e-01 1.163431035456387264e+00
2.986600409780324483e-01 9.530192421955748783e-01 5.056188214662173108e-02 1.344410305416664642e+02 -9.535000838020569747e-01 3.002199762360750479e-01 -2.656230515189893920e-02 1.065170838668154651e+01 -4.049407498327378674e-02 -4.027765971914401555e-02 9.983676377040615613e-01 1.199977358155219553e+00
3.095672641788083101e-01 9.494261038277602704e-01 5.251839979939924158e-02 1.341990016524488851e+02 -9.499493595163025494e-01 3.112327981391255216e-01 -2.702516815454709953e-02 1.140421783465973782e+01 -4.200384862955303111e-02 -4.152371288297554419e-02 9.982542050823998148e-01 1.227616608812416077e+00
3.224472033112403824e-01 9.450479658665346117e-01 5.396427787388556607e-02 1.339555192348044272e+02 -9.456257458583081643e-01 3.241648842547454334e-01 -2.662849193585117499e-02 1.210738990504677837e+01 -4.265852602888451500e-02 -4.244372776137964043e-02 9.981877479345869775e-01 1.241323787722799832e+00
3.365006285565146360e-01 9.401270372484118454e-01 5.411543969809761573e-02 1.337097062208011948e+02 -9.407312131696947688e-01 3.381883143968212879e-01 -2.556264013150750733e-02 1.282206779236686600e+01 -4.233333846536037337e-02 -4.230623876687843177e-02 9.982074286498391347e-01 1.272068918734027498e+00
3.518288590222595769e-01 9.344747811647549085e-01 5.452831671947738074e-02 1.334741505628783500e+02 -9.350803248080574726e-01 3.535325181278228812e-01 -2.528922260318540449e-02 1.349247671650346270e+01 -4.290967387698459840e-02 -4.209087777553727205e-02 9.981919243771647521e-01 1.301325922013722991e+00
3.701907148997396479e-01 9.273107698990906700e-01 5.525912258807784416e-02 1.331916512105023287e+02 -9.279690310978417900e-01 3.718836817459169053e-01 -2.400009523504593664e-02 1.416019497278388606e+01 -4.280551274810377727e-02 -4.239414203494280137e-02 9.981835626754288482e-01 1.320447454579358970e+00
3.885766383913962785e-01 9.196126140546243555e-01 5.762669664345953374e-02 1.329180530945594398e+02 -9.203834427214127034e-01 3.903417563134036206e-01 -2.297023376781178600e-02 1.481061042909960612e+01 -4.361782269895023156e-02 -4.411296122910432493e-02 9.980739111861952617e-01 1.358483032001121860e+00
4.077264239990189276e-01 9.113615450416739927e-01 5.638525862443255487e-02 1.326464502022965348e+02 -9.120685937731841664e-01 4.094268841358565392e-01 -2.237200921593961167e-02 1.546104198554659348e+01 -4.347462963446169226e-02 -4.230556422812437045e-02 9.981584021633942427e-01 1.380599069303752202e+00
4.291996558232097914e-01 9.015362749991633340e-01 5.495452938319723979e-02 1.323604744892656129e+02 -9.021908533052355184e-01 4.308103073932851301e-01 -2.131063708752890112e-02 1.606892872219126289e+01 -4.288729007391972603e-02 -4.043295565415618714e-02 9.982614168859107462e-01 1.404035774161443539e+00
4.514857043390156366e-01 8.906759415923186651e-01 5.345115381290566070e-02 1.320598871527166125e+02 -8.913236805220748904e-01 4.529630444273661238e-01 -1.914619859746475444e-02 1.665460280970127016e+01 -4.126445582290073910e-02 -3.899804418575746751e-02 9.983868975658654055e-01 1.434396299287792997e+00
4.755069595875658917e-01 8.780719406839687657e-01 5.369169735627067619e-02 1.317376573522120680e+02 -8.787917339706941000e-01 4.769149129913528573e-01 -1.665094797161768489e-02 1.723022567358530921e+01 -4.022710137263067753e-02 -3.926617817559074908e-02 9.984187235636644564e-01 1.455313898389145599e+00
5.003804090262369275e-01 8.639884642936824788e-01 5.606585260050530456e-02 1.314219732986231008e+02 -8.648840181941175320e-01 5.017857449156915006e-01 -1.366386727801163249e-02 1.779054971787115136e+01 -3.993846931725995170e-02 -4.165332838343828448e-02 9.983335709566345528e-01 1.483351882792360632e+00
5.281269185883037398e-01 8.472935471873269675e-01 5.635248667713774195e-02 1.310839631611854088e+02 -8.482058746439252728e-01 5.295211957142175185e-01 -1.241360166051532973e-02 1.832252255506305971e+01 -4.035780071099721866e-02 -4.124255305707490160e-02 9.983337616924233826e-01 1.502574449674315638e+00
5.559400355358297130e-01 8.294465297701855144e-01 5.430590334473028163e-02 1.307291766117837710e+02 -8.302852104847836534e-01 5.572283601226863947e-01 -1.109161496655278883e-02 1.884181237642989259e+01 -3.946069100926121592e-02 -3.892311557076658102e-02 9.984627408847882579e-01 1.527060936686159831e+00
5.850715974061975189e-01 8.092360907736124709e-01 5.318059134100140695e-02 1.303551938272084101e+02 -8.100621148487145984e-01 5.862721821989664850e-01 -9.181419493743207469e-03 1.932606859004712163e+01 -3.860823735493170566e-02 -3.770779452120782277e-02 9.985427012584433548e-01 1.534957877138413362e+00
6.156534185244161295e-01 7.862158715711859980e-01 5.324914596532069611e-02 1.299707855955143430e+02 -7.871359489078371130e-01 6.167540031567995129e-01 -5.612265544543037360e-03 1.981823728612594948e+01 -3.725407618532476650e-02 -3.845910657005406630e-02 9.985654865481881082e-01 1.560343296184482309e+00
6.458047719514579121e-01 7.617420936563192857e-01 5.181871547990641452e-02 1.295836832826273053e+02 -7.626449176403284902e-01 6.468079422946234613e-01 -3.495050727014008870e-03 2.026500173059300280e+01 -3.617908399007998405e-02 -3.726215956195298717e-02 9.986503919501644733e-01 1.589922860452168463e+00
6.768317027763913751e-01 7.344295597424972399e-01 5.012053361968713677e-02 1.291813497348335886e+02 -7.352579613741493381e-01 6.777818559712660562e-01 -2.736046378681843486e-03 2.070333622040162069e+01 -3.598022163629378128e-02 -3.499967844309975068e-02 9.987394285576550734e-01 1.616023916828815743e+00
7.091882556277359084e-01 7.033785260538850670e-01 4.806939944406449228e-02 1.287447995173920390e+02 -7.041349608518600034e-01 7.100642286752741894e-01 -1.657727285250740028e-03 2.110015475734588364e+01 -3.529837081357469625e-02 -3.267170397424005307e-02 9.988426226253591667e-01 1.625331874748150662e+00
7.404816939723243285e-01 6.705153517602868707e-01 4.578235405163002397e-02 1.282897125971152548e+02 -6.712685472943620280e-01 7.412127639699392923e-01 1.475106530272852655e-03 2.147192643577362503e+01 -3.294538361357020329e-02 -3.182454367853241456e-02 9.989503491735595153e-01 1.628144146754227028e+00
7.717115971467634061e-01 6.345352107195574298e-01 4.273496440882454395e-02 1.278712103048878106e+02 -6.352872423698361359e-01 7.722564158971759740e-01 5.490699936575385749e-03 2.184344648711056536e+01 -2.951830800653760037e-02 -3.138621450981548405e-02 9.990713563239287387e-01 1.636483623259212816e+00
8.001414044889219035e-01 5.985845422274953531e-01 3.834421241128768004e-02 1.273869312161522060e+02 -5.991816232363051942e-01 8.005950699028790973e-01 5.377399112912824644e-03 2.219471038536315888e+01 -2.747935942934639705e-02 -2.727782711325555526e-02 9.992501213155194906e-01 1.670620458603754521e+00
8.273781618297598728e-01 5.605318504867065066e-01 3.534716273916518881e-02 1.269398343309928521e+02 -5.610266742182726807e-01 8.277814737990907279e-01 5.186757058862560832e-03 2.252634361495851323e+01 -2.635238393455197753e-02 -2.412211067605365966e-02 9.993616340610815829e-01 1.674257980733545814e+00
8.521834747149470424e-01 5.222199912290949042e-01 3.270483419790543023e-02 1.263784485163139237e+02 -5.226741001088769378e-01 8.525064338898742378e-01 6.675720936551937136e-03 2.280668709613510714e+01 -2.439488664401965115e-02 -2.278290884776269093e-02 9.994427590241413695e-01 1.694535912854630233e+00
8.755789536657715422e-01 4.821050190847986361e-01 3.059814483248808961e-02 1.258717217185742641e+02 -4.824361731769346573e-01 8.759216397291842426e-01 4.076746605215616354e-03 2.308343000965147951e+01 -2.483615719437323038e-02 -1.833116542646310090e-02 9.995234532844341491e-01 1.723476640867283471e+00
8.964629882861949728e-01 4.418708333597839988e-01 3.323066739080791920e-02 1.253383683740139105e+02 -4.422592193182670051e-01 8.968732101849503646e-01 5.022726247025409603e-03 2.333658513325451622e+01 -2.758429910681436253e-02 -1.919925719864531977e-02 9.994350879179260128e-01 1.701099720227697398e+00
9.165952045746676990e-01 3.984342089095822548e-01 3.321764768282243346e-02 1.248092608519203850e+02 -3.989089006755366373e-01 9.169476508693752415e-01 8.870993486497964070e-03 2.358830100613676350e+01 -2.692433673807779690e-02 -2.138192540993561624e-02 9.994087719010050774e-01 1.696402365756629393e+00
9.336212470717749623e-01 3.567101506650774412e-01 3.330518615553021422e-02 1.242366970776937762e+02 -3.572810685606760961e-01 9.339072613893282249e-01 1.294083347149781182e-02 2.382101672449356045e+01 -2.648782853516426158e-02 -2.398114958229248181e-02 9.993614458242272569e-01 1.714577001518228894e+00
9.488832873710144611e-01 3.142205375565760295e-01 2.976509233659371464e-02 1.236811057860729903e+02 -3.146859678923817905e-01 9.491149464709826011e-01 1.239193268076797631e-02 2.402219092429120195e+01 -2.435669427137468479e-02 -2.112515471056960678e-02 9.994801044934807921e-01 1.723593725819030587e+00
9.622154638559901052e-01 2.712618783824549684e-01 2.363037132520624112e-02 1.230438137758276440e+02 -2.715197970414863771e-01 9.623959286284056169e-01 8.430680434586388869e-03 2.417510912006395785e+01 -2.045485094456788236e-02 -1.452824471141614220e-02 9.996852150422652628e-01 1.724741775887903117e+00
9.734021572036972714e-01 2.282622708123386579e-01 1.961061118136341389e-02 1.224246027606860849e+02 -2.284545589778092523e-01 9.735203008545024739e-01 8.169351565423860553e-03 2.431860780643149411e+01 -1.722657335777190435e-02 -1.243219796565023239e-02 9.997743173435383879e-01 1.736416620677129430e+00
9.819045039332907621e-01 1.882252960764697891e-01 2.085145243280009386e-02 1.217580629237169063e+02 -1.884585084744023475e-01 9.820319381593713981e-01 9.831735205093207475e-03 2.444194511202398346e+01 -1.862621097603624210e-02 -1.358345870456078783e-02 9.997342416412132726e-01 1.729949250927860227e+00
9.887357136887763298e-01 1.481595079740602727e-01 2.122377603875089808e-02 1.210857076390461202e+02 -1.485201284621145146e-01 9.887708045243123189e-01 1.655498597179971138e-02 2.455152593733022215e+01 -1.853267153271759976e-02 -1.952066381387022181e-02 9.996376762436226526e-01 1.736493843615732890e+00
9.939188070920259577e-01 1.080984333502256756e-01 2.097936157536862273e-02 1.204239093290383664e+02 -1.084744321562701452e-01 9.939417378809901615e-01 1.769517632199462537e-02 2.463934026755671169e+01 -1.893944226553002236e-02 -1.986329287533776869e-02 9.996233026087527618e-01 1.753404978317334217e+00
9.974447042833021193e-01 6.830668581728975564e-02 2.093462600543685020e-02 1.197262406428605033e+02 -6.870214305641081376e-02 9.974602283191164043e-01 1.879118036709827300e-02 2.470236174903471849e+01 -1.959789358162590187e-02 -2.018141701526082396e-02 9.996042381712968439e-01 1.745375863793050319e+00
9.993325409667160875e-01 3.126966719982424148e-02 1.888598619010140034e-02 1.190378328495230420e+02 -3.159671444929713913e-02 9.993514159185294954e-01 1.727411752223583993e-02 2.474057560117697818e+01 -1.833358113394380207e-02 -1.785932286939556635e-02 9.996724085344349531e-01 1.750625485127009107e+00
9.998315018450472103e-01 -4.756317524925255530e-03 1.772978731002554723e-02 1.183161562913370801e+02 4.434016469710012898e-03 9.998250127033692092e-01 1.817370268150875212e-02 2.473371447527977551e+01 -1.781312472297002375e-02 -1.809202627740099517e-02 9.996776336241374183e-01 1.751063529261237539e+00
9.991420493260951829e-01 -3.858822968329929382e-02 1.503708065312922039e-02 1.175812860797952339e+02 3.828527650877999733e-02 9.990678928019663951e-01 1.993948779064405943e-02 2.471992922220893618e+01 -1.579249401658426588e-02 -1.934668190317082037e-02 9.996881028739096342e-01 1.728701770989463649e+00
9.974890536084985992e-01 -6.994851963595681565e-02 1.108117900767747153e-02 1.168617336714272597e+02 6.969637896332039895e-02 9.973320750667031831e-01 2.170591626670200641e-02 2.469714686223456113e+01 -1.256991196404323892e-02 -2.087909582330791172e-02 9.997029862245927490e-01 1.754257473806049461e+00
9.949748684746732019e-01 -9.999338598812140821e-02 5.131652629529985001e-03 1.161198774655484698e+02 9.988132166868703143e-02 9.948225037117880420e-01 1.875920277413393664e-02 2.461802079873136861e+01 -6.980879720840311650e-03 -1.815237906610311924e-02 9.998108613373345444e-01 1.742584816234183709e+00
9.919167015218458561e-01 -1.268892556926855542e-01 6.115783547571435746e-04 1.153931768753948290e+02 1.268664692513030157e-01 9.918097809267807374e-01 1.477353837237607367e-02 2.452675256539143689e+01 -2.481172681995385751e-03 -1.457653066578526446e-02 9.998906782900809365e-01 1.764422707451388295e+00
9.882823011559469517e-01 -1.526231451091273894e-01 2.066106300621195751e-03 1.146677433989065662e+02 1.525863461145611777e-01 9.882121228174849392e-01 1.241802296223976608e-02 2.443910230876174339e+01 -3.937029013766970079e-03 -1.195725269801301699e-02 9.999207588134039204e-01 1.770134139766518899e+00
9.844832049570294563e-01 -1.754482492984659192e-01 3.275816236064195072e-03 1.139485281997396839e+02 1.753968686167723945e-01 9.844224020005000186e-01 1.218494633898066677e-02 2.431397401213477139e+01 -5.362614390519595750e-03 -1.142130711423527956e-02 9.999203948846137058e-01 1.768887677196379293e+00
9.803567443166647521e-01 -1.971812915054819704e-01 4.493567565586032396e-03 1.132177925990592655e+02 1.971200689476238221e-01 9.803127598044384383e-01 1.142678349056573325e-02 2.417901824307655190e+01 -6.658249547944031059e-03 -1.031655191264360671e-02 9.999246153911206525e-01 1.761245393898444034e+00
9.763302721785788174e-01 -2.162280584743495326e-01 4.962494589717668381e-03 1.125052648796573038e+02 2.161711815910333234e-01 9.763038625771938150e-01 1.003933088440369693e-02 2.403012159683332882e+01 -7.015687661410854523e-03 -8.728954335925694086e-03 9.999372907729345838e-01 1.754215506837795813e+00
9.721907766713081545e-01 -2.341473120244426942e-01 4.486649466467639361e-03 1.117713481731830427e+02 2.340976054747856416e-01 9.721665975273603433e-01 9.508825439160895412e-03 2.386762753428437733e+01 -6.588236663137901281e-03 -8.194078492385403756e-03 9.999447245777124404e-01 1.740542133757590371e+00
9.683326742255956576e-01 -2.496312921419996667e-01 4.006246012946858628e-03 1.110577918576059915e+02 2.495829047606436257e-01 9.683032276617057343e-01 9.860676919901251170e-03 2.370171178266214440e+01 -6.340794465987818936e-03 -8.548525134586117818e-03 9.999433569152899048e-01 1.747201782002224313e+00
9.643977240916823401e-01 -2.644197335036772012e-01 4.385692322635986566e-03 1.103462403553389919e+02 2.643683247502159328e-01 9.643722899984433772e-01 9.771138626040846292e-03 2.351130043227157884e+01 -6.813122019870014937e-03 -8.263825720691066537e-03 9.999426436292457865e-01 1.748743783107213234e+00
9.609229500038661831e-01 -2.767567083250194737e-01 5.727874781298165907e-03 1.096374296027302222e+02 2.766891731754048123e-01 9.609033670634614666e-01 1.038367043559736483e-02 2.332250059021204791e+01 -8.377684613492801524e-03 -8.393066289709105038e-03 9.999296829448592883e-01 1.746852246926145602e+00
9.577503127957514018e-01 -2.875229043640910587e-01 6.702074472895704071e-03 1.089259075505958663e+02 2.874460364237714782e-01 9.577391942380006906e-01 1.050770967850392715e-02 2.312444460364888954e+01 -9.440046610311791236e-03 -8.137277488457201821e-03 9.999223320990960895e-01 1.739942622687359108e+00
9.550052826253029314e-01 -2.965004383790037501e-01 7.238797925264709408e-03 1.082241452638402990e+02 2.964245763969185488e-01 9.550042611111074775e-01 9.966532275356486045e-03 2.291018669507860395e+01 -9.868164052652287493e-03 -7.372333363951221602e-03 9.999241311391653397e-01 1.737343139456860364e+00
9.533618586216427992e-01 -3.017215241639299439e-01 8.080122416812484179e-03 1.075152593516737340e+02 3.016486513001966907e-01 9.533756158563986283e-01 9.111874519380539286e-03 2.270802038394397826e+01 -1.045264035324365570e-02 -6.249555598095923870e-03 9.999258399300802180e-01 1.744553855017054955e+00
9.518653434249537693e-01 -3.063908126492037587e-01 8.777124087832590890e-03 1.068404677322324829e+02 3.063123647382728909e-01 9.518862396032541362e-01 9.236994125081379389e-03 2.249910679911722156e+01 -1.118495377886076329e-02 -6.103832950281486321e-03 9.999188167184744902e-01 1.739562708985695760e+00
9.506986039373763742e-01 -3.099924683408734616e-01 8.765502841266278530e-03 1.061158741583115557e+02 3.099168306465815426e-01 9.507210854273522305e-01 8.998655669200009144e-03 2.226665348388044663e+01 -1.112306385815338763e-02 -5.838432522572341472e-03 9.999210919624963445e-01 1.741321746273842175e+00
9.499504292529347138e-01 -3.122485774537478997e-01 9.747196360185355138e-03 1.054010069646711969e+02 3.121593296102861403e-01 9.499806039535163560e-01 9.664628673838968759e-03 2.205755169889964762e+01 -1.227741404007185073e-02 -6.138239876046986017e-03 9.999057891176982293e-01 1.749119068545986755e+00
9.491378532379910471e-01 -3.146688096592935024e-01 1.099435195882382359e-02 1.047081352022648417e+02 3.145587643845793591e-01 9.491782003794869693e-01 1.065493647261155606e-02 2.184125445724189518e+01 -1.378837538339309880e-02 -6.654633762763411536e-03 9.998827914056397370e-01 1.753055835566531107e+00
9.489695603344513453e-01 -3.151275875656332492e-01 1.230354056020305058e-02 1.039917888064126572e+02 3.149953904073766187e-01 9.490227986182412367e-01 1.155991881182084728e-02 2.161518954399732806e+01 -1.531918982292793628e-02 -7.094452510339442804e-03 9.998574854258487354e-01 1.748728745443511645e+00
9.484854407260436826e-01 -3.165811047189261429e-01 1.231961291129743050e-02 1.032879827031340341e+02 3.164323937038506784e-01 9.485310856386370837e-01 1.262219434443469755e-02 2.140463236456968588e+01 -1.568148403888591433e-02 -8.073642962824166547e-03 9.998444415722831380e-01 1.754450092680683637e+00
9.481426863682597128e-01 -3.176077864853223409e-01 1.227763197409189287e-02 1.025886003121440240e+02 3.174281416941051592e-01 9.481701731417240264e-01 1.458415657650598794e-02 2.118359495154197703e+01 -1.627332612261118971e-02 -9.930595493068570742e-03 9.998182645488100651e-01 1.753415654374279598e+00
9.478943475160649390e-01 -3.183536612397964705e-01 1.213475664892507688e-02 1.018935079693379038e+02 3.181603667702346261e-01 9.479100235633043381e-01 1.551026250173682258e-02 2.095771909510690989e+01 -1.644040631518208645e-02 -1.084129152794395014e-02 9.998060709125160539e-01 1.757066007684923159e+00
9.477736743600131408e-01 -3.187500044829882362e-01 1.111291270696816019e-02 1.011956959587311360e+02 3.185473836658777036e-01 9.477576686504751713e-01 1.682158945721896892e-02 2.073900084631349117e+01 -1.589422995391693086e-02 -1.240307038088339121e-02 9.997967479916175515e-01 1.765043332137734344e+00
9.477864224718165476e-01 -3.187070973162795529e-01 1.125537626750271018e-02 1.005078425026063513e+02 3.184834577628185004e-01 9.477573404738240948e-01 1.800862869434559713e-02 2.051798665946447997e+01 -1.640684325508712932e-02 -1.348368261189489964e-02 9.997744774662585820e-01 1.774846151910714154e+00
9.478198133743400700e-01 -3.185958537081391428e-01 1.158807022884131115e-02 9.982785818709218972e+01 3.183344210072217573e-01 9.477682212667188910e-01 1.996484803212687092e-02 2.030436487504157839e+01 -1.734352251159665056e-02 -1.523419690912648609e-02 9.997335252289577534e-01 1.779698519750951391e+00
9.478979580563088314e-01 -3.183520563993324504e-01 1.189240495486878005e-02 9.916522811332743004e+01 3.180674886239495680e-01 9.478353424425519647e-01 2.100562532501864046e-02 2.009176018972751976e+01 -1.795922574098238536e-02 -1.612860197574670154e-02 9.997086247524210600e-01 1.786913366701674777e+00
9.478692088292708373e-01 -3.184474122209462466e-01 1.162792327842154284e-02 9.850585460576658647e+01 3.181613121957346801e-01 9.477965575283922028e-01 2.133225157477055406e-02 1.988814532765938381e+01 -1.781410596526878179e-02 -1.652062909451069636e-02 9.997048196534084052e-01 1.787942839478943835e+00
9.480639499453269448e-01 -3.178833289693934194e-01 1.117747619154865237e-02 9.784389157108402912e+01 3.176037077015633203e-01 9.479822009432825602e-01 2.139232448762268951e-02 1.968017256537617143e+01 -1.739631180351832590e-02 -1.673128377122533664e-02 9.997086738016552898e-01 1.800613883404698301e+00
9.483615045497227891e-01 -3.170098380710098529e-01 1.073402305694815678e-02 9.719631175727852224e+01 3.167210673918568475e-01 9.482549701496795214e-01 2.236687404686611008e-02 1.947063842448828552e+01 -1.726910983314713932e-02 -1.781219108331661555e-02 9.996922044757745596e-01 1.806065683146177658e+00
9.485739678122924179e-01 -3.163961617072991173e-01 1.004472211360388570e-02 9.652686486739709437e+01 3.161374448665044135e-01 9.484743760751221942e-01 2.129492616146434411e-02 1.926333447910952756e+01 -1.626479444081830802e-02 -1.702429982001927092e-02 9.997227764098788327e-01 1.812034895026078063e+00
9.488240850557452255e-01 -3.156486932686664582e-01 9.937708614975606855e-03 9.590252353629539073e+01 3.154083153324799826e-01 9.487396030384389611e-01 2.026722091528516609e-02 1.906751743368052132e+01 -1.582561952452290338e-02 -1.609559140920698364e-02 9.997452083901591235e-01 1.822947490624067246e+00
9.492537159995669827e-01 -3.143241171866795192e-01 1.085043835199328045e-02 9.527203453251811993e+01 3.140805800137636550e-01 9.491943030515023194e-01 1.958479795218448505e-02 1.885936775143323985e+01 -1.645514859586665740e-02 -1.518303026236255716e-02 9.997493204158525160e-01 1.828570820046667489e+00
9.497506497401890790e-01 -3.127882823071498897e-01 1.171297426063118950e-02 9.465773234573347850e+01 3.125501262105754297e-01 9.497208200748094020e-01 1.851438684438479546e-02 1.866098394190478871e+01 -1.691513877929134296e-02 -1.392315935167628624e-02 9.997599830504080298e-01 1.834514384138332010e+00
9.501559953458456054e-01 -3.115360450293612748e-01 1.220152254460295238e-02 9.402379932119511352e+01 3.112930946424861123e-01 9.501357600691523464e-01 1.840235484269721333e-02 1.846333441934187292e+01 -1.732609974378297724e-02 -1.368685807015050486e-02 9.997562083723370296e-01 1.834834429093966435e+00
9.507084254724810224e-01 -3.096704483146912046e-01 1.605313591820888355e-02 9.339791588978445702e+01 3.093568773034237607e-01 9.507490436656444999e-01 1.935402883062865495e-02 1.826558215174031830e+01 -2.125587440669762795e-02 -1.343389027766691245e-02 9.996838092068905945e-01 1.897205697978324057e+00
9.511124546598928031e-01 -3.083211494903442262e-01 1.797685635415618988e-02 9.277342848195830527e+01 3.079513625740220029e-01 9.511773674598764661e-01 2.067786059877194105e-02 1.807782450541518671e+01 -2.347460065091709625e-02 -1.413097334228872841e-02 9.996245588779080204e-01 1.832388774012303045e+00
9.517821894497187074e-01 -3.064833783229707342e-01 1.336423041652547335e-02 9.213559892907443327e+01 3.062295611584505139e-01 9.517848812010774040e-01 1.813824103364032950e-02 1.788055643818486828e+01 -1.827894184810929801e-02 -1.317113234822458144e-02 9.997461685611707116e-01 1.833615255110190301e+00
9.524438208065887368e-01 -3.045457577073688582e-01 1.013161716482784830e-02 9.152775792395084409e+01 3.043321526283367939e-01 9.523881285827249243e-01 1.840634155229128877e-02 1.769030906420454841e+01 -1.525480514573240680e-02 -1.444762941389413774e-02 9.997792540953398532e-01 1.848812547225558767e+00
9.530733432858010667e-01 -3.025497041355690309e-01 1.071815478914995949e-02 9.087840165527344993e+01 3.023226814840241916e-01 9.530216477884990711e-01 1.872792313220210739e-02 1.750682261955709507e+01 -1.588076114107230333e-02 -1.460874301612639231e-02 9.997671659182483239e-01 1.861734156881169389e+00
9.537365387981944220e-01 -3.005927478422911747e-01 5.533037360796938531e-03 9.026286507439640161e+01 3.004576448162687430e-01 9.536323007187325063e-01 1.762494525951668889e-02 1.730875119902031400e+01 -1.057441387440393246e-02 -1.514711091435192065e-02 9.998293588394406850e-01 1.862556657029708518e+00
9.542753667941733520e-01 -2.988564528749330651e-01 6.583684487496050709e-03 8.964117214436330983e+01 2.986963190481066732e-01 9.541701506689296286e-01 1.843454793552920176e-02 1.712743598907219322e+01 -1.179123882569376239e-02 -1.562511267081050786e-02 9.998083929114088830e-01 1.903322152281466284e+00
9.548606950432939611e-01 -2.968766900011153287e-01 1.026079879872508586e-02 8.902299914343198850e+01 2.966510244228209303e-01 9.547949627712389864e-01 1.909839714751465634e-02 1.694431113746967554e+01 -1.546682793645544861e-02 -1.519243229958338465e-02 9.997649559919113971e-01 1.892074870552468813e+00
9.552551567796424559e-01 -2.955794965061178114e-01 1.097026379161034938e-02 8.840307349714257157e+01 2.953116167338336040e-01 9.551696678443670763e-01 2.102271747836303301e-02 1.675411754069960679e+01 -1.669234746938606448e-02 -1.684241294456748778e-02 9.997188097946626550e-01 1.881046237068327631e+00
9.558625421393697197e-01 -2.936289547535609334e-01 1.043251943477112656e-02 8.777715696206513485e+01 2.933521003062031229e-01 9.557480050962683382e-01 2.214262853610475881e-02 1.657177773683473276e+01 -1.647257651040643853e-02 -1.810490771463325529e-02 9.997003883838564420e-01 1.878762467300686634e+00
9.563765839799655000e-01 -2.919956060239978779e-01 9.077206291105458305e-03 8.715354552504884111e+01 2.917684940688745621e-01 9.562695617408846216e-01 2.048587695761517821e-02 1.639088485816531460e+01 -1.466204213894062129e-02 -1.694377021478417691e-02 9.997489350663463226e-01 1.886607255935982996e+00
9.568909804312014655e-01 -2.903159285025525560e-01 8.735744025119087514e-03 8.652644513459577524e+01 2.900955493744671876e-01 9.567794922197400131e-01 2.043466414963246783e-02 1.620250809490574895e+01 -1.429068922869500789e-02 -1.701954535089586842e-02 9.997530251379465049e-01 1.897826850201083770e+00
9.573949284586512620e-01 -2.886283634827269684e-01 9.413753315868684038e-03 8.589367648910938158e+01 2.883839065536806801e-01 9.572782665438249738e-01 2.128480307012979231e-02 1.602192641336631596e+01 -1.515497933301235452e-02 -1.766318755615419248e-02 9.997291325163127906e-01 1.895207414556643544e+00
9.578056028953987333e-01 -2.872220256406025074e-01 1.057993599432336188e-02 8.525375405891495006e+01 2.869474426351485974e-01 9.576962214979085619e-01 2.188863841867129401e-02 1.583791398871027667e+01 -1.641926379052326482e-02 -1.792917494047251495e-02 9.997044325487242089e-01 1.908663028219870439e+00
9.584138597630730283e-01 -2.851454043073534672e-01 1.161773699971205796e-02 8.462243193900300753e+01 2.848309113793163205e-01 9.582988699175473135e-01 2.312202057838303598e-02 1.565030967299876608e+01 -1.772640214399543238e-02 -1.885137437038947664e-02 9.996651441089670076e-01 1.905882684512742120e+00
9.587766174406064934e-01 -2.838212778084316379e-01 1.388812834354933093e-02 8.397076842472961289e+01 2.834509300905377338e-01 9.586909525446586366e-01 2.381654336531778202e-02 1.546606991149864463e+01 -2.007406476161361503e-02 -1.889814199086182686e-02 9.996198738261726779e-01 1.915236892168889593e+00
9.591562440718973681e-01 -2.824177516523804776e-01 1.610940737744922038e-02 8.330436837857565990e+01 2.820195667340173462e-01 9.591278565769894016e-01 2.321031484569244588e-02 1.528420670763100375e+01 -2.200598630247550466e-02 -1.771915032231432749e-02 9.996008044583155616e-01 1.918018941010042555e+00
9.595772316359304499e-01 -2.808112798074465788e-01 1.888284023587486621e-02 8.264378767773031598e+01 2.803844669708676629e-01 9.596260265804074097e-01 2.241516872595074317e-02 1.509407892991451838e+01 -2.441489716309622193e-02 -1.621463045838366854e-02 9.995704070002287001e-01 1.927635502181642035e+00
9.599572686351602879e-01 -2.793104532542212692e-01 2.162667551863522997e-02 8.194876601897077251e+01 2.788610821690936659e-01 9.600877816761400618e-01 2.163211329769085950e-02 1.489540906609779292e+01 -2.680558229370193918e-02 -1.473506625731829320e-02 9.995320598036191440e-01 1.928757000387508969e+00
9.603110639132672599e-01 -2.779017720086172094e-01 2.394296633213515227e-02 8.124304663116488712e+01 2.774255137353261458e-01 9.605088407293468356e-01 2.139745796845783990e-02 1.469765626258621971e+01 -2.894382232117983372e-02 -1.390582589179033615e-02 9.994843086065302584e-01 1.928800599004809824e+00
9.607113845055054169e-01 -2.764029197077644828e-01 2.520042966058350792e-02 8.052402275064820003e+01 2.759386616053484120e-01 9.609585335241724868e-01 2.040960255806588061e-02 1.449578848560293309e+01 -2.985784166790453331e-02 -1.265396469844007332e-02 9.994740549225378246e-01 1.938417801711186161e+00
9.610821130348414787e-01 -2.749584419853983164e-01 2.681468220927352153e-02 7.978192206309138612e+01 2.745688576046445561e-01 9.614111330014667445e-01 1.733712123091888865e-02 1.428825544454530849e+01 -3.054692184602686780e-02 -9.299920445401085520e-03 9.994900685051280043e-01 1.946905690182303639e+00
9.613881345508935583e-01 -2.739111056098529340e-01 2.656239757397684323e-02 7.903044851026486128e+01 2.735876980460287267e-01 9.617269640227913419e-01 1.519928114878741840e-02 1.407522732618453354e+01 -2.970902587989606228e-02 -7.345263343371110504e-03 9.995316007423757920e-01 1.943198890564067804e+00
9.618645876060984978e-01 -2.723514074670603247e-01 2.532243978365122591e-02 7.824003651227505429e+01 2.720627458732279291e-01 9.621734528956844557e-01 1.428666681833852710e-02 1.385709201351609288e+01 -2.825557313833435696e-02 -6.852546387805968919e-03 9.995772432331315738e-01 1.947067910714042949e+00
9.622277083649284357e-01 -2.712876061580887788e-01 2.282262027740326188e-02 7.745243308908392521e+01 2.710003444849401477e-01 9.624636730793809658e-01 1.491614191587076026e-02 1.364086460221728281e+01 -2.601250737492117118e-02 -8.167787096201951924e-03 9.996282492551570309e-01 1.953897604484525763e+00
9.625032594492968219e-01 -2.704243009107636930e-01 2.140497659281416498e-02 7.664450596671854044e+01 2.701835024735664281e-01 9.627142833408947054e-01 1.349383713440072304e-02 1.342819906877586256e+01 -2.425593817411688877e-02 -7.204590678195697817e-03 9.996798204081902561e-01 1.977025953032768291e+00
9.629596180936516037e-01 -2.688487914116031718e-01 2.071475980992074778e-02 7.582223479131602062e+01 2.686061412564280104e-01 9.631516341433485895e-01 1.377209223023079764e-02 1.320049082226140591e+01 -2.365406511308128928e-02 -7.697856974845681925e-03 9.996905662236232892e-01 1.979213094353275748e+00
9.632515429175545485e-01 -2.677508912869060453e-01 2.135240685619796408e-02 7.498916808197515138e+01 2.674966300579760814e-01 9.634564975801950260e-01 1.404030541693811543e-02 1.297204667091072317e+01 -2.433141941386916460e-02 -7.812648978306550515e-03 9.996734189424687500e-01 1.992014255151894009e+00
9.635077066330874906e-01 -2.669226553246038525e-01 2.012946421661252622e-02 7.414179262411022364e+01 2.667096193480461008e-01 9.636937307464846780e-01 1.266381716602532279e-02 1.275320375312829135e+01 -2.277889817329848202e-02 -6.832963696027121413e-03 9.997171762053527200e-01 1.981063746957880234e+00
9.638200265401575262e-01 -2.659877348082173576e-01 1.736321883353219436e-02 7.328392754916654894e+01 2.658241311721024625e-01 9.639567555411648891e-01 1.117607852604362607e-02 1.252774400208530636e+01 -1.971009190366310865e-02 -6.156165740870659861e-03 9.997867842172016850e-01 1.987479038837267842e+00
9.641951154884087494e-01 -2.648049091823734269e-01 1.435755333429156004e-02 7.240121227859984288e+01 2.646556981064064895e-01 9.642745660167018062e-01 1.148576471921602081e-02 1.228475761093475249e+01 -1.688611039380279524e-02 -7.274709939193131983e-03 9.998309546447898821e-01 1.986744657501139599e+00
9.646434699627768339e-01 -2.631675463596822029e-01 1.434637228483254083e-02 7.150290094344198621e+01 2.630283492591157235e-01 9.647266871626851703e-01 1.088607184481829929e-02 1.205752559925474721e+01 -1.670518902400066133e-02 -6.727675498772447624e-03 9.998378243679760802e-01 2.012836909418329601e+00
9.650260735081974683e-01 -2.617225418666873082e-01 1.503291471166156440e-02 7.060584516912689423e+01 2.615588103340247828e-01 9.651127059385220530e-01 1.201888392284462294e-02 1.182100778115578521e+01 -1.765406984615919272e-02 -7.666545072238857561e-03 9.998147617930758235e-01 2.000160398511195314e+00
9.656214109121488143e-01 -2.595931194746438075e-01 1.366393449888190191e-02 6.969937018095650672e+01 2.593873446066337074e-01 9.656542784654652545e-01 1.516640818853319181e-02 1.158996535876276468e+01 -1.713173202235925008e-02 -1.110075678700876874e-02 9.997916167639547824e-01 1.997908902419595956e+00
9.659895159180080793e-01 -2.582918669311267124e-01 1.222974285339720538e-02 6.877010236818749433e+01 2.580751329850540787e-01 9.659775962844466823e-01 1.686740078821227437e-02 1.135357052271490730e+01 -1.617037004451740700e-02 -1.313753980901471476e-02 9.997829385297555271e-01 1.993865847438355710e+00
9.664287569725521498e-01 -2.567771354587420340e-01 8.997799654548752774e-03 6.782802993513493561e+01 2.565726853524266660e-01 9.663334366136364650e-01 1.923918947372104185e-02 1.111648567025934753e+01 -1.363505862369938232e-02 -1.628471634870612764e-02 9.997744211493730937e-01 1.992155652047444159e+00
9.667257200422365582e-01 -2.557241644936917857e-01 6.821576016937891396e-03 6.688983618342831505e+01 2.555587189361394063e-01 9.666069435711697189e-01 1.899362560975721703e-02 1.088028315312120853e+01 -1.145091178377724908e-02 -1.661831316588066945e-02 9.997963334007700098e-01 1.988842500908540867e+00
9.670458105081992661e-01 -2.545332351816919081e-01 5.935702402709070249e-03 6.591454168691632276e+01 2.544135837621148699e-01 9.669636417615579127e-01 1.597009413333042721e-02 1.063892542632742177e+01 -9.804528137593906609e-03 -1.393368930471849433e-02 9.998548512284821665e-01 2.003922825411506015e+00
9.674068299489910761e-01 -2.531264026899714970e-01 7.144902085387701100e-03 6.497957987228971888e+01 2.530096081618014026e-01 9.673601406202693154e-01 1.415967919943447728e-02 1.039982114092856413e+01 -1.049588214498277904e-02 -1.189044149050967093e-02 9.998742190165316179e-01 2.001378070322146652e+00
9.679102995824688804e-01 -2.511290078481784871e-01 9.158240873443834404e-03 6.400084772530220789e+01 2.510070363142674621e-01 9.679023146972076663e-01 1.267189498872547081e-02 1.014893913012573279e+01 -1.204656295598674313e-02 -9.966474775378167394e-03 9.998777673777166086e-01 1.993991342926952681e+00
9.682861014733293858e-01 -2.496087218527355267e-01 1.084027975443574085e-02 6.300830156463778309e+01 2.495072924909247092e-01 9.683223640959798262e-01 9.894957479026252056e-03 9.893536352642973597e+00 -1.296675300835820402e-02 -6.876420950281910728e-03 9.998922832715883002e-01 1.987445397411605752e+00
9.687712995478846567e-01 -2.477591992266285903e-01 9.876657704395358506e-03 6.201440119297361520e+01 2.476724961631160127e-01 9.687999187992523131e-01 9.222362874352511841e-03 9.640940637961442405e+00 -1.185343042270650162e-02 -6.488183999334247963e-03 9.999086956569230855e-01 1.973110716112673524e+00
9.691463953462740033e-01 -2.463487250305435028e-01 8.220100952858251653e-03 6.100262620617068166e+01 2.462746108551971957e-01 9.691576113421882521e-01 9.074162425165201856e-03 9.398061166091169483e+00 -1.020198174857445475e-02 -6.769789641821723387e-03 9.999250419463050488e-01 1.970832924942516273e+00
9.696477195716891595e-01 -2.444553865786545099e-01 4.986371288581567356e-03 5.998239601364925733e+01 2.443925630364134072e-01 9.696171441641726618e-01 1.071768974646567125e-02 9.152470447191227265e+00 -7.454868078725427130e-03 -9.173751362320120908e-03 9.999301311704593687e-01 1.951947793258318686e+00
9.701466539382469501e-01 -2.425189009427625442e-01 2.292039687638760116e-04 5.894467977655910573e+01 2.425054399313224807e-01 9.701019369584400476e-01 9.661444575969558440e-03 8.904696176938287522e+00 -2.565434134079517137e-03 -9.317434918358959497e-03 9.999533008840638670e-01 1.933191098990245660e+00
9.705769979361776878e-01 -2.406949157785205629e-01 -6.800631741791863735e-03 5.788807643541682779e+01 2.407461353612158350e-01 9.705541703354998440e-01 8.117927759292230261e-03 8.652500731392315458e+00 4.646437559663855847e-03 -9.516299763981351037e-03 9.999439237534691882e-01 1.916481853998582174e+00
9.708650075238592914e-01 -2.392352633342553769e-01 -1.369766182982236347e-02 5.687688608768950616e+01 2.393192239501393259e-01 9.709289013157600401e-01 4.835042478665621361e-03 8.406349030753988316e+00 1.214274309048888993e-02 -7.972287351521563370e-03 9.998944926437435265e-01 1.902820995859821451e+00
9.712055518809360466e-01 -2.376170412881321303e-01 -1.726029204959611194e-02 5.581510598855723515e+01 2.377044722277038002e-01 9.713323367955770671e-01 3.174173323694025762e-03 8.158220644525775000e+00 1.601124213668156035e-02 -7.185623366795292413e-03 9.998459916090705057e-01 1.906287533172129400e+00
9.717504144840715119e-01 -2.354065540425885339e-01 -1.687857400206207656e-02 5.478093023402367834e+01 2.354599486208936165e-01 9.718832861796838918e-01 1.220916918753486326e-03 7.921941426827897814e+00 1.611659212261837282e-02 -5.160654689205306303e-03 9.998568012951527528e-01 1.893048915493201090e+00
9.723239776315258931e-01 -2.330545096517855630e-01 -1.648265907809532901e-02 5.374443651221878326e+01 2.331213688177015964e-01 9.724450869272193154e-01 2.231660765557647551e-03 7.680650396967141802e+00 1.550838223464591145e-02 -6.012357318370014671e-03 9.998616612484805266e-01 1.856368581259605355e+00
9.728288452708783174e-01 -2.308732533589725744e-01 -1.736602110100399915e-02 5.270599905880796143e+01 2.309495735609589928e-01 9.729625135713150241e-01 2.498330462375050569e-03 7.440122139216946096e+00 1.631968985943348799e-02 -6.441123106582759966e-03 9.998460779793244546e-01 1.825730285740454040e+00
9.733112414325328920e-01 -2.287059462337198146e-01 -1.894247752814658819e-02 5.163764908001124354e+01 2.288182506743834110e-01 9.734611023694335064e-01 3.961102132423350262e-03 7.207722859668039384e+00 1.753383744491783525e-02 -8.189769805422745380e-03 9.998127285695046496e-01 1.793842563442057614e+00
9.737857252368172789e-01 -2.265886374814205795e-01 -1.997374991885496678e-02 5.057174738660266655e+01 2.267182183264146444e-01 9.739502218383407905e-01 4.451388327886825896e-03 6.970758555473450357e+00 1.844480414838084448e-02 -8.863111406126771008e-03 9.997905953001997581e-01 1.774335745246966578e+00
9.741166136682878340e-01 -2.250127315504369396e-01 -2.158920128531606822e-02 4.952920416242555746e+01 2.251431614044349661e-01 9.743183513884168256e-01 3.782461986264386115e-03 6.735036827759688371e+00 2.018365290067344886e-02 -8.545220091004118376e-03 9.997597708268558536e-01 1.729166435559402748e+00
9.745990816818544955e-01 -2.224728846989616760e-01 -2.573801769955379529e-02 4.846316761471528167e+01 2.226895729532364365e-01 9.748718705691675757e-01 5.847227461188458930e-03 6.503703641363538068e+00 2.379041989881758301e-02 -1.143029068428915926e-02 9.996516215014538131e-01 1.691618882922931721e+00
9.749910716582326220e-01 -2.201952140251142165e-01 -3.010777148272118786e-02 4.740382730899471397e+01 2.204510031642958057e-01 9.753830082782968258e-01 5.416859232379497152e-03 6.281190277254744103e+00 2.817384224345338695e-02 -1.191867781446237333e-02 9.995319803422803018e-01 1.654000781499263217e+00
9.754340766562142884e-01 -2.177744109017613061e-01 -3.320644592117712179e-02 4.633537571518985487e+01 2.181003212044753670e-01 9.759047983772773938e-01 6.486477689822644360e-03 6.055835397808555953e+00 3.099374105390708539e-02 -1.356946789765256511e-02 9.994274648772722980e-01 1.629591281793396851e+00
9.757599015335211012e-01 -2.159439301643810150e-01 -3.550821849850362144e-02 4.524857268663513565e+01 2.163630777235086011e-01 9.762770673819630707e-01 8.372950507245470117e-03 5.822725765092199524e+00 3.285777158417706179e-02 -1.585265680137926472e-02 9.993343084841033175e-01 1.584061279440967196e+00
9.761900381137283977e-01 -2.136482814038482836e-01 -3.751561457817744610e-02 4.416282644730901552e+01 2.141322960842383383e-01 9.767599272464707605e-01 9.349026541665535206e-03 5.603999463349953025e+00 3.464634551267027629e-02 -1.715973126474450855e-02 9.992523076581154573e-01 1.542013817306933543e+00
9.765701678742457759e-01 -2.115164903567920140e-01 -3.964191622117579916e-02 4.311368097377739161e+01 2.121200865407715797e-01 9.771742053441666576e-01 1.164651424461541837e-02 5.386223217047055201e+00 3.627362816394772566e-02 -1.978248507057407332e-02 9.991460739945764447e-01 1.489003110697899590e+00
9.770610356749293013e-01 -2.091313555002074498e-01 -4.019712314271128156e-02 4.203240095944437371e+01 2.097811325759411372e-01 9.776666216155635025e-01 1.264331412592820808e-02 5.170010498368517560e+00 3.665527216054074305e-02 -2.078588761349997593e-02 9.991117744744396623e-01 1.443806329942179500e+00
9.776138060552435061e-01 -2.069059397198899919e-01 -3.822536219940174396e-02 4.092974091086163213e+01 2.075890570902555743e-01 9.781038846555724087e-01 1.481803617827918973e-02 4.936350151928105667e+00 3.432243555943862573e-02 -2.242148364250706738e-02 9.991592703283261878e-01 1.400551844784605260e+00
9.781660869469639419e-01 -2.047859136196503171e-01 -3.540954569449683564e-02 3.985473747939686717e+01 2.053939831508959923e-01 9.785727542749678154e-01 1.444563166628374390e-02 4.733242593450679436e+00 3.169255477939810633e-02 -2.140313463232319455e-02 9.992684763335375475e-01 1.351980296477883536e+00
9.788409744485196962e-01 -2.021769297748345906e-01 -3.154101780142599259e-02 3.876816214207300959e+01 2.027301507485468057e-01 9.791131651063031960e-01 1.542387406315436950e-02 4.510705920818977255e+00 2.776387426700073144e-02 -2.149183521147253473e-02 9.993834440790982931e-01 1.298610070031384067e+00
9.794966897944977768e-01 -1.993056986403592967e-01 -2.938491394490005612e-02 3.767837676048556972e+01 1.998193613544922420e-01 9.797070366415685516e-01 1.569538725262741019e-02 4.299380632978248684e+00 2.566042684119958922e-02 -2.124525459699164523e-02 9.994449367753559521e-01 1.245037963676133286e+00
9.799925617173811387e-01 -1.968176507690653498e-01 -2.962079203523529380e-02 3.659526048614306859e+01 1.973791236062363286e-01 9.801732343720155338e-01 1.737562037073394489e-02 4.077109477141968696e+00 2.561367875190428620e-02 -2.287450469105975492e-02 9.994101742980108227e-01 1.193933344383616868e+00
9.807689535534741543e-01 -1.929550755174790633e-01 -2.933596042577201954e-02 3.550020136327408693e+01 1.935144614407730279e-01 9.809399627825827750e-01 1.757676385257949531e-02 3.882020648392418671e+00 2.538529013180934601e-02 -2.291567687326831818e-02 9.994150583180140268e-01 1.166697174491709621e+00
9.814955581189270806e-01 -1.896121168815728952e-01 -2.671543600492233203e-02 3.441917912100953458e+01 1.901723866946320451e-01 9.815417243322693830e-01 2.025602951819864550e-02 3.683442789144621088e+00 2.238152648608243006e-02 -2.496174122396276063e-02 9.994378313540293046e-01 1.135594738280086835e+00
9.821010510095934398e-01 -1.869711945480821425e-01 -2.278811118850423631e-02 3.332108984539363661e+01 1.874451120388161418e-01 9.820547358445443908e-01 2.080446529474497611e-02 3.479755721070427299e+00 1.848933678560639102e-02 -2.470360728662036529e-02 9.995238247318920521e-01 1.100596953520060817e+00
9.826996748757521605e-01 -1.840270699165575119e-01 -2.086591798691755581e-02 3.223644326309202057e+01 1.844865807837580696e-01 9.825711203431344298e-01 2.277487599310973332e-02 3.293239055163644124e+00 1.631105471674117180e-02 -2.623034509816492971e-02 9.995228454039766230e-01 1.053546511872746283e+00
9.831891916371995332e-01 -1.813830599540042221e-01 -2.095707531900805470e-02 3.118416279667874491e+01 1.818366262065206074e-01 9.830769994064963990e-01 2.224982260376968946e-02 3.099579014767872120e+00 1.656667781371264428e-02 -2.568654897111160088e-02 9.995327640365595512e-01 1.029818530096103135e+00
9.838341284197268388e-01 -1.779050373282482500e-01 -2.049891329411640192e-02 3.010326281973602391e+01 1.783299858279559225e-01 9.837425482351200845e-01 2.118997273779186022e-02 2.922123490040088534e+00 1.639585030917346462e-02 -2.450298927702077023e-02 9.995652953176760169e-01 9.996454324472900943e-01
9.844183993942876576e-01 -1.747436473403104762e-01 -1.962326793877646608e-02 2.904056325130115113e+01 1.751556242817140507e-01 9.843013862284528681e-01 2.170917661702553500e-02 2.733759206281586529e+00 1.552166913172383506e-02 -2.480803864383214138e-02 9.995717277916501553e-01 9.650968867405285145e-01
9.849854331801939367e-01 -1.715757125615755274e-01 -1.911730311028050217e-02 2.798504878941004392e+01 1.719574127242824713e-01 9.848907151981668440e-01 2.051651344112170872e-02 2.581483813984601916e+00 1.530831892007066680e-02 -2.349582886032138343e-02 9.996067233629284399e-01 9.400304712291210896e-01
9.853794118626687526e-01 -1.692049728702146871e-01 -1.992716310876295471e-02 2.693797435317184608e+01 1.695913907719623082e-01 9.853191502474629715e-01 1.961969239868596032e-02 2.394672432831776110e+00 1.631486590119370084e-02 -2.271231626255517874e-02 9.996089114423537536e-01 9.123745948599868427e-01
9.858708955236247240e-01 -1.660664068698329277e-01 -2.192090019082181332e-02 2.589450368209610076e+01 1.664996185545114804e-01 9.858451388709753571e-01 1.967839383295724026e-02 2.229910828649625198e+00 1.834269273605790979e-02 -2.305017727076463796e-02 9.995660233047728438e-01 8.770160846458708859e-01
9.862493993445679008e-01 -1.634037956417177806e-01 -2.472492383690696668e-02 2.485324431285797075e+01 1.638757178167819517e-01 9.863087804439456541e-01 1.843200280465951552e-02 2.074806896611361751e+00 2.137455025666179509e-02 -2.223036633660470732e-02 9.995243565857696577e-01 8.625569141128982542e-01
9.865318866217204219e-01 -1.609184629208435802e-01 -2.932720522243730324e-02 2.381183902858590073e+01 1.614470386320948914e-01 9.867412165287006154e-01 1.663205695549931779e-02 1.916265233665924272e+00 2.626195711816330797e-02 -2.114284496127644131e-02 9.994314832491462131e-01 8.250180206451042109e-01
9.867091982216610324e-01 -1.588682492755088549e-01 -3.414436283303191877e-02 2.280160048667522332e+01 1.594880220208086674e-01 9.870661180087927367e-01 1.624960027598080364e-02 1.745848532940494913e+00 3.112119812629955337e-02 -2.147924695118786156e-02 9.992848007309550473e-01 7.903869650158593663e-01
9.868353528466825564e-01 -1.566844837809284741e-01 -4.007441715900888352e-02 2.177163536792266996e+01 1.573949279004105695e-01 9.874185294471815588e-01 1.521461053659927364e-02 1.600166180110746961e+00 3.718632866184259922e-02 -2.132182555675467620e-02 9.990808559420413237e-01 7.563457461782862046e-01
9.869855875531535760e-01 -1.545737058108030693e-01 -4.434432805480120754e-02 2.077150511912204678e+01 1.554140789177163307e-01 9.877173277762464343e-01 1.615377611898792531e-02 1.464771973283226947e+00 4.130271217087421592e-02 -2.283527711392122420e-02 9.988856972050162986e-01 7.224260264436053181e-01
9.872157662899946340e-01 -1.527775694982764498e-01 -4.543176249070766948e-02 1.976849847340934119e+01 1.536411536891786889e-01 9.879947942441920095e-01 1.614566312146773278e-02 1.328263659552523013e+00 4.241964966462535153e-02 -2.291944159398194569e-02 9.988369599257078679e-01 6.944649398788139694e-01
9.873130407476061743e-01 -1.525149500524346502e-01 -4.418313678962740992e-02 1.882624834278427528e+01 1.533486255910302964e-01 9.880407009350175018e-01 1.611745399802683165e-02 1.173619273557273246e+00 4.119658475174963613e-02 -2.268839581694506724e-02 9.988934267950284607e-01 6.559211817933273680e-01
9.874077226825389575e-01 -1.522633019473993987e-01 -4.291708358341748270e-02 1.788194871306108880e+01 1.530513564905173762e-01 9.880935484207015174e-01 1.569782927661690641e-02 1.031260183773184735e+00 4.001589008683874293e-02 -2.206867571619142848e-02 9.989553053500191959e-01 6.011674436556047052e-01
9.874755327090741774e-01 -1.513407291704203794e-01 -4.458762150462502322e-02 1.692877699274642112e+01 1.521637528799384964e-01 9.882311863696913168e-01 1.566252195676213696e-02 8.997158512373399919e-01 4.169250060343214492e-02 -2.225097703300392762e-02 9.988826905141351409e-01 5.433001861257874543e-01
9.874865231681119182e-01 -1.506443794372570588e-01 -4.665444782288342279e-02 1.598230963141259764e+01 1.515722113242853608e-01 9.882997716218187012e-01 1.701252963934702517e-02 7.746416238739214366e-01 4.354573815842110313e-02 -2.387116156853542545e-02 9.987662070413904081e-01 5.034396729765406864e-01
9.874227621113148556e-01 -1.509307804226781846e-01 -4.707641003519240364e-02 1.507602656364794491e+01 1.519497650923194165e-01 9.882083694210789249e-01 1.885437595688806145e-02 6.396479196130557821e-01 4.367559672162053125e-02 -2.577048943153294538e-02 9.987133343055443202e-01 4.731188957146879037e-01
9.872365374207324740e-01 -1.530353763733416361e-01 -4.409300121483980539e-02 1.418107587565272354e+01 1.541212778850051812e-01 9.877988635355321456e-01 2.236150485104268504e-02 5.025243531131396990e-01 4.013291517883067760e-02 -2.887176431374581173e-02 9.987771374730590734e-01 4.407429730631330922e-01
9.866969539982297643e-01 -1.572964513279127841e-01 -4.107246482260977494e-02 1.329681200215611625e+01 1.584462760795495306e-01 9.870144162161890167e-01 2.640681306271476861e-02 3.647177887912426697e-01 3.638541690389235361e-02 -3.256330111441289865e-02 9.988071549861207155e-01 3.859749523296061025e-01
9.857767917720147155e-01 -1.633444446818659579e-01 -3.953111675121274288e-02 1.239721937689259157e+01 1.645336947445539266e-01 9.859463753228895344e-01 2.895528068487168705e-02 2.269751651131885761e-01 3.424587702933137856e-02 -3.504764439493435885e-02 9.987987197243768378e-01 3.550884185402768956e-01
9.842411005724842621e-01 -1.727522485065081381e-01 -3.776395869312124814e-02 1.155705437159928728e+01 1.738638818631605687e-01 9.843591558982642820e-01 2.843242481549621697e-02 8.226880421811501309e-02 3.226153318524869335e-02 -3.455014954533777022e-02 9.988821154856649676e-01 3.254904078568368053e-01
9.824835816002286393e-01 -1.829348939125174933e-01 -3.550825920240793104e-02 1.070364579430178154e+01 1.839613635551073378e-01 9.825299371190652220e-01 2.816273036995454310e-02 -7.374803486987224765e-02 2.973598158890923202e-02 -3.420156798193661057e-02 9.989724841759636265e-01 2.905853653173209317e-01
9.799908573871943807e-01 -1.960834608423213388e-01 -3.419350549467644468e-02 9.874696511585732139e+00 1.971261571669262191e-01 9.799079517514696080e-01 3.035925316854530889e-02 -2.372336313164076782e-01 2.755354050268499222e-02 -3.649222488059494784e-02 9.989540129171089466e-01 2.446508907263727495e-01
9.766254803475986623e-01 -2.120482081128061136e-01 -3.518847209532910414e-02 9.059435711118171142e+00 2.131514732577978188e-01 9.765188670574805885e-01 3.126262507986870415e-02 -4.107428078807987548e-01 2.773302327499644823e-02 -3.803235090445424016e-02 9.988915955692403426e-01 2.205395467080978611e-01
9.725004440524377403e-01 -2.301066620015563835e-01 -3.596957626633329186e-02 8.266807037704872130e+00 2.312282288489300175e-01 9.724082943243175237e-01 3.091302817096289526e-02 -5.924827048796961204e-01 2.786382058000281062e-02 -3.838011503586774564e-02 9.988746539314443673e-01 1.939924192607669629e-01
9.673940827062974535e-01 -2.508253846565157708e-01 -3.514705042048354294e-02 7.481929769299910049e+00 2.519466980238855291e-01 9.672047940452758175e-01 3.221409208236789695e-02 -7.877560630576251333e-01 2.591428362538792177e-02 -4.001890535905259366e-02 9.988628219691529919e-01 1.816787749519887252e-01
9.609560423523543227e-01 -2.747399861012647659e-01 -3.288502242869190129e-02 6.735639089128347301e+00 2.757944551762704921e-01 9.606319619154950473e-01 3.352092239708916177e-02 -1.007428237135048921e+00 2.238086585989005478e-02 -4.128163976698386028e-02 9.988968530612321040e-01 1.596162897620509724e-01
9.526191856586819773e-01 -3.025697280305960080e-01 -3.111666420265805574e-02 6.000965935889630565e+00 3.035548187893248873e-01 9.521981123467851971e-01 3.425239890685375516e-02 -1.232892341437830774e+00 1.926548989470959483e-02 -4.207510571696569668e-02 9.989286893327933292e-01 1.417503746105110152e-01
9.425220829494340702e-01 -3.328379319077885978e-01 -2.951328908638551143e-02 5.233283492908505252e+00 3.337523632259212780e-01 9.420128004173817793e-01 3.494630007192019161e-02 -1.506508013230914766e+00 1.617044185807223200e-02 -4.278778951440905670e-02 9.989533131596705084e-01 1.200808637051279243e-01
9.301285557231375734e-01 -3.661359033482046166e-01 -2.837904340448619417e-02 4.568923006170027001e+00 3.669724900989979610e-01 9.296028223862810025e-01 3.420210694855999739e-02 -1.763258221096625666e+00 1.385861952144926308e-02 -4.222668456361501621e-02 9.990119347484337498e-01 9.031575523757230661e-02
9.164158060276819118e-01 -3.993268557321472123e-01 -2.683528927666723601e-02 3.837534669542438603e+00 4.000657310808952150e-01 9.158902060700212511e-01 3.305361156298130404e-02 -2.065878009517783553e+00 1.137898384955044091e-02 -4.102673170593536950e-02 9.990932519070236939e-01 7.218198150942896352e-02
9.003387413873729095e-01 -4.343437682457606530e-01 -2.712271630968092137e-02 3.171741195943460045e+00 4.350564502880915896e-01 8.998558117917507815e-01 3.139113003498698179e-02 -2.388160830934893397e+00 1.077199219398521611e-02 -4.006256318636493285e-02 9.991391070362365401e-01 4.796601463636641915e-02
8.816824602237667285e-01 -4.709668588416630053e-01 -2.874469000742141747e-02 2.558188862533033348e+00 4.716738358671512810e-01 8.813611943216235201e-01 2.694879774246121407e-02 -2.751964326305763819e+00 1.264246369304874475e-02 -3.731840049032306150e-02 9.992234510311786000e-01 3.227341155327094480e-02
8.608737016443946954e-01 -5.079273282656547872e-01 -3.010480053303483602e-02 1.933124205986855193e+00 5.085722978540357930e-01 8.607905183552452266e-01 1.984694844302497749e-02 -3.146513882647522298e+00 1.583311935895127115e-02 -3.239618355605933947e-02 9.993496883555814669e-01 -1.804809178739603731e-03
8.381291899876451845e-01 -5.445912737484104316e-01 -3.098072699253165765e-02 1.282032747686862484e+00 5.451978538264955487e-01 8.381558012752351461e-01 1.594217578828805576e-02 -3.557748453375074948e+00 1.728470623768066025e-02 -3.025222874642538584e-02 9.993928364663058339e-01 -7.805223736734401806e-03
8.123561177748183093e-01 -5.823636970707573024e-01 -3.049692189819117744e-02 6.868363115729214652e-01 5.829316159377498918e-01 8.123932851431170388e-01 1.441809251150311284e-02 -3.991777446060240653e+00 1.637892090794472802e-02 -2.949024562163111290e-02 9.994308662219064665e-01 -1.251626338998537875e-02
7.841482255153475744e-01 -6.199512924820660409e-01 -2.778408480445513848e-02 8.423589410652172760e-02 6.203886551876105493e-01 7.842213898197506472e-01 1.071112788908413875e-02 -4.446921130677737644e+00 1.514849602146280116e-02 -2.563604293495725869e-02 9.995565598628793902e-01 -2.551349430364778167e-02
7.524708862323896685e-01 -6.580957576767310080e-01 -2.641096549019278372e-02 -4.401921531880987337e-01 6.584886106814786810e-01 7.525269327650039308e-01 9.796175933199242555e-03 -4.962395682401997021e+00 1.342814102862046471e-02 -2.476265715853914751e-02 9.996031691791197327e-01 -5.842314145090388156e-02
7.182409256521539165e-01 -6.952181186970887161e-01 -2.831501635754940516e-02 -9.975512230356190502e-01 6.956234163688069794e-01 7.183718647992743955e-01 7.065865900236003097e-03 -5.479458650009418896e+00 1.542839310448588901e-02 -2.477158247789832887e-02 9.995740759852256296e-01 -1.065907057061267343e-01
6.821697005571562000e-01 -7.305496419346169112e-01 -3.068746175209470517e-02 -1.513198257745490105e+00 7.309083171717423166e-01 6.824753071202238619e-01 6.978946377310587265e-04 -6.008634811347622673e+00 2.043358820632484515e-02 -2.290580360353142858e-02 9.995287852924705785e-01 -1.080452821862165902e-01
6.432048233894249734e-01 -7.650969539265028985e-01 -3.023584394223381364e-02 -2.026723597927999165e+00 7.654111555425281432e-01 6.435391293108865263e-01 -1.775391032522023998e-03 -6.616810678454599248e+00 2.081629495560171489e-02 -2.200091217509653543e-02 9.995412156193076436e-01 -1.301260441844905580e-01
6.030910715685698920e-01 -7.970982899446928949e-01 -3.025682666037909918e-02 -2.487085510533173505e+00 7.974039739281443273e-01 6.034381467481317873e-01 -3.050476873648903103e-03 -7.226273087267833795e+00 2.068965330594468854e-02 -2.228719845090424909e-02 9.995375025606669794e-01 -1.445605720646881143e-01
5.610538451433870755e-01 -8.272444403144898484e-01 -2.975262705570610663e-02 -2.911567616240525957e+00 8.275348797759359831e-01 5.613991573138160662e-01 -4.124186930490505130e-03 -7.839811784477772605e+00 2.011481046603441278e-02 -2.230744571810451896e-02 9.995487843318910937e-01 -1.707406598654121754e-01
5.173279704182121019e-01 -8.553313782986741165e-01 -2.792855740773698622e-02 -3.282405747529819617e+00 8.555019882500320971e-01 5.177225949973162100e-01 -8.925397787739784705e-03 -8.532306739249548855e+00 2.209341800734078431e-02 -1.927557846853769283e-02 9.995700740565193199e-01 -1.981429976402752924e-01
4.747023847768369609e-01 -8.797019386331921265e-01 -2.796685628506813751e-02 -3.670580775324647771e+00 8.797883004135059748e-01 4.751759461445942967e-01 -1.343006542092220479e-02 -9.180389293239011650e+00 2.510363198273179997e-02 -1.822962887589305372e-02 9.995186282837398295e-01 -2.520065388222417768e-01
4.299076835735780033e-01 -9.023273296884836148e-01 -3.138110418697832166e-02 -4.029107661403783069e+00 9.024152959610353131e-01 4.305365892916580006e-01 -1.687835574639120692e-02 -9.913532816566618777e+00 2.874051523507790973e-02 -2.106265360099061554e-02 9.993649720703545736e-01 -2.741731148864134937e-01
3.844062944507624091e-01 -9.226685248921948634e-01 -3.024225451727301922e-02 -4.333734756962956070e+00 9.226921343628523564e-01 3.850508870233135816e-01 -1.936593874475997165e-02 -1.061230962767722552e+01 2.951314906227840706e-02 -2.045990161702531882e-02 9.993549751975568940e-01 -2.729838595437258930e-01
3.363999828360736966e-01 -9.413137390973053131e-01 -2.763143378420148885e-02 -4.584620138928797495e+00 9.413630639504316777e-01 3.369348499807845454e-01 -1.762068937978336983e-02 -1.134384720506507627e+01 2.589659000241995024e-02 -2.008361156348620682e-02 9.994628633254264427e-01 -3.017154498654672778e-01
2.882621079096155947e-01 -9.571282889227660240e-01 -2.846744958262428099e-02 -4.823873040496821751e+00 9.573073072040647613e-01 2.887326232076545263e-01 -1.400685065366311099e-02 -1.212349652249911358e+01 2.162583439338353411e-02 -2.321445320828371614e-02 9.994965795053346591e-01 -3.415548633196872075e-01
2.392545714431253689e-01 -9.702209838299805655e-01 -3.779540419176019572e-02 -5.000502422195080676e+00 9.707129000979825006e-01 2.398857332463710801e-01 -1.308818414069782936e-02 -1.289960371020140961e+01 2.176500914144845547e-02 -3.355707852582364564e-02 9.991997832524311951e-01 -4.024794936447640414e-01
1.921480877629891948e-01 -9.806189797840296762e-01 -3.828222635665996104e-02 -5.178735520595593833e+00 9.810911097547860837e-01 1.928712083817444578e-01 -1.615336910264428272e-02 -1.368811763324292130e+01 2.322383958649519575e-02 -3.445451295615475917e-02 9.991363969977398174e-01 -4.138212123195866288e-01
1.456447545821884515e-01 -9.887873243630634912e-01 -3.297321094591913054e-02 -5.320831704814674268e+00 9.891308194313539470e-01 1.462138289969681926e-01 -1.554793417102256527e-02 -1.450686064955838361e+01 2.019473965509125876e-02 -3.035034410561786994e-02 9.993352936310879731e-01 -4.272406993492153804e-01
1.031066971586337283e-01 -9.940475927139099666e-01 -3.519080020621868921e-02 -5.448869777281412752e+00 9.944959430256165023e-01 1.036864969793367397e-01 -1.506418420094928455e-02 -1.533512895510036955e+01 1.862332684045949274e-02 -3.344388975856712326e-02 9.992670703715788028e-01 -4.473475932965324531e-01
6.030017031171793634e-02 -9.974226799212294603e-01 -3.888299162276772497e-02 -5.501803274435056679e+00 9.980109688042189120e-01 6.096164139299097701e-02 -1.605566632241264488e-02 -1.619490917778496808e+01 1.838465672284255586e-02 -3.783749272575843287e-02 9.991147724536894037e-01 -5.050997564040627941e-01
2.066672094156677200e-02 -9.991291586555691717e-01 -3.624653042856762486e-02 -5.562055695967134561e+00 9.994916132399697117e-01 2.152739925785294647e-02 -2.351778348619853326e-02 -1.706103277774783678e+01 2.427759676029491581e-02 -3.574206770394237204e-02 9.990661153725297616e-01 -5.580268476897360941e-01
-1.822537951861522357e-02 -9.992017085503095419e-01 -3.554969999697333433e-02 -5.538539127408999896e+00 9.993620327430070560e-01 -1.711301562109798780e-02 -3.134760284455154894e-02 -1.794315891190006340e+01 3.071421574991005377e-02 -3.609834241123794502e-02 9.988761417812446197e-01 -5.817443272154322331e-01
-5.275673545103572171e-02 -9.980474234594577387e-01 -3.343751469195899162e-02 -5.514142835648347507e+00 9.981319074245028622e-01 -5.166887045727117794e-02 -3.260403660303985707e-02 -1.882265225359043370e+01 3.081269611106143835e-02 -3.509513285273380828e-02 9.989088594071846572e-01 -5.777266766720752234e-01
-8.520729251078633382e-02 -9.959046844598991033e-01 -3.022543253706939589e-02 -5.439278300828116919e+00 9.959934031099508811e-01 -8.430998955822702201e-02 -2.981554323181964325e-02 -1.972491330235064666e+01 2.714513327273668924e-02 -3.264483312658462977e-02 9.990983217899420676e-01 -6.175861426235257357e-01
-1.134422136792814090e-01 -9.931327484823523344e-01 -2.860433613342690251e-02 -5.365307992359857892e+00 9.932432769806552875e-01 -1.126517992725607209e-01 -2.788126341255568394e-02 -2.063011669301677387e+01 2.446746583168353528e-02 -3.157397679870566770e-02 9.992018950635627172e-01 -6.614601073911541285e-01
-1.407643215307254336e-01 -9.897002078073432463e-01 -2.605579490733846149e-02 -5.255274577739894148e+00 9.897862553072900305e-01 -1.400795758936582147e-01 -2.647416133442303046e-02 -2.155819628693540935e+01 2.255159827404708620e-02 -2.951628502870163109e-02 9.993098690231699832e-01 -6.964196096795105539e-01
-1.639972906462461022e-01 -9.861797628909524382e-01 -2.354493412929016191e-02 -5.161817695817543239e+00 9.862239661969558480e-01 -1.633882381380422633e-01 -2.581805827447762255e-02 -2.248975954665639421e+01 2.161428128300191959e-02 -2.745466992756181654e-02 9.993893455192991437e-01 -7.344738858220197786e-01
-1.834173353126401784e-01 -9.828452109053575914e-01 -1.932284930580881882e-02 -5.037508884905426143e+00 9.828362010690118167e-01 -1.829493593555878705e-01 -2.371779449729087205e-02 -2.343702137601659885e+01 1.977581783350670572e-02 -2.334145047168126319e-02 9.995319373149563758e-01 -7.638404280783133160e-01
-2.002854693179694223e-01 -9.796015613724234905e-01 -1.632518713029623356e-02 -4.846816337393900831e+00 9.795372628049973107e-01 -1.998797809368461909e-01 -2.355470113081909247e-02 -2.436882936751805673e+01 1.981114717808376072e-02 -2.070879348695222819e-02 9.995892477980592439e-01 -8.073057899445550412e-01
-2.127088468986042258e-01 -9.770162606731899180e-01 -1.393459110510387143e-02 -4.662722029650459454e+00 9.768999409410250578e-01 -2.123406444212536104e-01 -2.404071780207983275e-02 -2.534209395513818563e+01 2.052929215591391132e-02 -1.872637458983017478e-02 9.996138609743142611e-01 -8.476689446043493836e-01
-2.233765321667480763e-01 -9.746772304994741898e-01 -1.035476803371967493e-02 -4.451967144062380477e+00 9.745081135998444610e-01 -2.230847761729879974e-01 -2.381426388088939139e-02 -2.630292904137193943e+01 2.090122965671467950e-02 -1.541035314502660868e-02 9.996627729431817322e-01 -8.687378419005498120e-01
-2.320058371902127548e-01 -9.726723073756792237e-01 -9.048423736790317876e-03 -4.250120552798787088e+00 9.725239456641766589e-01 -2.317663091848081447e-01 -2.194431664270139054e-02 -2.725986905026340779e+01 1.924750932925141378e-02 -1.389101830869807729e-02 9.997182468018810386e-01 -8.965373740123274704e-01
-2.379028569667387960e-01 -9.712627815017418342e-01 -7.130211394431460598e-03 -4.023223640006688306e+00 9.711567564817719100e-01 -2.377429549545105603e-01 -1.824394983528233177e-02 -2.824463863332804792e+01 1.602451193625461026e-02 -1.126484075889850646e-02 9.998081407817860367e-01 -9.222505674586001234e-01
-2.442471813455838747e-01 -9.696875260802878538e-01 -7.029663361822194832e-03 -3.758100301804683241e+00 9.696086441081084306e-01 -2.441081262393411111e-01 -1.644080201977498809e-02 -2.920692271991501343e+01 1.422644268600397124e-02 -1.083164191306082436e-02 9.998401291484605435e-01 -9.685238286203895486e-01
-2.491576090280310241e-01 -9.684372499779967391e-01 -7.055403349972831119e-03 -3.523567482772090198e+00 9.683611398200863141e-01 -2.490191725968462777e-01 -1.631424413916600022e-02 -3.021012554901529867e+01 1.404239102507777275e-02 -1.089699649256001095e-02 9.998420208789846608e-01 -1.008115129148354994e+00
-2.540278769943707382e-01 -9.671661750985135475e-01 -7.708920350780492509e-03 -3.279342108050222304e+00 9.670544491412793597e-01 -2.538456081584470891e-01 -1.918592220975315690e-02 -3.121567788731164583e+01 1.659909942468433888e-02 -1.232870481030234715e-02 9.997862136124968657e-01 -1.042926209540238958e+00
-2.585159484993282408e-01 -9.659751139932963859e-01 -7.847516489332150014e-03 -3.042808187938342179e+00 9.658154374346680227e-01 -2.582943875136512468e-01 -2.201250072454997292e-02 -3.222879808002029733e+01 1.923655843159509382e-02 -1.326983507445460460e-02 9.997268958522720350e-01 -1.073141260666833352e+00
-2.615678583900360454e-01 -9.651362220737792486e-01 -9.712275547719995475e-03 -2.805522852322682947e+00 9.649630308579899562e-01 -2.612786020191301684e-01 -2.407989203907295525e-02 -3.323808092432395256e+01 2.070276625304355578e-02 -1.567051263987436285e-02 9.996628584161171283e-01 -1.092370268864637950e+00
-2.665088181192553085e-01 -9.637714348393443542e-01 -1.084763800510886791e-02 -2.534953503538233122e+00 9.636249858661355416e-01 -2.662010461113725746e-01 -2.374636098501301321e-02 -3.425108145664813719e+01 1.999841181398307258e-02 -1.678166962000083445e-02 9.996591614561842754e-01 -1.113671678153579148e+00
-2.711632844680799681e-01 -9.624417626205674647e-01 -1.327880710714347823e-02 -2.212833797358672250e+00 9.623734673793162830e-01 -2.708409895310355253e-01 -2.196514672152153833e-02 -3.527414646466864667e+01 1.754372927022894782e-02 -1.873531296709767327e-02 9.996705485333191588e-01 -1.155143978158939655e+00
-2.743695882490312377e-01 -9.615251853269100035e-01 -1.380749883180402288e-02 -1.938609703279004171e+00 9.615148955527886843e-01 -2.740934845684880328e-01 -1.902281113697833898e-02 -3.630841568444346024e+01 1.450636653597138503e-02 -1.849539665599899546e-02 9.997237046434587215e-01 -1.175272158241237763e+00
-2.781762262769708061e-01 -9.603840298913040030e-01 -1.674820175168482278e-02 -1.701664365716717198e+00 9.604511259319723493e-01 -2.778875557488242332e-01 -1.766751403830283187e-02 -3.734496026478977626e+01 1.231348148233467853e-02 -2.100051161252039847e-02 9.997036344234061511e-01 -1.218111968141513568e+00
-2.823592912745229722e-01 -9.591911018710309600e-01 -1.502200786340425996e-02 -1.387911048791813595e+00 9.592397699684337420e-01 -2.821166260085599675e-01 -1.640954102954956390e-02 -3.839129961837976879e+01 1.150192756706477568e-02 -1.904309374249757436e-02 9.997525024907506497e-01 -1.240866792717869815e+00
-2.861376435439603183e-01 -9.580976367685571926e-01 -1.319724832932703956e-02 -1.066984259733546825e+00 9.581227073395111038e-01 -2.859294192754844866e-01 -1.566029595958981155e-02 -3.942542263847007433e+01 1.123061099917115231e-02 -1.712558348169251204e-02 9.997902718873343808e-01 -1.279689416645388711e+00
-2.892691329798137145e-01 -9.571906301021262387e-01 -1.046261667284813408e-02 -7.562665913654434968e-01 9.571539370975575833e-01 -2.890704232388978667e-01 -1.716482168519134835e-02 -4.049118358706164145e+01 1.340557345466800686e-02 -1.497958782726544792e-02 9.997979308552413791e-01 -1.303041418468682489e+00
-2.933844142080144768e-01 -9.559642496241855802e-01 -7.611763141125145113e-03 -4.485796528449931264e-01 9.558580695633452917e-01 -2.931986934275571666e-01 -1.923218706669128225e-02 -4.153893464954813197e+01 1.615352427022524739e-02 -1.291818915841818835e-02 9.997860691348204876e-01 -1.354753955038113578e+00
-2.957782835321948745e-01 -9.552346891383008964e-01 -6.472685333151724681e-03 -1.477279365377423825e-01 9.550238467551495081e-01 -2.955498469224634439e-01 -2.407779286947656777e-02 -4.258319847219775056e+01 2.108694182747391718e-02 -1.330325709175103274e-02 9.996891337954242340e-01 -1.365151691670821288e+00
-2.988818972477435554e-01 -9.542603774596120081e-01 -7.532828554937781584e-03 1.889098970357488416e-01 9.540926249063869102e-01 -2.986501543109984502e-01 -2.270128687142881560e-02 -4.362613758622018167e+01 1.941325816846984492e-02 -1.397201985892049247e-02 9.997139131080793328e-01 -1.368827773407275572e+00
-3.017648417594918087e-01 -9.533061151774144815e-01 -1.205947930124164069e-02 5.036372053651207992e-01 9.533266304343195330e-01 -3.015862496850906793e-01 -1.463112100938854590e-02 -4.466122946680334138e+01 1.031096399456993273e-02 -1.591178068308259433e-02 9.998202334672514624e-01 -1.370486175161272913e+00
-3.050052177942104148e-01 -9.522297351969596368e-01 -1.517723699585164961e-02 8.323749654992845803e-01 9.523493773494904335e-01 -3.049397106423944459e-01 -6.514317442017514975e-03 -4.572870156700462019e+01 1.574984514954572666e-03 -1.644093301294065335e-02 9.998635982667571920e-01 -1.424906695682159885e+00
-3.076096703889982242e-01 -9.514411081341299647e-01 -1.166655190943076750e-02 1.123474753027869477e+00 9.515116550893339964e-01 -3.075686531274303137e-01 -5.205174243038345437e-03 -4.678559717458931999e+01 1.364151092421461622e-03 -1.270202204960089488e-02 9.999183955309294269e-01 -1.467874112861904168e+00
-3.094391951885898662e-01 -9.508750920186879174e-01 -9.162088040817154000e-03 1.480891202158136633e+00 9.509014186185574813e-01 -3.093600621449767996e-01 -9.101868777123050744e-03 -4.783667431232215961e+01 5.820356185332672440e-03 -1.152871746447612679e-02 9.999166025829324678e-01 -1.492618326211590851e+00
-3.108069337225793927e-01 -9.504474457885122574e-01 -6.978734973798416362e-03 1.816504018338136905e+00 9.504486949116183192e-01 -3.107380064521391150e-01 -9.442970047378436427e-03 -4.888495499319760995e+01 6.806488568903547830e-03 -9.567870113480869687e-03 9.999310614079061077e-01 -1.482770465902498058e+00
-3.126290810373802964e-01 -9.498385315901914927e-01 -8.355931670411702317e-03 2.145178218444856899e+00 9.498674175310601875e-01 -3.125785906577454032e-01 -6.820100560513993673e-03 -4.993575756561180867e+01 3.866108956553028671e-03 -1.006918900749584692e-02 9.999418306220371200e-01 -1.488264142055341743e+00
-3.132214814570822292e-01 -9.496403207868657770e-01 -8.692795144019580672e-03 2.485566314125420284e+00 9.496801052294091550e-01 -3.132087043809961280e-01 -2.829351126357292599e-03 -5.098818176872180175e+01 -3.579319323569800588e-05 -9.141588158302760628e-03 9.999582141661065293e-01 -1.519305860880798997e+00
-3.141491004789252472e-01 -9.493592466572411404e-01 -5.231008740266473653e-03 2.826522079633210893e+00 9.493727831246092652e-01 -3.141365615598009642e-01 -3.088583814019628827e-03 -5.202206554673237093e+01 1.288924503780884733e-03 -5.936453153041500001e-03 9.999815484252994047e-01 -1.553996714980195204e+00
-3.162805931655432445e-01 -9.486534695435946407e-01 -4.814676262287148102e-03 3.166924156779421295e+00 9.486549996016355735e-01 -3.162488656193341852e-01 -6.351906931268882367e-03 -5.309019281490984099e+01 4.503122642323863396e-03 -6.576451599456451143e-03 9.999682355776597920e-01 -1.560803448965781381e+00
-3.176068295421827781e-01 -9.481649304318913174e-01 -1.044827856668650509e-02 3.475283126565642089e+00 9.482197075710733225e-01 -3.175598920249553259e-01 -5.924622121618335242e-03 -5.413127210809471279e+01 2.299564708325164616e-03 -1.178896409524879396e-02 9.999278635587552921e-01 -1.551813275307779794e+00
-3.163100884870432838e-01 -9.485931728664316331e-01 -1.090505893041057370e-02 3.804891859805238585e+00 9.486315208694992007e-01 -3.163634085422478703e-01 3.525811211671486117e-03 -5.517106826229094452e+01 -6.794522057775536847e-03 -9.229632981799592781e-03 9.999343220124448095e-01 -1.531758735186347087e+00
-3.152161051663871505e-01 -9.489430413288955091e-01 -1.207937725890138696e-02 4.151884104548026144e+00 9.489166758276192937e-01 -3.153440247350693393e-01 1.073724343066463291e-02 -5.622438311694682511e+01 -1.399819187770221310e-02 -8.077770459962829719e-03 9.998693915917252761e-01 -1.576949496593045952e+00
-3.153166576457999692e-01 -9.489419944791046557e-01 -9.192199022169604550e-03 4.506653502758100061e+00 9.488699283807159324e-01 -3.154149581439927852e-01 1.261995206543489560e-02 -5.730114551150183644e+01 -1.487495955303864102e-02 -4.742920122703703396e-03 9.998781127119732437e-01 -1.587124178266616337e+00
-3.151044886525237732e-01 -9.489676111033765737e-01 -1.302437351836862288e-02 4.818442426804966594e+00 9.489616444781532323e-01 -3.152376817678724241e-01 9.848923761884854564e-03 -5.837535727014497411e+01 -1.345208296866363777e-02 -9.256190826341548217e-03 9.998666733063144019e-01 -1.584623671109234744e+00
-3.133918993211646242e-01 -9.495319864260681753e-01 -1.321076044009487395e-02 5.158866166541391962e+00 9.494799240220377357e-01 -3.135562920675329379e-01 1.305088427222861162e-02 -5.943554744435912340e+01 -1.653454912661896786e-02 -8.453310408853395921e-03 9.998275602431406783e-01 -1.565217177430097584e+00
-3.110103133910864237e-01 -9.503242047417438387e-01 -1.250963005534706275e-02 5.499691602569290794e+00 9.501602869533821716e-01 -3.112024047183795106e-01 1.866795089116011705e-02 -6.051185128074190800e+01 -2.163363254017556733e-02 -6.080228425839527724e-03 9.997474764953607762e-01 -1.560550536671119648e+00
-3.082954169692523338e-01 -9.512447096210572273e-01 -9.350844426071218754e-03 5.843912070060181208e+00 9.510302828790827556e-01 -3.084261124551755384e-01 2.036502391401078665e-02 -6.160704423404838792e+01 -2.225616585403125333e-02 -2.614492680308586753e-03 9.997488822213980164e-01 -1.572470185081068950e+00
-3.059227476003725243e-01 -9.520148521863586177e-01 -8.887840851644413995e-03 6.175600543798334563e+00 9.518663548990817791e-01 -3.060348615358366997e-01 1.712033680060962362e-02 -6.270548943896968552e+01 -1.901880405300612059e-02 -3.222536200277083783e-03 9.998139328626389766e-01 -1.570424622197172715e+00
-3.040088664071947666e-01 -9.526060874957615887e-01 -1.096591125323932540e-02 6.493881914254766130e+00 9.524911260254506074e-01 -3.041544538857244850e-01 1.583423571024829279e-02 -6.376264018261576894e+01 -1.841912007701771922e-02 -5.631185108591269146e-03 9.998144956757133439e-01 -1.547072256774546961e+00
-3.014585982096003036e-01 -9.534041745199361984e-01 -1.196635162659754996e-02 6.846088373899276824e+00 9.532041049988806414e-01 -3.016493560427150888e-01 2.023858217783563659e-02 -6.483810022354066405e+01 -2.290519099706947795e-02 -5.305280879043198367e-03 9.997235648986161349e-01 -1.526242995226082089e+00
-2.982647456273161968e-01 -9.544369633473938075e-01 -9.392790313511664366e-03 7.179375026305560681e+00 9.540812352140465302e-01 -2.984102646834745909e-01 2.608276327839188086e-02 -6.595480191423506255e+01 -2.769725842273132455e-02 -1.181916229703473343e-03 9.996156586125002352e-01 -1.521237225928971482e+00
-2.958177165257461771e-01 -9.552203869113291557e-01 -6.774290831046643480e-03 7.511610462110608566e+00 9.548140378620210145e-01 -2.958898579433951737e-01 2.791675239186342666e-02 -6.706562416598833920e+01 -2.867109497275368082e-02 1.790081963578655892e-03 9.995872967945499399e-01 -1.515601730710010253e+00
-2.927207475045375817e-01 -9.561654894038037478e-01 -7.881678208122104221e-03 7.850653775550940239e+00 9.558728159393822255e-01 -2.928262085192287478e-01 2.366371375348293865e-02 -6.817347817349404693e+01 -2.493438838867783822e-02 -6.070219642374250543e-04 9.996889055068176599e-01 -1.513742651973662534e+00
-2.901925172699326150e-01 -9.568969506029652017e-01 -1.168455583665105324e-02 8.202293138510338366e+00 9.567083261101871905e-01 -2.903766407063923527e-01 1.976323049865925593e-02 -6.926663877619837706e+01 -2.230429707022906285e-02 -5.443570247817684782e-03 9.997364081939563718e-01 -1.485756652513871900e+00
-2.874483286742342547e-01 -9.576494900101011343e-01 -1.676044819220751797e-02 8.488275997928374395e+00 9.575123171342383444e-01 -2.877451250674303851e-01 1.931076208669763386e-02 -7.036971983700250632e+01 -2.331567872528960556e-02 -1.049748929728913822e-02 9.996730374664593022e-01 -1.469155068738853265e+00
-2.844496044924245681e-01 -9.585328410059746895e-01 -1.741307597596475007e-02 8.814152895272076904e+00 9.583274497677788384e-01 -2.847949926608817073e-01 2.236763673435163829e-02 -7.145655595344642563e+01 -2.639927123035538600e-02 -1.032496326994623848e-02 9.995981560634049634e-01 -1.452958614949180216e+00
-2.821743987639842022e-01 -9.592469041434235066e-01 -1.493270140570828949e-02 9.142421603603647640e+00 9.588903003441071604e-01 -2.824897860956956941e-01 2.699838242916602696e-02 -7.255065949467160635e+01 -3.011645038800438157e-02 -6.700570206103282321e-03 9.995239375664373149e-01 -1.427874901676062791e+00
-2.803545272956522449e-01 -9.597756099224545867e-01 -1.523540680932674099e-02 9.460856761643571033e+00 9.592510422396151037e-01 -2.807126826725405144e-01 3.221533400701274280e-02 -7.362650008627014131e+01 -3.519626376251685368e-02 -5.582865123360168658e-03 9.993648255905068778e-01 -1.398973170455124038e+00
-2.792289349223854855e-01 -9.601505119076583217e-01 -1.192461250550869850e-02 9.771886207551457204e+00 9.594141871386451248e-01 -2.794818627730757399e-01 3.760725853025700949e-02 -7.470825209521495935e+01 -3.944134144519292201e-02 -9.396076689141405133e-04 9.992214457845667308e-01 -1.372179322679501379e+00
-2.795488535843709266e-01 -9.601019447357883596e-01 -7.529553243914285064e-03 1.009151308368610422e+01 9.593884359250011151e-01 -2.796323913674192418e-01 3.714235732545484447e-02 -7.581910161959184791e+01 -3.776595647979780201e-02 3.159337100125805559e-03 9.992816175201154616e-01 -1.374634652883476527e+00
-2.804554113799262449e-01 -9.598150893038174258e-01 -9.987821096274645399e-03 1.040524585624233112e+01 9.593568641135080677e-01 -2.806303849400504924e-01 2.968154852542970526e-02 -7.689843656960003671e+01 -3.129168422758720619e-02 -1.257533823910187819e-03 9.995095042570829591e-01 -1.349268659490218347e+00
-2.835969587392348501e-01 -9.588458438712089693e-01 -1.368987518536508852e-02 1.072185782964199419e+01 9.585563553705102047e-01 -2.838592098373786676e-01 2.436519167744741893e-02 -7.798329454857693577e+01 -2.724845992794053956e-02 -6.212622604114709755e-03 9.996093860830261857e-01 -1.304168370184533909e+00
-2.882161545082466692e-01 -9.573888858431134352e-01 -1.838394795405111706e-02 1.104874096788218552e+01 9.571500606505606301e-01 -2.886034342233593786e-01 2.391274027147906669e-02 -7.904737297290101594e+01 -2.819946228009332506e-02 -1.070415885421187492e-02 9.995450021403146090e-01 -1.265962570054716574e+00
-2.943122739634301266e-01 -9.554625210425222726e-01 -2.171764893691255360e-02 1.136454388132548665e+01 9.552286699150157601e-01 -2.948088995552861635e-01 2.501801174311844150e-02 -8.012851634724009386e+01 -3.030632875557610559e-02 -1.338221298133263938e-02 9.994510707415442674e-01 -1.251152139267410757e+00
-3.012424023974179521e-01 -9.532274273674568033e-01 -2.470802926261308000e-02 1.168486136859418600e+01 9.530868201480580115e-01 -3.018011745083395425e-01 2.327153457867620068e-02 -8.119452358924374380e+01 -2.963997728856874667e-02 -1.653852405789272076e-02 9.994238084824934587e-01 -1.241167386345120471e+00
-3.091462178401493954e-01 -9.507298301505424654e-01 -2.326813389217421285e-02 1.200994515902567095e+01 9.505869478072018763e-01 -3.096483115298448996e-01 2.241378641619965612e-02 -8.224325336060745428e+01 -2.851439372466396671e-02 -1.518924707949772038e-02 9.994779718017799963e-01 -1.212277267260431834e+00
-3.172316127120427542e-01 -9.480664539134060487e-01 -2.311066545841540185e-02 1.236861496563678564e+01 9.479170722294959495e-01 -3.177279053867713143e-01 2.240987082990621160e-02 -8.329441521901051715e+01 -2.858895009855981842e-02 -1.479787487438521780e-02 9.994817131017386114e-01 -1.192744146309240971e+00
-3.244226482779761778e-01 -9.457310634314072262e-01 -1.851218363514738410e-02 1.272063212731114312e+01 9.454514919907363035e-01 -3.248132823273476300e-01 2.485574204187288722e-02 -8.433254193734977378e+01 -2.951985048321463870e-02 -9.438605979500370655e-03 9.995196301913892301e-01 -1.168652839427437584e+00
-3.317528027449798689e-01 -9.432115262277093182e-01 -1.709077703808065812e-02 1.310469960490002705e+01 9.429076542664323046e-01 -3.321019654804805432e-01 2.516823486087348474e-02 -8.538800561630334585e+01 -2.941484986151448461e-02 -7.765392031102091690e-03 9.995371255173776115e-01 -1.147736781980466247e+00
-3.395090427499760644e-01 -9.404641147458008277e-01 -1.615112268834421536e-02 1.345857864831746653e+01 9.401559849793260648e-01 -3.398269333208018272e-01 2.498758278786318912e-02 -8.643616173279421844e+01 -2.898851141908838705e-02 -6.701064346406543706e-03 9.995572829686344418e-01 -1.126504190574296738e+00
-3.474283312989732142e-01 -9.375791674894325967e-01 -1.545507354615380247e-02 1.384351710097107535e+01 9.372862185280507186e-01 -3.477188596949924992e-01 2.421031115169305567e-02 -8.746929592602516834e+01 -2.807310392422713435e-02 -6.074479437249524598e-03 9.995874156515413000e-01 -1.111701301455869428e+00
-3.548620779134854519e-01 -9.347930327282795160e-01 -1.532617431895278055e-02 1.424447903682752425e+01 9.345068212234872718e-01 -3.551446188436817586e-01 2.386002492498310104e-02 -8.846385055304989464e+01 -2.774719339742308388e-02 -5.855396420136247532e-03 9.995978229191092579e-01 -1.089608709867677883e+00
-3.627157392077463571e-01 -9.317891362941903566e-01 -1.436307810854122943e-02 1.462623553098860540e+01 9.315094284760171428e-01 -3.629668064842707098e-01 2.335127506535951067e-02 -8.951119044214118503e+01 -2.697178501684724047e-02 -4.909467683024785860e-03 9.996241393310595358e-01 -1.072531248028975703e+00
-3.704787261227196482e-01 -9.287501350013368517e-01 -1.298846500221215346e-02 1.503557111955997705e+01 9.284943659986136799e-01 -3.706862435348852736e-01 2.213416271570883484e-02 -9.052974138755705269e+01 -2.537175191129218896e-02 -3.859480170566334262e-03 9.996706350648925099e-01 -1.054981236100305919e+00
-3.787797582809458441e-01 -9.253501816924273315e-01 -1.590396038818251215e-02 1.546626744329943826e+01 9.251632924622396059e-01 -3.790457820120120558e-01 1.992931046581835133e-02 -9.158486669385352741e+01 -2.446992016295350750e-02 -7.164940954736705343e-03 9.996748904626969745e-01 -1.037441408652571395e+00
-3.875094655518222519e-01 -9.216646067480042115e-01 -1.925530507095174482e-02 1.585537990468542979e+01 9.214354866335227046e-01 -3.878821813127361073e-01 2.245122243540551010e-02 -9.257695082676470122e+01 -2.816128682968551886e-02 -9.042460191172009207e-03 9.995624922089910713e-01 -1.000036193975672560e+00
-3.953035987203945001e-01 -9.183176214695351058e-01 -2.068359095535838091e-02 1.627587029488373460e+01 9.179803153143905048e-01 -3.957513344564448921e-01 2.632531039847148605e-02 -9.356694149589672804e+01 -3.236055515149588446e-02 -8.580639408853736605e-03 9.994394264240709091e-01 -9.902076136052941902e-01
-4.036676213183213457e-01 -9.146886894847761074e-01 -1.992618441587712397e-02 1.668554916369326335e+01 9.143515450252922561e-01 -4.040853523292882721e-01 2.600538673299118350e-02 -9.458343852875633218e+01 -3.183871236060007576e-02 -7.722004902908770514e-03 9.994631894315786358e-01 -9.930828994230315176e-01
-4.137990704443743062e-01 -9.100854532087679916e-01 -2.268914177928648204e-02 1.716303363793310766e+01 9.099321110706898308e-01 -4.142437260676122834e-01 2.063222364257825264e-02 -9.559937102075635096e+01 -2.817592123636480581e-02 -1.210798371289143263e-02 9.995296464768439471e-01 -9.734011420063637399e-01
-4.236249922307030458e-01 -9.054437947518796381e-01 -2.670955822068323687e-02 1.764300818439748042e+01 9.054301802319324466e-01 -4.241346389936823669e-01 1.749276213946113212e-02 -9.659407772580561868e+01 -2.716716176582663692e-02 -1.677326888804897206e-02 9.994901714202204523e-01 -9.418860185552705433e-01
-4.326237797106142757e-01 -9.011101371519528724e-01 -2.893416576226145662e-02 1.809048133400961689e+01 9.010795974639717043e-01 -4.332268220253527313e-01 1.923745587120069545e-02 -9.759461773397406148e+01 -2.987012317966586741e-02 -1.774940556680535547e-02 9.993961848718805330e-01 -9.111539167194958599e-01
-4.424822597507271915e-01 -8.962471674839803670e-01 -3.082960558088201561e-02 1.853165432724162542e+01 8.962115072940223248e-01 -4.431626778962809987e-01 2.029224260672589028e-02 -9.856358430949522642e+01 -3.184939552586191908e-02 -1.865088992269703372e-02 9.993186480312137299e-01 -9.025132828476630786e-01
-4.537219879597864103e-01 -8.905899952828101318e-01 -3.139773783879086511e-02 1.901403715274850015e+01 8.905569620988657009e-01 -4.544198212239544676e-01 2.027124397982231832e-02 -9.954888590920000979e+01 -3.232112149588181604e-02 -1.876396490935533165e-02 9.993013853284322678e-01 -8.810042165692532068e-01
-4.621868505297443419e-01 -8.861880919172877569e-01 -3.246507259775897186e-02 1.947302437175418888e+01 8.862110411332559945e-01 -4.628935119738034620e-01 1.896278309077376392e-02 -1.005147319253754858e+02 -3.183246403588709666e-02 -2.000655679313614183e-02 9.992929660074029163e-01 -8.601887850333628238e-01
-4.711414122592484932e-01 -8.814549112748257809e-01 -3.260381942672935240e-02 1.998403974944731942e+01 8.814961210613839748e-01 -4.718384678717944536e-01 1.824962428737697887e-02 -1.014899635151712118e+02 -3.146995716207445087e-02 -2.014198659630484639e-02 9.993017272902852133e-01 -8.339365364028413774e-01
-4.814179595471849149e-01 -8.758615474850063309e-01 -3.321592780469687090e-02 2.047448842464376284e+01 8.759701447454666390e-01 -4.820926494508055993e-01 1.621674617890314987e-02 -1.024642015652789411e+02 -3.021677904272269261e-02 -2.128912823081045499e-02 9.993166261383937821e-01 -8.215551242696651491e-01
-4.909987226464182508e-01 -8.705300954537907865e-01 -3.313015644549065913e-02 2.100974501719704790e+01 8.706677652692763614e-01 -4.916447701379115798e-01 1.493527748611376757e-02 -1.033599763803744196e+02 -2.928987668585186430e-02 -2.151215710718290888e-02 9.993394469415690651e-01 -7.830802600029408422e-01
-5.005048197774454311e-01 -8.650148505763557427e-01 -3.527369642080820794e-02 2.152693173975391971e+01 8.652154090438298750e-01 -5.011995032348605106e-01 1.418992272042134996e-02 -1.043076450840288203e+02 -2.995365300502080691e-02 -2.341722096320261043e-02 9.992769448091770590e-01 -7.759995268579555905e-01
-5.109826122115487257e-01 -8.588793962282904593e-01 -3.497074133089387443e-02 2.204108340347705663e+01 8.590460672583188906e-01 -5.116843278991398680e-01 1.479874680537163374e-02 -1.052064795388114504e+02 -3.060431899512508838e-02 -2.247957550916638084e-02 9.992787620763836642e-01 -7.532125718255650026e-01
-5.207768447409575341e-01 -8.530165052459298680e-01 -3.397528155712138676e-02 2.259845737503967200e+01 8.531578192399689176e-01 -5.214469218022945718e-01 1.465753080238913798e-02 -1.061273006077036740e+02 -3.021942168587232747e-02 -2.135297447819013011e-02 9.993151840270581010e-01 -7.312314988729369247e-01
-5.314758637136769437e-01 -8.464214416290548604e-01 -3.322874414677932237e-02 2.318628439062392133e+01 8.465567103844821029e-01 -5.321127981017256259e-01 1.406080353297294895e-02 -1.069901839432277342e+02 -2.958280562214437442e-02 -2.065703863272022600e-02 9.993488601882563049e-01 -7.119647646031196375e-01
-5.421637420686232778e-01 -8.396660370849268196e-01 -3.192840348945095996e-02 2.370033991698527842e+01 8.397835839877838549e-01 -5.427532499679187383e-01 1.350709852475084211e-02 -1.078498325066779557e+02 -2.867069665092943434e-02 -1.948989003251511490e-02 9.993988869981687007e-01 -6.907773545298211415e-01
-5.554210215039094845e-01 -8.309432963534317818e-01 -3.226030244661448609e-02 2.429450710857339857e+01 8.311782196298411751e-01 -5.559315328601664996e-01 9.104832860015236312e-03 -1.087869054959630546e+02 -2.550011921906687740e-02 -2.175704518438046839e-02 9.994380295434803774e-01 -6.773161846126977137e-01
-5.671341107085164923e-01 -8.228402318771989021e-01 -3.595626888596547416e-02 2.484909612776251819e+01 8.232914412456789899e-01 -5.676068234673699031e-01 3.700908215516255165e-03 -1.095972294928649973e+02 -2.345427974024440546e-02 -2.750357714316520666e-02 9.993465114760151646e-01 -6.646190396907049047e-01
-5.795322296928131500e-01 -8.141258917852142174e-01 -3.662549752871654962e-02 2.542760092990839027e+01 8.146041546108963027e-01 -5.800093468496484439e-01 3.037902972019175096e-03 -1.104418079758746387e+02 -2.371636636585583088e-02 -2.807471976846315567e-02 9.993244438466399870e-01 -6.375254404527924690e-01
-5.950496964744356188e-01 -8.026200014647001391e-01 -4.143660183286143606e-02 2.611603406225475510e+01 8.032474270386265047e-01 -5.956405335732721795e-01 2.434279600388397982e-03 -1.113314435147651693e+02 -2.663512112155073247e-02 -3.183532646998553373e-02 9.991381697765585601e-01 -6.222800913056423244e-01
-6.087361536393296468e-01 -7.922100209927184222e-01 -4.293690589728871992e-02 2.666992866694613795e+01 7.929058194781962721e-01 -6.093427598547673796e-01 1.327571851241713232e-03 -1.121528531755631519e+02 -2.721500846315124192e-02 -3.323678157380974274e-02 9.990769037756881410e-01 -6.102370540344412841e-01
-6.182181673796525168e-01 -7.849486633652885681e-01 -4.076632678669196014e-02 2.705694383644654621e+01 7.855685095699939113e-01 -6.187733452832411274e-01 1.289936364322295196e-03 -1.127571522991225663e+02 -2.623765022563993160e-02 -3.122728047913419375e-02 9.991678751128633129e-01 -5.858085530431487165e-01
-6.315522328204183911e-01 -7.742070137705362454e-01 -4.177651307729499802e-02 2.750975172755763154e+01 7.749580262736602831e-01 -6.320058318356341909e-01 -2.947208285113134697e-03 -1.135286703004011599e+02 -2.412125057315085350e-02 -3.423636009189758717e-02 9.991226335698102368e-01 -5.805727814676636678e-01
-6.486035735697255333e-01 -7.599512697117597471e-01 -4.227850532901351183e-02 2.821344211962559712e+01 7.607548559430338253e-01 -6.490214552700488415e-01 -4.816612418036604094e-03 -1.143118287053274003e+02 -2.377926633239943813e-02 -3.528765025777513831e-02 9.990942539245202259e-01 -5.670026812381947501e-01
-6.649547330367044928e-01 -7.456283584577402257e-01 -4.328457083573581526e-02 2.886579709231652657e+01 7.464775448310282391e-01 -6.653870562319422755e-01 -5.598254997900614996e-03 -1.150940993443974492e+02 -2.462677548425739812e-02 -3.603354632400394136e-02 9.990470987203597941e-01 -5.482875286111025259e-01
-6.808577076763463465e-01 -7.310304549077013547e-01 -4.502505848778436820e-02 2.950035890330721955e+01 7.319578148611338708e-01 -6.813185548442837192e-01 -6.540954490738644898e-03 -1.157647410068994560e+02 -2.589477084369848359e-02 -3.740990270517768890e-02 9.989644438194651421e-01 -5.342928252314793625e-01
-6.973864269758459633e-01 -7.152536767623794978e-01 -4.543511136093871666e-02 3.014642996574733758e+01 7.162013068728988463e-01 -6.978573023984372403e-01 -7.132567547326960911e-03 -1.164906461218092772e+02 -2.660562908545244590e-02 -3.751484193149896840e-02 9.989418287011518904e-01 -5.161952667723778143e-01
-7.148678570033550894e-01 -6.978394691360939595e-01 -4.454236562916880082e-02 3.080908100436850816e+01 6.987480452342228476e-01 -7.153302181680835092e-01 -7.338136963741504447e-03 -1.172141477211876577e+02 -2.674165851992603427e-02 -3.636968915903570493e-02 9.989805450573332468e-01 -5.057285728519489432e-01
-7.312929749203337382e-01 -6.808645030340975124e-01 -4.042416773163905880e-02 3.154940550536661448e+01 6.815894323827790258e-01 -7.317093871208416589e-01 -6.100693448927551298e-03 -1.178956623434707609e+02 -2.542499738243192073e-02 -3.201407979995572750e-02 9.991639846369670952e-01 -4.819324771840134969e-01
-7.475053476828170673e-01 -6.630191584669530291e-01 -4.051358645934695357e-02 3.233537270096168470e+01 6.637816471492066217e-01 -7.478851981604193178e-01 -7.852087472949452820e-03 -1.185592185854639666e+02 -2.509342720872275931e-02 -3.276165252827191454e-02 9.991481341760491963e-01 -4.626549338556099067e-01
-7.653051495944092064e-01 -6.425410998396805518e-01 -3.806524684616735543e-02 3.314178100258989446e+01 6.431783843983746030e-01 -7.656903739474568704e-01 -6.310077987212348201e-03 -1.192054493095304224e+02 -2.509170864197405454e-02 -2.931187914604445680e-02 9.992553326809341385e-01 -4.417410975885621705e-01
-7.806017837130733161e-01 -6.237907443263933649e-01 -3.931873030758670923e-02 3.381355906871928596e+01 6.244513426870745842e-01 -7.810393122718329861e-01 -6.173596974747810190e-03 -1.198555594988321786e+02 -2.685844142669956136e-02 -2.937175474358236574e-02 9.992076481594440729e-01 -4.355761174356604370e-01
-7.963549736094968079e-01 -6.035186723865076930e-01 -3.979909652858990010e-02 3.456685758955879351e+01 6.042380206147652810e-01 -7.967613576304097833e-01 -8.231247044298823853e-03 -1.204654997031297654e+02 -2.674267089422916605e-02 -3.060312183127800179e-02 9.991737979353361165e-01 -4.226214412838577017e-01
-8.119251235202316064e-01 -5.824197058819988726e-01 -3.955856409388053968e-02 3.540448053775465098e+01 5.831026632612418270e-01 -8.123632327113077256e-01 -7.567181373526598621e-03 -1.210298870025206242e+02 -2.772864745870451050e-02 -2.921068874917700717e-02 9.991885996976724860e-01 -3.993332314038943731e-01
-8.276647054763995870e-01 -5.594477804133221044e-01 -4.460175215614811672e-02 3.630025401901202997e+01 5.603037834955009178e-01 -8.282421032924320858e-01 -8.642252707956488145e-03 -1.215894029589957768e+02 -3.210615992101346905e-02 -3.214341802565903738e-02 9.989674645180510737e-01 -3.751701469132920908e-01
-8.421677331448405024e-01 -5.371627464291015563e-01 -4.700737276742280452e-02 3.714390770909310646e+01 5.381609700311610345e-01 -8.427703222773408331e-01 -1.099791894993223419e-02 -1.220583502209393743e+02 -3.370874634837786599e-02 -3.455962579837628529e-02 9.988339965565604661e-01 -3.644392858767876442e-01
-8.547175245961575740e-01 -5.170883730614654894e-01 -4.558034213214095381e-02 3.793696632813595926e+01 5.180824201137659291e-01 -8.552354466458357285e-01 -1.276466870563363644e-02 -1.226821391874212992e+02 -3.238146248789807585e-02 -3.452455999967105060e-02 9.988791196320077059e-01 -3.548332413398381791e-01
-8.679013509221863432e-01 -4.948191785576688262e-01 -4.360304570697158544e-02 3.873880134828132782e+01 4.960084115124959170e-01 -8.680350579832954994e-01 -2.215386689574454573e-02 -1.232147004185213461e+02 -2.688681408916591270e-02 -4.085484844508942281e-02 9.988032742134406172e-01 -3.333552002538037184e-01
-8.812434357929453954e-01 -4.708012837500799019e-01 -4.190653990768904852e-02 3.954285410791744937e+01 4.721038888156839919e-01 -8.810451740653914010e-01 -2.961957830360997107e-02 -1.237092372953221684e+02 -2.297661925785507778e-02 -4.588629940816719988e-02 9.986823931996177128e-01 -3.093241550177211474e-01
-8.945745895469022768e-01 -4.450257899081648816e-01 -4.108953698287257789e-02 4.041468551760062411e+01 4.463864525330143995e-01 -8.942104886584300028e-01 -3.356690283564603416e-02 -1.241587201928372224e+02 -2.180455749487640940e-02 -4.836991097650591986e-02 9.985914645025641967e-01 -2.970193256094718071e-01
-9.072138263646537526e-01 -4.184687309565774949e-01 -4.297667344279774287e-02 4.128826823124001066e+01 4.199654045394692892e-01 -9.068655251750905588e-01 -3.498540033619853412e-02 -1.245884498376526039e+02 -2.433376745116547918e-02 -4.978795495401207999e-02 9.984633329751843034e-01 -2.763964389574389280e-01
-9.191332268239258418e-01 -3.914832273156338416e-01 -4.398856754363502514e-02 4.217630726593395707e+01 3.930565095020689403e-01 -9.188238868377626156e-01 -3.562646926390108243e-02 -1.249802130300639931e+02 -2.647058144145942801e-02 -5.003546447151584198e-02 9.983965948489813558e-01 -2.652337054341766254e-01
-9.299942905485301115e-01 -3.651809640433549831e-01 -4.187461096210185613e-02 4.305725980030171485e+01 3.665977826197958644e-01 -9.297831278203648742e-01 -3.330767173904001371e-02 -1.253543852012122528e+02 -2.677097908078638483e-02 -4.632708407547311141e-02 9.985675319941449413e-01 -2.540676212284463942e-01
-9.402847916566342557e-01 -3.380244865508951202e-01 -4.004943279162082037e-02 4.396121523663561703e+01 3.393449603440104045e-01 -9.400975275272415166e-01 -3.258276575377739431e-02 -1.257130589882073650e+02 -2.663660008182583416e-02 -4.422765229077846305e-02 9.986663137913843746e-01 -2.334879321874215596e-01
-9.493343919921936047e-01 -3.116595210265928895e-01 -4.040488992612312896e-02 4.485264305834562748e+01 3.130770075927860607e-01 -9.490697978596104312e-01 -3.534552454504472779e-02 -1.260142027510581215e+02 -2.733129146446629590e-02 -4.620456408372974194e-02 9.985580297396082772e-01 -2.176008045265193647e-01
-9.579668557669950291e-01 -2.841555070318733112e-01 -3.943540377608003439e-02 4.574425135958325939e+01 2.855047439571144485e-01 -9.577660811819516118e-01 -3.422243289525706694e-02 -1.263079746229607281e+02 -2.804539936311211193e-02 -4.404295129521916541e-02 9.986359066288817976e-01 -1.935309558902424398e-01
-9.655713796711081764e-01 -2.572261806870040357e-01 -3.881498067513373951e-02 4.663813898922492740e+01 2.585405268597733008e-01 -9.654101488589744706e-01 -3.376448502644759098e-02 -1.265586028395238856e+02 -2.878726674520728709e-02 -4.263726594458348146e-02 9.986758016587850006e-01 -1.783042868989769825e-01
-9.724990088546652256e-01 -2.298676455066153979e-01 -3.750391074966373528e-02 4.752089496076478525e+01 2.312432630367707576e-01 -9.721644160558018388e-01 -3.772136600044769666e-02 -1.267880543562080362e+02 -2.778904590581982373e-02 -4.535651774639642281e-02 9.985842754711581337e-01 -1.662113606344992889e-01
-9.791109858778965780e-01 -2.003411198944730354e-01 -3.471473762256191420e-02 4.846138819477169335e+01 2.016655932190810907e-01 -9.786325057505101954e-01 -4.011741763916165660e-02 -1.270189234078346630e+02 -2.593580228880944250e-02 -4.628017249158385832e-02 9.985917483068170730e-01 -1.458082349697675806e-01
-9.846155491742841770e-01 -1.714999315620164555e-01 -3.346630834129358384e-02 4.938375858120703299e+01 1.728113923381461026e-01 -9.840895055251278611e-01 -4.128035599926401650e-02 -1.271918784750322260e+02 -2.585426459847798078e-02 -4.642863973313344356e-02 9.985869708779857579e-01 -1.238510760737605854e-01
-9.892583426646871514e-01 -1.428774067670963988e-01 -3.088653589130559499e-02 5.027337128077642348e+01 1.441312756414352136e-01 -9.886187059904394392e-01 -4.311878414019433559e-02 -1.273401895892098281e+02 -2.437430708435565918e-02 -4.710733275433959949e-02 9.985924055126726984e-01 -1.121896295823674450e-01
-9.930246650193266245e-01 -1.143531307628388866e-01 -2.872936030483100311e-02 5.118119793976821086e+01 1.155441432154756254e-01 -9.923304222906133010e-01 -4.393044460391227340e-02 -1.274624261725809902e+02 -2.348543436703466256e-02 -4.694352435843619081e-02 9.986214197012027727e-01 -9.721743631024526433e-02
-9.959925966287607180e-01 -8.563319199883817623e-02 -2.580123803855132597e-02 5.208999342476054295e+01 8.669145214287191092e-02 -9.953003300948203291e-01 -4.314910238297805373e-02 -1.275607297926973160e+02 -2.198498536754467728e-02 -4.521293331719674485e-02 9.987354259621900043e-01 -8.331128762651414388e-02
-9.981227992599420729e-01 -5.701706264263574353e-02 -2.235916278928824080e-02 5.299528250772349480e+01 5.794751502430100371e-02 -9.973738293115015363e-01 -4.344571446026791739e-02 -1.276296907647008965e+02 -1.982329678826838526e-02 -4.465981605452062214e-02 9.988055555147076214e-01 -6.725471189841258912e-02
-9.994131905355367884e-01 -2.844252557726329247e-02 -1.908657428421987531e-02 5.392346549988290150e+01 2.927336388985659829e-02 -9.985686491793163144e-01 -4.476296505700991246e-02 -1.276792021281012950e+02 -1.778608292175124644e-02 -4.529542595982083419e-02 9.988152880458088800e-01 -6.371419177786624699e-02
-9.998805843193122600e-01 -3.257046962144786030e-04 -1.545027550800794243e-02 5.481673327746484858e+01 1.032250230441798637e-03 -9.989526442400830097e-01 -4.574438788656280674e-02 -1.277059644624597894e+02 -1.541919441084013687e-02 -4.575487383973374234e-02 9.988336898384204687e-01 -5.388684299292449686e-02
-9.995786384692648685e-01 2.621341023706295556e-02 -1.246605933081991295e-02 5.568590686956385127e+01 -2.562814899114482237e-02 -9.986584823605656469e-01 -4.499370607614039397e-02 -1.276917760258928354e+02 -1.362877436762546454e-02 -4.465526543334214643e-02 9.989094872764536781e-01 -3.214025658602576163e-02
-9.985877619425528318e-01 5.208735464025359557e-02 -1.045892827808264126e-02 5.660916598948035272e+01 -5.155769552969292902e-02 -9.976212305721120499e-01 -4.575679557524714447e-02 -1.276686376787528729e+02 -1.281739933740455584e-02 -4.515293784735401744e-02 9.988978558744444625e-01 -3.400552184083670271e-02
-9.970715943283694482e-01 7.613226899458926111e-02 -7.218960923799110085e-03 5.752030301951130298e+01 -7.571397093178534876e-02 -9.960307863686823637e-01 -4.679815390977801193e-02 -1.276202555937482259e+02 -1.075315696742769334e-02 -4.611453373284368079e-02 9.988782805659612851e-01 -3.838363214646587501e-02
-9.950345074847074534e-01 9.946876859338144028e-02 -3.506135308774019441e-03 5.839779880631003550e+01 -9.917415697653993167e-02 -9.938346405790389193e-01 -4.957008947880549299e-02 -1.275584647922436261e+02 -8.415194483751005372e-03 -4.897623155697709146e-02 9.987644933801181901e-01 -2.448136160456406210e-02
-9.924404150309511508e-01 1.227196293950586908e-01 -1.383896664394535826e-03 5.928763631940095991e+01 -1.224892542359001801e-01 -9.911535805413558275e-01 -5.109757699310647078e-02 -1.274629106537398542e+02 -7.642329845403070254e-03 -5.054178804771618239e-02 9.986927067161505134e-01 -1.103524827977461417e-02
-9.895111564982468355e-01 1.444460436566279427e-01 -1.735405750500734019e-03 6.015492246876392812e+01 -1.441670347888031611e-01 -9.882174008012920563e-01 -5.140267338861468499e-02 -1.273536516188448218e+02 -9.139870964266700801e-03 -5.061333049062811257e-02 9.986765009390931036e-01 -6.354763584668549070e-03
-9.863214790787464548e-01 1.648107112345482683e-01 -2.714657615686903898e-03 6.102544495643785893e+01 -1.644427045360173090e-01 -9.849849576998680467e-01 -5.256643441962768892e-02 -1.272353212875932940e+02 -1.133740836033601644e-02 -5.140099770641768512e-02 9.986137394403269418e-01 -1.616845130352034809e-02
-9.827819263209266465e-01 1.847622727228766526e-01 -1.608686087143649515e-03 6.192149092216182282e+01 -1.844299153934056412e-01 -9.814671376107437784e-01 -5.203714150341946787e-02 -1.270908346496112387e+02 -1.119337305925109313e-02 -5.084447232798413457e-02 9.986438544475073620e-01 -2.599783673988692589e-02
-9.790985679167282241e-01 2.033862344990200466e-01 1.841615319073002020e-04 6.281493368066853122e+01 -2.031266672590664457e-01 -9.778024739583108804e-01 -5.139921173415565314e-02 -1.269345442659004277e+02 -1.027381852913150304e-02 -5.036230271913801071e-02 9.986781699377315080e-01 -1.711378820246997265e-02
-9.755846883448392459e-01 2.196233875532612734e-01 2.889680027801230441e-04 6.369342937515440184e+01 -2.193639827363489114e-01 -9.743667506943880507e-01 -4.988865819942538832e-02 -1.267714926557905528e+02 -1.067515530013189891e-02 -4.873400023335822812e-02 9.987547438050463633e-01 -1.041823817456594137e-02
-9.724801196730447073e-01 2.329848763005165080e-01 -6.813602061643754971e-04 6.456327611930612420e+01 -2.326780546920134973e-01 -9.713414183131979796e-01 -4.854659546921917535e-02 -1.265953976160718497e+02 -1.197245592905849150e-02 -4.705206140425870903e-02 9.988206865144196867e-01 -1.238028340429562710e-02
-9.698776384568875697e-01 2.435816938770795359e-01 -2.307558250755800157e-03 6.542998268487922076e+01 -2.432212908485349712e-01 -9.688785657848415500e-01 -4.601878353743280720e-02 -1.264018440230534850e+02 -1.344507697248451157e-02 -4.407134180542101459e-02 9.989379093463034431e-01 -1.733075282886140794e-02
-9.677686007164304494e-01 2.518247071553940120e-01 -2.872686772996419641e-03 6.630054188887578448e+01 -2.514349440399153979e-01 -9.667925664894952975e-01 -4.574497014825973373e-02 -1.262062201552348739e+02 -1.429700592922118936e-02 -4.354825191211547653e-02 9.989490204056155065e-01 -2.333279232103931816e-02
-9.659613904462127643e-01 2.586704197505514391e-01 -2.864630716289942244e-03 6.719207359815790426e+01 -2.582709418554421932e-01 -9.649786004886976576e-01 -4.596108342419503306e-02 -1.259976164177436573e+02 -1.465308008086641314e-02 -4.365678117761846722e-02 9.989391236175626521e-01 -2.020108621582916361e-02
-9.647643900226784419e-01 2.630923160488916057e-01 -3.479220610594370953e-03 6.807624667376467187e+01 -2.627048527803948486e-01 -9.639134372720192800e-01 -4.309345390667236597e-02 -1.257926850867743980e+02 -1.469122409245536207e-02 -4.066102163386325213e-02 9.990649874992207913e-01 -1.817727592604740511e-02
-9.640259664453870725e-01 2.657945650293158657e-01 -2.680525280485763964e-03 6.896290180954215998e+01 -2.654475410497322829e-01 -9.631944790870917705e-01 -4.235561833240430313e-02 -1.255684156376802463e+02 -1.383976030224029832e-02 -4.012037705277845395e-02 9.990990022877482835e-01 -2.496440195298155543e-02
-9.637836283417499095e-01 2.666834785765456739e-01 -1.019799291148191980e-03 6.982993175163117883e+01 -2.664290073487360910e-01 -9.630175494027076732e-01 -4.015947687763855856e-02 -1.253379209229251217e+02 -1.169195360559489860e-02 -3.843334222451148113e-02 9.991927623931161628e-01 -2.785225990086807185e-02
-9.636859289007211338e-01 2.670381788157930592e-01 -2.036894010418721906e-04 7.073143770452342949e+01 -2.668400332211382509e-01 -9.629996864905090437e-01 -3.778889370211560572e-02 -1.251275805547277855e+02 -1.028723018282486600e-02 -3.636227264281374771e-02 9.992857239127633795e-01 -1.566412615407507952e-02
-9.638219364283808765e-01 2.665465459171191820e-01 4.622931691389006530e-04 7.161909910226094667e+01 -2.663724544272405015e-01 -9.631267845969728736e-01 -3.784854438158546941e-02 -1.248809387691789681e+02 -9.643151839169059741e-03 -3.660239950288624033e-02 9.992833802108737062e-01 -1.731115427038152840e-02
-9.638008046719411803e-01 2.666228334662393284e-01 -5.230526076932053058e-04 7.255277118128647373e+01 -2.664198224233209067e-01 -9.631398813213866150e-01 -3.717589576114539024e-02 -1.246389397815976707e+02 -1.041571549078238769e-02 -3.569080666603079849e-02 9.993086005748004208e-01 -1.088225269696285399e-02
-9.639456590155367488e-01 2.660885940311475961e-01 -2.372042897756052645e-03 7.345631965743466196e+01 -2.658241026634132198e-01 -9.633161857854493082e-01 -3.687102716836023614e-02 -1.244084299363624950e+02 -1.209598709630436628e-02 -3.491112040750419393e-02 9.993172172841177092e-01 -1.696924454971064297e-02
-9.641732899284319869e-01 2.652465067356283845e-01 -3.762665147384937694e-03 7.438554597702740523e+01 -2.649267431300826314e-01 -9.635418836975451207e-01 -3.742805274860648568e-02 -1.241619437254229297e+02 -1.355314570912702354e-02 -3.509029813114857704e-02 9.992922411441303998e-01 -2.020620699766116635e-02
-9.644579862638475998e-01 2.642027354227811653e-01 -4.208006996891479334e-03 7.532812036519774779e+01 -2.638632531753046795e-01 -9.638203020061697490e-01 -3.777047870962087217e-02 -1.239206713881898310e+02 -1.403482636770572028e-02 -3.531770142081531311e-02 9.992775808590796949e-01 -2.783073192304292079e-02
-9.648066267402176654e-01 2.629447500295370999e-01 -2.869046174040413687e-03 7.627026684659777800e+01 -2.626444760003185386e-01 -9.641247921523928843e-01 -3.848719762584893594e-02 -1.236834367024920880e+02 -1.288612510509184322e-02 -3.637916418498109844e-02 9.992549745612313572e-01 -4.043159122555718687e-02
-9.651747363206414354e-01 2.615958005321591950e-01 -2.316356665309610673e-03 7.722040566440341536e+01 -2.613009730529265995e-01 -9.644388616474233178e-01 -3.974271786478567742e-02 -1.234400018533018226e+02 -1.263051248042382051e-02 -3.775340098513776943e-02 9.992072612130674658e-01 -3.753144990509110768e-02
-9.652381387990223161e-01 2.613600587861945601e-01 -2.501014786126428465e-03 7.820672245873022632e+01 -2.610459100229405305e-01 -9.644675230033989966e-01 -4.071154540717927817e-02 -1.231915537422892726e+02 -1.305251943646781702e-02 -3.864345663554780846e-02 9.991678112249172683e-01 -3.402399920101622371e-02
-9.655507461168929551e-01 2.601919926453735155e-01 -3.447264455508438925e-03 7.918512616950948768e+01 -2.598498912604820799e-01 -9.648133732418431308e-01 -4.016452194493019129e-02 -1.229389729168390915e+02 -1.377645384607748859e-02 -3.788511283735759849e-02 9.991871333924872145e-01 -3.894154110843604799e-02
-9.658164157207195233e-01 2.592093236922052291e-01 -3.029460562019086096e-03 8.017744250016362173e+01 -2.588932995436695195e-01 -9.650999715203464335e-01 -3.945002433797864527e-02 -1.226907668153087201e+02 -1.314954643021394413e-02 -3.731717406537310433e-02 9.992169523886277327e-01 -4.265902900282360355e-02
-9.661915266578928740e-01 2.578129473259193616e-01 -2.533377488092141642e-03 8.118204453216966954e+01 -2.575125454671185476e-01 -9.654564574625156270e-01 -3.976327034361429313e-02 -1.224218627423204282e+02 -1.269735157746947757e-02 -3.776655839253244273e-02 9.992059168772265965e-01 -4.638352833934282493e-02
-9.665697015494818523e-01 2.563974413436663768e-01 -1.834152351960654332e-03 8.216148410122801238e+01 -2.561349869493728115e-01 -9.658584838645331017e-01 -3.888775648953456815e-02 -1.221936865040486850e+02 -1.174225287314623577e-02 -3.711793659519647265e-02 9.992419017799096803e-01 -4.590529232417607519e-02
-9.667859706603298964e-01 2.555868064844782350e-01 -5.208467278686597065e-04 8.317098103902065986e+01 -2.553777051928188269e-01 -9.660735291404963787e-01 -3.852484888886467673e-02 -1.219374405145944849e+02 -1.034961933412317618e-02 -3.711227078535516560e-02 9.992575067164325420e-01 -4.835920651756066280e-02
-9.669890247414806295e-01 2.548111275474349013e-01 1.874914240689094834e-03 8.416423518664083758e+01 -2.546932535104114437e-01 -9.662591479909923287e-01 -3.840059293072595886e-02 -1.216915517126882946e+02 -7.973245346183911730e-03 -3.761047991550758168e-02 9.992606662685761254e-01 -6.208077075997525673e-02
-9.672689397242172360e-01 2.537329197716911011e-01 3.225471253422491913e-03 8.516540770483454992e+01 -2.536676486161732469e-01 -9.665334091370616498e-01 -3.828698296881703766e-02 -1.214290842395676009e+02 -6.597142251057975908e-03 -3.785200712994044731e-02 9.992615789985590524e-01 -5.254004612847322508e-02
-9.676649196092206306e-01 2.522120995298705037e-01 3.695971361067884511e-03 8.617927867050096324e+01 -2.521699608973079210e-01 -9.669522777434035321e-01 -3.759791730020848460e-02 -1.211733251163580576e+02 -5.908821733949328261e-03 -3.731419857529582468e-02 9.992861133843164989e-01 -5.839979863664512827e-02
-9.679573467437244672e-01 2.510868092833781207e-01 3.740198474670965428e-03 8.716095592375832268e+01 -2.510593957269514620e-01 -9.673244772293678739e-01 -3.539117923383833242e-02 -1.209494360044751460e+02 -5.268272736125694314e-03 -3.519616391817569079e-02 9.993665370324099628e-01 -6.178052458721417645e-02
-9.682693336325723932e-01 2.498645720241565726e-01 4.710964849043867107e-03 8.815498005385693148e+01 -2.498795690953729276e-01 -9.676941655220034910e-01 -3.358873264641100420e-02 -1.206922539006687884e+02 -3.833861108896167297e-03 -3.370011364350790350e-02 9.994246363992317361e-01 -7.094291758221234201e-02
-9.685856733210811420e-01 2.485954642522995028e-01 6.487571673707350460e-03 8.915107935850163301e+01 -2.486750840776827953e-01 -9.680707369836684117e-01 -3.161883540324878644e-02 -1.204479647510383131e+02 -1.579870774546604083e-03 -3.223884841000038831e-02 9.994789445775499326e-01 -7.865449600894408588e-02
-9.688475316021926131e-01 2.475557186531522624e-01 7.115241833584189969e-03 9.014190268969592523e+01 -2.476576118028172291e-01 -9.683987479293599820e-01 -2.948851170154180926e-02 -1.202096807387009108e+02 -4.096584231851552399e-04 -3.033201557245520513e-02 9.995397946073006912e-01 -8.240578550639612865e-02
-9.691503808080189630e-01 2.463438143582475093e-01 7.890785955263924373e-03 9.113169041056754338e+01 -2.464695644552215015e-01 -9.687215722941433516e-01 -2.883173887596396021e-02 -1.199574585006280927e+02 5.414540481818289931e-04 -2.988712928848932110e-02 9.995531333164425769e-01 -8.975497678040879335e-02
-9.694031651072896327e-01 2.453126736237241923e-01 8.899192965734575855e-03 9.211798056301111615e+01 -2.454649609437006830e-01 -9.690418638412577890e-01 -2.654842875503101926e-02 -1.197376729720144937e+02 2.111024500045417373e-03 -2.792057091739700084e-02 9.996079157787386427e-01 -1.041149799910721929e-01
-9.696242388212474861e-01 2.443440033271011835e-01 1.117333988985054136e-02 9.311425893330766712e+01 -2.445604950417640810e-01 -9.692722923847736372e-01 -2.648372099009899464e-02 -1.194894639988629592e+02 4.358870359171117259e-03 -2.841181534079500332e-02 9.995867991277869180e-01 -1.197059317474661044e-01
-9.698494401104692519e-01 2.433597967402707229e-01 1.296429110426388157e-02 9.413085339623995651e+01 -2.436228497179761532e-01 -9.695302775790093364e-01 -2.566998150068918599e-02 -1.192284291958945630e+02 6.322231272864542798e-03 -2.805441472936783670e-02 9.995864040683137830e-01 -1.247952185997567853e-01
-9.701831670038546518e-01 2.419975959354241646e-01 1.348280459470689932e-02 9.510329920015207961e+01 -2.422833636239557498e-01 -9.698349536255035375e-01 -2.681295274042557603e-02 -1.190030197205528708e+02 6.587425066005320184e-03 -2.928013465461205486e-02 9.995495383110831744e-01 -1.412168571963957620e-01
-9.704466326842939861e-01 2.409758578910482230e-01 1.280503890207468007e-02 9.609114580423303664e+01 -2.412421543976782934e-01 -9.700947106043447121e-01 -2.680439136440746634e-02 -1.187814706528590989e+02 5.962889303968564592e-03 -2.910134651251470445e-02 9.995586804058043118e-01 -1.572534710749393660e-01
-9.706822740807370398e-01 2.400808538891455179e-01 1.170924323794106728e-02 9.709291051998350497e+01 -2.403173214920571454e-01 -9.703152051807967249e-01 -2.712909108696829122e-02 -1.185447530222765096e+02 4.848481401805563619e-03 -2.914766180157433648e-02 9.995633576876840065e-01 -1.677343034939086097e-01
-9.709306834088182736e-01 2.390723131601009410e-01 1.174891873594493576e-02 9.807524738157714239e+01 -2.393127972000565207e-01 -9.705490480793549368e-01 -2.763929025701551689e-02 -1.183165573390920144e+02 4.795112839552907041e-03 -2.964750158484867268e-02 9.995489145284018884e-01 -1.910576102971035528e-01
-9.711402813520444433e-01 2.382410508354433354e-01 1.130290352962332219e-02 9.907911594690000356e+01 -2.384762570269975956e-01 -9.707014076858978546e-01 -2.945932701836603829e-02 -1.180692006698495646e+02 3.953323341650368493e-03 -3.130461325624307733e-02 9.995020722418248571e-01 -2.110302456878252741e-01
-9.713678824616801544e-01 2.373994695956583856e-01 9.269776346787940782e-03 1.000576733635607241e+02 -2.375676017516326899e-01 -9.709806761725924273e-01 -2.753472525291900813e-02 -1.178363414927808464e+02 2.464044534931169542e-03 -2.894854629846448785e-02 9.995778659734310123e-01 -2.205882097787658092e-01
-9.716564416121268311e-01 2.362998720672260244e-01 6.791901838431082736e-03 1.010310965411130155e+02 -2.363974516538543125e-01 -9.712472995216886451e-01 -2.819446791036183883e-02 -1.176376644948332597e+02 -6.573284077194201753e-05 -2.900092464930965550e-02 9.995793825609521344e-01 -2.267222402521602287e-01
-9.719203620907040930e-01 2.352620909052787479e-01 4.749561270757296158e-03 1.020290693826096486e+02 -2.353023967195554678e-01 -9.715282749206317625e-01 -2.766935353650579535e-02 -1.174027036743748482e+02 -1.895216898734114605e-03 -2.800999125827905584e-02 9.996058465889777755e-01 -2.471957223662603897e-01
-9.721081930496879853e-01 2.344893879455765828e-01 4.515300930695744300e-03 1.030195064757918146e+02 -2.345247447925771223e-01 -9.717342760696991988e-01 -2.703036789657716973e-02 -1.171700862055124759e+02 -1.950661742632107086e-03 -2.733539189172751530e-02 9.996244150985583721e-01 -2.603275373109423252e-01
-9.723714855434516524e-01 2.333859400766867265e-01 4.969614920528625350e-03 1.040031993532072789e+02 -2.334344506928506535e-01 -9.720022034837413338e-01 -2.683418807837895798e-02 -1.169414549853031389e+02 -1.432245557391474515e-03 -2.725287865413933072e-02 9.996275452737204414e-01 -2.751465931894823136e-01
-9.726429370386571183e-01 2.322054193678405598e-01 6.808835505211126467e-03 1.050008872919654976e+02 -2.323049718111030448e-01 -9.722671835066327706e-01 -2.703560513964313114e-02 -1.167234883300996131e+02 3.421932905599884720e-04 -2.787771672763399503e-02 9.996112823523140012e-01 -2.749331519646410205e-01
-9.728201386090609137e-01 2.314343313937246849e-01 7.689484046779779605e-03 1.059837257619955722e+02 -2.315608871208013342e-01 -9.723835278650684311e-01 -2.915184882392190743e-02 -1.164932699031747347e+02 7.303889836804398385e-04 -3.014008936087318041e-02 9.995454174460888241e-01 -2.951283547220841519e-01
-9.731235590338846997e-01 2.301550126366157245e-01 7.694738941917986762e-03 1.069692366828083294e+02 -2.302830702983890976e-01 -9.726499212856246634e-01 -3.036178773316783319e-02 -1.162697602109985553e+02 4.963695870391314751e-04 -3.131773904612888265e-02 9.995093560495011964e-01 -2.987627074497295476e-01
-9.733534948606163972e-01 2.291941144443624401e-01 7.282303386255049166e-03 1.079523767272748671e+02 -2.293097734884271266e-01 -9.728684317914186863e-01 -3.072526979095097088e-02 -1.160615904918867187e+02 4.267207468058924159e-05 -3.157645207144305771e-02 9.995013385913411597e-01 -3.166800939131757531e-01
-9.734956881843898069e-01 2.285740611785939680e-01 7.748783042953222115e-03 1.089383603634587274e+02 -2.287053266590048373e-01 -9.729568289660364133e-01 -3.238645586482069572e-02 -1.158318517444990903e+02 1.365276338827075566e-04 -3.330026309694400499e-02 9.994453831150957868e-01 -3.301009450478930574e-01
-9.735298353216195189e-01 2.284435447077987624e-01 7.294286525736611883e-03 1.099142794552701616e+02 -2.285593374993840909e-01 -9.729561819514667143e-01 -3.342001259114727590e-02 -1.156135576641421068e+02 -5.375649720922941709e-04 -3.420255665008243434e-02 9.994147768242628294e-01 -3.412104608972367226e-01
-9.732482017907937433e-01 2.296915452072172958e-01 5.452684406351633942e-03 1.109119624039918364e+02 -2.297436614239778963e-01 -9.726722389601207830e-01 -3.356434997326594033e-02 -1.153752984274071736e+02 -2.405772659103036504e-03 -3.391916293578429303e-02 9.994216840932714785e-01 -3.474861960602799171e-01
-9.728503117485705065e-01 2.314049343779817913e-01 3.745300010061430006e-03 1.118840496540522906e+02 -2.313923370977852279e-01 -9.722309956233622374e-01 -3.499253461725523873e-02 -1.151597974543189054e+02 -4.456148418876240171e-03 -3.490913193365603739e-02 9.993805557649603211e-01 -3.635986885577567884e-01
-9.722603082861773771e-01 2.338749454363693303e-01 3.521764379350779666e-03 1.128622409840785110e+02 -2.338516988828334142e-01 -9.716327157942059589e-01 -3.525972951239014080e-02 -1.149345509902939426e+02 -4.824505827256788879e-03 -3.510520606890740747e-02 9.993719771149011111e-01 -3.704887522542107403e-01
-9.714888345963678118e-01 2.370652839972513526e-01 3.081456448269628227e-03 1.138486295438803779e+02 -2.370259488745521670e-01 -9.708727258607503519e-01 -3.499785332158462936e-02 -1.147100596658553968e+02 -5.305074015164857985e-03 -3.473040887525366549e-02 9.993826368719874731e-01 -3.620699768146337094e-01
-9.704362185876745928e-01 2.413040454044584615e-01 5.089530494559535781e-03 1.147911237095484864e+02 -2.413276147826480533e-01 -9.697664339973509628e-01 -3.624977010477815204e-02 -1.144653725285296844e+02 -3.811560332570687430e-03 -3.640633407970471358e-02 9.993298008359683404e-01 -3.777345268153986524e-01
-9.692413188479563901e-01 2.459986393274876115e-01 7.478989428010096238e-03 1.157785266877029784e+02 -2.461028175559191178e-01 -9.684895448325060441e-01 -3.822832377199666953e-02 -1.142140976021358370e+02 -2.160792564470060458e-03 -3.889307132077027968e-02 9.992410419767948637e-01 -3.908633362018765767e-01
-9.679152783422266815e-01 2.511292752501566583e-01 8.608197255868414721e-03 1.167575778665730013e+02 -2.512745076587688531e-01 -9.671931448396742237e-01 -3.739709043788370935e-02 -1.139747611094802693e+02 -1.065714842551657073e-03 -3.836023572761933925e-02 9.992634069948365116e-01 -3.886408061127367142e-01
-9.663410730033739071e-01 2.570619979111152253e-01 1.020097312118390699e-02 1.177424939256863183e+02 -2.572641495721965099e-01 -9.655347499403330591e-01 -3.946902582745805133e-02 -1.137141071538580519e+02 -2.965926028220217201e-04 -4.076488544329449210e-02 9.991687225587814192e-01 -3.960338404117035305e-01
-9.645532598905842692e-01 2.636690331082486849e-01 1.075406017305596471e-02 1.186968091558440648e+02 -2.638880018123172522e-01 -9.636951117388234955e-01 -4.067989807500883848e-02 -1.134602705067750179e+02 -3.623941719796988604e-04 -4.207579575067119798e-02 9.991143558544873793e-01 -4.121468928947055743e-01
-9.623483719333441044e-01 2.715834136127076581e-01 1.131638121144255306e-02 1.196573967022377758e+02 -2.718190709998506982e-01 -9.615047194798258534e-01 -4.028730638760711497e-02 -1.131941740790766886e+02 -6.061025149001653296e-05 -4.184643193963510227e-02 9.991240525842752795e-01 -4.216727061748441474e-01
-9.598474139086758949e-01 2.802647864277640899e-01 1.202462047033411863e-02 1.206236016896997825e+02 -2.805225921029692593e-01 -9.589851991114801688e-01 -4.067509314173414076e-02 -1.129356273664013770e+02 1.316367639702427242e-04 -4.241506066595109037e-02 9.991000677072163771e-01 -4.296449200702043836e-01
-9.569498974552126391e-01 2.899890927048232037e-01 1.237820135316082190e-02 1.215904975489133619e+02 -2.902531162138173304e-01 -9.561011055655899149e-01 -4.029645718346722139e-02 -1.126487493408273650e+02 1.492789411035238623e-04 -4.215450208537407928e-02 9.991110927528638053e-01 -4.236424220980265498e-01
-9.533698628581502854e-01 3.014927862556926463e-01 1.371147058786649497e-02 1.225285400299976999e+02 -3.018038883585724697e-01 -9.524686298376525695e-01 -4.144782435680133270e-02 -1.123583790722600213e+02 5.635255546044004322e-04 -4.365328176132265287e-02 9.990465822085056180e-01 -4.446125318325492848e-01
-9.488507240585830615e-01 3.154256331093983068e-01 1.374676060525766193e-02 1.234965193917247177e+02 -3.157249451746144686e-01 -9.479161444110559831e-01 -4.210394466563454480e-02 -1.120432714361680127e+02 -2.498870911956732610e-04 -4.429055362011459496e-02 9.990186606908487699e-01 -4.521959815695795193e-01
-9.436378291843291466e-01 3.306816472819777974e-01 1.404619091774323737e-02 1.244372969847135977e+02 -3.309795038364514164e-01 -9.427272689143944007e-01 -4.144712875920558010e-02 -1.117249133989052439e+02 -4.640776103804287859e-04 -4.376007990898598404e-02 9.990419610959254682e-01 -4.550377504649760207e-01
-9.376339930418162716e-01 3.473239818685849856e-01 1.444114633886377577e-02 1.253752730026048567e+02 -3.476235365920712916e-01 -9.367502531346916239e-01 -4.070430021831893119e-02 -1.113768363782358648e+02 -6.098321422271455730e-04 -4.318581791041157386e-02 9.990668712494773507e-01 -4.687012073811432367e-01
-9.310224731441557600e-01 3.646593007365271921e-01 1.485762037127002881e-02 1.262936110113359263e+02 -3.649609597043256271e-01 -9.301582826245641256e-01 -4.011317929957598089e-02 -1.110190596535208982e+02 -8.077052649859394742e-04 -4.276872278676280975e-02 9.990846730660203345e-01 -4.835661248165056825e-01
-9.234759650108860241e-01 3.834278356031881052e-01 1.323770856768299517e-02 1.272231125851792370e+02 -3.836497585470114990e-01 -9.227091995806971925e-01 -3.769079161830461711e-02 -1.106507007030153744e+02 -2.237143175324830206e-03 -3.988518385740628946e-02 9.992017650560404141e-01 -4.780669571155924946e-01
-9.154896813198878380e-01 4.021690286309150264e-01 1.177776732571827155e-02 1.281388471523584087e+02 -4.023225348056445050e-01 -9.147704684090811611e-01 -3.649065785897963321e-02 -1.102652842774687372e+02 -3.901458691610215721e-03 -3.814528193925641880e-02 9.992645876232553181e-01 -4.857944453310831801e-01
-9.065103916521946026e-01 4.219771288497218276e-01 1.319896021215545556e-02 1.290343695711675309e+02 -4.221690982295440708e-01 -9.057781002318310293e-01 -3.659625168237218978e-02 -1.098634292816465177e+02 -3.487452105306756197e-03 -3.874707557587880880e-02 9.992429643505841286e-01 -4.966704129737398721e-01
-8.970595263292995281e-01 4.416679800980548576e-01 1.461511458594192195e-02 1.299315558332030207e+02 -4.419002759460751162e-01 -8.963333261967645349e-01 -3.620379074763031141e-02 -1.094374167550446231e+02 -2.890040861550738707e-03 -3.893537854786360136e-02 9.992375513125772990e-01 -5.061869978168203055e-01
-8.867090008385464239e-01 4.620641280672693751e-01 1.561695814805814930e-02 1.307922828596445868e+02 -4.623249009757926520e-01 -8.860741141095292983e-01 -3.359092495518758992e-02 -1.089896365092958490e+02 -1.683379093978733688e-03 -3.700548413355085609e-02 9.993136446435927356e-01 -5.103733590239375451e-01
-8.757294587372137507e-01 4.825307091090226819e-01 1.618733650370288157e-02 1.316789633702886420e+02 -4.827979264927185210e-01 -8.750892296376502344e-01 -3.354105459078709356e-02 -1.085158899069344187e+02 -2.019225024759436181e-03 -3.718810208164421982e-02 9.993062432437058717e-01 -5.157265142583761230e-01
-8.641322114442677726e-01 5.029650150329051383e-01 1.736993937695768819e-02 1.325238834154942538e+02 -5.032561831027921873e-01 -8.633997702779528938e-01 -3.569384889966224078e-02 -1.080404163075079822e+02 -2.955555580307585306e-03 -3.958573397616077516e-02 9.992118065499197010e-01 -5.212472837244224166e-01
-8.515688030806591868e-01 5.239399853264135043e-01 1.781755854656313920e-02 1.333545163490447010e+02 -5.242296516069261392e-01 -8.508141474468510213e-01 -3.603552242980963966e-02 -1.075335387375788372e+02 -3.721020208440973046e-03 -4.002721921325611693e-02 9.991916611554696459e-01 -5.346596161651215873e-01
-8.379456309876317510e-01 5.454254852733958492e-01 1.892510289827251460e-02 1.342078161659540001e+02 -5.457443507014416717e-01 -8.372241349618013695e-01 -3.491205395388872340e-02 -1.070120651635768922e+02 -3.197371066334836129e-03 -3.958267107260625417e-02 9.992111833646470931e-01 -5.388431068465980855e-01
-8.234936099359028150e-01 5.668680647711034082e-01 2.277875181281944703e-02 1.350014244697474055e+02 -5.673230003106715102e-01 -8.227056033391973999e-01 -3.605694869330051261e-02 -1.064738250306562293e+02 -1.699325973549014636e-03 -4.261557666448254067e-02 9.990900984939937723e-01 -5.474276267733987344e-01
-8.081030817718046766e-01 5.884950723138083761e-01 2.535663798870560134e-02 1.358158058555368370e+02 -5.890389871027061908e-01 -8.072360039712656032e-01 -3.745805069326543779e-02 -1.059101309409639526e+02 -1.575087127022319717e-03 -4.520601455958534604e-02 9.989764438364506782e-01 -5.476936469151988396e-01
-7.918467151379009472e-01 6.102535039728107513e-01 2.386295478558635511e-02 1.366031335768910537e+02 -6.107061851321183843e-01 -7.909625310614755156e-01 -3.763283000718514737e-02 -1.053511150773889113e+02 -4.090863260195847645e-03 -4.437268690560929735e-02 9.990066713923853037e-01 -5.420545920165549258e-01
-7.754927334721616328e-01 6.309525430530343870e-01 2.258115904291848122e-02 1.373697167627488795e+02 -6.313201058511990205e-01 -7.745679159581486672e-01 -3.846384682227740187e-02 -1.047440786780016708e+02 -6.778220668043955822e-03 -4.408437342926925517e-02 9.990048166729946777e-01 -5.503109311021313621e-01
-7.582858190104498908e-01 6.515931136133180646e-01 2.071306293988033759e-02 1.381081461209724353e+02 -6.518711514652461014e-01 -7.574457965238452495e-01 -3.660419664127381040e-02 -1.041417933266688323e+02 -8.162020003579470787e-03 -4.125869141831443182e-02 9.991151594304930050e-01 -5.566437602293462517e-01
-7.405457056703710350e-01 6.717806635534023796e-01 1.740108864358164836e-02 1.388408887585862033e+02 -6.719315952696170990e-01 -7.398301242020571822e-01 -3.404876793003072666e-02 -1.034923211169061119e+02 -9.999454340511569964e-03 -3.690701012561368316e-02 9.992686743355765344e-01 -5.448983965636551297e-01
-7.227396251173595632e-01 6.909243421194833923e-01 1.646170553414146032e-02 1.395408621618066434e+02 -6.910194506107653067e-01 -7.220218848454419414e-01 -3.430038888594998114e-02 -1.028380388047006306e+02 -1.181326196767308427e-02 -3.616560891907853736e-02 9.992759856841789690e-01 -5.562289062887063595e-01
-7.030550792889588285e-01 7.109040463013236444e-01 1.813814862588053814e-02 1.402372207757164233e+02 -7.110673924021244652e-01 -7.024064122618929318e-01 -3.175524321510374975e-02 -1.021460775477147536e+02 -9.834578991253176833e-03 -3.522313108278840588e-02 9.993310823169045953e-01 -5.646708924088533754e-01
-6.824648616790923716e-01 7.306414506694298705e-01 2.011922300285932941e-02 1.408873455273663069e+02 -7.308962573406602159e-01 -6.819713245621061848e-01 -2.656639750113263393e-02 -1.014533499839996153e+02 -5.689778048587203207e-03 -3.283569758925249105e-02 9.994445674380673106e-01 -5.745974287476213194e-01
-6.608986516371728737e-01 7.501205702905526795e-01 2.306734246567249472e-02 1.415309860178784049e+02 -7.504687315582768692e-01 -6.604534555035028731e-01 -2.445232223117455028e-02 -1.007079378787275914e+02 -3.107283855951315215e-03 -3.347182603255870886e-02 9.994348311125437201e-01 -5.838262822055706458e-01
-6.382266619873033786e-01 7.694770988496011377e-01 2.391071458332642147e-02 1.421575142476692122e+02 -7.698437384518452831e-01 -6.378054487116873172e-01 -2.334154998736211878e-02 -9.998260614537706203e+01 -2.710404122801402318e-03 -3.330471343787163446e-02 9.994415689594754459e-01 -5.767970695744427667e-01
-6.156339738499796432e-01 7.876328138912140897e-01 2.508706281892360279e-02 1.427556312736972188e+02 -7.880201625510870889e-01 -6.151362535080817651e-01 -2.513191255328406717e-02 -9.924153504941585879e+01 -4.362757168568281822e-03 -3.524117051608043061e-02 9.993693142389354911e-01 -5.719874390113648399e-01
-5.921932543672473459e-01 8.052991351148263144e-01 2.829226860254225456e-02 1.433442840867292603e+02 -8.057779718376285594e-01 -5.915802124618234625e-01 -2.747202796291245072e-02 -9.846532256028659447e+01 -5.386054087176478204e-03 -3.906603645664143837e-02 9.992221150518958428e-01 -5.952260557253680195e-01
-5.677794914595909459e-01 8.225953962040193357e-01 3.103648207065477435e-02 1.439135172372973273e+02 -8.231600803798735377e-01 -5.670947887533691611e-01 -2.847775681568127243e-02 -9.766571063969649913e+01 -5.825044407002018601e-03 -4.171707935869486961e-02 9.991124832266252698e-01 -5.865941923813849934e-01
-5.430974315805808805e-01 8.389850850996277698e-01 3.389995263225111660e-02 1.444776930842656384e+02 -8.396390803221580601e-01 -5.422901545678401325e-01 -3.045657646522325832e-02 -9.687008070816473548e+01 -7.169002844444728392e-03 -4.500461350411415901e-02 9.989610553737264809e-01 -5.972242578659399115e-01
-5.180358568686946885e-01 8.545007739262869828e-01 3.830506957638998844e-02 1.450136300952888746e+02 -8.553212861561021452e-01 -5.170734055194463608e-01 -3.256671227161127974e-02 -9.603533045492652320e+01 -8.021748065514127529e-03 -4.963386607342731155e-02 9.987352656677329632e-01 -6.037056815381593999e-01
-4.928117081714208925e-01 8.691191121532622077e-01 4.205459756889363271e-02 1.455322164336155879e+02 -8.701119293690705581e-01 -4.918628625097027918e-01 -3.124347689904018524e-02 -9.521163522240031796e+01 -6.469208160849202610e-03 -5.198935824938453326e-02 9.986266849861364925e-01 -6.144200239376557127e-01
-4.665978349420837334e-01 8.833371939982950227e-01 4.474217388772214199e-02 1.460173220160498317e+02 -8.844420186453640920e-01 -4.655864724092076412e-01 -3.148892439209531602e-02 -9.430109032124917690e+01 -6.983987205937728336e-03 -5.426452253790239183e-02 9.985021710082772062e-01 -6.100190531381335379e-01
-4.416338170745764957e-01 8.960192403228168789e-01 4.592485803034290076e-02 1.465052724778915376e+02 -8.971604288072289046e-01 -4.405857910156578683e-01 -3.142173981194990723e-02 -9.343808942284420027e+01 -7.920643533049888732e-03 -5.507886821575080916e-02 9.984505905020473193e-01 -6.030233463393490645e-01
-4.178045873077197436e-01 9.073561331829693710e-01 4.630523077948842103e-02 1.469342825342118317e+02 -9.084719341280361737e-01 -4.166221807307030067e-01 -3.323707899477380129e-02 -9.253375381540820399e+01 -1.086608124811990796e-02 -5.595360663927771705e-02 9.983742395385352131e-01 -6.121013894475304529e-01
-3.952000355342802917e-01 9.174746949178691491e-01 4.535544175453059407e-02 1.473673171941548219e+02 -9.184611685177181961e-01 -3.938174096689192605e-01 -3.656405013060685938e-02 -9.162299006513050870e+01 -1.568482815210995446e-02 -5.610732594346037883e-02 9.983015346743104867e-01 -6.057319693276247419e-01
-3.743778528941028583e-01 9.261857982449254179e-01 4.495653889597928804e-02 1.477710963934724475e+02 -9.270862143348110873e-01 -3.728794994734774826e-01 -3.836704390437586237e-02 -9.069987711410639974e+01 -1.877163946301788067e-02 -5.604235897354557794e-02 9.982519118660933000e-01 -6.180922392392990128e-01
-3.540568613692444133e-01 9.340363614404472159e-01 4.711490658117348934e-02 1.481734801930260232e+02 -9.350760422787174342e-01 -3.526555999042922940e-01 -3.559245717419440985e-02 -8.974244026589879297e+01 -1.662931354862230010e-02 -5.665777405383793514e-02 9.982551590459813884e-01 -6.295687061655184102e-01
-3.339250352606171757e-01 9.412662759070459240e-01 5.011854610805911714e-02 1.485460380448897411e+02 -9.425408434388505841e-01 -3.328380399429053393e-01 -2.890670530704758309e-02 -8.876523102451126590e+01 -1.052754820142517631e-02 -5.689144930961779340e-02 9.983248638174171408e-01 -6.234801486337721022e-01
-3.148674328898745101e-01 9.476782582436238389e-01 5.257773821101123513e-02 1.489229891407610182e+02 -9.490960752981599802e-01 -3.138649239924083956e-01 -2.656029623362178918e-02 -8.777297139202536869e+01 -8.668307465527597469e-03 -5.826429727608410658e-02 9.982635584355197267e-01 -5.929261035278710068e-01
-2.946392602152953510e-01 9.541940224927022429e-01 5.197570371527643340e-02 1.492441236850110045e+02 -9.555373114737916174e-01 -2.935170596138426680e-01 -2.821669881861265522e-02 -8.675679768050171958e+01 -1.166844962104423601e-02 -5.797847145576897482e-02 9.982496401816643994e-01 -5.891379341485255550e-01
-2.750876760925728970e-01 9.600878532987581204e-01 5.057750891344745675e-02 1.495604480153529607e+02 -9.612859931860988638e-01 -2.737932049467813878e-01 -3.108890838088720215e-02 -8.575440696268746876e+01 -1.600030504489970140e-02 -5.717162644757059486e-02 9.982361420823874232e-01 -5.978385895844203768e-01
-2.559640781898354644e-01 9.654425045388368432e-01 4.902204712090196814e-02 1.498580320710615297e+02 -9.665548565602771758e-01 -2.547637595999384108e-01 -2.944717387744579667e-02 -8.474885555898521261e+01 -1.594051227175617355e-02 -5.491991644013531626e-02 9.983635123733404226e-01 -6.085913590885572155e-01
-2.381022124561054942e-01 9.700776565865438794e-01 4.750449044860618336e-02 1.501246866376563389e+02 -9.711244741209321685e-01 -2.370342153071121061e-01 -2.705617364298764857e-02 -8.370525092564325575e+01 -1.498639990646796587e-02 -5.257490811033123379e-02 9.985045252009305816e-01 -6.086676361187308704e-01
-2.205040226079832966e-01 9.742618008274945840e-01 4.681793950800949150e-02 1.503768279698072377e+02 -9.752944657340095747e-01 -2.195713709912637812e-01 -2.427175611157864760e-02 -8.264606898009083125e+01 -1.336716565347839496e-02 -5.101329715764190559e-02 9.986085130756662265e-01 -6.021912524146386669e-01
-2.029583552892425535e-01 9.781578827580333924e-01 4.488944658058877796e-02 1.506224703066619099e+02 -9.790780235091063322e-01 -2.020372346219994342e-01 -2.423179116171244804e-02 -8.159373095134156983e+01 -1.463317788705248076e-02 -4.886831511447049109e-02 9.986980313760931427e-01 -5.894216287059036441e-01
-1.845902681479661134e-01 9.817923529330053745e-01 4.483535017183174626e-02 1.508488730113450913e+02 -9.826747201702872303e-01 -1.835993745190396820e-01 -2.533108780871060409e-02 -8.052194804970893927e+01 -1.663812605391350175e-02 -4.873443747496652295e-02 9.986731834574755773e-01 -5.831280689423852248e-01
-1.668566613828400824e-01 9.849845547168816218e-01 4.432021569266169497e-02 1.510546888469905014e+02 -9.858042454905235896e-01 -1.658066053215344893e-01 -2.642270235455772970e-02 -7.944613809244749802e+01 -1.867736920174647638e-02 -4.809986069050720126e-02 9.986678923811066477e-01 -5.940899200932673319e-01
-1.486658309803581546e-01 9.879669706792821859e-01 4.265835842359112784e-02 1.512419673717934927e+02 -9.886891084000761776e-01 -1.476336158109863572e-01 -2.642276307934532040e-02 -7.836424390435713860e+01 -1.980700949759056292e-02 -4.610401638564039922e-02 9.987402575442385633e-01 -5.818624013198616662e-01
-1.302398424685300704e-01 9.905618584469111365e-01 4.271753763541831506e-02 1.514142264969643747e+02 -9.912726813992578379e-01 -1.292050053912805196e-01 -2.616367115828318463e-02 -7.726197220228658580e+01 -2.039741504560791535e-02 -4.575228048470800918e-02 9.987445490622478550e-01 -5.749391919248048044e-01
-1.116548591777887373e-01 9.928146800493868884e-01 4.303723385703707438e-02 1.515515176617541329e+02 -9.935304230271757575e-01 -1.106215633288678418e-01 -2.569373933932902684e-02 -7.615210935110295054e+01 -2.074827551058579245e-02 -4.562763200760526494e-02 9.987430241320097712e-01 -5.721534502053778892e-01
-9.264162245689643027e-02 9.947478212137269571e-01 4.352357954858580152e-02 1.516744092714190799e+02 -9.954743593307583405e-01 -9.160260864276964510e-02 -2.529351695558705246e-02 -7.503657893231894604e+01 -2.117379745803592284e-02 -4.566983991533744847e-02 9.987321643037936347e-01 -5.609166556892251077e-01
-7.412412070612015014e-02 9.962864413262230157e-01 4.380572515871340028e-02 1.518083139038050717e+02 -9.970183365939918607e-01 -7.309067187186177317e-02 -2.474247715579806425e-02 -7.392712758864328748e+01 -2.144880463121730252e-02 -4.550912559431984777e-02 9.987336322859805549e-01 -5.503139333552143908e-01
-5.438923454281025666e-02 9.974729991418128661e-01 4.571025209366920417e-02 1.518750760359547201e+02 -9.983060283830436088e-01 -5.337335206160111201e-02 -2.315942527201387754e-02 -7.279282831628522388e+01 -2.066119200641005488e-02 -4.689244363704470064e-02 9.986862439556414284e-01 -5.535111214912846744e-01
-3.473219660841390943e-02 9.983166172889399448e-01 4.645003940882503485e-02 1.519699248078702851e+02 -9.992028899674677556e-01 -3.377274538861727016e-02 -2.128347586130231381e-02 -7.163205359812515383e+01 -1.967890227151163074e-02 -4.715223548455867858e-02 9.986938507299391032e-01 -5.389005504311533690e-01
-1.616510897214655518e-02 9.987624989845420576e-01 4.703360364255512738e-02 1.520170474677040886e+02 -9.996637701237487406e-01 -1.519008520577581726e-02 -2.101447140883411224e-02 -7.050221432492179474e+01 -2.027402153201456753e-02 -4.735749076017294751e-02 9.986722345751913865e-01 -5.235337179140221453e-01
3.505822153585176713e-03 9.988936475480398869e-01 4.689552320538395436e-02 1.520175500772893997e+02 -9.997686479320410102e-01 4.496390477108600306e-03 -2.103409327769438855e-02 -6.936314516604171843e+01 -2.122168274073871555e-02 -4.681093203895052984e-02 9.986783149817926031e-01 -5.254361698019190952e-01
2.233506905858376537e-02 9.987151480831153449e-01 4.548843454055448432e-02 1.520475240268602590e+02 -9.995487680772298100e-01 2.322152323448362435e-02 -1.905311232267857535e-02 -6.822099016700066443e+01 -2.008494263412740136e-02 -4.504235612728880317e-02 9.987831502510707837e-01 -5.315681509182041964e-01
4.109055148757828624e-02 9.980536386670224580e-01 4.690949711323147420e-02 1.520011580478581834e+02 -9.989357466112408490e-01 4.202067464503448507e-02 -1.901675681758077316e-02 -6.709609724135354725e+01 -2.095091205314770708e-02 -4.607816449685389615e-02 9.987181093943868770e-01 -4.919782602846294872e-01
6.000080001003645774e-02 9.972111984306886168e-01 4.438163719388069778e-02 1.519627283753100642e+02 -9.979655300983758526e-01 6.088767722281192285e-02 -1.890744544196695798e-02 -6.594341563208443802e+01 -2.155701112829012250e-02 -4.315688223617523273e-02 9.988357116054741303e-01 -4.907066409324359335e-01
7.714306788767257006e-02 9.959949208689644617e-01 4.520027298036014690e-02 1.519157374916103720e+02 -9.967896559586789662e-01 7.802047423680850968e-02 -1.797741274279483076e-02 -6.481174158658620854e+01 -2.143195851551192924e-02 -4.366833178168747637e-02 9.988161732496773082e-01 -4.994177806338195302e-01
9.426530453936739218e-02 9.943379932801920118e-01 4.905107009014333247e-02 1.518334769499356298e+02 -9.953540851469925288e-01 9.510275601048676086e-02 -1.502368049805312064e-02 -6.365593306480964486e+01 -1.960350826870793650e-02 -4.740697117764471752e-02 9.986832738855928593e-01 -4.812866742942674136e-01
1.107321766152172676e-01 9.926267674837039312e-01 4.929995470836564392e-02 1.517609916323222876e+02 -9.936363161188075388e-01 1.116013170667292664e-01 -1.523211456570838090e-02 -6.250346618702537427e+01 -2.062174451984285714e-02 -4.729954018097090596e-02 9.986678612747794670e-01 -4.520297627168120558e-01
1.263651484481381204e-01 9.906823825914964354e-01 5.079631953031463198e-02 1.516211222428554208e+02 -9.917188534211944795e-01 1.273490736716749727e-01 -1.661111673747593317e-02 -6.135014039877000869e+01 -2.292520494486982238e-02 -4.827660153024389278e-02 9.985708811668952967e-01 -4.352919435646217527e-01
1.410370028644886142e-01 9.887110984778011424e-01 5.058584354446896830e-02 1.514869044320125795e+02 -9.896889457480753105e-01 1.420975436752850429e-01 -1.800218711390014908e-02 -6.022118542966559573e+01 -2.498708630857186461e-02 -4.752527565179159863e-02 9.985574563757073641e-01 -4.238929139093252640e-01
1.561021972304645899e-01 9.864466554859967484e-01 5.054799597973173159e-02 1.513327614239292132e+02 -9.874101605559822969e-01 1.571696923079050900e-01 -1.785672551281616838e-02 -5.907604940384652537e+01 -2.555932013474098222e-02 -4.712413073827532300e-02 9.985619847800611959e-01 -4.213039851037835293e-01
1.691969152119194297e-01 9.844171488610521381e-01 4.790909003807289346e-02 1.511588600731382712e+02 -9.853047619802894896e-01 1.701027616010882260e-01 -1.547825927094265488e-02 -5.795270891888436893e+01 -2.338653238187704195e-02 -4.458618083518701980e-02 9.987317670792084101e-01 -4.254088967692716827e-01
1.831850703046384865e-01 9.819352932497316111e-01 4.739525171626075145e-02 1.509509434163724393e+02 -9.829147390908843374e-01 1.838213847958229397e-01 -9.397561655797213864e-03 -5.680260645674015763e+01 -1.794005826330343639e-02 -4.486399848225640363e-02 9.988320058654313049e-01 -4.084241798753583397e-01
1.943253172790264660e-01 9.798242866711739385e-01 4.671229293137893479e-02 1.507650338481144559e+02 -9.808097129211830190e-01 1.948471824419854559e-01 -6.847081811329290731e-03 -5.566554587371481944e+01 -1.581069571439934832e-02 -4.448530927452441081e-02 9.988849178715414334e-01 -3.731917963078293377e-01
2.043512602096429209e-01 9.777464346907553949e-01 4.746021383645847302e-02 1.505573450253822330e+02 -9.787163266365243031e-01 2.050062144306593337e-01 -9.316867251327206820e-03 -5.452261214208124329e+01 -1.883917251191462999e-02 -4.454617258341742742e-02 9.988296772116274092e-01 -3.428479707833049783e-01
2.133397373552356480e-01 9.758433012596692269e-01 4.707449255131965909e-02 1.503356920997597399e+02 -9.767034847670281739e-01 2.141743601610937298e-01 -1.340321935222255761e-02 -5.338528912293347162e+01 -2.316159114204260905e-02 -4.311838162221526966e-02 9.988014546712916664e-01 -3.475296556435204520e-01
2.198903730797127920e-01 9.744359994885839482e-01 4.607284150851712057e-02 1.501044420430606579e+02 -9.752488516146963216e-01 2.207057582215579961e-01 -1.336584107130134487e-02 -5.226267313216234101e+01 -2.319269812165476383e-02 -4.199346599212867154e-02 9.988486609888584944e-01 -3.644617217319134905e-01
2.261047074650127386e-01 9.730888487812279219e-01 4.443820019858162051e-02 1.498627605448985491e+02 -9.738905684952339215e-01 2.267727419257514476e-01 -1.054912844698858120e-02 -5.111020145540999948e+01 -2.034261176117256598e-02 -4.089273645279482144e-02 9.989564366095048387e-01 -3.533590299333593254e-01
2.307169974954152158e-01 9.719818117313745454e-01 4.495580860340718521e-02 1.496105991223437002e+02 -9.728228794300419757e-01 2.313557815251601479e-01 -9.494609408017537500e-03 -4.998010030366797452e+01 -1.962937388739091280e-02 -4.154347139767789604e-02 9.989438561082573109e-01 -3.306643482697028125e-01
2.348098285401067076e-01 9.709740533981998656e-01 4.553824816036452366e-02 1.493604617135100057e+02 -9.718433284212818490e-01 2.354497655504776965e-01 -9.162581555265838021e-03 -4.884405343602917782e+01 -1.961859880501323761e-02 -4.210457845868496862e-02 9.989205749433489601e-01 -3.216782778810127752e-01
2.388644567450270151e-01 9.698829765488379273e-01 4.765273446232809462e-02 1.491394441065919807e+02 -9.708751912349949942e-01 2.394718526069321007e-01 -7.388832715948445186e-03 -4.770892592720955605e+01 -1.857779167100941792e-02 -4.449992817134145601e-02 9.988366343105228307e-01 -3.231684868800750454e-01
2.408611829365144841e-01 9.692670221578499890e-01 5.007324943257163846e-02 1.488775381669209708e+02 -9.704048659088911899e-01 2.414232185739912662e-01 -5.406084461752374420e-03 -4.658627987409197146e+01 -1.732878443000536450e-02 -4.728920900277455708e-02 9.987309166804947402e-01 -3.106555038536167879e-01
2.427374510252097162e-01 9.687255291916102573e-01 5.147211827068523537e-02 1.486073542097098255e+02 -9.699428665713479836e-01 2.432886564259084394e-01 -4.633059174529225409e-03 -4.546600880602272099e+01 -1.701074519785022651e-02 -4.880039696955258688e-02 9.986636850285536271e-01 -2.920790057805571771e-01
2.444558032698881112e-01 9.681996052284163046e-01 5.320605867998642186e-02 1.483482978928546743e+02 -9.695005128070306455e-01 2.450437796213242869e-01 -4.722470887068174437e-03 -4.433521126169492987e+01 -1.761010816601929138e-02 -5.042886576063902726e-02 9.985723877515597646e-01 -2.816665753232449054e-01
2.454481281352350053e-01 9.678768574938826363e-01 5.449408334594424419e-02 1.480778390616694935e+02 -9.692184212506478325e-01 2.461283760226459505e-01 -6.039405627265430863e-03 -4.321110765686186284e+01 -1.925794117619296017e-02 -5.133430862186844773e-02 9.984958289604096704e-01 -2.675520132329360368e-01
2.465376825707485675e-01 9.675641223034586735e-01 5.512567732750010135e-02 1.478181227805702349e+02 -9.688813970513433516e-01 2.473711550171985574e-01 -8.737854929226211362e-03 -4.209239222199792607e+01 -2.209093740679460641e-02 -5.125603275765047012e-02 9.984411898463492196e-01 -2.478108494168390075e-01
2.474234173202043974e-01 9.673200529056070751e-01 5.543976736344061185e-02 1.475355871833245942e+02 -9.685702133477146480e-01 2.484416155760936218e-01 -1.218628167116163515e-02 -4.099206924721086409e+01 -2.556158000159219901e-02 -5.068213584771678187e-02 9.983876635481248041e-01 -2.451134052736248237e-01
2.487912854140508778e-01 9.670315232727225707e-01 5.434086211941865224e-02 1.472772394493777028e+02 -9.681686539378155931e-01 2.498886462013989729e-01 -1.432208180856432700e-02 -3.984342749132085970e+01 -2.742906905600391021e-02 -4.904791018907729561e-02 9.984197257006413029e-01 -2.321530609898945496e-01
2.500648874649671893e-01 9.667279709794375231e-01 5.389417575327509063e-02 1.470065329633091551e+02 -9.678275259279492948e-01 2.511765849331192846e-01 -1.483924637491227175e-02 -3.876390401458798607e+01 -2.788246955217132256e-02 -4.844949230646501681e-02 9.984363848429449462e-01 -2.161770270177230946e-01
2.509212280897044067e-01 9.666408935973253014e-01 5.141906374414234593e-02 1.467257640165469752e+02 -9.676095242115635431e-01 2.519869985237034316e-01 -1.530886101361576650e-02 -3.764031419111922361e+01 -2.775510662974148626e-02 -4.591225759872302747e-02 9.985598222687928072e-01 -1.989901363900415943e-01
2.516210143641464114e-01 9.664806938860786012e-01 5.100915087355195610e-02 1.464522563749646338e+02 -9.674540978636377853e-01 2.526354394330332376e-01 -1.441885102122702697e-02 -3.654394933780520205e+01 -2.682226038587640776e-02 -4.572092612127612310e-02 9.985940933400924147e-01 -1.871704479653898689e-01
2.529191172196731396e-01 9.662919699058792888e-01 4.808065138106680514e-02 1.461678107555877375e+02 -9.671785528119534181e-01 2.537816201035665853e-01 -1.267029098388299663e-02 -3.542258200676062785e+01 -2.444518603700894521e-02 -4.329801601046483206e-02 9.987630923699990504e-01 -1.669462555477463639e-01
2.535872637943434871e-01 9.661891662929791291e-01 4.660466260322183862e-02 1.458962157258873731e+02 -9.670139642235793254e-01 2.544115256737861652e-01 -1.260034112071076878e-02 -3.432052809560337181e+01 -2.403107639861485484e-02 -4.187207350758899438e-02 9.988339385596598508e-01 -1.397746820607803919e-01
2.536307647269822052e-01 9.661771756904359298e-01 4.661652449332628206e-02 1.455986942454624682e+02 -9.669646393418880326e-01 2.545189485429811826e-01 -1.412413149195692989e-02 -3.322599320023031311e+01 -2.551120227254511513e-02 -4.149421652267111515e-02 9.988129997877861488e-01 -1.232625590195861182e-01
2.550045369549514551e-01 9.658577055878150297e-01 4.573378057849853545e-02 1.453176507003716438e+02 -9.665868715574303938e-01 2.559040462352218381e-01 -1.493113688467786505e-02 -3.212397009033714568e+01 -2.612481311272396578e-02 -4.039816424638972836e-02 9.988420708283362037e-01 -1.156556861058599672e-01
2.556981539890653687e-01 9.657484520533313743e-01 4.414047349247980645e-02 1.450536411557293093e+02 -9.664241280461367545e-01 2.565410869018886486e-01 -1.452843614647971252e-02 -3.101532769707111825e+01 -2.535465976514252040e-02 -3.894352430351645522e-02 9.989196880301749459e-01 -1.034109424389420828e-01
2.562408658949376639e-01 9.656197682112659386e-01 4.380732680714428950e-02 1.447812192967242026e+02 -9.662983188698437420e-01 2.570505183449397490e-01 -1.387767859920099704e-02 -2.992246132853900775e+01 -2.466125685515181687e-02 -3.877491786706032534e-02 9.989436060889567148e-01 -7.483082590232523201e-02
2.564860393298700747e-01 9.654820806316355419e-01 4.537910978667902828e-02 1.444955007196174677e+02 -9.662020195355195407e-01 2.573674876639864273e-01 -1.468447256096570668e-02 -2.884237188647566441e+01 -2.585670259916759625e-02 -4.007902531381608152e-02 9.988619036943338081e-01 -5.851570499321953611e-02
2.569228504275198888e-01 9.653018464078794159e-01 4.672252397587780409e-02 1.442092996716959306e+02 -9.660569422019691377e-01 2.578694691939761308e-01 -1.540523535595663546e-02 -2.775129038443553142e+01 -2.691901459032167501e-02 -4.117866166495454811e-02 9.987891091057409243e-01 -4.424760105295505452e-02
2.575287939369937940e-01 9.650840607401919291e-01 4.787145282431960053e-02 1.439424762441352357e+02 -9.658800575417134660e-01 2.585170569447302058e-01 -1.564115428028416480e-02 -2.665428364221592616e+01 -2.747061578310067836e-02 -4.221003401100003466e-02 9.987310340069301962e-01 -2.618090206574748280e-02
2.586672693470813966e-01 9.648432411684499943e-01 4.656998751351407867e-02 1.436692939186214630e+02 -9.655623247263971365e-01 2.596528525496677453e-01 -1.642538362227554186e-02 -2.557521005606181674e+01 -2.793995047244999391e-02 -4.071751627649221328e-02 9.987799772858537706e-01 -6.897986975016600492e-03
2.587847190740752978e-01 9.648257679649822061e-01 4.627857648473300556e-02 1.433912340844642870e+02 -9.654780858525219278e-01 2.598387591402930852e-01 -1.832716514734090280e-02 -2.449923358933008544e+01 -2.970748907629586211e-02 -3.993816115639235720e-02 9.987604359241916141e-01 2.613697666414348947e-02
2.593669465447078215e-01 9.648583094829337181e-01 4.215720174208704984e-02 1.431114813189958284e+02 -9.652217660563656709e-01 2.604526708898706189e-01 -2.261301732878387080e-02 -2.341520806307846314e+01 -3.279831346296165073e-02 -3.482597946074426909e-02 9.988550554408944793e-01 5.342892664473543329e-02
2.604854857815688263e-01 9.647150534374799857e-01 3.836896356648045181e-02 1.427914764171915749e+02 -9.648122673483702227e-01 2.615755955573712543e-01 -2.674876778930421542e-02 -2.232737641577416454e+01 -3.584132344291351274e-02 -3.005118096268153197e-02 9.989055641289873444e-01 7.155549219248552584e-02
2.610309793240784271e-01 9.647039988369764396e-01 3.477100024387704685e-02 1.425272831658959376e+02 -9.645854244265136268e-01 2.620751253704162731e-01 -2.985946485351399435e-02 -2.127266936474491033e+01 -3.791815939534333435e-02 -2.574535467509782294e-02 9.989491427955472513e-01 9.810999042355028621e-02
2.615426476136857303e-01 9.646050237640561020e-01 3.365399835476902413e-02 1.422166582164207966e+02 -9.643344178593382665e-01 2.626208349865142289e-01 -3.300647751889354553e-02 -2.019507777725725006e+01 -4.067645517991300835e-02 -2.382110739330929941e-02 9.988883725561042981e-01 1.284906251467616278e-01
2.607018273631786509e-01 9.648769163615488198e-01 3.235882382010320940e-02 1.419633944192780746e+02 -9.644166885582438065e-01 2.618119537722140011e-01 -3.680966839900511045e-02 -1.914546056682125297e+01 -4.398872622311721103e-02 -2.161104189787347446e-02 9.987982553171482758e-01 1.653887092946839110e-01
2.607566661927896989e-01 9.647616787003761019e-01 3.522590444747632915e-02 1.416853729891761020e+02 -9.642732477102960997e-01 2.620436026818678821e-01 -3.886198707033815258e-02 -1.807443270180203854e+01 -4.672327879264671219e-02 -2.383387509492638709e-02 9.986234934188360501e-01 1.875993629743442914e-01
2.605287666552055792e-01 9.647103756420840615e-01 3.819231428586760541e-02 1.414267214077607662e+02 -9.642562663410573220e-01 2.619783751596591048e-01 -3.971377300143632411e-02 -1.702466598087805849e+01 -4.831784931047495429e-02 -2.648059807685466602e-02 9.984809278873139071e-01 2.193986409253483871e-01
2.612619091648856195e-01 9.645621703635389732e-01 3.690574914529463207e-02 1.411641083653010753e+02 -9.641466610645211821e-01 2.626099520050402814e-01 -3.817366973895911647e-02 -1.596368405628825826e+01 -4.651269474579965840e-02 -2.560922897661522743e-02 9.985893733712118969e-01 2.495179269239655440e-01
2.607516448145537069e-01 9.646884152763158804e-01 3.721345395214866597e-02 1.408726576382382234e+02 -9.644887421546228801e-01 2.619901688701700704e-01 -3.350548712755368336e-02 -1.489787617314877011e+01 -4.207191436518539773e-02 -2.715534651465015270e-02 9.987454836786570089e-01 2.882932763733516146e-01
2.618563336652396378e-01 9.643965972196978376e-01 3.701977562509312092e-02 1.406099033867025696e+02 -9.643499115319179582e-01 2.629773135461206945e-01 -2.953270532343460486e-02 -1.386555877192748021e+01 -3.821660166244719714e-02 -2.796669140972177919e-02 9.988780483723511683e-01 3.277240956987970133e-01
2.612498702241513593e-01 9.645965176622413040e-01 3.608411587669711068e-02 1.403421773691810586e+02 -9.645556635056891093e-01 2.623128526137444849e-01 -2.871131045428611250e-02 -1.280975228977637670e+01 -3.716015745125126474e-02 -2.730431220125531175e-02 9.989362328119836265e-01 3.804978749390430792e-01
2.614209071362579850e-01 9.645187030253298266e-01 3.691586140463889998e-02 1.400691607443839644e+02 -9.644350948338683560e-01 2.625627667886738514e-01 -3.042599783602395816e-02 -1.177293364426414435e+01 -3.903917467971595306e-02 -2.764896033977788659e-02 9.988550834949136981e-01 4.190452431831046542e-01
2.613287133834518716e-01 9.645357963191358852e-01 3.712143824274265896e-02 1.398070809216800683e+02 -9.643100277892380223e-01 2.625778117918926569e-01 -3.404501512622876841e-02 -1.074981720692081844e+01 -4.258490179970795403e-02 -2.689963514331248848e-02 9.987306622703804315e-01 4.602912732840142018e-01
2.610903387440986489e-01 9.645180252081559935e-01 3.920222008885766718e-02 1.395347458997809440e+02 -9.642556363520674578e-01 2.624903307401837971e-01 -3.619245814272068623e-02 -9.734468571559471428e+00 -4.519848197201527945e-02 -2.835146052167196104e-02 9.985756315396804306e-01 4.758911483637504047e-01
2.612682379867434790e-01 9.644595115390679485e-01 3.945577800477548941e-02 1.392661664863028363e+02 -9.641490782015069705e-01 2.627137680198992631e-01 -3.739025396003195501e-02 -8.726581129749412469e+00 -4.642696218030657740e-02 -2.827236622295333304e-02 9.985215122780349839e-01 5.031119605671364736e-01
2.613398298384756457e-01 9.644454136472155881e-01 3.932604012201752069e-02 1.390105128595592134e+02 -9.641692341879821715e-01 2.627559572359073337e-01 -3.656493918519546082e-02 -7.729207384866291441e+00 -4.559803921390949422e-02 -2.836108300331920823e-02 9.985571930449799183e-01 5.359614679658886160e-01
2.617893231859568792e-01 9.643729353337684440e-01 3.809451218211656193e-02 1.387623642262610701e+02 -9.640439840009420447e-01 2.631599983735287696e-01 -3.695960176789984258e-02 -6.733116705493551457e+00 -4.566779140946521792e-02 -2.704915616051241367e-02 9.985904045052316214e-01 5.846845292595105326e-01
2.617987995547710889e-01 9.644181740330137753e-01 3.686426648294858360e-02 1.384947615529247855e+02 -9.640307314159715091e-01 2.631281075291905247e-01 -3.752796169378204427e-02 -5.736371003062973095e+00 -4.589267296691337816e-02 -2.571351045942624897e-02 9.986153803837256593e-01 6.237496351185842780e-01
2.615359369652024979e-01 9.645330878824059928e-01 3.570540648943223982e-02 1.382563351763722608e+02 -9.640585899003804027e-01 2.628431458662021658e-01 -3.878808973944020827e-02 -4.768733112715348277e+00 -4.679731733546632633e-02 -2.427762443884403168e-02 9.986093370447371997e-01 6.601874474623270483e-01
2.617702836838718405e-01 9.644402823117690371e-01 3.648644174574078997e-02 1.379874434191755199e+02 -9.639806145380532820e-01 2.631162125180123712e-01 -3.887458681698130469e-02 -3.812064411861243229e+00 -4.709239184483367258e-02 -2.499601091711239204e-02 9.985777416203882595e-01 6.897531287982286985e-01
2.622627147877285014e-01 9.643027449195910039e-01 3.658530537675688116e-02 1.377254866360211452e+02 -9.638395021193587597e-01 2.636159163165328057e-01 -3.898798294436602724e-02 -2.830701857402242450e+00 -4.724068777265868352e-02 -2.503726826805201949e-02 9.985697034296313612e-01 7.188462256561938268e-01
2.622564155481562076e-01 9.643202338699234932e-01 3.616709899455584215e-02 1.374886794068768268e+02 -9.638469523402080075e-01 2.635896977842050459e-01 -3.898106824707008033e-02 -1.896735873961760355e+00 -4.712350754213608106e-02 -2.463651290809351982e-02 9.985852078114059172e-01 7.454204161224212699e-01
2.620080504640073249e-01 9.644008425750596469e-01 3.581614621023935380e-02 1.372396726965218079e+02 -9.639528030508595080e-01 2.633074160095881799e-01 -3.826484234767964232e-02 -9.611887861257376597e-01 -4.633330311105832156e-02 -2.449937778893013229e-02 9.986255582058058966e-01 7.791017745497506031e-01
2.626995192173640636e-01 9.642586554418096645e-01 3.455731478718542665e-02 1.370014276818085932e+02 -9.638167448292405126e-01 2.639213993856518448e-01 -3.745366908897006242e-02 -2.929497747725976972e-02 -4.523543947465005072e-02 -2.346785778553906257e-02 9.987006631907117127e-01 8.180085021695000513e-01
2.630260207814263396e-01 9.641532172266124023e-01 3.501265628650770956e-02 1.367573642087962469e+02 -9.638463937641112977e-01 2.641996035754224925e-01 -3.462222831705438070e-02 8.749822534441130673e-01 -4.263146273036540895e-02 -2.464027555295305108e-02 9.987869718799951002e-01 8.443725793069060126e-01
2.642477451971296243e-01 9.637799870732618457e-01 3.607306019823244142e-02 1.365232810849619511e+02 -9.636164104698693444e-01 2.653925286958475627e-01 -3.178394532955181734e-02 1.775430424972693988e+00 -4.020625108255722335e-02 -2.636175689601328101e-02 9.988435889258630018e-01 8.835928566028523612e-01
2.651373650242231372e-01 9.635353323817168469e-01 3.608103264639220958e-02 1.362914611764054200e+02 -9.634404293773868311e-01 2.662354195358028752e-01 -3.002066656200678973e-02 2.653197449326988089e+00 -3.853202179793502324e-02 -2.680232515663353784e-02 9.988978519615545615e-01 9.184553361044480724e-01
2.660387742029589608e-01 9.632737948165693842e-01 3.642755601232739587e-02 1.360755694178954514e+02 -9.632190804468930834e-01 2.671274436282368159e-01 -2.918787280348628457e-02 3.545139942530584065e+00 -3.784671291312802222e-02 -2.732261110282876992e-02 9.989099565202218534e-01 9.581732207025116521e-01
2.694142293674572364e-01 9.622737444106113092e-01 3.801596808011911688e-02 1.358215766971472931e+02 -9.622610115225443961e-01 2.705623146134066292e-01 -2.915097956760404063e-02 4.395326788340944368e+00 -3.833691057767755345e-02 -2.872759520321789897e-02 9.988518441451792462e-01 9.893106075597024596e-01
2.732313978397529208e-01 9.610915190990130252e-01 4.059181133212146075e-02 1.356062327724205545e+02 -9.611737673198897935e-01 2.744612606417040634e-01 -2.856580855079784986e-02 5.223662139034009222e+00 -3.859523604421905701e-02 -3.121070841963643691e-02 9.987673900491801371e-01 1.010068731621954985e+00
2.771426699885408684e-01 9.599229680941206988e-01 4.171133891066572397e-02 1.353896889990583929e+02 -9.600248857815997239e-01 2.784251888010225717e-01 -2.883804633198874812e-02 6.049457019025211935e+00 -3.929579044028431306e-02 -3.205167021577364633e-02 9.987134380196642791e-01 1.044112806358681311e+00
2.825342339963568539e-01 9.583347185010254732e-01 4.205917179831714092e-02 1.351649168369074232e+02 -9.584550473210596833e-01 2.838192188109241454e-01 -2.847056889929346774e-02 6.857740790706757572e+00 -3.922153591520283200e-02 -3.226791512080427055e-02 9.987093935500974684e-01 1.065940291980711940e+00
2.880046818713418721e-01 9.566776438109213521e-01 4.267539161230966133e-02 1.349332034702927388e+02 -9.568179603490954976e-01 2.893085770694929226e-01 -2.828317490192591363e-02 7.647073493649802600e+00 -3.940423794781095640e-02 -3.268689436961651901e-02 9.986885765638884305e-01 1.093733337376281423e+00
2.952219804456462926e-01 9.544255294828405400e-01 4.377089135285054666e-02 1.347035164406439378e+02 -9.545908035803770675e-01 2.965716078767446917e-01 -2.831393855136462440e-02 8.414729155146430273e+00 -4.000474942025077779e-02 -3.342439333656870015e-02 9.986402905675686448e-01 1.118838236277661879e+00
3.033048969911790738e-01 9.518092463007562509e-01 4.544555109368853679e-02 1.344585259838487730e+02 -9.520335609372889696e-01 3.047121097262523448e-01 -2.797550768740633340e-02 9.170094636598468796e+00 -4.047515663817065346e-02 -3.478058135905637283e-02 9.985750211408275234e-01 1.156487924387346711e+00
3.123986775033485985e-01 9.487633909790629261e-01 4.748783242787466691e-02 1.342215400263789320e+02 -9.490763136006598044e-01 3.138656098124676386e-01 -2.724940245889824128e-02 9.908156973895600572e+00 -4.075803296261584774e-02 -3.655689965060607283e-02 9.985000630084641671e-01 1.178512409611017553e+00
3.226723151675110479e-01 9.452246800400636584e-01 4.932424621016367333e-02 1.339927116242024567e+02 -9.456268313489242239e-01 3.241845560000902737e-01 -2.634899389293457808e-02 1.064629612728302099e+01 -4.089587817942034326e-02 -3.814023979062150516e-02 9.984352003247832785e-01 1.205861636192875563e+00
3.340439944423303498e-01 9.412626455237174117e-01 4.938868205651046617e-02 1.337382748794944973e+02 -9.416336231400097567e-01 3.355775430040728868e-01 -2.671764208789934036e-02 1.135383115220490602e+01 -4.172205105046229018e-02 -3.758117574185381587e-02 9.984222181406698926e-01 1.235096455231144752e+00
3.464991140753886922e-01 9.366924326056863537e-01 5.045444123913712248e-02 1.334863680175446348e+02 -9.371107094745172450e-01 3.480577523345034230e-01 -2.606375305305504153e-02 1.205034978077067898e+01 -4.197477966300680596e-02 -3.825032988338273460e-02 9.983862129091010118e-01 1.259538912978599656e+00
3.605881716088872868e-01 9.313520479305104072e-01 5.059183044630216619e-02 1.332411692252623823e+02 -9.317654704228534035e-01 3.621467565241600073e-01 -2.574557946374307973e-02 1.272974229990452244e+01 -4.229986546138578968e-02 -3.785616926950481631e-02 9.983875158579958997e-01 1.290635085186854658e+00
3.749884502183125634e-01 9.256239572774700441e-01 5.102893212021247793e-02 1.329694907507931418e+02 -9.260200918264498426e-01 3.765802674264623895e-01 -2.596327625681262019e-02 1.338821539148488604e+01 -4.324871941696294825e-02 -3.751788768162549192e-02 9.983596327794931335e-01 1.310136799583959677e+00
3.909292161551708999e-01 9.189445352695342351e-01 5.210843550698735643e-02 1.327016918285634404e+02 -9.193821722642783190e-01 3.925505045010780902e-01 -2.530855060718617891e-02 1.403033491413695799e+01 -4.371234692302659181e-02 -3.801371477881151928e-02 9.983206840520184588e-01 1.335574726535869727e+00
4.084770920304455211e-01 9.110918489756856253e-01 5.530016286405010223e-02 1.324272730996083567e+02 -9.116349214589071215e-01 4.102389378709552781e-01 -2.501567161658692709e-02 1.463968771853729400e+01 -4.547785458390107144e-02 -4.019523083210799208e-02 9.981563545615907973e-01 1.364032993283473827e+00
4.282970155811522961e-01 9.020103436844117972e-01 5.421260302665768804e-02 1.321322115417304417e+02 -9.025316507256244680e-01 4.299699451772137637e-01 -2.371635887169414036e-02 1.526643044625499535e+01 -4.470219096802320602e-02 -3.877094437458278309e-02 9.982477287656796872e-01 1.374129337998026168e+00
4.495122344898823119e-01 8.916842782172564874e-01 5.327193464051286492e-02 1.318372709674993928e+02 -8.922109000356467368e-01 4.510869680224815492e-01 -2.191476975148597475e-02 1.585998518057280648e+01 -4.357133112576794254e-02 -3.767884363292273858e-02 9.983395433605154468e-01 1.407908729599566700e+00
4.733069467611136227e-01 8.792850222033951058e-01 5.327648517534987888e-02 1.315309648221642362e+02 -8.798379856349339834e-01 4.748377624981302558e-01 -2.035235453408812747e-02 1.643244783885783633e+01 -4.319320752276187975e-02 -3.724176461444998754e-02 9.983723743088833702e-01 1.438477084619517177e+00
4.980410250164292729e-01 8.654448023732177475e-01 5.440984692025646607e-02 1.312036106668276148e+02 -8.660921180241459849e-01 4.995547463960768875e-01 -1.815209203121914694e-02 1.697434857038961908e+01 -4.289033098025442359e-02 -3.808345303910790763e-02 9.983536798669465639e-01 1.452734876949653753e+00
5.241745787496434605e-01 8.499379711970916906e-01 5.335218932757489901e-02 1.308772584435190822e+02 -8.506359971504128259e-01 5.255427993872022752e-01 -1.493875362136333138e-02 1.750771821105852410e+01 -4.073587287773691723e-02 -3.755277788228809921e-02 9.984640091285488239e-01 1.476906341114998078e+00
5.508597026928289120e-01 8.329035815642603646e-01 5.315272112086338180e-02 1.305322442063515496e+02 -8.336363311512944296e-01 5.521642703414050279e-01 -1.284857729849289698e-02 1.804266568078459798e+01 -4.005065952421384828e-02 -3.723227595522030781e-02 9.985037317354917841e-01 1.507996560955387366e+00
5.798624192609499461e-01 8.128629170628445255e-01 5.489492498205348486e-02 1.301612351448052891e+02 -8.137233566130624984e-01 5.811633049784463712e-01 -1.017407708936960559e-02 1.852679840536767841e+01 -4.017304601033542394e-02 -3.876971766262727465e-02 9.984403013487765932e-01 1.528676069196932330e+00
6.093455257935646019e-01 7.910071149411300739e-01 5.482494234964588320e-02 1.297805146525666657e+02 -7.919248343386051658e-01 6.105724916088828280e-01 -7.502615816854931591e-03 1.900788845810931704e+01 -3.940922414447235039e-02 -3.884554800811596681e-02 9.984677943945385881e-01 1.541262443853750330e+00
6.394540091547924465e-01 7.670764612125897663e-01 5.188711617637196266e-02 1.293781057590084060e+02 -7.679405188121117831e-01 6.405027574813597635e-01 -4.855638088478854246e-03 1.949254123945907224e+01 -3.695848667048943353e-02 -3.674126167345011934e-02 9.986411517379386593e-01 1.556285646929507660e+00
6.693706706592751354e-01 7.413871123674734553e-01 4.783361654878133529e-02 1.289666885527628892e+02 -7.420531529468270548e-01 6.703194199927122732e-01 -5.384549960970203344e-03 1.993684724975161160e+01 -3.605583804802366815e-02 -3.189082615825590550e-02 9.988408040025182899e-01 1.586494260781514232e+00
6.987032545794936711e-01 7.138976019345047996e-01 4.651855530482017914e-02 1.285411839558611007e+02 -7.144806777707370937e-01 6.996334204494411013e-01 -5.517071555365686726e-03 2.037746868472324024e+01 -3.648456011528741078e-02 -2.938181307156183947e-02 9.989021903693137139e-01 1.593794047447209428e+00
7.282150221407386326e-01 6.839629810240263064e-01 4.356055684498857244e-02 1.281024560762663498e+02 -6.845161739097959108e-01 7.289917153664110527e-01 -2.947300321616378414e-03 2.075849287868474846e+01 -3.377112937061633319e-02 -2.767163733588053065e-02 9.990464410121124850e-01 1.594979387889154498e+00
7.562266279184058915e-01 6.529553061526018887e-01 4.207915623643251890e-02 1.276833787726945388e+02 -6.536141854631543069e-01 7.568235237467065835e-01 2.578848812480871982e-03 2.115477860298621238e+01 -3.016262228318572491e-02 -2.945372756976681258e-02 9.991109518667207201e-01 1.603023759331864362e+00
7.825786163204871970e-01 6.212071165984688337e-01 4.089532443300574610e-02 1.272017943661679311e+02 -6.219134305291967868e-01 7.830616211264227466e-01 6.179194331654101584e-03 2.154124165012472503e+01 -2.818499955324224593e-02 -3.026905686072086168e-02 9.991443289073487222e-01 1.645161672437978284e+00
8.079431296438761567e-01 5.881139096502144836e-01 3.674137357605993665e-02 1.267255968608616428e+02 -5.887245533946500187e-01 8.082963309609061398e-01 7.774418422551886663e-03 2.187488769917298370e+01 -2.512567384215196389e-02 -2.791183670107979728e-02 9.992945661198774365e-01 1.648512922300429118e+00
8.325267018822137821e-01 5.531210037738779617e-01 3.092645845009418457e-02 1.262570938525135205e+02 -5.535237201034133303e-01 8.328138720194880884e-01 5.704897129930073217e-03 2.222420851957965127e+01 -2.260048518263650316e-02 -2.186800752297218126e-02 9.995053818300545512e-01 1.678122716511300849e+00
8.553291971755859757e-01 5.171821404705880809e-01 3.057119611835684356e-02 1.257366261676238253e+02 -5.175154978009873785e-01 8.556661489225808603e-01 3.626447344415841424e-03 2.249208834857643780e+01 -2.428320385056813996e-02 -1.892287407313717265e-02 9.995260130873616644e-01 1.692590561040475450e+00
8.772184268554401587e-01 4.790247051837335235e-01 3.198692551184029870e-02 1.252250135513909015e+02 -4.793549670993274558e-01 8.776156039531703978e-01 3.109214004589003124e-03 2.276796630094892393e+01 -2.658283462969268998e-02 -1.806055144406754423e-02 9.994834512763750567e-01 1.682154338002709304e+00
8.972411472674466371e-01 4.403565185649724878e-01 3.231810950928828974e-02 1.247120350834878906e+02 -4.408056279597901694e-01 8.975666326816272855e-01 8.033570327760464896e-03 2.303252114006165385e+01 -2.547002166562046047e-02 -2.145405441413541711e-02 9.994453469481409114e-01 1.669724454500723931e+00
9.158824884359926255e-01 4.002407511563301767e-01 3.109032783300123143e-02 1.241634996714614516e+02 -4.007388829324519119e-01 9.161183981576679347e-01 1.163736481355043609e-02 2.327327522320651099e+01 -2.382467369801760312e-02 -2.311756188996805586e-02 9.994488297287574818e-01 1.693345621940441248e+00
9.318200546964646724e-01 3.619526682864670497e-01 2.648870665734527272e-02 1.236302656657593531e+02 -3.623411996725948159e-01 9.319737337364304430e-01 1.156782788461143199e-02 2.351324634543535197e+01 -2.049977267607965004e-02 -2.037708376003445274e-02 9.995821795972547053e-01 1.702161356257496871e+00
9.459689992257818147e-01 3.235197668896158119e-01 2.185435723157390028e-02 1.230438986606618954e+02 -3.237666411510823905e-01 9.460959854708210770e-01 8.806154128861454558e-03 2.368980331554476848e+01 -1.782735471076590111e-02 -1.540606064353819762e-02 9.997223808188924199e-01 1.709051187911729386e+00
9.586290901467517944e-01 2.840175309981970986e-01 1.908689614894939005e-02 1.224627734707221691e+02 -2.841943506706597899e-01 9.587393573392350987e-01 7.239871024927037151e-03 2.384665017103447227e+01 -1.624310825408793735e-02 -1.236473903060412126e-02 9.997916156148133338e-01 1.709956960246126201e+00
9.689366561782120080e-01 2.466030539548163814e-01 1.867324526732537515e-02 1.218913049613222483e+02 -2.467766566950144180e-01 9.690424991477654126e-01 7.610292551875641812e-03 2.400934890941948296e+01 -1.621844687615585021e-02 -1.198201245429437838e-02 9.997966760042727996e-01 1.726508248950368696e+00
9.775517771542721057e-01 2.097263701581144058e-01 2.018347436079060211e-02 1.212954095999310908e+02 -2.099396959327942958e-01 9.776721622680204504e-01 9.081145008718784911e-03 2.413346210043875928e+01 -1.782826544073344913e-02 -1.311460191187014887e-02 9.997550500791602124e-01 1.722365409217077925e+00
9.846259534646030209e-01 1.735130435388562986e-01 2.012350566463272372e-02 1.206933571851392912e+02 -1.737668981537766333e-01 9.847181883453300921e-01 1.162560298474223618e-02 2.425324016346581857e+01 -1.779878828427387816e-02 -1.494366958261441822e-02 9.997299084581432460e-01 1.723433065150361099e+00
9.901338944473867532e-01 1.389039599299837502e-01 1.845429426021764907e-02 1.200631274964899688e+02 -1.391527484401056391e-01 9.901861885637033289e-01 1.295471250549998406e-02 2.434074680945420610e+01 -1.647372642928275968e-02 -1.539486571118814026e-02 9.997457749037866881e-01 1.731606488287328771e+00
9.944783160711738734e-01 1.029589204524274521e-01 2.030614581680409772e-02 1.194242358722390520e+02 -1.032752013855962464e-01 9.945367761622314617e-01 1.519321020851006378e-02 2.440937152270668165e+01 -1.863093227555081416e-02 -1.720643940231759289e-02 9.996783616725619659e-01 1.727961131798499306e+00
9.975083751292338485e-01 6.779741527486662922e-02 1.950774265533527368e-02 1.188030770693160036e+02 -6.811437759909724776e-02 9.975480954759929908e-01 1.606949822896397082e-02 2.446898462862213464e+01 -1.837044108807908693e-02 -1.735821681669374311e-02 9.996805585755220713e-01 1.740999551455765459e+00
9.993059475832660743e-01 3.338502735572099200e-02 1.652462004411241886e-02 1.181564669981604823e+02 -3.362603337654884034e-02 9.993288854577653257e-01 1.452819899025651132e-02 2.448410492183389309e+01 -1.602850581047175066e-02 -1.507377308360611894e-02 9.997579048735736329e-01 1.731578491911703876e+00
9.998936668150523177e-01 -9.717699416458378415e-04 1.455028249828024464e-02 1.175198170330403116e+02 6.925095020803954948e-04 9.998157008203713003e-01 1.918553675123881030e-02 2.447979317047121839e+01 -1.456624482097102630e-02 -1.917342048297666218e-02 9.997100601921954377e-01 1.706433541061338710e+00
9.993766937751514812e-01 -3.329138385021297719e-02 1.174341069935236695e-02 1.168506484166715609e+02 3.305359860139960027e-02 9.992555973510238720e-01 1.989248046090454428e-02 2.448186824080852020e+01 -1.239691707595903629e-02 -1.949191937039166864e-02 9.997331551553897411e-01 1.745883362147172102e+00
9.978727547995205338e-01 -6.470567035264998546e-02 7.946159293762293518e-03 1.161846599961906179e+02 6.455613756095233968e-02 9.977549721235078328e-01 1.781911060445214370e-02 2.443481734377589731e+01 -9.081317441258073692e-03 -1.726823163433224145e-02 9.998096508038083474e-01 1.729944585722300809e+00
9.954848173914241372e-01 -9.485833221328325571e-02 3.446033574199077430e-03 1.155304300230861401e+02 9.479803281890344935e-02 9.953874213785833813e-01 1.473819295655548305e-02 2.438212735542318299e+01 -4.828178876961310671e-03 -1.434497011999563698e-02 9.998854486948323128e-01 1.741959460997544840e+00
9.925362720182701048e-01 -1.219102812482950882e-01 3.103554185216087381e-03 1.148686820881115835e+02 1.218676434159098043e-01 9.924804115280821959e-01 1.144160032182130367e-02 2.432095965660410286e+01 -4.475065447965895574e-03 -1.097798049437720934e-02 9.999297263928987878e-01 1.756768874574592187e+00
9.890860989488714505e-01 -1.472528616944459856e-01 5.028278380428419410e-03 1.142204119528620794e+02 1.471894394266394512e-01 9.890443182079222684e-01 1.125191265872090181e-02 2.421920043082639751e+01 -6.630066500930534464e-03 -1.038900092102431651e-02 9.999240525503567678e-01 1.751880309815289971e+00
9.854413832290704889e-01 -1.699044015833865995e-01 6.146099313024362860e-03 1.135648573472806220e+02 1.698324039771747507e-01 9.854139406340427509e-01 1.078518242598818996e-02 2.411987469951019847e+01 -7.888901909503386045e-03 -9.584358266615744526e-03 9.999229496785979610e-01 1.738575230579160413e+00
9.815597988972324384e-01 -1.910381120941827826e-01 6.693348260728715533e-03 1.128989759561347057e+02 1.909665214150823020e-01 9.815448704877952624e-01 1.007248302152970697e-02 2.399980505729376645e+01 -8.494049792116044675e-03 -8.608538974814554379e-03 9.999268694087155573e-01 1.738060547760937435e+00
9.776847384437505895e-01 -2.099585577203003373e-01 7.067973460295779754e-03 1.122416256798865106e+02 2.099055308193774061e-01 9.776924192583898998e-01 7.563164190401749747e-03 2.385096915953018737e+01 -8.498255116746159313e-03 -5.910783482058354354e-03 9.999464197092081674e-01 1.730793358908304214e+00
9.740518998341763934e-01 -2.262314955197135546e-01 6.496680615246515529e-03 1.115672779469922062e+02 2.261857447835139145e-01 9.740584138360531830e-01 7.086274644803366995e-03 2.375188970361266172e+01 -7.931284925719195994e-03 -5.432942736691072361e-03 9.999537878538734548e-01 1.717975394997911076e+00
9.709289161583634087e-01 -2.392804375401543782e-01 6.473945692406618199e-03 1.109054400290966953e+02 2.392366609218135876e-01 9.709370184604295684e-01 6.864856192418900167e-03 2.358664132707846051e+01 -7.928419321508100442e-03 -5.116482231797284813e-03 9.999554798926268973e-01 1.726649387997019058e+00
9.681033712615920717e-01 -2.504467523035082133e-01 7.230961711388932296e-03 1.102329850616296198e+02 2.503966880236740411e-01 9.681167925372546890e-01 7.167609818730412592e-03 2.342652995958914630e+01 -8.795520059748512809e-03 -5.128378365389701411e-03 9.999481679331566619e-01 1.724841592561185966e+00
9.656225627397572175e-01 -2.598212379503549996e-01 8.123461858584963766e-03 1.096099820958594790e+02 2.597595868917960682e-01 9.656408853358366962e-01 7.914390814106673014e-03 2.325249552085637106e+01 -9.900673719943147225e-03 -5.532167243670896989e-03 9.999356838197798192e-01 1.719144705708640197e+00
9.638460357420832736e-01 -2.663052890355279700e-01 9.072618734487891690e-03 1.089356886042431398e+02 2.662330784325467326e-01 9.638718311424592233e-01 8.428586757125334714e-03 2.308875881738428504e+01 -1.098941886527267375e-02 -5.708428717380724035e-03 9.999233203127273484e-01 1.715729043834287593e+00
9.622298915963479748e-01 -2.720865500986498486e-01 9.085426166547717203e-03 1.082715696192968977e+02 2.720122195151842281e-01 9.622551188505588105e-01 8.627785150854088564e-03 2.291665182079037066e+01 -1.109000213227523922e-02 -5.830565833362031519e-03 9.999215050919805226e-01 1.718211599100103015e+00
9.606384084322391326e-01 -2.776443933531764774e-01 9.350886538677802978e-03 1.076330508426842982e+02 2.775668088352253871e-01 9.606661000984153542e-01 8.792653240020122801e-03 2.274833302400854151e+01 -1.142431057825361168e-02 -5.851064677809244934e-03 9.999176216872003309e-01 1.721444809708382984e+00
9.594276890922850409e-01 -2.817869370181396160e-01 9.727873545329210336e-03 1.069772777899361529e+02 2.816907080311119582e-01 9.594513094974287393e-01 1.017495498030708545e-02 2.256516741390073122e+01 -1.220059040978132940e-02 -7.021881956498207678e-03 9.999009144700669038e-01 1.718456392344226646e+00
9.583182746809396635e-01 -2.855345044638440966e-01 9.804650318972396930e-03 1.063098264788366265e+02 2.854336758975414834e-01 9.583408176334788919e-01 1.051160869929252881e-02 2.236828279971632938e+01 -1.239762358425718254e-02 -7.274889331137050601e-03 9.998966821153639772e-01 1.722928447824074505e+00
9.570279133912984459e-01 -2.898308340404538441e-01 9.780624931892099860e-03 1.056614369606004402e+02 2.897124307826701162e-01 9.570394241147757164e-01 1.192678231010067640e-02 2.217731373133822359e+01 -1.281719291654978728e-02 -8.580694963865176730e-03 9.998810385392369326e-01 1.724514698627757969e+00
9.556506453636559595e-01 -2.943214733271494188e-01 1.033026375819164240e-02 1.050200467661647110e+02 2.941868298848087093e-01 9.556623557887059528e-01 1.278948188577413471e-02 2.197906032835777523e+01 -1.363646335068072549e-02 -9.183249070860774813e-03 9.998648482642091828e-01 1.726070616950287295e+00
9.543576113970452246e-01 -2.984391975509478878e-01 1.164452353791130615e-02 1.043585004353840446e+02 2.982791602576435608e-01 9.543803600126792297e-01 1.369930561179891551e-02 2.178390052360695961e+01 -1.520171433998065459e-02 -9.600717878735898214e-03 9.998383539792604635e-01 1.732764892697181258e+00
9.529753892859306186e-01 -3.028060781154838788e-01 1.209902749827797795e-02 1.037132772608027125e+02 3.026263110707363424e-01 9.529962199549588675e-01 1.468061972265453062e-02 2.159879423535872078e+01 -1.597570835341676626e-02 -1.032878523555967945e-02 9.998190300893348148e-01 1.728723379906795588e+00
9.518088992706028595e-01 -3.064369072549485984e-01 1.249964543748208722e-02 1.030646452632816761e+02 3.062173724378979278e-01 9.518130396509831836e-01 1.681839361331542021e-02 2.140666850142968514e+01 -1.705110204217819003e-02 -1.218028813007799964e-02 9.997804261390715874e-01 1.734197295742465172e+00
9.510894348825086331e-01 -3.086474356595186319e-01 1.287040443924154787e-02 1.024116886766358476e+02 3.084194543947666456e-01 9.510977215152180975e-01 1.704594601443177107e-02 2.121487237110688540e+01 -1.750219986279648310e-02 -1.224273604667034873e-02 9.997718681802657548e-01 1.739209815423795158e+00
9.507716308722793386e-01 -3.096093054477006556e-01 1.324325879124809043e-02 1.017723537581882312e+02 3.093842719070061253e-01 9.507917466928013095e-01 1.662608533425206925e-02 2.100979953578274007e+01 -1.773917189059797533e-02 -1.171035428921423510e-02 9.997740691644574351e-01 1.740798374898133494e+00
9.506142717427600308e-01 -3.101213955724149707e-01 1.253899365778402344e-02 1.011271501685862688e+02 3.098771930040739586e-01 9.506021263294073265e-01 1.821325533868310004e-02 2.080213903711018730e+01 -1.756791419657857331e-02 -1.342823230183689751e-02 9.997554955881090555e-01 1.746730547570879866e+00
9.504959677752700120e-01 -3.104779362973293932e-01 1.268330833222500696e-02 1.004785563546824960e+02 3.102010557740041974e-01 9.504621948063046721e-01 1.992288224055505097e-02 2.060326511363204460e+01 -1.824062043790462828e-02 -1.500224360051198753e-02 9.997210673200708220e-01 1.750774092558244233e+00
9.505740314812720637e-01 -3.102129207654099052e-01 1.330242302652306571e-02 9.983061516310219474e+01 3.098807237192966468e-01 9.505133431123827803e-01 2.232311870264538228e-02 2.040526147169448379e+01 -1.956905043569085248e-02 -1.709761246550504585e-02 9.996623049328253741e-01 1.756860900508528056e+00
9.505308969982206868e-01 -3.103279853060674776e-01 1.369508606663654912e-02 9.919092248378804300e+01 3.099618549812988011e-01 9.504542018942876425e-01 2.367400587395792830e-02 2.020163714281455469e+01 -2.036325864424507956e-02 -1.825791975735094330e-02 9.996259230602718704e-01 1.762255093347663504e+00
9.508009110338516701e-01 -3.095182381357882151e-01 1.326980908857579300e-02 9.853474076565616713e+01 3.091487546424322441e-01 9.507048757204583644e-01 2.423400050438823464e-02 2.000723751121735461e+01 -2.011653733940460195e-02 -1.893936480327259100e-02 9.996182398180293305e-01 1.765113458474258934e+00
9.511952294294310217e-01 -3.083055026882481342e-01 1.324207376373239681e-02 9.790483376233252955e+01 3.079352627068004389e-01 9.510968354907933797e-01 2.430398109672890147e-02 1.981421984725247754e+01 -2.008754556128984972e-02 -1.904012941191358249e-02 9.996169086084284450e-01 1.780909683851858549e+00
9.513007794686096918e-01 -3.079771748584611002e-01 1.329987756852772825e-02 9.724585727245658973e+01 3.075914262637452490e-01 9.511896039856665430e-01 2.501702929351547894e-02 1.960885478548462046e+01 -2.035537928255016366e-02 -1.970779115625485856e-02 9.995985501653010807e-01 1.783132282980053551e+00
9.517410238292809410e-01 -3.066634614304539763e-01 1.210557634312748286e-02 9.660602816670470361e+01 3.063142427789777855e-01 9.516187571513353705e-01 2.435827794664703963e-02 1.940261214397800771e+01 -1.898968734376263109e-02 -1.947466194048984994e-02 9.996299962023219576e-01 1.785656873480218731e+00
9.522098171192601157e-01 -3.052118073472351867e-01 1.192546989629669069e-02 9.596627535625724192e+01 3.048721734371999115e-01 9.520897078381256318e-01 2.404466860695829433e-02 1.921146303248497844e+01 -1.869283391190254898e-02 -1.925982557015569127e-02 9.996397536462378053e-01 1.803959953465599897e+00
9.523883649730361389e-01 -3.046282058997299425e-01 1.257212905603188532e-02 9.532159564074379432e+01 3.042767140408653148e-01 9.522807910407412590e-01 2.402033104124504798e-02 1.902017830149545574e+01 -1.928946735266832274e-02 -1.905127768858631138e-02 9.996324150697802891e-01 1.810822163540555030e+00
9.528132821650474593e-01 -3.033031085344001232e-01 1.241264185962065621e-02 9.467612266403928345e+01 3.029884993215819500e-01 9.527348336924609251e-01 2.223299223815999176e-02 1.881671714193303302e+01 -1.856929193557452576e-02 -1.742300257688807891e-02 9.996757576178254556e-01 1.807293251344276985e+00
9.533439167028002759e-01 -3.016315922550180662e-01 1.239996105456776278e-02 9.404225298547669354e+01 3.013212677596577849e-01 9.532683656049346643e-01 2.202082488482411810e-02 1.862301578162128379e+01 -1.846266708074008681e-02 -1.725704745934837636e-02 9.996806111092702007e-01 1.815248928486652424e+00
9.537127265831458756e-01 -3.002772468415158547e-01 1.629755126702680731e-02 9.340109462670541518e+01 2.998878017287212594e-01 9.537054268646235622e-01 2.265535564212863007e-02 1.842564039504465256e+01 -2.234595090632478936e-02 -1.671926417788517638e-02 9.996104864766028886e-01 1.885394456656913631e+00
9.540047735988842481e-01 -2.992116364841160281e-01 1.863567915883301146e-02 9.276397471939131378e+01 2.987479992829115694e-01 9.540276387933479540e-01 2.410181194076256236e-02 1.823715164107688835e+01 -2.499049557817207765e-02 -1.742587177964098621e-02 9.995357993158728860e-01 1.822987917162006033e+00
9.547307018172703774e-01 -2.971769770590801385e-01 1.323371860784714610e-02 9.211881378195627690e+01 2.968432132910106547e-01 9.546608673096455000e-01 2.251077845469222349e-02 1.804116246415456715e+01 -1.932339837622256210e-02 -1.756339175691027515e-02 9.996590086303069889e-01 1.815206679070269669e+00
9.551804962637039376e-01 -2.958476074311425785e-01 1.021825471138208125e-02 9.145106489253082316e+01 2.955850350372589697e-01 9.550748094918143360e-01 2.148476977212792488e-02 1.787345005453121161e+01 -1.611541540500440600e-02 -1.750146987591911021e-02 9.997169559075433920e-01 1.821417986082045859e+00
9.555514033529338702e-01 -2.946617990919966901e-01 9.794881354644419807e-03 9.080849171193959535e+01 2.943890517539389240e-01 9.554183051413507322e-01 2.260416785022805256e-02 1.768355482369122100e+01 -1.601879370853886639e-02 -1.871593847662959137e-02 9.996965098896750668e-01 1.830905227531702817e+00
9.560354076630140918e-01 -2.932177132266481356e-01 4.435306008004341952e-03 9.016029079266364477e+01 2.930531579173633605e-01 9.558361369668020302e-01 2.229632030155453970e-02 1.749076104868914427e+01 -1.077710181302544458e-02 -2.001629123666888097e-02 9.997415676824545905e-01 1.840312020732107090e+00
9.565696691683599484e-01 -2.914534726160818989e-01 5.416763035794911960e-03 8.953614486571561315e+01 2.912434728432579667e-01 9.563355287503602087e-01 2.448664885012382872e-02 1.730769962338122880e+01 -1.231696178193432065e-02 -2.184558871126130244e-02 9.996854818876014237e-01 1.878951628190375533e+00
9.568787919864979452e-01 -2.903369443110931369e-01 9.350733082150768788e-03 8.890190561040415673e+01 2.900393860517976319e-01 9.566948879281236273e-01 2.473956238143985506e-02 1.713729689306342507e+01 -1.612860748339184011e-02 -2.096068168330727025e-02 9.996501977364575797e-01 1.871736287100877805e+00
9.572519675400444905e-01 -2.890903784565307943e-01 9.768506496907703937e-03 8.826611759448405792e+01 2.887620011521507268e-01 9.570457434574572986e-01 2.607588189293409686e-02 1.694732347636752934e+01 -1.688719412771707423e-02 -2.214041576280437532e-02 9.996122371474145396e-01 1.855551638549438831e+00
9.576979703199177685e-01 -2.876105207225052585e-01 9.735810671721611617e-03 8.762692720499585164e+01 2.872849642964984684e-01 9.574930274808083341e-01 2.597020621236403870e-02 1.675600081252584062e+01 -1.679127536695399284e-02 -2.207466175691164337e-02 9.996153071909117394e-01 1.855726557959900269e+00
9.579880446507115233e-01 -2.866744142709621856e-01 8.757083035709708335e-03 8.698813898321461124e+01 2.863810842482252261e-01 9.577812166112507075e-01 2.531828760779743920e-02 1.658096155439348607e+01 -1.564547491411118554e-02 -2.174675390444044676e-02 9.996410844897484216e-01 1.860883794231691146e+00
9.583971747503012839e-01 -2.853260354709609148e-01 7.994304700334981667e-03 8.635188455070213820e+01 2.850425470086684898e-01 9.581676952611313247e-01 2.579562266513664090e-02 1.639321717475524665e+01 -1.502004725737512113e-02 -2.244373490960781259e-02 9.996352719538248444e-01 1.873534604568472428e+00
9.589253369718376829e-01 -2.835274156194623196e-01 8.625699980974229492e-03 8.572360919236267307e+01 2.832238298411255406e-01 9.586957795788165759e-01 2.620428254661418682e-02 1.621757368433202018e+01 -1.569905467617066508e-02 -2.268494668720727470e-02 9.996193940028238467e-01 1.876144424820929135e+00
9.592947358741399366e-01 -2.822414895337861385e-01 9.661847880708562819e-03 8.505023359815497486e+01 2.819020017659401023e-01 9.590640906476808336e-01 2.696908278710375209e-02 1.603319133817187847e+01 -1.687812544877798082e-02 -2.314760489045507991e-02 9.995895744052482046e-01 1.880737275499411387e+00
9.596304994920216158e-01 -2.810825348158699777e-01 1.009519988532837746e-02 8.442997699543701628e+01 2.807266788990402939e-01 9.593979411923283518e-01 2.735182235450838578e-02 1.585162993122624187e+01 -1.737343354504700121e-02 -2.341365101120539485e-02 9.995748920134351900e-01 1.886694492670732970e+00
9.600943767365673898e-01 -2.794160038904338061e-01 1.206169653318968533e-02 8.376154896169741448e+01 2.790093743178070351e-01 9.598904354680634077e-01 2.764273748357493413e-02 1.566841110237929868e+01 -1.930173038188620974e-02 -2.317431041240633829e-02 9.995450937960022042e-01 1.894851636551665219e+00
9.603228239655241527e-01 -2.784988074818975923e-01 1.478133947135036423e-02 8.311166191426303840e+01 2.780241143121767178e-01 9.601681028490337555e-01 2.792500900763473723e-02 1.547974953230874284e+01 -2.196965238523769515e-02 -2.270745469435621680e-02 9.995007282968112472e-01 1.904628282335327549e+00
9.605915124379565961e-01 -2.773902537659461154e-01 1.784918324006153426e-02 8.243088144942919371e+01 2.768841650869838800e-01 9.605397163047153519e-01 2.643127921972797389e-02 1.529719144602983327e+01 -2.447662865572477683e-02 -2.044750628217465588e-02 9.994912676591867218e-01 1.907881616188577656e+00
9.608861006744223721e-01 -2.761500592851745539e-01 2.095343127035243294e-02 8.176524934780361775e+01 2.756026883811682482e-01 9.609289345612176403e-01 2.566594778997905238e-02 1.510749380295950317e+01 -2.722241138977135599e-02 -1.888723050283002552e-02 9.994509556914407122e-01 1.919966326387361422e+00
9.611389429145513752e-01 -2.750663349495867105e-01 2.346153841914448007e-02 8.106971316030784180e+01 2.744769232487874744e-01 9.612552555666613596e-01 2.550984604395071034e-02 1.490287769040104671e+01 -2.956942696546540142e-02 -1.807885558034082879e-02 9.993992215127605050e-01 1.914967630165943735e+00
9.614244591224867520e-01 -2.739897896324229309e-01 2.434347084325887839e-02 8.035871232322082847e+01 2.734061507452091866e-01 9.615791508528241938e-01 2.479139721102202945e-02 1.471435063011037769e+01 -3.020076372876167800e-02 -1.717940099517141841e-02 9.993962087391148330e-01 1.918171706686657929e+00
9.617898818646907211e-01 -2.726687978548999469e-01 2.473761939918658198e-02 7.963256630334956299e+01 2.721680067567500694e-01 9.620024621375964369e-01 2.181373271762271707e-02 1.450556349902088371e+01 -2.974557504623068574e-02 -1.424743884941507416e-02 9.994559576298847059e-01 1.928788958365465600e+00
9.622273149691794591e-01 -2.710952920497480267e-01 2.501873198476364454e-02 7.890143552629581336e+01 2.706865016867727181e-01 9.624887221442570695e-01 1.855471760761425240e-02 1.430514109821285551e+01 -2.911034396636874924e-02 -1.108162306565959633e-02 9.995147750257913355e-01 1.938075487397403540e+00
9.625582991087939799e-01 -2.699860302251420041e-01 2.427064676734511095e-02 7.814834782103038435e+01 2.696245555756343060e-01 9.628125435530398013e-01 1.716406138896920536e-02 1.409842905820905301e+01 -2.800213994463678080e-02 -9.977447387846625007e-03 9.995580676942228404e-01 1.939404711567802808e+00
9.629831119891369973e-01 -2.686693180976391093e-01 2.191628461003488140e-02 7.737274704754686638e+01 2.683276847819027755e-01 9.631718892508276397e-01 1.732528015253828255e-02 1.388859692539264934e+01 -2.576392045757380442e-02 -1.080320628860685292e-02 9.996096793884113874e-01 1.946901580392154774e+00
9.633573579875179815e-01 -2.674194261777061432e-01 2.072320700392005915e-02 7.658618518891276494e+01 2.671038355243651186e-01 9.635214959771077892e-01 1.678891997682565793e-02 1.368300392248109709e+01 -2.445693876013629170e-02 -1.063848151688747204e-02 9.996442771546061312e-01 1.960470517218482200e+00
9.637138652840587794e-01 -2.662027208236058540e-01 1.979134355697945505e-02 7.580265786435491293e+01 2.659117555634175623e-01 9.638619222684344789e-01 1.615961168931678502e-02 1.347471097748269919e+01 -2.337785504418018329e-02 -1.031049093206348223e-02 9.996735315395356425e-01 1.967647093660094049e+00
9.640865967154703675e-01 -2.648163769233073395e-01 2.023167173533460192e-02 7.501257158862435404e+01 2.645451264550603421e-01 9.642546793322522847e-01 1.512578759909982001e-02 1.326168794720600275e+01 -2.351404041154243549e-02 -9.230378931084984306e-03 9.996808940850894221e-01 1.983484408542147914e+00
9.644599400567518410e-01 -2.634796442453867793e-01 1.988720916701832916e-02 7.417092767407037002e+01 2.632192661354897933e-01 9.646227449516494579e-01 1.478437867458871902e-02 1.303538991768442834e+01 -2.307903712961182838e-02 -9.024244367490523097e-03 9.996929133735080741e-01 1.973626361571573229e+00
9.647662611284997247e-01 -2.624590535755497167e-01 1.847448453285429129e-02 7.335664488083781976e+01 2.622318519926504221e-01 9.649055883560970770e-01 1.384418128400586624e-02 1.282298472069795281e+01 -2.145966408499750191e-02 -8.511800721736982600e-03 9.997334805118189838e-01 1.983093118631956253e+00
9.651001595167406633e-01 -2.613137631419631957e-01 1.722786370188989988e-02 7.250926397866091122e+01 2.611036698920370380e-01 9.652159924000510705e-01 1.352632913370390398e-02 1.260148109818041640e+01 -2.016322552729215775e-02 -8.556003967290415693e-03 9.997600907832269179e-01 1.979572184462147444e+00
9.654527308476664738e-01 -2.601325594892158199e-01 1.523404039469252944e-02 7.164120754960219983e+01 2.599425054453046169e-01 9.655313046214439865e-01 1.338632341461955082e-02 1.237983867649496084e+01 -1.819116146884584145e-02 -8.963887868044364063e-03 9.997943440273792115e-01 1.996664848261965330e+00
9.659230613052567360e-01 -2.583794892316401137e-01 1.525382501019501881e-02 7.076387646090724104e+01 2.581811160824175055e-01 9.659976160821900359e-01 1.382450786420254089e-02 1.215373512631173725e+01 -1.830712787672204855e-02 -9.415161391212657771e-03 9.997880794424944817e-01 1.992356659290482668e+00
9.664104567914850730e-01 -2.566311866412200327e-01 1.382978819597765682e-02 6.988093402681499811e+01 2.564206889398018552e-01 9.664437447244521584e-01 1.532705328281749879e-02 1.192731668576250215e+01 -1.729911216445189845e-02 -1.126598074686165595e-02 9.997868864845929071e-01 1.995682817214258442e+00
9.667454699486878189e-01 -2.554251534623721565e-01 1.269595631519422098e-02 6.896436889535050341e+01 2.551856015967542413e-01 9.667269637816658934e-01 1.786858222963334103e-02 1.171405763396280619e+01 -1.683760865895098102e-02 -1.403454567442967600e-02 9.997597343626004607e-01 1.988072967731884022e+00
9.672596640577559857e-01 -2.535530322442256512e-01 1.093627546139714322e-02 6.805165549428758709e+01 2.533238128695160518e-01 9.671979967222564811e-01 1.884359215785815639e-02 1.148724009994343476e+01 -1.535539364775782151e-02 -1.545622762145062133e-02 9.997626302798318099e-01 1.981134836423363188e+00
9.676940580957142934e-01 -2.519624647402259887e-01 9.117361603023604183e-03 6.712533442817705520e+01 2.517428326148852258e-01 9.675826539018788086e-01 2.023250085708797399e-02 1.125865768663514999e+01 -1.391963172013442260e-02 -1.728364042358218264e-02 9.997537294838610977e-01 1.978043757457260909e+00
9.682534405801112021e-01 -2.498445909291842071e-01 7.934430194731117644e-03 6.618163405769676899e+01 2.496520787787033790e-01 9.681343339583828866e-01 1.974211154169541044e-02 1.103215212253885547e+01 -1.261405407401094622e-02 -1.713452043220244428e-02 9.997736212962301527e-01 1.984040623533664283e+00
9.687240321960833844e-01 -2.480062847041634155e-01 8.162854114641938941e-03 6.522982767025830242e+01 2.478357960254285453e-01 9.686404649641534581e-01 1.769372312874554695e-02 1.079418378810514589e+01 -1.229502534066802440e-02 -1.511728736616262288e-02 9.998101319575430912e-01 1.981867565743485660e+00
9.691925671470809078e-01 -2.461040299297352907e-01 9.928455745094459314e-03 6.426644001934741368e+01 2.459238100956510631e-01 9.691486466646697107e-01 1.650394776274400135e-02 1.055207594347376876e+01 -1.368383750287802819e-02 -1.355385983468836153e-02 9.998145055284861638e-01 1.983961911068075512e+00
9.696868011747470373e-01 -2.441123729650328533e-01 1.080078641319680462e-02 6.329300414010560161e+01 2.439565744850563933e-01 9.696856529837977190e-01 1.396152422094728424e-02 1.031469424063237028e+01 -1.388154843349427223e-02 -1.090338290586096923e-02 9.998441972851016546e-01 1.974324465042615939e+00
9.702189686397207913e-01 -2.419948951503372025e-01 1.065943746724474540e-02 6.228913910017346467e+01 2.418571908661768521e-01 9.702281783422611605e-01 1.274288713909599476e-02 1.007148942721550711e+01 -1.342580023302603412e-02 -9.785329215171157530e-03 9.998619880816767003e-01 1.966498462039973472e+00
9.707266878513377550e-01 -2.399898502794251820e-01 9.724672245555076450e-03 6.129877337801102044e+01 2.398687075921656087e-01 9.707292352212688602e-01 1.215545147030946439e-02 9.837589750163298064e+00 -1.235720863002968788e-02 -9.466976581435547489e-03 9.998788305288123235e-01 1.953218785636303245e+00
9.713100090323748548e-01 -2.377211855341584135e-01 6.745687214993453806e-03 6.029059444844315863e+01 2.376197216172101223e-01 9.712690317455064948e-01 1.316570797002810343e-02 9.598219362914036878e+00 -9.681644796671671008e-03 -1.118507560877441548e-02 9.998905739269854376e-01 1.943764247104529774e+00
9.717852988222016597e-01 -2.358513280918312083e-01 2.735694535720564584e-03 5.923928030766172270e+01 2.357935997230184988e-01 9.717064553987911912e-01 1.370922541999409182e-02 9.360699243841759554e+00 -5.891631062635291523e-03 -1.267736445871059207e-02 9.999022817776631600e-01 1.932459277361387118e+00
9.722603624448623583e-01 -2.338523608237469131e-01 -4.781312577324580738e-03 5.819469355817697931e+01 2.338955041036331062e-01 9.721764828856864771e-01 1.287553027079634330e-02 9.122656491999352468e+00 1.637306494485296507e-03 -1.363669524295285304e-02 9.999056754317701134e-01 1.918204875753641181e+00
9.725874880771198105e-01 -2.322343495243547051e-01 -1.186528259437003713e-02 5.714720782916038644e+01 2.323630747706663391e-01 9.725675766533756761e-01 1.094122119888628515e-02 8.872852744640333356e+00 8.998861751184165578e-03 -1.339834838862017687e-02 9.998697438856762876e-01 1.909560643112009126e+00
9.726702725405115268e-01 -2.316533401583030782e-01 -1.578831541570899222e-02 5.613439944970227913e+01 2.317936315171378880e-01 9.727345037256168725e-01 7.700496437489348818e-03 8.652002466384569601e+00 1.357399344015326574e-02 -1.114967493393080947e-02 9.998457038170037725e-01 1.900903105448665142e+00
9.728435937462766026e-01 -2.309099263462820184e-01 -1.599837541043183653e-02 5.506576415246075840e+01 2.310347038311583445e-01 9.729243117839055932e-01 6.422550977740942857e-03 8.408758512416147468e+00 1.408217761284233718e-02 -9.944317498559679044e-03 9.998513903643523326e-01 1.893643663001781885e+00
9.731938150942782695e-01 -2.294088726279469581e-01 -1.629010177982751981e-02 5.401883172828932800e+01 2.295384073711465578e-01 9.732774959679937332e-01 6.560135622150973893e-03 8.166193248715361008e+00 1.434983615218405999e-02 -1.012348743173830529e-02 9.998457867066196103e-01 1.856937612393729342e+00
9.734498158869366868e-01 -2.282483440628395865e-01 -1.726700253171278149e-02 5.297529679073505804e+01 2.283813569198022697e-01 9.735523703144067786e-01 6.143131306812244473e-03 7.924037339045083783e+00 1.540817169505105319e-02 -9.923491507339080031e-03 9.998320421709175898e-01 1.828421366116768088e+00
9.736705517007422372e-01 -2.271509473195418571e-01 -1.918603337761886143e-02 5.191342581144012058e+01 2.273032341353657670e-01 9.738046691852518810e-01 6.140522793672958772e-03 7.691624852979958682e+00 1.728862331687425549e-02 -1.033989365283298836e-02 9.997970744573108082e-01 1.800030339970593918e+00
9.739032004064397396e-01 -2.259598598597087893e-01 -2.132364800932001064e-02 5.086642387967646073e+01 2.261461512277462560e-01 9.740700632438011874e-01 6.740190847542664593e-03 7.460611995133659136e+00 1.924771458592136608e-02 -1.138655436484470838e-02 9.997499046527845712e-01 1.771305017357106770e+00
9.740653378329197087e-01 -2.252318774824829117e-01 -2.161756212662494653e-02 4.981907226719330595e+01 2.254092841930424584e-01 9.742449215658269823e-01 6.122695348685532751e-03 7.231259553280373176e+00 1.968177395009463454e-02 -1.083670451785135984e-02 9.997475649381203366e-01 1.741333733385010740e+00
9.742807572759583090e-01 -2.239629990454732045e-01 -2.485117813056178168e-02 4.875215241807123334e+01 2.242133051025450297e-01 9.745092455462069925e-01 7.753976754227820053e-03 6.994608858138126273e+00 2.248109896278846498e-02 -1.312651512799237891e-02 9.996610899601647837e-01 1.697286058526335184e+00
9.745388544368757122e-01 -2.222750704071410344e-01 -2.945868738566690195e-02 4.768052924382450186e+01 2.225949455639813501e-01 9.748780036792320525e-01 8.022976212420075692e-03 6.764594369056081469e+00 2.693531874732265144e-02 -1.437605696187062472e-02 9.995338001190999799e-01 1.659449579696183008e+00
9.747700701692902925e-01 -2.206488724895690756e-01 -3.372514440818894649e-02 4.660062268037840028e+01 2.210457403880617122e-01 9.752265358706401210e-01 8.484361235759041789e-03 6.542020408522801311e+00 3.101759101275061367e-02 -1.572510091217869596e-02 9.993951321871554772e-01 1.626116272253324446e+00
9.750552880479727014e-01 -2.189644977124348413e-01 -3.635565960523921836e-02 4.552999019404914094e+01 2.194513153517569370e-01 9.755728208945120272e-01 9.939382165695445290e-03 6.319581322923136568e+00 3.329122157337000704e-02 -1.766974446110606764e-02 9.992894849277360603e-01 1.590844003731748391e+00
9.752386971508435476e-01 -2.179268732055727187e-01 -3.764786193750408599e-02 4.445674430035998625e+01 2.184749595954889323e-01 9.757798151333885173e-01 1.106545993255095110e-02 6.077977837563611097e+00 3.432456267815695017e-02 -1.901657984331960385e-02 9.992298004354741581e-01 1.547387428546345367e+00
9.755931125321366526e-01 -2.160634158548876416e-01 -3.917498057515129972e-02 4.338425324218103896e+01 2.167170139810418450e-01 9.761447575794639508e-01 1.323435290384730387e-02 5.854529047669191577e+00 3.538099242197658562e-02 -2.140122835450887842e-02 9.991447206438359707e-01 1.492796352211629429e+00
9.759981473136001284e-01 -2.140051652313369468e-01 -4.036589759692706808e-02 4.227336748047372339e+01 2.147180531779296908e-01 9.765730014793351232e-01 1.418909498980549209e-02 5.633253834347145883e+00 3.638370615616611653e-02 -2.251581736858750821e-02 9.990842126091544761e-01 1.448595200563641550e+00
9.766031080795329888e-01 -2.113583329853220838e-01 -3.967397586742397314e-02 4.121902279097163557e+01 2.120471512506471035e-01 9.771592513948745840e-01 1.399296449633325411e-02 5.416253594571772467e+00 3.581026290930400952e-02 -2.207832617952365864e-02 9.991146944038796773e-01 1.405813296381200894e+00
9.771400837772913350e-01 -2.093540075932824873e-01 -3.698859519365967768e-02 4.011405296624475625e+01 2.100042067512022104e-01 9.775911106076460300e-01 1.462373424279679764e-02 5.188337970995271498e+00 3.309818448576878208e-02 -2.205719749530930807e-02 9.992086820142583869e-01 1.362039984446945073e+00
9.777334406768105612e-01 -2.071866202174822147e-01 -3.333201732863780298e-02 3.907386511376176230e+01 2.078052989087965652e-01 9.780348143387479487e-01 1.627451020118747191e-02 4.979839436796441809e+00 2.922801261554773197e-02 -2.283870267822817046e-02 9.993118216696846856e-01 1.310704529454479239e+00
9.781924477198490342e-01 -2.054189460432856162e-01 -3.070165833247746889e-02 3.798504876421468168e+01 2.059743883335514725e-01 9.784241586279849301e-01 1.614673834631490459e-02 4.756782620842974652e+00 2.672239824956772550e-02 -2.211837280120418012e-02 9.993981644002922771e-01 1.256728149378832260e+00
9.785529477000528553e-01 -2.036893465290385841e-01 -3.073725186401020382e-02 3.687666489856170671e+01 2.042736716887604831e-01 9.787624511652253112e-01 1.721427428941249560e-02 4.552555864423192489e+00 2.657810369578563620e-02 -2.312389014398176859e-02 9.993792523855961063e-01 1.206818451843273188e+00
9.789685780272513460e-01 -2.015218013360855487e-01 -3.177242224939255677e-02 3.579277862790507214e+01 2.022104368504150373e-01 9.791344480179405840e-01 2.016610842085894695e-02 4.341491676478230310e+00 2.704556262671120592e-02 -2.616670186764960548e-02 9.992916697570405349e-01 1.175311907008773193e+00
9.794951440823865818e-01 -1.991903920797903349e-01 -3.020679420510699251e-02 3.474788730660987568e+01 1.999012543581815682e-01 9.795539150492638125e-01 2.266309804849344148e-02 4.137837712339302421e+00 2.507491213894088786e-02 -2.823677053980400489e-02 9.992867123908619753e-01 1.147587134577629620e+00
9.799839117388621235e-01 -1.974636734894155421e-01 -2.529091495150919550e-02 3.368863182467496387e+01 1.980447701616986633e-01 9.799233390588718562e-01 2.298953185200578245e-02 3.937321702265356382e+00 2.024356041608170453e-02 -2.753810479181668242e-02 9.994157548469889685e-01 1.118285974709634312e+00
9.804108803979797448e-01 -1.957604253955238238e-01 -2.173387770827796620e-02 3.266503826919004894e+01 1.962839959458775596e-01 9.802195731519632860e-01 2.534129714043237974e-02 3.735881321414134870e+00 1.634314922208934470e-02 -2.911089580355492867e-02 9.994425732423206643e-01 1.067740568675912494e+00
9.808049974180073072e-01 -1.938030789291900202e-01 -2.149240869330844295e-02 3.161804524853086917e+01 1.943177405367741140e-01 9.806148717207771037e-01 2.520097355615292384e-02 3.552660340071477574e+00 1.619174932679238316e-02 -2.889359709934381445e-02 9.994513431331237818e-01 1.030992103498554968e+00
9.812772400213496393e-01 -1.914351176596952864e-01 -2.115594329514602218e-02 3.055163640081049792e+01 1.919123015914548924e-01 9.811319234501266751e-01 2.344818287989977948e-02 3.358612656122652140e+00 1.626796568927666581e-02 -2.706925394969408177e-02 9.995011799758621862e-01 1.006606294617761188e+00
9.817334784820734850e-01 -1.891137162718857512e-01 -2.086575038969488982e-02 2.954064954229009388e+01 1.895709128140502520e-01 9.816052015134338893e-01 2.267371544443768858e-02 3.181145898350499657e+00 1.619401852684366691e-02 -2.621508488097821707e-02 9.995251487975833626e-01 9.773741524320048724e-01
9.820683121063608079e-01 -1.874344599313242377e-01 -2.025224878408201507e-02 2.851974197827225410e+01 1.878738523047755460e-01 9.819343447325515895e-01 2.254680133070630782e-02 2.993263828256583547e+00 1.566033110878324239e-02 -2.594736712281341812e-02 9.995406385731134824e-01 9.524106378404003648e-01
9.824406879500841017e-01 -1.855094208626513752e-01 -1.991354878871706008e-02 2.750874963516790572e+01 1.859449155712331325e-01 9.822945086922916236e-01 2.284702522424834556e-02 2.805683017967646187e+00 1.532263120617178426e-02 -2.614867032683295192e-02 9.995406264896101733e-01 9.326637703715566774e-01
9.826559806522616736e-01 -1.842731864518061258e-01 -2.075129965153027500e-02 2.650599802076779454e+01 1.847145968284776008e-01 9.825492838493923298e-01 2.185000047942061568e-02 2.638349002829547540e+00 1.636280539946614529e-02 -2.530410159681812515e-02 9.995458774023416870e-01 9.044791333575813441e-01
9.829208892327321312e-01 -1.825612961309120430e-01 -2.319264234449958453e-02 2.549958390542162334e+01 1.830591149914310989e-01 9.828661513821413953e-01 2.152879191255059957e-02 2.457746834880012887e+00 1.886493896606999260e-02 -2.540672387234884158e-02 9.994991808151001411e-01 8.629343602647223666e-01
9.829486018317358242e-01 -1.819383347050552990e-01 -2.665499044769321924e-02 2.449820167439492380e+01 1.825073882466236586e-01 9.829859182269089501e-01 2.073011814695487065e-02 2.286657692124856922e+00 2.242987708691022639e-02 -2.524137333836345282e-02 9.994297242307894624e-01 8.470450191970646525e-01
9.829875424322745969e-01 -1.810199668985028876e-01 -3.110085209439921589e-02 2.354014067005970645e+01 1.816717707488163802e-01 9.831644426217536203e-01 1.957157307485268838e-02 2.110426654651679446e+00 2.703440640455914701e-02 -2.488875938982861719e-02 9.993246171873076955e-01 8.161957069392732356e-01
9.829636604614074846e-01 -1.802208703021247194e-01 -3.609543065024476555e-02 2.255453311199261890e+01 1.809797106874796724e-01 9.833039375080345756e-01 1.896604323621001523e-02 1.938898375049583400e+00 3.207470226650548095e-02 -2.517547187981727594e-02 9.991683587265524080e-01 7.759483326866272179e-01
9.828585832877926309e-01 -1.795993441465086604e-01 -4.163028745545210851e-02 2.160628153040417487e+01 1.804872858882949072e-01 9.834009869593912656e-01 1.862359995615769578e-02 1.775432874147705231e+00 3.759447943363321970e-02 -2.581810266187857875e-02 9.989594990194661239e-01 7.441126933693019696e-01
9.827158609528174882e-01 -1.795815896847227922e-01 -4.494429076128308997e-02 2.067396577435066263e+01 1.805501111345025333e-01 9.833922720952760210e-01 1.847421305365153435e-02 1.610660110877458528e+00 4.088023966142462218e-02 -2.626959887792530701e-02 9.988186593021692872e-01 7.218244792254074893e-01
9.828389135438961866e-01 -1.787004359416163868e-01 -4.575832396505651045e-02 1.974532213681353454e+01 1.796553291141891329e-01 9.835712686667664739e-01 1.764999063600336190e-02 1.459966110638773795e+00 4.185251173368455258e-02 -2.556782437206903472e-02 9.987966027218068144e-01 6.878906716168650126e-01
9.828935317767872881e-01 -1.788335320595202671e-01 -4.403263558352249474e-02 1.883794803921962924e+01 1.797630939548157669e-01 9.835431962175941178e-01 1.811108006693611452e-02 1.309729128468831494e+00 4.006913072224076167e-02 -2.571670625842311861e-02 9.988659148116618702e-01 6.537687733214493369e-01
9.828643216267498595e-01 -1.792441112667618186e-01 -4.300318410698233951e-02 1.792895990436755227e+01 1.801292375906577703e-01 9.834846902527177859e-01 1.764431349842967428e-02 1.141433553774237497e+00 3.913033390971547287e-02 -2.508809698401988711e-02 9.989191180210668097e-01 6.062609519110924161e-01
9.826841031022526263e-01 -1.798206679596359991e-01 -4.468199725428746022e-02 1.703258552245510771e+01 1.807467763472210831e-01 9.833722057353937451e-01 1.759851762186522353e-02 9.876205889467991605e-01 4.077445700307271576e-02 -2.536991046929488666e-02 9.988462400635204075e-01 5.496068960178316365e-01
9.825019277980518995e-01 -1.802366558783070061e-01 -4.695433680582992292e-02 1.615252089169161209e+01 1.812626712425334519e-01 9.832595486136443963e-01 1.856082081681897922e-02 8.534531198446375644e-01 4.282295973910726222e-02 -2.674711074954768536e-02 9.987245797395177815e-01 5.071265144414806025e-01
9.822966676060023161e-01 -1.812073778838136917e-01 -4.750939911822220363e-02 1.527616437288287798e+01 1.822841764384230123e-01 9.830550536738194012e-01 1.937112443296345674e-02 6.908800493107732921e-01 4.319416423535268196e-02 -2.768840266929681326e-02 9.986829409396000834e-01 4.831993600061076921e-01
9.820366225023906548e-01 -1.831942373086431763e-01 -4.520999308740938916e-02 1.444427981394949967e+01 1.842565258406027584e-01 9.826636732052885792e-01 2.053382680100074992e-02 5.383834733616785773e-01 4.066453913334922704e-02 -2.849520617793460664e-02 9.987664484112778185e-01 4.565997495647663440e-01
9.816794864425661959e-01 -1.858161191370855669e-01 -4.216344104385461727e-02 1.361827894554658158e+01 1.868682425004790371e-01 9.821267064429002325e-01 2.252537306327808547e-02 3.795120527711882685e-01 3.722426408028131628e-02 -2.999170478599515188e-02 9.988567724142590754e-01 4.083599357281297304e-01
9.810477627357334640e-01 -1.894755786993137514e-01 -4.054987425066361451e-02 1.279558596835942197e+01 1.905838811113725051e-01 9.813411433607400758e-01 2.544296765671983859e-02 2.293050169213324552e-01 3.497243894000291731e-02 -3.268891890993581850e-02 9.988535243393787955e-01 3.672280873834840031e-01
9.799705473148324630e-01 -1.952597697828477030e-01 -3.913245064903900228e-02 1.200305241981672744e+01 1.963469392641045419e-01 9.801856747732554664e-01 2.615191018095558428e-02 7.899086248838804725e-02 3.325065158394548137e-02 -3.331163864388572704e-02 9.988917503364448391e-01 3.389656589580235524e-01
9.784205922574396030e-01 -2.032342607835052051e-01 -3.726902043762776728e-02 1.123843555889048851e+01 2.042355068066743495e-01 9.785937173003677048e-01 2.534155115295990898e-02 -8.838941600879676730e-02 3.132095783481541468e-02 -3.240635276474355259e-02 9.989838967125025393e-01 3.092687354572690173e-01
9.764571627827944855e-01 -2.128642298645375408e-01 -3.493177476692604921e-02 1.045896911154268238e+01 2.138478140828964646e-01 9.764847004560253119e-01 2.732658380431883527e-02 -2.620529951960314241e-01 2.829349140362638279e-02 -3.415332216573577911e-02 9.990160303615388537e-01 2.741742144056072417e-01
9.735657882598662827e-01 -2.258849854251659128e-01 -3.384714586871490072e-02 9.713843013031967288e+00 2.268975916267997883e-01 9.734620346369523558e-01 2.981861884039940444e-02 -4.372789051031860663e-01 2.621333320212668877e-02 -3.671022303691891253e-02 9.989820922704751860e-01 2.399711966986371736e-01
9.698187187774024443e-01 -2.412791106806460306e-01 -3.515740963417914033e-02 8.962882214467217779e+00 2.423783510264461427e-01 9.696769085996794768e-01 3.129581245686858387e-02 -6.123213878894433471e-01 2.654030249110090472e-02 -3.887265971321510194e-02 9.988916501105499224e-01 2.079799639327639671e-01
9.645787005205678222e-01 -2.612372126340053446e-01 -3.664763609539870709e-02 8.229093650653393155e+00 2.623910748093855050e-01 9.644555388535809293e-01 3.124799881653208405e-02 -7.997457192965636841e-01 2.718187550715866693e-02 -3.975716671632049254e-02 9.988395833809727842e-01 1.852771492554464161e-01
9.585288259049740134e-01 -2.826847605119371942e-01 -3.621900161103504961e-02 7.507643980430861674e+00 2.838278833068827445e-01 9.583537945459660312e-01 3.161862001797639127e-02 -1.011202739959141894e+00 2.577251560138002495e-02 -4.058732128502377801e-02 9.988435547074165921e-01 1.737559782830961630e-01
9.513265905573058401e-01 -3.063409333902559206e-01 -3.365933187708202573e-02 6.817064764383269804e+00 3.073410976234361436e-01 9.511224217749001397e-01 3.012620957847170558e-02 -1.224804543530485068e+00 2.278525408874080768e-02 -3.900476024877159997e-02 9.989792094253551191e-01 1.577964167309252042e-01
9.425885487023680787e-01 -3.324161943288395649e-01 -3.203594227375326786e-02 6.169067163224689843e+00 3.333868801999022580e-01 9.422413238644569144e-01 3.216326643176329464e-02 -1.476982691626935296e+00 1.949399803508872556e-02 -4.099708947605690268e-02 9.989690799444965741e-01 1.339227560155035190e-01
9.328973434271073950e-01 -3.588213425560389247e-01 -3.081867530025116445e-02 5.500765261883082680e+00 3.597198300056689280e-01 9.325289302048463957e-01 3.148711206914350108e-02 -1.716406306218383859e+00 1.744105848245646948e-02 -4.046033184119812720e-02 9.990289140041753724e-01 1.112685169264775037e-01
9.220116615786355663e-01 -3.860949251193638854e-01 -2.872637645923224389e-02 4.842105812006415100e+00 3.868717205238894064e-01 9.216537538906161009e-01 2.974272672273509457e-02 -1.983344899303630005e+00 1.499225685270090883e-02 -3.853656357038971747e-02 9.991447169918360460e-01 1.021925460651750273e-01
9.096562587019931811e-01 -4.144725715081337136e-01 -2.716575907642685903e-02 4.242696137809676138e+00 4.151526831834680964e-01 9.093269620393756858e-01 2.779794503932137353e-02 -2.277396247672887064e+00 1.318107140959800042e-02 -3.656451245503350433e-02 9.992443623936372310e-01 7.590582521375389968e-02
8.957708578912169095e-01 -4.436361090494742032e-01 -2.795662524019305872e-02 3.623676518707097838e+00 4.443096640547133935e-01 8.954988711558033998e-01 2.589776401135904932e-02 -2.592928610345511586e+00 1.354594308506584625e-02 -3.561986105415246989e-02 9.992736026306618946e-01 5.751811881632103163e-02
8.805821440412986423e-01 -4.730105453918022618e-01 -2.891559334335051107e-02 3.023387545587191028e+00 4.736216164086370917e-01 8.805037789783015656e-01 1.989119578680951725e-02 -2.914965668866707826e+00 1.605154384284187760e-02 -3.121088189181996098e-02 9.993839246164806234e-01 3.716040831356583196e-02
8.637074350044651183e-01 -5.030825765804440852e-01 -3.028841121426538094e-02 2.421421886530187972e+00 5.036466119453955059e-01 8.637822878506731250e-01 1.484080407923182507e-02 -3.260851166303719850e+00 1.869644317955970053e-02 -2.807276851356595507e-02 9.994310194658065916e-01 1.422850940249235398e-02
8.450756352714949848e-01 -5.337606469191984448e-01 -3.076918045143673189e-02 1.902117660191828152e+00 5.342232934893598184e-01 8.452968837949980108e-01 8.868536186367017085e-03 -3.622083345265752374e+00 2.127541674071721511e-02 -2.393219676994815318e-02 9.994871717987772186e-01 7.326612439394884768e-03
8.247863556046738376e-01 -5.646612334738323469e-01 -2.975162205705788807e-02 1.382242484068778587e+00 5.650478742965719947e-01 8.250365138057003112e-01 5.970815221618207269e-03 -3.991059304934573060e+00 2.117468665438864209e-02 -2.173573772641894733e-02 9.995394891351823130e-01 7.654194801611187600e-03
8.032624763305559190e-01 -5.949912837818510658e-01 -2.747301108112103901e-02 8.376389288396537403e-01 5.953199553757001494e-01 8.034728432506833551e-01 5.053798986570751280e-03 -4.384550937585808938e+00 1.906685197925399311e-02 -2.041475881924356001e-02 9.996097702443669242e-01 -4.243443399570412736e-03
7.796741604874971587e-01 -6.256161664482278173e-01 -2.669486358376817192e-02 3.803103931073444910e-01 6.259068554350005753e-01 7.798902997151654359e-01 3.424722416219380845e-03 -4.778961755584168358e+00 1.867650345225777692e-02 -1.937866569630768837e-02 9.996377621542059666e-01 -4.331481837022622960e-02
7.550803020847957070e-01 -6.551536661572860964e-01 -2.504817596739985705e-02 -9.613268936576442603e-02 6.553293826928322519e-01 7.553416652016177180e-01 -1.539150336334516424e-03 -5.188267893298314171e+00 1.992831093134060649e-02 -1.525262359291551691e-02 9.996850603500077037e-01 -5.286871468773221561e-02
7.300688222649310832e-01 -6.829711415049112277e-01 -2.345068492260417650e-02 -5.515884609488672652e-01 6.830449737117552100e-01 7.303520739720801291e-01 -5.950792013097346012e-03 -5.620039600021529580e+00 2.119147558358160446e-02 -1.167338474944666291e-02 9.997072838791989380e-01 -6.832323964132969163e-02
7.036601391988333010e-01 -7.101865804425421258e-01 -2.230312662474733670e-02 -9.648847980869099672e-01 7.102077875072418944e-01 7.039428094739278441e-01 -8.331839396941332840e-03 -6.079467968903493613e+00 2.161728614663763898e-02 -9.977070944319481327e-03 9.997165353164211288e-01 -9.399363467287454033e-02
6.761000372019450033e-01 -7.364453961379783253e-01 -2.317149537691588074e-02 -1.364385430772616647e+00 7.364449472796551488e-01 6.764205720331964988e-01 -1.020045833225992002e-02 -6.524909442924450076e+00 2.318575673526583961e-02 -1.016800043282409423e-02 9.996794648495344049e-01 -1.127390938302126611e-01
6.479607960591865501e-01 -7.613230218217572620e-01 -2.310980765586265889e-02 -1.755567541597795156e+00 7.612981507081876265e-01 6.482958017242314019e-01 -1.173367753942432604e-02 -6.987913826467633704e+00 2.391511012360868216e-02 -9.990490791978954080e-03 9.996640723720888744e-01 -1.250928354386453278e-01
6.199017566347552188e-01 -7.843645694057691520e-01 -2.222688411491284544e-02 -2.122934043849280972e+00 7.843357273017317333e-01 6.202198946792409906e-01 -1.203117266282052733e-02 -7.446758435948779287e+00 2.322238129017883956e-02 -9.975194249356564638e-03 9.996805572266249662e-01 -1.332199969839077125e-01
5.902116243191160017e-01 -8.070304098406958504e-01 -1.876582282789598238e-02 -2.477298405420331306e+00 8.069262283749283338e-01 5.904733905196203336e-01 -1.453399608932429143e-02 -7.936893605714055333e+00 2.281009585192581013e-02 -6.564501196609926620e-03 9.997182637329881105e-01 -1.483280865583176955e-01
5.597448685576382754e-01 -8.285091190895657043e-01 -1.607238950268101429e-02 -2.807609549608958144e+00 8.283129064402576791e-01 5.599671280024680620e-01 -1.829055971128173280e-02 -8.439437137714076442e+00 2.415390530426364882e-02 -3.074920720418852695e-03 9.997035229062425365e-01 -1.791161659968295572e-01
5.284961473185075809e-01 -8.488174033706216148e-01 -1.417173243428034024e-02 -3.118564172366815601e+00 8.485441178486698988e-01 5.286857373403168747e-01 -2.154695316487647075e-02 -8.960422343692622249e+00 2.578182164763335657e-02 -6.378584621797806029e-04 9.996673900848963568e-01 -2.085430352889389993e-01
4.961243641279572958e-01 -8.681053193091481379e-01 -1.593015697866491387e-02 -3.398284497035969576e+00 8.678077995363490116e-01 4.963738434683485079e-01 -2.286111496927540829e-02 -9.490277661800753606e+00 2.775316875699830946e-02 -2.482358345982166575e-03 9.996117243765303417e-01 -2.508176231738976081e-01
4.633034485579132222e-01 -8.860137933609755212e-01 -1.815137802044254969e-02 -3.700361425651709002e+00 8.856983646361142881e-01 4.636330718838125309e-01 -2.414086845487395383e-02 -1.003445558628865619e+01 2.980472158556335405e-02 -4.892098221732205619e-03 9.995437688947017563e-01 -2.536479132448401508e-01
4.296156150813437158e-01 -9.028561131232148984e-01 -1.677087564621523516e-02 -3.951345541425916874e+00 9.025216422970744334e-01 4.299202111906168522e-01 -2.496592054064784155e-02 -1.057366309833145834e+01 2.975077237983575831e-02 -4.410328921295667177e-03 9.995476179410546225e-01 -2.525397464527904812e-01
3.950384727858473055e-01 -9.185591432540877177e-01 -1.391780726175366641e-02 -4.173268303266399748e+00 9.182658216197390200e-01 3.952680146092095725e-01 -2.347503919345879375e-02 -1.113374023100170263e+01 2.706447593374749355e-02 -3.506703088234317325e-03 9.996275392194370335e-01 -2.849045149892412976e-01
3.604116576786028370e-01 -9.327237100705282336e-01 -1.139814358874800815e-02 -4.396295290885592344e+00 9.324743096436284295e-01 3.605810516622459660e-01 -2.174780517635629962e-02 -1.168748756331499372e+01 2.439464813248112124e-02 -2.790313559093772575e-03 9.996985121939291341e-01 -3.068746931270127098e-01
3.242829534890988574e-01 -9.458546598261471372e-01 -1.412545776930756135e-02 -4.561074021032702319e+00 9.457031450233077674e-01 3.245067534924158670e-01 -1.846424718297098866e-02 -1.226540644042353279e+01 2.204830068077379482e-02 -7.370849226344116691e-03 9.997297349828030422e-01 -3.534965497903423404e-01
2.891312665747818866e-01 -9.570227154174575368e-01 -2.259718698202771783e-02 -4.770279607511378472e+00 9.569970538523470127e-01 2.895458077942573150e-01 -1.788474489320512548e-02 -1.283054417775922929e+01 2.365902788111487118e-02 -1.645440242332833758e-02 9.995846652638357144e-01 -3.981823157239175459e-01
2.525399964461436664e-01 -9.672415760604602397e-01 -2.583183560434894679e-02 -4.952387689895099143e+00 9.672657336283819740e-01 2.530536325340637105e-01 -1.899630497921219949e-02 -1.344158284769920897e+01 2.491085580241352709e-02 -2.018892262440660779e-02 9.994857961254157708e-01 -3.956453509601867702e-01
2.167190702571783201e-01 -9.760037735690370031e-01 -2.120090944918436027e-02 -5.050668152106182696e+00 9.759753007122768942e-01 2.171104785366974599e-01 -1.830990175721011748e-02 -1.401947184772966004e+01 2.247347280492209207e-02 -1.672345908923318636e-02 9.996075574575142841e-01 -3.994724360793983076e-01
1.811897840467351084e-01 -9.832630639810813200e-01 -1.907902416830290979e-02 -5.150058461518298714e+00 9.832451592129864970e-01 1.815124399496355345e-01 -1.679854222808951220e-02 -1.464374678679448749e+01 1.998046633052569937e-02 -1.571563391688932110e-02 9.996768476891941813e-01 -4.400852197046459802e-01
1.462936276734377039e-01 -9.890172469213337481e-01 -2.104898548253983717e-02 -5.247407187954793883e+00 9.890199569065262208e-01 1.466777962643715516e-01 -1.803188611575082950e-02 -1.524961509560873907e+01 2.092126516745833678e-02 -1.817991668071981468e-02 9.996158218452085853e-01 -4.572053253942917617e-01
1.108636438451517797e-01 -9.935299378173337859e-01 -2.464782200480263377e-02 -5.371817126396614128e+00 9.936020454828567994e-01 1.113411645654047155e-01 -1.892406612703666918e-02 -1.585355031314740160e+01 2.154594344874891446e-02 -2.239213543300350856e-02 9.995170656780433260e-01 -4.744949073076091817e-01
7.646961192686427267e-02 -9.966850182561026728e-01 -2.777359953390986375e-02 -5.408771508697938657e+00 9.967720015069373440e-01 7.710010447541223999e-02 -2.238639977848401463e-02 -1.648590039758359538e+01 2.445353669793362897e-02 -2.597206709253405132e-02 9.993635355884740168e-01 -5.128382362784016379e-01
4.551235573507033533e-02 -9.986576321298582526e-01 -2.472972421337968699e-02 -5.460871732581050964e+00 9.985237102367156004e-01 4.621308267758632987e-02 -2.854384483342332565e-02 -1.711614822026759342e+01 2.964836528322070328e-02 -2.339411835412403065e-02 9.992865903495667945e-01 -5.458426899746939842e-01
1.590917632346890848e-02 -9.996473082796391019e-01 -2.126398724079723787e-02 -5.470003069364529402e+00 9.993085197697910704e-01 1.661137564859821447e-02 -3.326476375893260701e-02 -1.776378565536582244e+01 3.360625563236022822e-02 -2.072006862154665216e-02 9.992203452335695069e-01 -5.499481164139244926e-01
-1.210980487300553250e-02 -9.997345913467867717e-01 -1.959845621374237817e-02 -5.458723505782215213e+00 9.993596607441908031e-01 -1.144065013482089069e-02 -3.390250721038424314e-02 -1.838116055090252843e+01 3.366929011122422877e-02 -1.999645929943518613e-02 9.992329660839340821e-01 -5.579700063457391224e-01
-3.968404308382414425e-02 -9.990129862468921651e-01 -1.995570168884608017e-02 -5.449592579502644085e+00 9.987122677483077915e-01 -3.902454545464349722e-02 -3.241745046313059680e-02 -1.900807935335285492e+01 3.160669180638540215e-02 -2.121645958856418351e-02 9.992751767484200354e-01 -5.707302957431585888e-01
-6.719411986114237623e-02 -9.975060733688451142e-01 -2.160055192849970329e-02 -5.424689341776904428e+00 9.972961954572616694e-01 -6.650289582874682748e-02 -3.126760890026696743e-02 -1.965190703887967771e+01 2.975313052332865041e-02 -2.364314771783951330e-02 9.992776154703227887e-01 -6.118967636164719393e-01
-9.098076182234585141e-02 -9.956394453388038857e-01 -2.060572393493075027e-02 -5.369589811372926569e+00 9.954302552318945452e-01 -9.032010959535763384e-02 -3.099814131781627319e-02 -2.027920804329368920e+01 2.900186098444411734e-02 -2.333179554750871090e-02 9.993070195720475946e-01 -6.329984084693613955e-01
-1.129153099498312468e-01 -9.934185799655992355e-01 -1.922648572264108388e-02 -5.293097604688198565e+00 9.932121146862982197e-01 -1.123057309005685844e-01 -3.028395682211831169e-02 -2.092265576898002877e+01 2.792540085056952059e-02 -2.251550091319190830e-02 9.993564049907143199e-01 -6.617870365272005007e-01
-1.333310201926988792e-01 -9.909372770124139640e-01 -1.631416797548033287e-02 -5.252177142074764937e+00 9.907208847563194754e-01 -1.328279219148350010e-01 -2.879013131293104225e-02 -2.157006957912316736e+01 2.636223729843913816e-02 -2.000140450969414493e-02 9.994523381593864997e-01 -6.852146150832026938e-01
-1.489078116996400414e-01 -9.887665055784319312e-01 -1.293294460449297828e-02 -5.157424126496322536e+00 9.885273235740498210e-01 -1.485116753851122018e-01 -2.753203253353431190e-02 -2.222009509612968969e+01 2.530205832910018687e-02 -1.688430383153112502e-02 9.995372559932136358e-01 -7.093787631812870087e-01
-1.626780488510819189e-01 -9.866387630029788136e-01 -8.933294858400771948e-03 -5.095571738310638921e+00 9.863867196417029914e-01 -1.624027240479809786e-01 -2.581849201423241924e-02 -2.287124554166228663e+01 2.402273360411267406e-02 -1.301178531560636363e-02 9.996267311867451655e-01 -7.257641555970735237e-01
-1.741270076223088437e-01 -9.846861495326023617e-01 -8.542372633238964202e-03 -4.953607312678245833e+00 9.844696559854629880e-01 -1.738787787751460701e-01 -2.420055224895259482e-02 -2.351600533829271811e+01 2.234461128958543930e-02 -1.262367639294168301e-02 9.996706263218168020e-01 -7.596464964734234160e-01
-1.830588716941744520e-01 -9.830704004394086315e-01 -7.876374101420753962e-03 -4.836852733706968444e+00 9.828553833393648409e-01 -1.828276592124186140e-01 -2.386089816774928513e-02 -2.417928020444488979e+01 2.201692367688129828e-02 -1.210928578245004314e-02 9.996842602840431136e-01 -7.837263440919847168e-01
-1.905607754020858524e-01 -9.816540157345708950e-01 -6.479526630754700416e-03 -4.729294837425510600e+00 9.814273435303552118e-01 -1.903601004246463779e-01 -2.373608078235423663e-02 -2.484987529493431069e+01 2.206717567797718965e-02 -1.088235056691618310e-02 9.996972612715036011e-01 -8.092181954073861538e-01
-1.968629402364814318e-01 -9.804150825438739947e-01 -5.590051603950083048e-03 -4.603659439803918119e+00 9.801902614844214545e-01 -1.966850509131385094e-01 -2.328179615143590939e-02 -2.553318249076690805e+01 2.172634451156347721e-02 -1.006263698720818306e-02 9.997133135459572717e-01 -8.354539151934535779e-01
-2.027364859323043389e-01 -9.792218199330617878e-01 -4.748118973709417739e-03 -4.477228236776082504e+00 9.789958114756954766e-01 -2.025781379838122176e-01 -2.300650163966903514e-02 -2.623445006157571413e+01 2.156660330558481456e-02 -9.312645883130018370e-03 9.997240400423126339e-01 -8.555628043581542386e-01
-2.075926693869300232e-01 -9.782072659249050339e-01 -3.978505184837090314e-03 -4.334367647493784226e+00 9.780242721237458747e-01 -2.074700167740435586e-01 -2.060862125992143218e-02 -2.692078118257649066e+01 1.933408252002314850e-02 -8.169273336721280532e-03 9.997797038429345751e-01 -8.690842209596648660e-01
-2.124692850106042474e-01 -9.771574640672537893e-01 -4.482559503369505476e-03 -4.184559330277559219e+00 9.770264957420028429e-01 -2.123583425263760871e-01 -1.797667853612347835e-02 -2.762592233675207254e+01 1.661413670459802039e-02 -8.199071438414867394e-03 9.998283581090874339e-01 -9.015242638302977118e-01
-2.171470436218766176e-01 -9.761260844582213547e-01 -5.002867327436500908e-03 -4.054106414850306095e+00 9.760210951202550334e-01 -2.170383606772181284e-01 -1.664847946331384637e-02 -2.835065197447325147e+01 1.516520094757071654e-02 -8.498072143371671050e-03 9.998488883026616092e-01 -9.282391344034860436e-01
-2.224748764554639047e-01 -9.749259117532529384e-01 -4.939223942888265259e-03 -3.878693368310422329e+00 9.748415218110536573e-01 -2.223784823257236032e-01 -1.522556879897448041e-02 -2.907526586262256174e+01 1.374542441930761902e-02 -8.202267122011339465e-03 9.998718848490504296e-01 -9.539733697959765779e-01
-2.280155888803870323e-01 -9.736463705717024464e-01 -4.651483098129563162e-03 -3.727393211540443563e+00 9.735654008033087781e-01 -2.279257223860809700e-01 -1.484167871604472402e-02 -2.981305645954305206e+01 1.339035397005287203e-02 -7.912657118615010199e-03 9.998790368178935850e-01 -9.764768847791771567e-01
-2.324305628947688496e-01 -9.725986068750097635e-01 -5.289927422244679149e-03 -3.549554706650497771e+00 9.725074190239745286e-01 -2.323217612581017222e-01 -1.599747426601202255e-02 -3.056052384560283741e+01 1.433015592927754621e-02 -8.862795612223462599e-03 9.998580386609767778e-01 -1.003733046158014064e+00
-2.383162857968134374e-01 -9.711597186237551638e-01 -7.358589644209240221e-03 -3.368518736329995988e+00 9.710565808930463616e-01 -2.381528442852998417e-01 -1.823017983340194728e-02 -3.131476225076465525e+01 1.595194726407937053e-02 -1.149015564687035605e-02 9.998067371705834372e-01 -1.032070142692372405e+00
-2.432796270953074547e-01 -9.699271831169413716e-01 -7.502165427713784404e-03 -3.185387866361597098e+00 9.697981166781325379e-01 -2.430930676349405961e-01 -1.993422556833282858e-02 -3.210161186130118693e+01 1.751102284570061826e-02 -1.212517686497232954e-02 9.997731463461508872e-01 -1.052138955741417803e+00
-2.499997115233534017e-01 -9.682101468679523704e-01 -8.322003068121778743e-03 -2.999352237817067834e+00 9.680642869978857146e-01 -2.497771159747583514e-01 -2.151577486956659721e-02 -3.288585516542850939e+01 1.875314562127763582e-02 -1.343517147660710023e-02 9.997338724314042135e-01 -1.074131219411329274e+00
-2.547115060508650664e-01 -9.669668512647952019e-01 -9.856836978859600043e-03 -2.791591233952038564e+00 9.668423803080432588e-01 -2.544585099254587646e-01 -2.160273965082326955e-02 -3.368094794979770512e+01 1.838097708895781307e-02 -1.503247407772250951e-02 9.997180424471414639e-01 -1.085919753898232143e+00
-2.605518817965324363e-01 -9.653884183757782678e-01 -1.174387300125593996e-02 -2.578572798276989708e+00 9.653110872783504659e-01 -2.602789352349168528e-01 -2.072150197493800167e-02 -3.448189236719317563e+01 1.694761525797930032e-02 -1.673551714841852583e-02 9.997163101564492393e-01 -1.113324678163363224e+00
-2.661515689266280016e-01 -9.638386866711076140e-01 -1.335396678404230861e-02 -2.373071857960078468e+00 9.638104003894238936e-01 -2.658733677121098982e-01 -1.951574841586766265e-02 -3.527488703220013377e+01 1.525956920168508764e-02 -1.806483913207846542e-02 9.997203644644293563e-01 -1.145042039980268989e+00
-2.718426105005931626e-01 -9.622372805878156576e-01 -1.417783333366937244e-02 -2.161330335123961444e+00 9.622625157858304412e-01 -2.716017140187622081e-01 -1.683328991103778122e-02 -3.612176116925347458e+01 1.234689527315741171e-02 -1.821880304428018238e-02 9.997577853573964557e-01 -1.159296273447218528e+00
-2.768428952346397298e-01 -9.607680318884135318e-01 -1.681666596588705237e-02 -1.943716697716082908e+00 9.608647559957728124e-01 -2.766066582567163201e-01 -1.508897898703369031e-02 -3.695706873154463779e+01 9.845406869039020556e-03 -2.033581826839168591e-02 9.997447286427234570e-01 -1.188719205170434501e+00
-2.817649125665108722e-01 -9.593147294965008731e-01 -1.799399378330372376e-02 -1.686908560585880457e+00 9.594386700465225015e-01 -2.815209735449420436e-01 -1.494589800927262173e-02 -3.780858647131039163e+01 9.272133458315208812e-03 -2.147536310960715400e-02 9.997263807214525899e-01 -1.222911167391714127e+00
-2.863815013787890384e-01 -9.579956035939987125e-01 -1.516770112504188181e-02 -1.447636570339863482e+00 9.580835119255948218e-01 -2.862063017730021586e-01 -1.272544676522919041e-02 -3.867613606388101744e+01 7.849830409761775207e-03 -1.817625691155656115e-02 9.998039827072099373e-01 -1.235852214712362729e+00
-2.916977089312663973e-01 -9.564044989632544125e-01 -1.424362881788806927e-02 -1.188742895331597271e+00 9.564844614347457474e-01 -2.915474097371124063e-01 -1.172957386696512304e-02 -3.955109483954309013e+01 7.065524130472407294e-03 -1.704529946197632165e-02 9.998297535705717998e-01 -1.272941184058215880e+00
-2.959519123986842914e-01 -9.551414343822598463e-01 -1.083078337665174286e-02 -9.412790585954736722e-01 9.551609574701382943e-01 -2.958137312114027528e-01 -1.271934531138793970e-02 -4.044172865272861372e+01 8.944879282837263357e-03 -1.410945598902978333e-02 9.998604464505489453e-01 -1.293519288564490610e+00
-2.992872944360764897e-01 -9.541212334860977862e-01 -8.932367820533844080e-03 -6.375211900388610964e-01 9.541084555569773196e-01 -2.991569211772760473e-01 -1.349783464268540512e-02 -4.134788947827843231e+01 1.020639098296710276e-02 -1.256217807613283811e-02 9.998690020473038897e-01 -1.334668669675453723e+00
-3.017943205349128966e-01 -9.533551466864714774e-01 -5.844003256154673386e-03 -3.779026358965502097e-01 9.532423775906690988e-01 -3.016457941819574717e-01 -1.840609712148289293e-02 -4.226658872050676763e+01 1.578472841810543703e-02 -1.112560713247759056e-02 9.998135142138713238e-01 -1.355001829890921439e+00
-3.025303396989884042e-01 -9.531266087456261582e-01 -5.006121996665838063e-03 -6.894979450860656833e-02 9.530196067094638401e-01 -3.024046390604861467e-01 -1.746606697705049838e-02 -4.318205260943827284e+01 1.513349867079779101e-02 -1.005494759162244185e-02 9.998349239934075650e-01 -1.350831603672033809e+00
-3.017174274660140432e-01 -9.533767837962693337e-01 -6.269136810166697424e-03 1.952648261240978733e-01 9.533573168469645642e-01 -3.016379286110666968e-01 -1.115286650051626992e-02 -4.409740390539886334e+01 8.741874553082172247e-03 -9.341741637133941720e-03 9.999181523917208825e-01 -1.353778722963546732e+00
-3.007736738645384045e-01 -9.536420765152141543e-01 -1.009886154765169027e-02 4.851341701000724815e-01 9.536952825286882929e-01 -3.007646186976391522e-01 -2.439716330388041338e-03 -4.505231338266433738e+01 -7.107640949656315096e-04 -1.036503906022327726e-02 9.999460289283935710e-01 -1.389289350476758278e+00
-3.005085128747516099e-01 -9.537288572108418849e-01 -9.792885575123418812e-03 7.611603098578931803e-01 9.537716491010753694e-01 -3.005309876461949581e-01 8.756877224933008567e-04 -4.601431125183881221e+01 -3.778234224381170001e-03 -9.077025008643505033e-03 9.999516651084290331e-01 -1.444284140849457998e+00
-3.002475226658617991e-01 -9.538119007795674564e-01 -9.709946398569334336e-03 1.053537941171786896e+00 9.538608850740134537e-01 -3.002415915150337122e-01 -2.097294422301001441e-03 -4.699973115579672367e+01 -9.149053805255306102e-04 -9.891645519792430577e-03 9.999506579261987493e-01 -1.471420785208662485e+00
-3.003077163023034624e-01 -9.538163950480417208e-01 -7.039890740100169554e-03 1.370823163313883652e+00 9.538391417241117720e-01 -3.002793033299316905e-01 -4.819927410353253006e-03 -4.798858840856314600e+01 2.483392300271532530e-03 -8.162384734140458453e-03 9.999636034517059846e-01 -1.464417361755477653e+00
-2.995613787764329627e-01 -9.540500584345878998e-01 -7.174004551529396256e-03 1.684694592582236972e+00 9.540764887301429464e-01 -2.995447258405807833e-01 -3.318262644623845396e-03 -4.896360380328263062e+01 1.016853443724987380e-03 -7.838572405045421063e-03 9.999687609029140889e-01 -1.472867180721435520e+00
-2.984510519579746113e-01 -9.543981524566996777e-01 -7.150955684717692773e-03 1.951612403358780501e+00 9.544205648290916555e-01 -2.984639972162640431e-01 7.923323286183435584e-04 -4.998235457955168215e+01 -2.890503327868905199e-03 -6.588546746111497918e-03 9.999741176811877130e-01 -1.479002641881178359e+00
-2.979864208182673724e-01 -9.545523382078006103e-01 -5.824656618984585914e-03 2.266004586717886404e+00 9.545563241961912970e-01 -2.980093625793617251e-01 3.555804493510716317e-03 -5.099385297619446789e+01 -5.130003699492191767e-03 -4.500381357169431530e-03 9.999767145387273848e-01 -1.506179824746597617e+00
-2.980642184509579296e-01 -9.545363695516660973e-01 -4.247455371758714765e-03 2.590642212070471295e+00 9.545421124645856459e-01 -2.980725113148708916e-01 1.460658610324181046e-03 -5.203495367565130181e+01 -2.660301456134762238e-03 -3.619004955440322663e-03 9.999899127437641422e-01 -1.549533688818091282e+00
-2.976895083612184911e-01 -9.546495619666977017e-01 -5.017015372088396222e-03 2.885532029938564058e+00 9.546615312193370562e-01 -2.976766390173163357e-01 -3.159016741535321596e-03 -5.307079263126489366e+01 1.522305674986125209e-03 -5.729957717368755477e-03 9.999824249255453434e-01 -1.551905534186883262e+00
-2.981161967002840529e-01 -9.544660836170526519e-01 -1.101038076042515530e-02 3.204071781136535346e+00 9.545280714878155992e-01 -2.980753323208601424e-01 -5.220823403924898173e-03 -5.410912876660477622e+01 1.701175963758874872e-03 -1.206612952986330263e-02 9.999257544980459933e-01 -1.552530457100076644e+00
-2.985966798529841038e-01 -9.543122974437466821e-01 -1.131643597702643167e-02 3.509766890109547344e+00 9.543679364624457762e-01 -2.986301994766414891e-01 1.358604577193650749e-03 -5.514578281878087296e+01 -4.675962588285189313e-03 -1.039436883495313720e-02 9.999350441205525630e-01 -1.535993428772000291e+00
-2.983761224683061930e-01 -9.543648226218601760e-01 -1.262833629341881918e-02 3.829539545205415507e+00 9.543849693609944840e-01 -2.984826862011343285e-01 7.577353719982495711e-03 -5.617009806874305866e+01 -1.100089957776943447e-02 -9.791392924360448752e-03 9.998915485306657525e-01 -1.563021196970702187e+00
-2.981613499548600998e-01 -9.544538866194678395e-01 -1.084378646534774927e-02 4.140670107337554029e+00 9.544288092966631831e-01 -2.982681299519194806e-01 1.008814318658637042e-02 -5.722723489887511050e+01 -1.286302338357879667e-02 -7.341727812746859545e-03 9.998903148106450534e-01 -1.580241972921177629e+00
-2.991359627627709350e-01 -9.541206363988116168e-01 -1.309530353756714616e-02 4.453123244796243441e+00 9.541360850771724023e-01 -2.992558546397413033e-01 8.382398871831422266e-03 -5.827824975565031451e+01 -1.191666599778539067e-02 -9.987224692869455661e-03 9.998791168958387487e-01 -1.583119863917108683e+00
-3.001458771743927834e-01 -9.537564819392091442e-01 -1.615628574234354367e-02 4.747952719826452395e+00 9.537905914974458277e-01 -3.003190625927866231e-01 9.590005616858694737e-03 -5.931488157282852569e+01 -1.399857060778225172e-02 -1.253131268605137648e-02 9.998234875283084078e-01 -1.571529004577674860e+00
-2.990115129986811171e-01 -9.541254797958989009e-01 -1.538453422510331452e-02 5.074915722627284964e+00 9.540630034228472223e-01 -2.992329501290246219e-01 1.494747638329095574e-02 -6.033857975801085871e+01 -1.886532763824947181e-02 -1.020834739960583930e-02 9.997699180543671016e-01 -1.556659390214929717e+00
-2.986905690691611381e-01 -9.542272880373879884e-01 -1.530446695566624847e-02 5.377405764779735087e+00 9.541497961220812840e-01 -2.989179757623797173e-01 1.569109045505496028e-02 -6.138492236606450092e+01 -1.954764697355262579e-02 -9.915973287589578689e-03 9.997597526213591879e-01 -1.568439822912072401e+00
-2.996031916443664400e-01 -9.539571556228738647e-01 -1.427139752344280810e-02 5.696018469486268110e+00 9.539205605043905578e-01 -2.997839512706255705e-01 1.285094552563899664e-02 -6.242458751431861685e+01 -1.653758738018741570e-02 -9.763595229033781436e-03 9.998155731942821589e-01 -1.568448064246742213e+00
-3.012305067071367470e-01 -9.534227456186129546e-01 -1.566045851432102537e-02 6.027979607607819368e+00 9.534275500985667229e-01 -3.014154138790945403e-01 1.116489957273366848e-02 -6.348549304637938206e+01 -1.536517278956779295e-02 -1.156790423853140681e-02 9.998150304164448166e-01 -1.543839517519712379e+00
-3.023317242266607696e-01 -9.530760044045002433e-01 -1.554536423960614297e-02 6.321431661489405052e+00 9.530020753818249091e-01 -3.025625153720664096e-01 1.558745017572692182e-02 -6.447518827093489335e+01 -1.955946923880627977e-02 -1.010218369440595704e-02 9.997576571538023815e-01 -1.517357310742769583e+00
-3.028562894985768472e-01 -9.529163650519589801e-01 -1.511519507564201316e-02 6.657782515477460805e+00 9.527137333646511497e-01 -3.031282917469961258e-01 2.120804079213816848e-02 -6.550808957325924098e+01 -2.479133240399864629e-02 -7.977465388612188860e-03 9.996608174143694070e-01 -1.518956838049466684e+00
-3.031135962221490621e-01 -9.528417470478256490e-01 -1.465444857331365917e-02 6.944906701878376332e+00 9.525883322876198545e-01 -3.033875397182022593e-01 2.305363152557694806e-02 -6.653985864731104982e+01 -2.641243963699542105e-02 -6.971787568745974051e-03 9.996268189681961625e-01 -1.519113925334273141e+00
-3.038300547219313086e-01 -9.526557321031028369e-01 -1.159111442595448481e-02 7.261642922337926187e+00 9.524315274443654333e-01 -3.040161795030041358e-01 2.117423254017771275e-02 -6.757610140810473354e+01 -2.369564032601729001e-02 -4.606374585499323389e-03 9.997086065112563702e-01 -1.514212300296715163e+00
-3.045655898422650054e-01 -9.524273797721285462e-01 -1.104027804460176211e-02 7.565877032051736784e+00 9.522457406888791276e-01 -3.047298105942999880e-01 1.917790051887064903e-02 -6.858911170565117743e+01 -2.162985937792058500e-02 -4.672129159910131703e-03 9.997551302105752713e-01 -1.479833724147130658e+00
-3.060200067328487927e-01 -9.518829396151807787e-01 -1.645067608555432145e-02 7.864978987368256291e+00 9.517899758855346004e-01 -3.062827547969785846e-01 1.693268764955332267e-02 -6.959287841158530341e+01 -2.115649488495469424e-02 -1.047584740566882833e-02 9.997212908282330224e-01 -1.475711824116418880e+00
-3.067120120703338837e-01 -9.516275209191672468e-01 -1.824289110579312839e-02 8.149628549160590651e+00 9.515003650086701903e-01 -3.070411592277427215e-01 1.930756125687137920e-02 -7.062662713258596625e+01 -2.397492508642342507e-02 -1.143625658413411489e-02 9.996471452429557258e-01 -1.448066165457298160e+00
-3.082187933495015297e-01 -9.511001958228639808e-01 -2.023840227845338791e-02 8.478143196453089558e+00 9.509142903605651842e-01 -3.086368715787906614e-01 2.247874292181689312e-02 -7.162932141194785629e+01 -2.762585395954142431e-02 -1.231661492069996595e-02 9.995424519147979581e-01 -1.441165016538406896e+00
-3.094051622034488247e-01 -9.507703951344030902e-01 -1.743850144731847601e-02 8.769032227964533632e+00 9.504075999959350485e-01 -3.097910403514587130e-01 2.747553786808569487e-02 -7.262565595387803796e+01 -3.152521950069359091e-02 -8.072611056770080326e-03 9.994703564769225057e-01 -1.417495127698057855e+00
-3.103347943059477365e-01 -9.505002338553870667e-01 -1.554415899436720205e-02 9.090912594977643479e+00 9.499387810014430222e-01 -3.106907919980957944e-01 3.297793368738144437e-02 -7.362829383826625929e+01 -3.617496075063218741e-02 -4.531799178669539650e-03 9.993351965185871544e-01 -1.402746834999639258e+00
-3.104258036652570718e-01 -9.505198855574318317e-01 -1.215596863979646024e-02 9.388297057664903633e+00 9.497742334183566504e-01 -3.106636888892448378e-01 3.764276734628377308e-02 -7.461209959545095671e+01 -3.955661696953190198e-02 1.398605099884875900e-04 9.992173209482089202e-01 -1.376256811250575751e+00
-3.097967308537543096e-01 -9.507926908769751551e-01 -4.386857890535623625e-03 9.684592507521388782e+00 9.500577820454172429e-01 -3.097332999576981605e-01 3.815093269407433124e-02 -7.564265651862470463e+01 -3.763238392635543522e-02 7.651265750716438642e-03 9.992623588439596416e-01 -1.371388833079097092e+00
-3.092062914468174384e-01 -9.509559963748420719e-01 -8.611752629790161290e-03 9.981659104928755966e+00 9.504529087869872939e-01 -3.093230783460429456e-01 3.095967335159877099e-02 -7.664670754133396713e+01 -3.210510085269475261e-02 1.387860445374580623e-03 9.994835347981367857e-01 -1.355517077518256785e+00
-3.087595565585064539e-01 -9.510943945864017701e-01 -9.326779457577783275e-03 1.029470142748155226e+01 9.507289683075196285e-01 -3.088995429729822217e-01 2.637235607868884668e-02 -7.763574426252702665e+01 -2.796363795009888797e-02 -7.245224424304421221e-04 9.996086784386076785e-01 -1.316028737493372569e+00
-3.067030775393945197e-01 -9.517501821455474076e-01 -1.023782246014484990e-02 1.058163227479788837e+01 9.513731481548830526e-01 -3.068701791089669118e-01 2.682957578155061376e-02 -7.862319775623404894e+01 -2.867673604877457941e-02 -1.511275922240246268e-03 9.995875953835291483e-01 -1.274395152893653682e+00
-3.050314324308580627e-01 -9.522539706916535174e-01 -1.296921455282511529e-02 1.086688412850497087e+01 9.518359244230845118e-01 -3.052850046943845208e-01 2.845063935143000988e-02 -7.959883180105998690e+01 -3.105154101652821130e-02 -3.666225047361557771e-03 9.995110607613831855e-01 -1.262396911765712337e+00
-3.024674501238677760e-01 -9.530679460772945033e-01 -1.322617747291960667e-02 1.115783869750332613e+01 9.526553478888841742e-01 -3.027296463832959139e-01 2.832930165813626194e-02 -8.059570380461654793e+01 -3.100370537427189765e-02 -4.031297064752652551e-03 9.995111399514182704e-01 -1.240127282467138992e+00
-3.008913679551087350e-01 -9.535684874608566508e-01 -1.309673267271178367e-02 1.144895749210037295e+01 9.531978219203661729e-01 -3.011444553736198904e-01 2.694307475144446656e-02 -8.161526788815191935e+01 -2.963607546593790415e-02 -4.376838438400447104e-03 9.995511724300072398e-01 -1.222117248255515598e+00
-2.996876068018510808e-01 -9.539279229628109258e-01 -1.445185511384326944e-02 1.173190722538619468e+01 9.535883549478899601e-01 -2.999768906700555626e-01 2.613645662195683214e-02 -8.255963872761203959e+01 -2.926751834021193779e-02 -5.948348608027601361e-03 9.995539152586914167e-01 -1.204453032922738309e+00
-3.001991243021158162e-01 -9.537497129522324313e-01 -1.555541085217378681e-02 1.202843761849598181e+01 9.534030416412795361e-01 -3.005239751933150294e-01 2.660790326574985487e-02 -8.352931025888192096e+01 -3.005205400678646541e-02 -6.842906759941348727e-03 9.995249114789391820e-01 -1.188484927273705472e+00
-3.023506788542699164e-01 -9.530856300520254010e-01 -1.455502592579254774e-02 1.233586658302557382e+01 9.526964521440448586e-01 -3.026514214210292431e-01 2.777745807314618148e-02 -8.449673431410016633e+01 -3.087939541390643042e-02 -5.467988254488864025e-03 9.995081610638570924e-01 -1.167499687735512603e+00
-3.054800082328143485e-01 -9.521004411697796543e-01 -1.366435104182375272e-02 1.262065927958235179e+01 9.516948644295809556e-01 -3.057536676911062901e-01 2.813502629846243927e-02 -8.547471179549934561e+01 -3.096529639850104446e-02 -4.409604646358489428e-03 9.995107332068765560e-01 -1.145060431547602953e+00
-3.108401801181874258e-01 -9.503221037680302796e-01 -1.631813436032041736e-02 1.293400633324479365e+01 9.499733988461178669e-01 -3.111850747958873065e-01 2.672808826022306586e-02 -8.641541136842731419e+01 -3.047825292634869648e-02 -7.193629791473176924e-03 9.995095436157216406e-01 -1.137372666089547124e+00
-3.182015204357587779e-01 -9.478692908776766846e-01 -1.707629346253524208e-02 1.324491400871369073e+01 9.475542000115785291e-01 -3.185589920478859582e-01 2.571393822164485393e-02 -8.739676616499785666e+01 -2.981325922090728373e-02 -7.998499351936789667e-03 9.995234832522292834e-01 -1.112447367900827544e+00
-3.273009891109363023e-01 -9.447430472791974454e-01 -1.829308994146583087e-02 1.354742762381603072e+01 9.444843973701704254e-01 -3.276766044743491535e-01 2.402636047106980477e-02 -8.832589830187160373e+01 -2.869295460356886471e-02 -9.413686481895786398e-03 9.995439444330902479e-01 -1.092349411942978188e+00
-3.374987724926925003e-01 -9.411414676472694696e-01 -1.863642765241032770e-02 1.388432102369645982e+01 9.409112027578583337e-01 -3.378715966246569335e-01 2.299766753589164645e-02 -8.926869654562361234e+01 -2.794077814322621506e-02 -9.773538993392401342e-03 9.995617994112304672e-01 -1.073617557192767302e+00
-3.483580335696363495e-01 -9.371939413750316472e-01 -1.772559427454405839e-02 1.419207608424595612e+01 9.370022020204670232e-01 -3.486857865158676795e-01 2.109729090764465159e-02 -9.022791327442114095e+01 -2.595291599887554826e-02 -9.259510092544298923e-03 9.996202817139729913e-01 -1.059693717791485135e+00
-3.606066445407696830e-01 -9.325034190900926001e-01 -2.000553156685622169e-02 1.454845682218457803e+01 9.324098505071489740e-01 -3.609558685482351925e-01 1.796473297527277288e-02 -9.115895368979947477e+01 -2.397328894467993035e-02 -1.217515261871252551e-02 9.996384581766564192e-01 -1.044721451178360905e+00
-3.727221427502390716e-01 -9.276636645377422941e-01 -2.276685738081269880e-02 1.488540937497073458e+01 9.276131691575860705e-01 -3.731315997264155193e-01 1.751050210833741613e-02 -9.206466123931554080e+01 -2.473889046867549721e-02 -1.459228485976603144e-02 9.995874411530301096e-01 -1.018770235456611717e+00
-3.838112600394006924e-01 -9.230569290130334892e-01 -2.558949907482022459e-02 1.521153065552679884e+01 9.229747982525610128e-01 -3.843346179866392043e-01 2.011027599959607642e-02 -9.298015240565172235e+01 -2.839785995690620457e-02 -1.589991237427277812e-02 9.994702368386292335e-01 -9.978653229823980508e-01
-3.960911485863622405e-01 -9.178471548455058304e-01 -2.585347845897153357e-02 1.558407351592861900e+01 9.176968103308827951e-01 -3.966546388321071093e-01 2.230833464383302767e-02 -9.392536658382429948e+01 -3.073054364261051247e-02 -1.488952082507639420e-02 9.994167978611000480e-01 -9.820182180697080154e-01
-4.086985381284331531e-01 -9.122628558640302199e-01 -2.723943349896520635e-02 1.597662999158592001e+01 9.122005173936598155e-01 -4.092631905924485336e-01 1.984582792256124606e-02 -9.482625316723776621e+01 -2.925270912106080895e-02 -1.673686447082430029e-02 9.994319168240862750e-01 -9.852010325376832078e-01
-4.202313004346131531e-01 -9.069129354017418931e-01 -3.024205235876542205e-02 1.634997129447483388e+01 9.069993539941746397e-01 -4.208156077515640137e-01 1.632164574881153282e-02 -9.572916052061637515e+01 -2.752863929936262902e-02 -2.057065553408486680e-02 9.994093366279519497e-01 -9.614089597631265693e-01
-4.321902691237531902e-01 -9.012215666451416363e-01 -3.180030004941569732e-02 1.674461241613179752e+01 9.013703246914933631e-01 -4.327900660730644722e-01 1.497653054478049681e-02 -9.658987944712555418e+01 -2.726002627971381084e-02 -2.219113601363362914e-02 9.993820312771038994e-01 -9.451478241672390812e-01
-4.430514117120517570e-01 -8.959807418827141490e-01 -3.039665688944481400e-02 1.716766482889668666e+01 8.960292276188202010e-01 -4.436602513527704295e-01 1.723962341719238386e-02 -9.749968809650668788e+01 -2.893215901468079373e-02 -1.959825350194916230e-02 9.993892327938697084e-01 -9.172057778553432961e-01
-4.535277260387244325e-01 -8.907071866446648611e-01 -3.087570838806619547e-02 1.755315720976997795e+01 8.907239760935983242e-01 -4.541731465092563313e-01 1.837257181389347419e-02 -9.835419195575157403e+01 -3.038749938080368557e-02 -1.916926302336075319e-02 9.993543611884712075e-01 -9.080512054529200627e-01
-4.637996969503710432e-01 -8.853387033359778613e-01 -3.263773090870480259e-02 1.798557992584821363e+01 8.853563331680691650e-01 -4.645165958310318866e-01 1.919623686871160112e-02 -9.921323746488178585e+01 -3.215593911535264554e-02 -1.999281291744087197e-02 9.992828843731629274e-01 -8.880404614760359916e-01
-4.736547122721136982e-01 -8.801200383324847554e-01 -3.224797145218455396e-02 1.840294575433861723e+01 8.801090213874710466e-01 -4.743669162122377547e-01 1.959947113758494369e-02 -1.000801280270510745e+02 -3.254725806049547920e-02 -1.909834873362924526e-02 9.992877108512244755e-01 -8.775814993131920705e-01
-4.807613825206453750e-01 -8.762461141907965656e-01 -3.257668548343910925e-02 1.900565705515870718e+01 8.762730418967540347e-01 -4.814617841587377489e-01 1.844197475586630344e-02 -1.008392761460300022e+02 -3.184413783237663442e-02 -1.967988200292452791e-02 9.992990809161931276e-01 -8.605534118390756326e-01
-4.833792665229959540e-01 -8.747957323997581636e-01 -3.281632620477602930e-02 1.937405796453850826e+01 8.748730906236859006e-01 -4.840566629402318632e-01 1.691810742737010972e-02 -1.014871171804453525e+02 -3.068484953008811938e-02 -2.053225836997272721e-02 9.993182007576094650e-01 -8.370030244305859402e-01
-4.930983284658581045e-01 -8.693211018108932819e-01 -3.368768922270351518e-02 1.980815108408500080e+01 8.694835163169825076e-01 -4.937504962084696136e-01 1.445207044542903309e-02 -1.022671567631349490e+02 -2.919680307258923010e-02 -2.216459870193402196e-02 9.993279127716783172e-01 -8.255901308226754054e-01
-5.026525805078220221e-01 -8.638498493822549529e-01 -3.322380209657877642e-02 2.025856300818259470e+01 8.639909537852616950e-01 -5.032958657355725007e-01 1.459120639101619057e-02 -1.030835221278764919e+02 -2.932601368210089460e-02 -2.137075691612064232e-02 9.993414209669401194e-01 -7.974511977417247932e-01
-5.116611152936704210e-01 -8.584850128853268592e-01 -3.473306410851469128e-02 2.069566479019570693e+01 8.586505145048252130e-01 -5.123522527100279333e-01 1.464455792458037829e-02 -1.038987310226328731e+02 -3.036769713779457688e-02 -2.233051252592974101e-02 9.992893230545120131e-01 -7.840460612506839899e-01
-5.216151904745133239e-01 -8.525234350746341283e-01 -3.348709765572260161e-02 2.115721784209776501e+01 8.526063010920030827e-01 -5.223024620266575324e-01 1.620597088644828640e-02 -1.047017783699027547e+02 -3.130636352023788427e-02 -2.009802987527710763e-02 9.993077507895843370e-01 -7.591732549707730371e-01
-5.306930594134334767e-01 -8.469541990479122484e-01 -3.214749446090908042e-02 2.165164769280305634e+01 8.469973764160927399e-01 -5.313433925327476492e-01 1.642082669451903551e-02 -1.055075152550850817e+02 -3.098904688873653154e-02 -1.851442470960279127e-02 9.993482351215047244e-01 -7.482426163669572139e-01
-5.388466671878789915e-01 -8.418815749798913561e-01 -2.965944983410603170e-02 2.216249710902395975e+01 8.418687807401417089e-01 -5.394252256432252590e-01 1.665478754480598234e-02 -1.062857457933396574e+02 -3.002041418807536652e-02 -1.599498810747935346e-02 9.994213000918501510e-01 -7.224525389983764700e-01
-5.467019701066097026e-01 -8.368907314799471919e-01 -2.703441212704331409e-02 2.265101258050686539e+01 8.367862375667052266e-01 -5.472243465550364894e-01 1.828406819294160074e-02 -1.070710415705205918e+02 -3.009565571482039972e-02 -1.262608790540797367e-02 9.994672748025152931e-01 -7.023992599171705598e-01
-5.523921465058343472e-01 -8.331864823294077294e-01 -2.575271125050278623e-02 2.311295677402421944e+01 8.331019197235969287e-01 -5.528598605291981105e-01 1.694597184623358732e-02 -1.078526716533076950e+02 -2.835679502208859545e-02 -1.209381141754644479e-02 9.995247029920458770e-01 -6.979330781543956475e-01
-5.583041191816668913e-01 -8.292140782805158539e-01 -2.646739278226662231e-02 2.362082800489435996e+01 8.292471420009940308e-01 -5.587352545436891083e-01 1.280987144785848339e-02 -1.086420309746622195e+02 -2.541039118849245868e-02 -1.479620582483706648e-02 9.995675986658925094e-01 -6.807832803761127982e-01
-5.646816190846550843e-01 -8.248726615655569416e-01 -2.682836678188118065e-02 2.417677151380948430e+01 8.249780076679537055e-01 -5.650772777210205655e-01 9.947716368714228097e-03 -1.093960881938974126e+02 -2.336569974401393746e-02 -1.651551999088459941e-02 9.995905570106001781e-01 -6.511878400991376603e-01
-5.701936579038104913e-01 -8.210069985752366239e-01 -2.875240461662973909e-02 2.464495656527054734e+01 8.211743107528711727e-01 -5.706121609537275763e-01 8.632098505513469133e-03 -1.101359951721397721e+02 -2.349348501597293623e-02 -1.868876822078254299e-02 9.995492914779379179e-01 -6.416698267000519040e-01
-5.762909271102473197e-01 -8.166420367051703266e-01 -3.137755903371701460e-02 2.513013965548913120e+01 8.168232724761459451e-01 -5.768018442713872540e-01 9.968649850377904811e-03 -1.109179380852454386e+02 -2.623945243604688601e-02 -1.988507798740994995e-02 9.994578904581912226e-01 -6.196680485420575923e-01
-5.826661135828544724e-01 -8.120525759867306403e-01 -3.272329308035886591e-02 2.566577739162046967e+01 8.122536645478513062e-01 -5.832170631276812900e-01 1.009166481170592142e-02 -1.116415102296702173e+02 -2.727974529218568644e-02 -2.069954360467101892e-02 9.994135001995885226e-01 -6.138469423935364322e-01
-5.899146848948663147e-01 -8.067471510971832016e-01 -3.405434974282524341e-02 2.625377427706859734e+01 8.070155745707964234e-01 -5.904691768945020680e-01 8.486078662862585331e-03 -1.123940423483770559e+02 -2.695416364722224428e-02 -2.247632820345148164e-02 9.993839541049301944e-01 -5.925230932321928767e-01
-5.971881585663424419e-01 -8.014036380082816269e-01 -3.344416615268491072e-02 2.672936956514021034e+01 8.017077077026084631e-01 -5.976819772956536436e-01 6.403547421176805990e-03 -1.131218629397353084e+02 -2.512080155426886854e-02 -2.298832308905944533e-02 9.994200730026673307e-01 -5.788578790703056143e-01
-6.043229512664419767e-01 -7.960173909067550513e-01 -3.391288753580852522e-02 2.726522577126641167e+01 7.963738142324950919e-01 -6.047875710077066369e-01 4.554333407551498444e-03 -1.138407446213523144e+02 -2.413542147466932186e-02 -2.425504739214569272e-02 9.994144155934880924e-01 -5.550418416343068095e-01
-6.128913924391360402e-01 -7.893475293874724352e-01 -3.598081319652941812e-02 2.782492211488380462e+01 7.897997702740240378e-01 -6.133593973491053841e-01 2.563698902331368584e-03 -1.145534626980945205e+02 -2.409281929263113950e-02 -2.684636900638385018e-02 9.993491924845534502e-01 -5.440237383377958258e-01
-6.214912350529234741e-01 -7.823991968919147277e-01 -4.000176808130058437e-02 2.835850368896175056e+01 7.830054684265319587e-01 -6.220142912264308155e-01 8.111212416445946760e-04 -1.152787275440129093e+02 -2.551629202856973283e-02 -3.081749841170490500e-02 9.991992797348144828e-01 -5.394670575238034171e-01
-6.304352511146807947e-01 -7.751685027908371550e-01 -4.080669586361120038e-02 2.890881687064065986e+01 7.757876661161072773e-01 -6.309932085456434470e-01 1.033375468709400724e-03 -1.159783896169453072e+02 -2.654978806765788402e-02 -3.100585502239537605e-02 9.991665255089881015e-01 -5.317703105572167965e-01
-6.398593084265816744e-01 -7.673121584598741052e-01 -4.256896632290137900e-02 2.947513118366034490e+01 7.680200680026334492e-01 -6.404256303157668251e-01 -4.326353762436761959e-04 -1.166850402411233318e+02 -2.693029070449287979e-02 -3.297064618234080147e-02 9.990934370331415737e-01 -5.153060428998240683e-01
-6.482935234747798647e-01 -7.602450722719087395e-01 -4.174850298155697442e-02 2.999212971875920886e+01 7.609320378715680455e-01 -6.488309941969235828e-01 -8.801724605112789873e-04 -1.173453444670143426e+02 -2.641857591952831777e-02 -3.233838355711052964e-02 9.991277634942894448e-01 -4.938149940517178593e-01
-6.581183964182251156e-01 -7.517618574212538984e-01 -4.164475977456554012e-02 3.055912890428069417e+01 7.525056133516043744e-01 -6.585766313882371881e-01 -3.481731922422421927e-03 -1.179967983244228691e+02 -2.480883234987834793e-02 -3.362930732616839502e-02 9.991264141819082845e-01 -4.857420023078718452e-01
-6.698434632394515420e-01 -7.412823263082444214e-01 -4.254700286276645593e-02 3.117546377250215528e+01 7.421257207879459195e-01 -6.702285101467864159e-01 -6.569530040838389602e-03 -1.186787884101909327e+02 -2.364633782810708976e-02 -3.597578192091032551e-02 9.990728671184567755e-01 -4.700774506577421463e-01
-6.811752756456326274e-01 -7.307211850765149563e-01 -4.524150222550869099e-02 3.167742085695003595e+01 7.317411858363357391e-01 -6.815099324399873648e-01 -9.952332896254668937e-03 -1.193331497844814635e+02 -2.356015263656820527e-02 -3.988435359106334843e-02 9.989265025697106060e-01 -4.673977724177187931e-01
-6.948369273797349033e-01 -7.175618066558525632e-01 -4.802809565639794276e-02 3.238431700804923707e+01 7.187188586072574825e-01 -6.952115029778553890e-01 -1.114308768688843099e-02 -1.199559507418882731e+02 -2.539383043372936063e-02 -4.226132690077322868e-02 9.987838272690799934e-01 -4.440772114153274663e-01
-7.085588476060524776e-01 -7.040621861215906607e-01 -4.733706314207849347e-02 3.294514590184495262e+01 7.051656435679141133e-01 -7.089652667718754353e-01 -1.047213618242776208e-02 -1.205839915796256179e+02 -2.618729850436600504e-02 -4.080059534023128265e-02 9.988240770059088058e-01 -4.446774097268022530e-01
-7.216482921959249675e-01 -6.906964592657384161e-01 -4.649885506623745168e-02 3.355212363536211484e+01 6.917758017179487240e-01 -7.220265236796375996e-01 -1.113280082998403635e-02 -1.211632015171471295e+02 -2.588402056318188371e-02 -4.020074944836350694e-02 9.988563045869263135e-01 -4.206107952558626462e-01
-7.355328227869580848e-01 -6.759552835469986309e-01 -4.556227871695095466e-02 3.418780611817026482e+01 6.770511000838682625e-01 -7.358110165953978266e-01 -1.356302790129238975e-02 -1.217281069033224838e+02 -2.435722624994367605e-02 -4.082404312505547028e-02 9.988694224082071971e-01 -4.031741219682827837e-01
-7.500783606918528523e-01 -6.595996078061714396e-01 -4.807088721505976825e-02 3.481164962354002768e+01 6.608905897162925536e-01 -7.502815466065577699e-01 -1.735595690118718962e-02 -1.223397290861139055e+02 -2.461871724093410430e-02 -4.478792470009500953e-02 9.986931263167053707e-01 -3.820794520563577379e-01
-7.643683532135641112e-01 -6.428324757596307615e-01 -5.007423197756734334e-02 3.547089250417030115e+01 6.442738419528627469e-01 -7.645378679369225772e-01 -1.982586844624468700e-02 -1.228827448758920440e+02 -2.553893445691811023e-02 -4.741578423399801789e-02 9.985486999751385095e-01 -3.748014375045259916e-01
-7.784021881779399354e-01 -6.256243271538158846e-01 -5.180960052814889000e-02 3.611636292549021476e+01 6.271842031163854525e-01 -7.785799456264991258e-01 -2.128951909840112039e-02 -1.234263669889572697e+02 -2.701867490036782143e-02 -4.906597127217664916e-02 9.984300284243761148e-01 -3.740831307877938716e-01
-7.934540136492169715e-01 -6.064365994324398823e-01 -5.162730950239412947e-02 3.675101282050798801e+01 6.079799103626292167e-01 -7.936697127892564652e-01 -2.118526824156978863e-02 -1.239605583310043784e+02 -2.812750987396267152e-02 -4.819790311973434077e-02 9.984416884890688904e-01 -3.513839430440692246e-01
-8.079959786818052825e-01 -5.870230563420322234e-01 -5.046216157195211605e-02 3.740937243536119183e+01 5.885679826115823854e-01 -8.081080311280828266e-01 -2.343373348154880603e-02 -1.244777863279073529e+02 -2.702273618412411385e-02 -4.863477505291673164e-02 9.984510155107391149e-01 -3.462741796866518063e-01
-8.227960298092753533e-01 -5.665265185479202437e-01 -4.532545758859680973e-02 3.811747832250313905e+01 5.678031421793324762e-01 -8.228603392772397829e-01 -2.237082407832924683e-02 -1.249758673027006211e+02 -2.462285632668222493e-02 -4.414256247440447034e-02 9.987217576053217805e-01 -3.279984996977066136e-01
-8.366072202868939378e-01 -5.462295471060834018e-01 -4.149265990024759987e-02 3.885202621253795030e+01 5.473750527963265888e-01 -8.365460110507404456e-01 -2.390236317799724480e-02 -1.254267782201982584e+02 -2.165434211351762936e-02 -4.270893651985389200e-02 9.988528601344287550e-01 -3.198929969764823800e-01
-8.501815692121655887e-01 -5.251083433254523092e-01 -3.811203399643675604e-02 3.956504862411164680e+01 5.261808843253015233e-01 -8.499324997183210773e-01 -2.735731871820777997e-02 -1.258571613492944010e+02 -1.802710001354376410e-02 -4.331251190863300016e-02 9.988989187935988223e-01 -3.087959494965454299e-01
-8.614118510886786817e-01 -5.064664091650981081e-01 -3.822825113368088362e-02 4.020463830237544300e+01 5.075538410529600863e-01 -8.611776945387221716e-01 -2.760573954172882913e-02 -1.263296916683849815e+02 -1.893993739905169837e-02 -4.318280689861973137e-02 9.988876433060055460e-01 -2.930449354711741616e-01
-8.736399023542081865e-01 -4.849112662456577239e-01 -4.017940860509705558e-02 4.093567148478467743e+01 4.861103019099924927e-01 -8.734286703429814391e-01 -2.862048556907066318e-02 -1.267480391423056005e+02 -2.121545153480685134e-02 -4.453562266516374740e-02 9.987825003071205687e-01 -2.820688534397429170e-01
-8.854202587912467504e-01 -4.629106413068656556e-01 -4.176964783359174427e-02 4.167665408884063538e+01 4.642274808481284265e-01 -8.851930535053784688e-01 -3.043195763701073489e-02 -1.271564521710592714e+02 -2.288692508324629768e-02 -4.633569019588491822e-02 9.986637033877028280e-01 -2.726283097151668833e-01
-8.977258597050948863e-01 -4.383971458679901123e-01 -4.354564622001861479e-02 4.248295686416619787e+01 4.398484792914574837e-01 -8.974917978203065250e-01 -3.227674247381389500e-02 -1.274207750935886310e+02 -2.493182853437750021e-02 -4.812915265513520446e-02 9.985299137133357705e-01 -2.742145087099706058e-01
-9.073784730348543048e-01 -4.182115832958568369e-01 -4.199259771943828629e-02 4.313761425012388173e+01 4.195915458897475081e-01 -9.071430221934341231e-01 -3.216320721122577914e-02 -1.277617100540751238e+02 -2.464226619284275513e-02 -4.680394083995646770e-02 9.986000950472913029e-01 -2.580431165252242143e-01
-9.176073720309836368e-01 -3.953297491123970442e-01 -4.136544758831207230e-02 4.393861187291289383e+01 3.967381184201888566e-01 -9.172926721915174442e-01 -3.424936394590879368e-02 -1.280925781240933645e+02 -2.440442949824033619e-02 -4.783871868764872498e-02 9.985568991323996446e-01 -2.424388401653125302e-01
-9.266477438300866343e-01 -3.735093634507422045e-01 -4.259946316846342090e-02 4.466168982259461018e+01 3.749953072309362700e-01 -9.263772366629219324e-01 -3.469488351516537838e-02 -1.284153749159908955e+02 -2.650430911613794321e-02 -4.812453431022659794e-02 9.984896347911769166e-01 -2.319447934015908819e-01
-9.354389097195137115e-01 -3.509680943458919899e-01 -4.213600511365906548e-02 4.541983444487437538e+01 3.524181147547812976e-01 -9.352261619858821540e-01 -3.396319072862037658e-02 -1.286967874889226664e+02 -2.748669801549541089e-02 -4.661998159094338928e-02 9.985344554587882726e-01 -2.270999467810545791e-01
-9.432792162497547483e-01 -3.293977922025156380e-01 -4.148993463802559678e-02 4.618793286717620106e+01 3.308182429332993113e-01 -9.430887755158763319e-01 -3.380608869939032840e-02 -1.289601268818842073e+02 -2.799304067298715587e-02 -4.561420812890939341e-02 9.985668398661968759e-01 -2.030688404076556042e-01
-9.510858037566874978e-01 -3.062636740912577649e-01 -4.047660827540543876e-02 4.692816721650903133e+01 3.076757983410576269e-01 -9.508480480463886719e-01 -3.497988902589006105e-02 -1.292337229913569843e+02 -2.777403463739007428e-02 -4.572254863449534690e-02 9.985680004566706014e-01 -1.907672291814091481e-01
-9.581987424551640098e-01 -2.837293190805237342e-01 -3.678102016334982433e-02 4.769685806451235521e+01 2.850260896955979506e-01 -9.578153781476506090e-01 -3.674002682963700694e-02 -1.294725390788802031e+02 -2.480520394058463238e-02 -4.568779785781675734e-02 9.986477491959185881e-01 -1.939629997694765351e-01
-9.644273899519503201e-01 -2.621829264826932016e-01 -3.376273928768840776e-02 4.842081149464953427e+01 2.634056828411966422e-01 -9.638935072736736220e-01 -3.907368522909210329e-02 -1.296735119502854161e+02 -2.229923204488043834e-02 -4.657702965768321240e-02 9.986657721921675668e-01 -1.676904786332334696e-01
-9.705497970940359931e-01 -2.388516539658153692e-01 -3.135249194632953873e-02 4.919045459094913753e+01 2.400551842344217646e-01 -9.698117905308615283e-01 -4.287889299291078316e-02 -1.298810618049265884e+02 -2.016432184001543809e-02 -4.914242912401278751e-02 9.985882143177045034e-01 -1.606330060224667455e-01
-9.761907402171542403e-01 -2.152025484027154101e-01 -2.719378362679051100e-02 4.997489345095945623e+01 2.162620886083850003e-01 -9.752903410380002747e-01 -4.516037758416756309e-02 -1.300657289133474421e+02 -1.680320616405071160e-02 -4.996612686641823536e-02 9.986095525370634052e-01 -1.410393643196219404e-01
-9.809130281139356589e-01 -1.927391996595721191e-01 -2.571443531519519363e-02 5.071806985837626058e+01 1.937912920852021825e-01 -9.798703061891392840e-01 -4.794912048826346918e-02 -1.302165824292571017e+02 -1.595513649799455355e-02 -5.201715061828106335e-02 9.985187277415368268e-01 -1.294326194761937221e-01
-9.851262330982417659e-01 -1.700142402357752713e-01 -2.492915905780006616e-02 5.147415612049991296e+01 1.710649390947399096e-01 -9.840462012995819796e-01 -4.888619759444644275e-02 -1.303755846528818552e+02 -1.622009452988609768e-02 -5.242358076239057169e-02 9.984932031331902325e-01 -1.223525602654843142e-01
-9.884852213586426961e-01 -1.493054346670099064e-01 -2.459378635003697106e-02 5.225006082339836411e+01 1.503531117889695956e-01 -9.874460464828495043e-01 -4.841742512406784632e-02 -1.305332408194440461e+02 -1.705605239528286410e-02 -5.155766149955048200e-02 9.985243605476388229e-01 -1.029613648150172617e-01
-9.912495931290621343e-01 -1.296054636817746131e-01 -2.503333573178743651e-02 5.301734677801702134e+01 1.307435525545478927e-01 -9.901037101866803081e-01 -5.099771107490315425e-02 -1.306351475135387545e+02 -1.817601659532412303e-02 -5.382440759916380657e-02 9.983849786314916708e-01 -1.088408652524497922e-01
-9.936261034483994115e-01 -1.106655529972491586e-01 -2.145464794164466185e-02 5.377102571250432561e+01 1.116389235944461877e-01 -9.924251674725049766e-01 -5.127414261345498298e-02 -1.307314294834139616e+02 -1.561785122926531710e-02 -5.334250033475512048e-02 9.984541353365693483e-01 -1.194889686616408681e-01
-9.956563328293751569e-01 -9.173797522524006209e-02 -1.589373432664894711e-02 5.454162631372857817e+01 9.244001909460118627e-02 -9.943992082274017985e-01 -5.123531537341285275e-02 -1.308101303916461120e+02 -1.110449273728625515e-02 -5.248198332047218639e-02 9.985601292148009733e-01 -1.164909346305159771e-01
-9.973593408570995411e-01 -7.174633753526317437e-02 -1.126091683025655030e-02 5.530722498102979046e+01 7.223453552499571606e-02 -9.960544725074726990e-01 -5.155249431657649151e-02 -1.308658237308528669e+02 -7.517783914747687424e-03 -5.222978884772324498e-02 9.986067955264567031e-01 -9.836748115344447208e-02
-9.986498276786733852e-01 -5.152478714415214406e-02 -6.611957318002475818e-03 5.606580619756260830e+01 5.180759514596141452e-02 -9.971920014770264684e-01 -5.407481179209749217e-02 -1.309191457761114634e+02 -3.807197783614482776e-03 -5.434435108558787614e-02 9.985149957510953689e-01 -1.005317906254461352e-01
-9.994936248308622373e-01 -3.174198524202540700e-02 -2.222675822159759888e-03 5.680615327005362047e+01 3.181612497962169051e-02 -9.979883563824166748e-01 -5.483588889880860323e-02 -1.309523033124707183e+02 -4.776046137975133209e-04 -5.487883829784488687e-02 9.984929068303902699e-01 -1.118556835041423086e-01
-9.999217677007504745e-01 -1.250552723116598111e-02 -2.650647410630240105e-04 5.755815008889822337e+01 1.250194880552736240e-02 -9.985096207630752563e-01 -5.312474484231455990e-02 -1.309733673712174493e+02 3.996832497746479742e-04 -5.312390259699856926e-02 9.985878485220304190e-01 -9.904138296238768069e-02
-9.999764189999028607e-01 6.802191517601687172e-03 9.442600912119859238e-04 5.831640768205217285e+01 -6.842096896800957916e-03 -9.986232276566656685e-01 -5.200802716458571145e-02 -1.309747402939826486e+02 5.891914993866965771e-04 -5.201326148212542799e-02 9.986462203768976531e-01 -1.067543846828735432e-01
-9.996881341011707445e-01 2.483528220505691608e-02 2.615967801800294420e-03 5.904407007864494972e+01 -2.493768430118497095e-02 -9.983384788980946833e-01 -5.194606287334937317e-02 -1.309643549115939152e+02 1.321526185777676613e-03 -5.199509884674062554e-02 9.986464655993900763e-01 -1.190026359534694378e-01
-9.991335788679847063e-01 4.150382584139766795e-02 3.086099707156038287e-03 5.978122056214716196e+01 -4.160853530111135318e-02 -9.977613757724570487e-01 -5.235424339680416761e-02 -1.309533274842342507e+02 9.062896901662404652e-04 -5.243729066238537323e-02 9.986238076356289683e-01 -1.174946994619524010e-01
-9.983109048991948287e-01 5.792616057400935825e-02 4.460613514605286760e-03 6.053076809788870349e+01 -5.808061969534822344e-02 -9.969312892938878568e-01 -5.248472194385574163e-02 -1.309230571449063518e+02 1.406686751740339339e-03 -5.265514545411052044e-02 9.986117648412146108e-01 -1.250810676755245154e-01
-9.973359693698792272e-01 7.273612518729104248e-02 5.515458839063357849e-03 6.123760195622192981e+01 -7.292690754110962847e-02 -9.959162495498734557e-01 -5.322114273376724741e-02 -1.308817680892574913e+02 1.621835381639154814e-03 -5.348158533597369840e-02 9.985675188336753383e-01 -1.273307220731371980e-01
-9.960757648579342538e-01 8.835168765878183283e-02 5.200955965402328553e-03 6.196929641678971734e+01 -8.850359414580234729e-02 -9.946278772531201851e-01 -5.368891514176939855e-02 -1.308234798209680605e+02 4.295095307929178217e-04 -5.393853050998551751e-02 9.985441654917829313e-01 -1.289511268733201654e-01
-9.947673745820905244e-01 1.020279030477889287e-01 5.308244451746565659e-03 6.266515585554255097e+01 -1.021648314626625864e-01 -9.931761325502476145e-01 -5.624515036517161587e-02 -1.307688267899212917e+02 -4.665530525705660408e-04 -5.649315646135436714e-02 9.984028773951796332e-01 -1.475262223865405065e-01
-9.932657541865429485e-01 1.157450595933269960e-01 5.120813647866322323e-03 6.342121982536842495e+01 -1.158507306238594631e-01 -9.917257751699211088e-01 -5.530456646954840655e-02 -1.307051665617296408e+02 -1.322787456793852491e-03 -5.552538192666967021e-02 9.984563997415875081e-01 -1.406405912084708054e-01
-9.916961874569247826e-01 1.285053550072216000e-01 5.004548962372535985e-03 6.412940352594436888e+01 -1.285809264565360988e-01 -9.900595467466564159e-01 -5.700034422895481484e-02 -1.306199993823895511e+02 -2.370047992745755953e-03 -5.717051359751969958e-02 9.983616154666591358e-01 -1.510997048390712028e-01
-9.900472870172486450e-01 1.406413358604161890e-01 5.136546470192973612e-03 6.484148276519232468e+01 -1.407016171082229594e-01 -9.883560813474312479e-01 -5.792504986189361826e-02 -1.305497674960756456e+02 -3.069919450849770224e-03 -5.807125886067746739e-02 9.983077203340608996e-01 -1.587900176714139300e-01
-9.885483244698397565e-01 1.508167936858633984e-01 5.148293178677470355e-03 6.553305184939711125e+01 -1.508583714627172723e-01 -9.868251923698957428e-01 -5.846188038835483519e-02 -1.304617317972288788e+02 -3.736567946026261768e-03 -5.856905702788208629e-02 9.982763663477844940e-01 -1.630954855073836751e-01
-9.869537128790032421e-01 1.609132767011450527e-01 5.411654841639834332e-03 6.623864874433671446e+01 -1.609463185192821499e-01 -9.851395362985470028e-01 -5.996979715961821278e-02 -1.303397179483085040e+02 -4.318701422191946644e-03 -6.005839989102761817e-02 9.981855225408953203e-01 -1.650235984224181773e-01
-9.851016446100890889e-01 1.719135465325651591e-01 4.525737241350200404e-03 6.694744258183759200e+01 -1.718808330705694221e-01 -9.833700984029027925e-01 -5.865346353633042048e-02 -1.302255093235903018e+02 -5.632850256016824937e-03 -5.855751087889606715e-02 9.982681447924425244e-01 -1.668391712249778780e-01
-9.832813540007213637e-01 1.820380102358647167e-01 4.465612653306432270e-03 6.763227943667965292e+01 -1.819777356829252735e-01 -9.814930221448681102e-01 -5.962844280549271098e-02 -1.301071687497010885e+02 -6.471675422396251307e-03 -5.944417805771167601e-02 9.982106526690406323e-01 -1.812342766998743804e-01
-9.813537954364122129e-01 1.921434013055999257e-01 5.063744638875975791e-03 6.832065699939151671e+01 -1.920958880033483418e-01 -9.795220684897476549e-01 -6.029665951372364247e-02 -1.299842398245793049e+02 -6.625555622800787491e-03 -6.014508018885107721e-02 9.981676569251511921e-01 -1.864000136474509572e-01
-9.793625078570139530e-01 2.020196273241486318e-01 6.094946459708367251e-03 6.901601782810438124e+01 -2.019968925908438295e-01 -9.773461256678034337e-01 -6.318074089866451692e-02 -1.298503701615598231e+02 -6.806877421308552521e-03 -6.310800910006497677e-02 9.979834896414244705e-01 -1.816568103063812001e-01
-9.775113533365673568e-01 2.107801729618911379e-01 6.578204678534273729e-03 6.969475503638301461e+01 -2.107782785840951467e-01 -9.755694334542062141e-01 -6.194189036244144436e-02 -1.297111622509847280e+02 -6.638626952242336100e-03 -6.193544373464281855e-02 9.980580791874082980e-01 -1.948373951832634565e-01
-9.755482187831604479e-01 2.196746352064267715e-01 6.980506318465484923e-03 7.035741291991423907e+01 -2.196868326240101477e-01 -9.736666188082939710e-01 -6.091806780211260486e-02 -1.295626368328067315e+02 -6.585468336682233879e-03 -6.096203785918777318e-02 9.981183604846259882e-01 -1.828769145055761658e-01
-9.733787393645977337e-01 2.290812838897164361e-01 7.456213313247254254e-03 7.100540296790691741e+01 -2.290992019003806057e-01 -9.714476772171956043e-01 -6.166819368680721142e-02 -1.294284618589399827e+02 -6.883707880387600689e-03 -6.173472114893781976e-02 9.980688547190291748e-01 -1.877800333619720485e-01
-9.712846939081294373e-01 2.377650939723867651e-01 8.590894054247432896e-03 7.167211289597742052e+01 -2.378211382009916552e-01 -9.692048574812498485e-01 -6.389875158550786804e-02 -1.292755779397608080e+02 -6.866556427407568761e-03 -6.410697557692242310e-02 9.979194086071686565e-01 -1.990931249332097419e-01
-9.693310083214429218e-01 2.455536414814880053e-01 1.004019194458331300e-02 7.232066609142958669e+01 -2.456907284995121510e-01 -9.672917968297191083e-01 -6.310820635973778125e-02 -1.291227667293775028e+02 -5.784654571847067279e-03 -6.363952337711770157e-02 9.979561858245533656e-01 -1.963160111584121847e-01
-9.676806299187891147e-01 2.520072503266763131e-01 9.302916496653259801e-03 7.296219320757023752e+01 -2.520908209546363632e-01 -9.657092650082952368e-01 -6.209535781494507356e-02 -1.289692950839090599e+02 -6.664567728021351251e-03 -6.243365482224443042e-02 9.980268645042611464e-01 -1.845388005831700151e-01
-9.662730017214924416e-01 2.573622685087345041e-01 9.008267578505813056e-03 7.357293557159391639e+01 -2.574108980157394644e-01 -9.642554038783143211e-01 -6.285813924060018598e-02 -1.288121138975158715e+02 -7.491042616488696737e-03 -6.305694913353103448e-02 9.979818161851238267e-01 -1.953369911028655370e-01
-9.647266950954661580e-01 2.631629610799656183e-01 6.903598946135765593e-03 7.420559607807240354e+01 -2.630877611272147143e-01 -9.628573621296530050e-01 -6.074973359913759391e-02 -1.286534257757816988e+02 -9.339898707743541847e-03 -6.042314211341242441e-02 9.981291550590724038e-01 -1.778488403536970797e-01
-9.634911720809115065e-01 2.676758117945468030e-01 5.866949369066087362e-03 7.482206622919564154e+01 -2.675334052209771829e-01 -9.616553156670015756e-01 -6.037326341037163591e-02 -1.285142784718080691e+02 -1.051847924600298606e-02 -5.973871126850077012e-02 9.981586286557833088e-01 -2.051616911148094746e-01
-9.624619322477983019e-01 2.712748345643081205e-01 8.774571132984772606e-03 7.540785549128825949e+01 -2.713015761079628496e-01 -9.606092581256414631e-01 -6.021053063352253820e-02 -1.283331925681467851e+02 -7.904667469657115919e-03 -6.033089863318870372e-02 9.981471328877175031e-01 -2.098252088430298812e-01
-9.611897092760363082e-01 2.756954860265246610e-01 1.031221407280321842e-02 7.600363672270587756e+01 -2.758095946950104294e-01 -9.593514246751430052e-01 -5.978220004698096834e-02 -1.281723016552199681e+02 -6.588645434829102157e-03 -6.030624306680349572e-02 9.981581772385406115e-01 -2.051604106817754292e-01
-9.595345412036740962e-01 2.813265680011839964e-01 1.219944123214189956e-02 7.658926167476923297e+01 -2.815359406756839378e-01 -9.575900515426729598e-01 -6.130911260855571171e-02 -1.279960793795653586e+02 -5.565818678521183838e-03 -6.226279240141460031e-02 9.980442707287482396e-01 -2.020803093691374286e-01
-9.574612367918451383e-01 2.882495812918383638e-01 1.342232911117162940e-02 7.716166141959797642e+01 -2.885268156895978708e-01 -9.555830564323292142e-01 -6.011072185505365179e-02 -1.278238289074866572e+02 -4.500740128807115617e-03 -6.142638796932332890e-02 9.981014688843002913e-01 -1.966782920305329418e-01
-9.551504687603351584e-01 2.958688154327038244e-01 1.221581245902430939e-02 7.771218218715371506e+01 -2.960591288395318932e-01 -9.532958381857717933e-01 -5.979997594404581895e-02 -1.276364463017544182e+02 -6.047664867661344153e-03 -6.073457784944635146e-02 9.981356304594871665e-01 -1.780562653417963881e-01
-9.530626700791406947e-01 3.026107358393577695e-01 9.914103543479870981e-03 7.825349906469033101e+01 -3.026750165182003349e-01 -9.514096562031124638e-01 -5.663479896320134516e-02 -1.274836783055452401e+02 -7.705924343948283330e-03 -5.697726417297928336e-02 9.983457367500627733e-01 -1.900311868445954122e-01
-9.518307056686036161e-01 3.064695965172775649e-01 9.731091904103475118e-03 7.877679607885067981e+01 -3.065288730990375909e-01 -9.502652727313275483e-01 -5.509955890829212194e-02 -1.273374459821118165e+02 -7.639220884120986009e-03 -5.542831267301967513e-02 9.984334451770746632e-01 -1.941549251168382118e-01
-9.522359203172352515e-01 3.052621788421341353e-01 7.858385257289038014e-03 7.976340497535193208e+01 -3.052662356623578876e-01 -9.509690827727631524e-01 -4.970240405898216501e-02 -1.270670744189230987e+02 -7.699182735979978078e-03 -4.972731415685320566e-02 9.987331559538823456e-01 -1.967719897848759503e-01
-9.532167681213050692e-01 3.021654251341017727e-01 8.593533535127912890e-03 8.025559869285088155e+01 -3.022016710187531707e-01 -9.518828670219371402e-01 -5.092305467992771367e-02 -1.269179174401857892e+02 -7.207149126661070888e-03 -5.113768979904011885e-02 9.986656065336094734e-01 -1.999165299381169270e-01
-9.541751299205446513e-01 2.990810141671863542e-01 1.001840299464694384e-02 8.072105324806059912e+01 -2.991937488624440422e-01 -9.528230262195207523e-01 -5.110167650733649092e-02 -1.267799128912620716e+02 -5.737776175645649922e-03 -5.175739237003881138e-02 9.986432046778632721e-01 -2.003252008805472550e-01
-9.550457462596871894e-01 2.962469433476128677e-01 1.119692373846093575e-02 8.115694246531499800e+01 -2.964166722697201828e-01 -9.535955944760677871e-01 -5.284504319909811426e-02 -1.266505372677920320e+02 -4.977845369555897008e-03 -5.378838859234594261e-02 9.985399492748283645e-01 -1.933247054840897816e-01
-9.557358556911266234e-01 2.939966453619248798e-01 1.161665420952679752e-02 8.160629585581577317e+01 -2.941881489572968356e-01 -9.542338157795493547e-01 -5.376948791088519836e-02 -1.265271639373051045e+02 -4.723044795111068159e-03 -5.480690953749601385e-02 9.984858013534664289e-01 -1.958067607706217017e-01
-9.565583165032182089e-01 2.913041344012843870e-01 1.175110216083048373e-02 8.201118879809639850e+01 -2.915038638997444198e-01 -9.550152360384893679e-01 -5.451051513396499432e-02 -1.264016414086737115e+02 -4.656656822460391795e-03 -5.556797827317408456e-02 9.984440471691601315e-01 -1.946042602402782151e-01
-9.572828923606964135e-01 2.888874750448848783e-01 1.238913832692077610e-02 8.241631064566219322e+01 -2.891297913110509876e-01 -9.557840085600297630e-01 -5.367394853776270847e-02 -1.262882127631196880e+02 -3.664391175480437822e-03 -5.496322167957719967e-02 9.984816555598697851e-01 -1.993224938791191836e-01
-9.579001224641258139e-01 2.868277525954063267e-01 1.253777161386821631e-02 8.278748607892940470e+01 -2.870817941172579268e-01 -9.564065701059583091e-01 -5.357719793756792609e-02 -1.261810357041307640e+02 -3.376220128225193573e-03 -5.492097043476797807e-02 9.984849964490269958e-01 -1.873973958120896677e-01
-9.585950702473070573e-01 2.844786126127850090e-01 1.293871153679471142e-02 8.314543576560328120e+01 -2.847564299446822544e-01 -9.570647090444885929e-01 -5.423023419642859083e-02 -1.260740838257221270e+02 -3.044157592917041879e-03 -5.566921646430806475e-02 9.984446261222822416e-01 -1.925846735352369499e-01
-9.592711148370962615e-01 2.821895203908083571e-01 1.296158993231950017e-02 8.346049196445690654e+01 -2.824715158681678218e-01 -9.577270852076544827e-01 -5.448552997837724510e-02 -1.259909232628014877e+02 -2.961579826723439047e-03 -5.592767504104959736e-02 9.984304303250665091e-01 -1.909454784970117391e-01
-9.597330935781575034e-01 2.806194151056511377e-01 1.285040658666681927e-02 8.377794202411418212e+01 -2.808932278195515053e-01 -9.581098094758352390e-01 -5.589801021065792658e-02 -1.258969128430706093e+02 -3.373966323871733196e-03 -5.725676244922957292e-02 9.983537847350218986e-01 -1.963755129214260209e-01
-9.602264877111142960e-01 2.789140430992872455e-01 1.311673941090581511e-02 8.406162993742032086e+01 -2.792068315251866606e-01 -9.586188358221691130e-01 -5.561899703173580484e-02 -1.258112565541744203e+02 -2.938965870807184588e-03 -5.706911742063014437e-02 9.983659040182141231e-01 -1.928906632107870445e-01
-9.606040134837028344e-01 2.776003352893808840e-01 1.334103140764559756e-02 8.431361164908906858e+01 -2.779045204266339941e-01 -9.589223148788270645e-01 -5.689526823962166163e-02 -1.257439165523378648e+02 -3.001132818832025293e-03 -5.836135595453276204e-02 9.982910123419013182e-01 -1.945309458431062344e-01
-9.610551787034334881e-01 2.760432574982937259e-01 1.315535897813165274e-02 8.453264143241656825e+01 -2.763404232674542271e-01 -9.593953689717387157e-01 -5.653756678627705479e-02 -1.256861965554818141e+02 -2.985623625355408699e-03 -5.797107881947795999e-02 9.983137983929402104e-01 -1.979475427111116181e-01
-9.614386501425552511e-01 2.747115031612978320e-01 1.301199583962563307e-02 8.473748449919261816e+01 -2.749997777864229831e-01 -9.597265783881984147e-01 -5.744577396858722984e-02 -1.256155445233598016e+02 -3.293056671435322640e-03 -5.880888334519894511e-02 9.982638283575717697e-01 -2.003320137247644461e-01
-9.618252121594670356e-01 2.733723191758621884e-01 1.264264037390506676e-02 8.490308249583245015e+01 -2.736436289613566886e-01 -9.601543887250992837e-01 -5.676895397066670373e-02 -1.255691272359860875e+02 -3.380173963497124304e-03 -5.806138918846637242e-02 9.983072921195900173e-01 -1.984583729794949791e-01
-9.619159561110033341e-01 2.730646965189974518e-01 1.238405777069124733e-02 8.506915073541260597e+01 -2.733235475370058287e-01 -9.602789892267414862e-01 -5.620054453089367436e-02 -1.255212348920004644e+02 -3.454234157392374344e-03 -5.744505512917189027e-02 9.983426936164049303e-01 -1.933033461006807563e-01
-9.622716472343977312e-01 2.718171906653695236e-01 1.219392391389311457e-02 8.517456852079992302e+01 -2.720661090747006905e-01 -9.606175273138344295e-01 -5.651547137293486123e-02 -1.254989224254413642e+02 -3.648179618730409881e-03 -5.770078916586282580e-02 9.983272558158331478e-01 -1.957200302061161412e-01
-9.624505815389040597e-01 2.711995243339473949e-01 1.181931001821618851e-02 8.528435514693232733e+01 -2.714261292012652427e-01 -9.607725366809030110e-01 -5.695602813259065256e-02 -1.254588572978122016e+02 -4.090779268918947990e-03 -5.802543196643195761e-02 9.983067237877077948e-01 -1.962684999389804064e-01
-9.626185846173087590e-01 2.706027128196497045e-01 1.181661359542143450e-02 8.535229319803615056e+01 -2.708298106358348889e-01 -9.609351129996516194e-01 -5.705192607937045052e-02 -1.254387442127019625e+02 -4.083407047503060348e-03 -5.811953555462340271e-02 9.983012798566688328e-01 -1.981409531149817271e-01
-9.626250159711642329e-01 2.705894859605573743e-01 1.159347691475199650e-02 8.540913805161784467e+01 -2.708049402414077211e-01 -9.609601031035931440e-01 -5.674825616723199601e-02 -1.254217279078661136e+02 -4.214612693549358094e-03 -5.776686182241203699e-02 9.983212041746366561e-01 -1.929905458419277076e-01
-9.626782916900654685e-01 2.704297220772505228e-01 1.087529856057962117e-02 8.544042799127211651e+01 -2.706040412678684670e-01 -9.610167435119061352e-01 -5.674743635877727010e-02 -1.254107545469797884e+02 -4.894849435124890707e-03 -5.757242483215328777e-02 9.983293326040328930e-01 -1.961700414315855900e-01
-9.627843841411614090e-01 2.700781785365343191e-01 1.019838836200227805e-02 8.545679844507527889e+01 -2.702127565318080959e-01 -9.611115387024240508e-01 -5.700593280130288043e-02 -1.254110190118581158e+02 -5.594269765298308036e-03 -5.764015653598465738e-02 9.983217499834199371e-01 -1.981940757223206451e-01
-9.628549477639610776e-01 2.698407722771148931e-01 9.813621972824865605e-03 8.545044407442802026e+01 -2.699540121606651133e-01 -9.611882964126480244e-01 -5.693759875248179808e-02 -1.254154822373042037e+02 -5.931347032713592260e-03 -5.747187529803214623e-02 9.983295060558716738e-01 -1.993467119625413342e-01
-9.627828385786059151e-01 2.701014887174576495e-01 9.715530043028065485e-03 8.546601590226987355e+01 -2.702038114231264387e-01 -9.610713142069213788e-01 -5.772200009498964363e-02 -1.254026119064467508e+02 -6.253480930174318275e-03 -5.819892434753214799e-02 9.982854196925344814e-01 -1.966506657427994076e-01
-9.628684747855958959e-01 2.698583828308393495e-01 7.794451415857590534e-03 8.544930698668723323e+01 -2.698490489620420929e-01 -9.611651587645192452e-01 -5.781892722464786194e-02 -1.254149070778832140e+02 -8.111167064699055865e-03 -5.777534757230842755e-02 9.982966583993944099e-01 -1.890835397289471198e-01
-9.628447780322810789e-01 2.699986295428934979e-01 5.538362016406175696e-03 8.544384980033566990e+01 -2.698595184888114007e-01 -9.611629164839637918e-01 -5.780733734535846435e-02 -1.254174814102321420e+02 -1.028463367199408847e-02 -5.715407260191512212e-02 9.983123951373605864e-01 -1.834627510696887343e-01
-9.628307438803923590e-01 2.700520139319276813e-01 5.372932434367187586e-03 8.544779680652013099e+01 -2.698986304679362735e-01 -9.611248094967579370e-01 -5.825658619647181707e-02 -1.254136205623456419e+02 -1.056824976419375346e-02 -5.754137932914143300e-02 9.982871840064189151e-01 -1.965686919514142428e-01
-9.627703483964731301e-01 2.702527644332013979e-01 6.058015983439096579e-03 8.546417904266600374e+01 -2.701404149236668051e-01 -9.610685373695646572e-01 -5.806395350895430379e-02 -1.254097684627655553e+02 -9.869775388604857397e-03 -5.753876770050422168e-02 9.982944844758636638e-01 -1.952034801841986689e-01
-9.627987573851557457e-01 2.701461850024581279e-01 6.292177614538735364e-03 8.545284630387992308e+01 -2.700423637501762064e-01 -9.610640189494595864e-01 -5.859243342622973139e-02 -1.254102092398781423e+02 -9.781336853387717981e-03 -5.811187661115031766e-02 9.982621575697108174e-01 -1.937382050808871270e-01
-9.627310995902599311e-01 2.704050393659233054e-01 5.472162293449242369e-03 8.546195916192765196e+01 -2.702603511136892900e-01 -9.610440098413540744e-01 -5.791160296360396698e-02 -1.254159582310688990e+02 -1.040060048557419660e-02 -5.723220970299987970e-02 9.983067172325806871e-01 -1.854420938996873824e-01
-9.627830583698611111e-01 2.702082876314212956e-01 6.021943556812838112e-03 8.545222690869579196e+01 -2.700884719329141315e-01 -9.610499124361780998e-01 -5.861128841099259856e-02 -1.254132722545348031e+02 -1.004986754888943096e-02 -5.805641304470360309e-02 9.982627174528112546e-01 -2.006488607365896626e-01
-9.628109905670340085e-01 2.701031392848867729e-01 6.268220218871215117e-03 8.545652272050531906e+01 -2.700010396392839018e-01 -9.610945115639910608e-01 -5.828188765902397178e-02 -1.254136761378556599e+02 -9.717768769972394763e-03 -5.780686796493098717e-02 9.982804871256654167e-01 -1.946903822721549882e-01
-9.628380086419998651e-01 2.700142834576267359e-01 5.937662512862272417e-03 8.545349588849951772e+01 -2.698957476789288767e-01 -9.611391817868997212e-01 -5.803239278749276753e-02 -1.254136567486940663e+02 -9.962654865960511238e-03 -5.747834337166184138e-02 9.982970427387366508e-01 -1.904221017741744570e-01
-9.628046824756372191e-01 2.701344051742984864e-01 5.877630225410319757e-03 8.545604585090745786e+01 -2.700063184236294322e-01 -9.610728235240830752e-01 -5.861412703901558441e-02 -1.254061313650430520e+02 -1.018486166558365755e-02 -5.802095327065884267e-02 9.982634109111938603e-01 -1.936778423516627157e-01
-9.628064582534545668e-01 2.701248522144258923e-01 6.023965017504955867e-03 8.545554748196666139e+01 -2.700084850369409151e-01 -9.610917011278896638e-01 -5.829373915711084236e-02 -1.254171010013264862e+02 -9.957004888084772590e-03 -5.775211020455686683e-02 9.982812989384365343e-01 -1.939768520260266860e-01
-9.627636293177329607e-01 2.702758095444318664e-01 6.097608630893132028e-03 8.545988108738553990e+01 -2.701643750220925622e-01 -9.610536963217315432e-01 -5.819796602117466994e-02 -1.254131541265753924e+02 -9.869373066221091839e-03 -5.767824161041006092e-02 9.982864398105594228e-01 -1.911850167187273131e-01
-9.627814089666648645e-01 2.702122621211435205e-01 6.106712741956232815e-03 8.545177238599305269e+01 -2.701011707681387763e-01 -9.610696539496846880e-01 -5.822780951089785717e-02 -1.254149747763288048e+02 -9.864891824068262177e-03 -5.771008274315476971e-02 9.982846439010802930e-01 -1.927103569569293129e-01
-9.627726199728362522e-01 2.702500210658486668e-01 5.814493746831792161e-03 8.545650521329717719e+01 -2.701232738925650190e-01 -9.610709714695883088e-01 -5.810339657685874987e-02 -1.254123006958387663e+02 -1.011430299447427412e-02 -5.751098943861014667e-02 9.982936376429302205e-01 -1.910390387053557404e-01
-9.627683122649972614e-01 2.702602415214466758e-01 6.048036389534109519e-03 8.546119485533331783e+01 -2.701423796065859917e-01 -9.610379944648497208e-01 -5.855824390428813336e-02 -1.254099208701181709e+02 -1.001357237784777574e-02 -5.801185259522076421e-02 9.982656727125938101e-01 -1.928187744689248972e-01
-9.628096302863785594e-01 2.701133933962900358e-01 6.030798350714170787e-03 8.545748027810475378e+01 -2.699996211806520163e-01 -9.611074719067874694e-01 -5.807436612578150553e-02 -1.254121047714397719e+02 -9.890418746589330068e-03 -5.754287224886115576e-02 9.982940435863518758e-01 -1.936834421181172772e-01
-9.627823729454618729e-01 2.702116737008172231e-01 5.979442642546723037e-03 8.545604400803654244e+01 -2.700950829386737917e-01 -9.610825282763734156e-01 -5.804325979721811080e-02 -1.254152527301317264e+02 -9.937228523725576135e-03 -5.749804545759629182e-02 9.982961615910584952e-01 -1.938929911481078183e-01
-9.627851000441920437e-01 2.702014292429913978e-01 6.003229210594362812e-03 8.544726974470118819e+01 -2.700834817354269002e-01 -9.610691329396625626e-01 -5.831838987744136782e-02 -1.254143492781541056e+02 -9.988194003220700334e-03 -5.776944987950156929e-02 9.982799840880252074e-01 -1.954545865835288776e-01
-9.627915031187682660e-01 2.701775559837631402e-01 6.050599802229895616e-03 8.545085652237648333e+01 -2.700628558802973256e-01 -9.610777822921402480e-01 -5.827135018002193440e-02 -1.254112964422755709e+02 -9.928513935497261175e-03 -5.773720309104540122e-02 9.982824449923315413e-01 -1.959232217524632946e-01
-9.627851091757951840e-01 2.702018388566165275e-01 5.983295152909744348e-03 8.545437296036567432e+01 -2.700802596820855994e-01 -9.610550479034790650e-01 -5.856490606910563779e-02 -1.254104167719700342e+02 -1.007406930198649631e-02 -5.800138939235430224e-02 9.982656720261714467e-01 -1.944527962817114708e-01
-9.627691663883160000e-01 2.702558844978809605e-01 6.106483378771516111e-03 8.545631085113264191e+01 -2.701423225673145190e-01 -9.610435188239810911e-01 -5.846777298582792048e-02 -1.254089075531202297e+02 -9.932663428379773923e-03 -5.794058866089773357e-02 9.982706198083026727e-01 -1.951445238733859056e-01
-9.627821419104773959e-01 2.702125547816736639e-01 5.976826054282219532e-03 8.545456020800500596e+01 -2.700939725818742865e-01 -9.610716932550698033e-01 -5.822753980995910156e-02 -1.254157277245098214e+02 -9.989653953868679603e-03 -5.767474018893462007e-02 9.982854457256320480e-01 -1.932176667533209435e-01
-9.627653487808526256e-01 2.702731897938620009e-01 5.940206948556376633e-03 8.545816248438993057e+01 -2.701518836381352484e-01 -9.610523739955906253e-01 -5.827773329268289698e-02 -1.254115742159232383e+02 -1.004205888048194557e-02 -5.771254031613637370e-02 9.982827353677410365e-01 -1.937480891811849404e-01
-9.627573760236454170e-01 2.703008184739946751e-01 5.975151664975710507e-03 8.545490314992430569e+01 -2.701789720774916970e-01 -9.610296114480177954e-01 -5.852699343660103248e-02 -1.254168018118013777e+02 -1.007759654524820192e-02 -5.796165496252619204e-02 9.982679442872404163e-01 -1.926818003335877827e-01
-9.627798096907597136e-01 2.702220986499029309e-01 5.920763982887633156e-03 8.545647737419456291e+01 -2.700957588301878265e-01 -9.610441046449869074e-01 -5.867290671635807392e-02 -1.254151149321912015e+02 -1.016460066548301351e-02 -5.808826320329614490e-02 9.982597029635772445e-01 -1.937636549649664752e-01
-9.627956775831998382e-01 2.701624568106515967e-01 6.060540423341894203e-03 8.545542976306477101e+01 -2.700461529830911478e-01 -9.610690371314180025e-01 -5.849257320197508853e-02 -1.254130725386901588e+02 -9.977899531711085027e-03 -5.795302227600979128e-02 9.982694469528766712e-01 -1.969508334244238212e-01
-9.627818128583489621e-01 2.702127581211647978e-01 6.020479286223534912e-03 8.545369133956013741e+01 -2.700964448200739998e-01 -9.610694875959535644e-01 -5.825247205960292635e-02 -1.254135211886968904e+02 -9.954462199353711349e-03 -5.771053070445581606e-02 9.982837288655562746e-01 -1.948981950019946507e-01
-9.627719479052487817e-01 2.702475928418434648e-01 6.034474544087459723e-03 8.545173951240272459e+01 -2.701312655531383222e-01 -9.610550797367205522e-01 -5.832866427695181100e-02 -1.254133009093712019e+02 -9.963718699833739451e-03 -5.778730197028741911e-02 9.982791954309430116e-01 -1.936911825289255873e-01
-9.627754815163571678e-01 2.702380147441275082e-01 5.898098948795428564e-03 8.545390771247552664e+01 -2.701153133171522169e-01 -9.610684925060329897e-01 -5.818135626784889242e-02 -1.254120574085133342e+02 -1.005433714701864725e-02 -5.760875014169723057e-02 9.982886066670442204e-01 -1.929042232643722599e-01
-9.627751508549280413e-01 2.702369568437500980e-01 5.999670425888189648e-03 8.545631898167712848e+01 -2.701191417000518569e-01 -9.610615436266372047e-01 -5.827828620165190904e-02 -1.254104171711022104e+02 -9.982894191892020472e-03 -5.772951161540490483e-02 9.982823474858106838e-01 -1.949615508156355703e-01
-9.627732851165173855e-01 2.702424208455238563e-01 6.052721258138618610e-03 8.545055322905355411e+01 -2.701282790474732742e-01 -9.610627571459000595e-01 -5.821588854720989581e-02 -1.254121017299104466e+02 -9.915357671531730907e-03 -5.768371343971103599e-02 9.982856679706609837e-01 -1.960498947707375317e-01
-9.627918321942376956e-01 2.701771694525200718e-01 6.015393571980799485e-03 8.545190989390296465e+01 -2.700590854878277547e-01 -9.610706322819209113e-01 -5.840659298450381204e-02 -1.254158775210216277e+02 -9.998909865713081352e-03 -5.785790235879784138e-02 9.982747542263662455e-01 -1.942176916744276227e-01
-9.628060939021485520e-01 2.701272042046944377e-01 5.976544703310529040e-03 8.545225339246741214e+01 -2.700084546272947250e-01 -9.610938888644742217e-01 -5.825779956772247914e-02 -1.254138133879643959e+02 -9.992995928911292680e-03 -5.770468204061315887e-02 9.982836819724785204e-01 -1.917473750492754703e-01
-9.627999431752343185e-01 2.701510599852922079e-01 5.888480597456795598e-03 8.545283924853359281e+01 -2.700277871932325047e-01 -9.610920579150435961e-01 -5.819837067706134376e-02 -1.254136180883261886e+02 -1.006297959186436101e-02 -5.762344136655839916e-02 9.982876716840580755e-01 -1.919967154949426547e-01
-9.627904714080267601e-01 2.701853286988875613e-01 5.864837163248872234e-03 8.545197308798333324e+01 -2.700614769157300699e-01 -9.610876518585410588e-01 -5.811474962883666356e-02 -1.254142937696314419e+02 -1.006513015240257172e-02 -5.753619377721806011e-02 9.982926823082558521e-01 -1.901023947720366924e-01
-9.627858920649376984e-01 2.701990634339567210e-01 5.982654370122154723e-03 8.545114247165776078e+01 -2.700809805964486388e-01 -9.610761881133513818e-01 -5.821361142243437065e-02 -1.254166566550034076e+02 -9.979476628053721154e-03 -5.766304496265999002e-02 9.982862231251258267e-01 -1.926251346021581878e-01
-9.627817518132063546e-01 2.702129465377377526e-01 6.021784791464337289e-03 8.545794457392450738e+01 -2.700948720452890917e-01 -9.610587771710882299e-01 -5.843617809629403359e-02 -1.254116405394023701e+02 -1.000292273917128064e-02 -5.788773910969541997e-02 9.982729843018909310e-01 -1.953655294470245662e-01
-9.627818200116007308e-01 2.702133190900022908e-01 5.994099991772220033e-03 8.545275297889718047e+01 -2.700957697609902564e-01 -9.610714185236339802e-01 -5.822373783447094137e-02 -1.254146573947842853e+02 -9.972071267652636919e-03 -5.767573733159649108e-02 9.982855639081676946e-01 -1.933899789932891355e-01
-9.627780836719563862e-01 2.702263357242903896e-01 6.007418346055488564e-03 8.545578564987948766e+01 -2.701063044962648818e-01 -9.610488951602047525e-01 -5.854575455085707369e-02 -1.254109191246114392e+02 -1.004718195968880810e-02 -5.798921094276811988e-02 9.982666505190184170e-01 -1.934938922972685993e-01
-9.627916123053396058e-01 2.701782293232612986e-01 6.002971551431742457e-03 8.545217797731727671e+01 -2.700597955493746483e-01 -9.610726798559222628e-01 -5.836960558007496525e-02 -1.254101607464045856e+02 -1.000090472532630566e-02 -5.781892793608685993e-02 9.982769923556035208e-01 -1.940253176509706967e-01
-9.627542480894160093e-01 2.703111393052867739e-01 6.012133272496069346e-03 8.545967630332113174e+01 -2.701945219284942468e-01 -9.610440590025389751e-01 -5.821715356253238244e-02 -1.254135822926150468e+02 -9.958820142572193806e-03 -5.767325737948811315e-02 9.982858394639070321e-01 -1.943049351230387856e-01
-9.627688079992738901e-01 2.702584985243796090e-01 6.047008536400446180e-03 8.545190903757173828e+01 -2.701426844002414729e-01 -9.610507033505982788e-01 -5.834788468742885259e-02 -1.254158024883100921e+02 -9.957529900059771191e-03 -5.780907850856692454e-02 9.982779963666570389e-01 -1.937375315105580587e-01
-9.628021484257045515e-01 2.701412955420980366e-01 5.975234131547761673e-03 8.545171046927600855e+01 -2.700224385832327711e-01 -9.610899195510537174e-01 -5.825846884391591013e-02 -1.254146244640825074e+02 -9.995280958442372826e-03 -5.770482625838067869e-02 9.982836507599412990e-01 -1.934258996294591915e-01
-9.627926417593620778e-01 2.701742347617873130e-01 6.017627286705482491e-03 8.545249073765170067e+01 -2.700573593333866484e-01 -9.610776390883746245e-01 -5.829917930208124849e-02 -1.254174998075571779e+02 -9.967529128994411652e-03 -5.775512538731740475e-02 9.982810194750272315e-01 -1.926316692880080395e-01
-9.627605284532082530e-01 2.702888759317272904e-01 6.007361594066023061e-03 8.545669376548416096e+01 -2.701724469186101985e-01 -9.610528393741369912e-01 -5.817464095291516313e-02 -1.254130157628584925e+02 -9.950566393205304352e-03 -5.763127164796418705e-02 9.982883464942543528e-01 -1.931148057115061600e-01
-9.628141726246077781e-01 2.700988187194960921e-01 5.957945349965276458e-03 8.544975500167477378e+01 -2.699784709155199081e-01 -9.610988334110132092e-01 -5.831515798801358008e-02 -1.254159152993633768e+02 -1.002468096005911663e-02 -5.775517756525444524e-02 9.982804441766809367e-01 -1.913674194265362061e-01
-9.627899409229562222e-01 2.701837546437665938e-01 6.022323259771185031e-03 8.545279474741360559e+01 -2.700671312103198329e-01 -9.610748795207182393e-01 -5.829940468909802775e-02 -1.254149807734854392e+02 -9.963648450510632568e-03 -5.775651196262093084e-02 9.982809779941718142e-01 -1.937858494861059433e-01
-9.627935911643120681e-01 2.701712190514325984e-01 6.001100105575974709e-03 8.545399320161553192e+01 -2.700549434155117834e-01 -9.610877201885196230e-01 -5.814397331362396865e-02 -1.254132780027094753e+02 -9.941244530977078400e-03 -5.760127162080350138e-02 9.982901708192727375e-01 -1.939033542134383781e-01
-9.627871701112147296e-01 2.701946281259861027e-01 5.977289887141560079e-03 8.545591883433657188e+01 -2.700765725179777865e-01 -9.610794176333963268e-01 -5.818073539745839684e-02 -1.254130301793250482e+02 -9.975471880484625825e-03 -5.762999155415258340e-02 9.982881718340441690e-01 -1.953001407972750902e-01
-9.627887318498773439e-01 2.701885464628404621e-01 6.000598012468516020e-03 8.545461085700955550e+01 -2.700709940644528406e-01 -9.610758212550521984e-01 -5.826597598032696307e-02 -1.254138747963297789e+02 -9.975769694940031518e-03 -5.771841259448522859e-02 9.982830604874007863e-01 -1.928795877474305531e-01
-9.627751864092751743e-01 2.702377082840407563e-01 5.959987356416667804e-03 8.545426073126884603e+01 -2.701143743462507407e-01 -9.610434208850837656e-01 -5.859836122267212538e-02 -1.254138991558510838e+02 -1.010768020800407833e-02 -5.802692640551320585e-02 9.982638481895774740e-01 -1.951487202962531864e-01
-9.628000503194689141e-01 2.701478484728425111e-01 6.016898174669659503e-03 8.545409112377646466e+01 -2.700299887421948597e-01 -9.610793224454260431e-01 -5.839812617424311458e-02 -1.254113307822967016e+02 -9.993411719312941463e-03 -5.785046176568214849e-02 9.982752404949367664e-01 -1.956291294217369914e-01
-9.627877943941262062e-01 2.701913782316628931e-01 6.023461488166398717e-03 8.545519672490866014e+01 -2.700769569801133030e-01 -9.610852006753037857e-01 -5.808333964385414827e-02 -1.254147086950358130e+02 -9.904557896985766510e-03 -5.754872861615292073e-02 9.982935658197160667e-01 -1.931232366041228665e-01
-9.627868868820042003e-01 2.701919429028187269e-01 6.142021800623643883e-03 8.545578308396143541e+01 -2.700808992067970093e-01 -9.610628968876951950e-01 -5.843300524847360594e-02 -1.254118852181594548e+02 -9.885257952709574150e-03 -5.791737398539376774e-02 9.982724374915669108e-01 -1.954529825005661137e-01
-9.627979981302424717e-01 2.701539379818053699e-01 6.071621090814614645e-03 8.545465565118263385e+01 -2.700408861120980331e-01 -9.610863539821857815e-01 -5.823177835072980424e-02 -1.254163615092776212e+02 -9.896192059629254495e-03 -5.770502556334500266e-02 9.982846264452628349e-01 -1.922373657365029354e-01
-9.627634133033476926e-01 2.702780800942651274e-01 6.030706294062053614e-03 8.545162773024317460e+01 -2.701609040408964324e-01 -9.610432448509378389e-01 -5.838636353662703116e-02 -1.254156541186264917e+02 -9.984784694205243658e-03 -5.784151571350375221e-02 9.982758452071627264e-01 -1.908962529003068176e-01
-9.627664509714068952e-01 2.702663658590244711e-01 6.070614684462445274e-03 8.545513008582717873e+01 -2.701513638647602966e-01 -9.610449796814897194e-01 -5.840194880172121239e-02 -1.254150574545275845e+02 -9.949948695070209848e-03 -5.786742181435684806e-02 9.982746916570708340e-01 -1.938462214490049296e-01
-9.627926165120940238e-01 2.701763907138860499e-01 5.924144157013352952e-03 8.545140190962666793e+01 -2.700542430215637224e-01 -9.610792926386840795e-01 -5.828635414897264527e-02 -1.254130466638898298e+02 -1.005402451535637731e-02 -5.771751168411998895e-02 9.982823275133781982e-01 -1.957991022056920771e-01
-9.627761615590010313e-01 2.702316252455004841e-01 6.077124672191020448e-03 8.545200211517051514e+01 -2.701175455151028637e-01 -9.610574361481694083e-01 -5.835337198469313369e-02 -1.254116138080783855e+02 -9.928460692796499051e-03 -5.782277349389983861e-02 9.982774927459947545e-01 -1.948547872214424492e-01
-9.627786310713020157e-01 2.702226932778157287e-01 6.083057089419869300e-03 8.545004925179387101e+01 -2.701081930668256526e-01 -9.610553051595410734e-01 -5.843170762209165536e-02 -1.254131907275114628e+02 -9.943419118513934993e-03 -5.789988303451588242e-02 9.982728744938942356e-01 -1.928021874815814551e-01
-9.627789086655699213e-01 2.702231925316277983e-01 6.016580437342657420e-03 8.545502940732124841e+01 -2.701058181704522609e-01 -9.610618882318090472e-01 -5.833432927115440175e-02 -1.254132300689829691e+02 -9.980982533456896066e-03 -5.778817525525365567e-02 9.982789724209406579e-01 -1.936028157317753184e-01
-9.628007103871957240e-01 2.701487667006677862e-01 5.868212797761486466e-03 8.545744591900762543e+01 -2.700246238491850748e-01 -9.610947075451627963e-01 -5.816928430449053861e-02 -1.254141209605329124e+02 -1.007445215146678293e-02 -5.758999020467964192e-02 9.982894862871904973e-01 -1.951633397041181994e-01
-9.627987688061394600e-01 2.701514014271063635e-01 6.062267379738603065e-03 8.545459089741004277e+01 -2.700363567594041281e-01 -9.610787323193459297e-01 -5.837838901714190176e-02 -1.254136250098028711e+02 -9.944687357161708860e-03 -5.784367366773945918e-02 9.982761204193231208e-01 -1.957836740990912539e-01
-9.627921899034317388e-01 2.701777423809909040e-01 5.931827400303944266e-03 8.544897440299938296e+01 -2.700572090697107575e-01 -9.610855339654728047e-01 -5.816958160798708921e-02 -1.254178211098900704e+02 -1.001513272910476218e-02 -5.760715161475484652e-02 9.982890929929649770e-01 -1.911208396306377510e-01
-9.627783793399283807e-01 2.702263907318906422e-01 5.957350170080185324e-03 8.545270724567255627e+01 -2.701041478181068212e-01 -9.610536670420039007e-01 -5.847733226830105491e-02 -1.254133786802984361e+02 -1.007678521110748175e-02 -5.790981618057086666e-02 9.982709610016724522e-01 -1.937115173874690843e-01
-9.627857289293880738e-01 2.702004884700927589e-01 5.944425446874674127e-03 8.545557257990903111e+01 -2.700814684693894629e-01 -9.610837192202708046e-01 -5.808687486665309319e-02 -1.254128843177357453e+02 -9.982011444983946227e-03 -5.753069331385063379e-02 9.982938338804850931e-01 -1.938439475025616199e-01
-9.627802311834126048e-01 2.702182295613352880e-01 6.027839465884192449e-03 8.545406902941176952e+01 -2.701031284773958707e-01 -9.610724602798410565e-01 -5.817238237325061262e-02 -1.254115698107711125e+02 -9.926047668037785154e-03 -5.763535804773778359e-02 9.982883546700598298e-01 -1.948624457268838817e-01
-9.627901007225977414e-01 2.701804262633241138e-01 6.144852172639877347e-03 8.545122796224855222e+01 -2.700694145076090735e-01 -9.610651870691417908e-01 -5.844841780454605035e-02 -1.254145616523581452e+02 -9.886014933460120224e-03 -5.793309469385557464e-02 9.982715177933202400e-01 -1.957547057063068752e-01
-9.628100348906947215e-01 2.701133779920995015e-01 5.966551514258057638e-03 8.545163629594442511e+01 -2.699936144059589260e-01 -9.610952634742846445e-01 -5.830388237383856559e-02 -1.254153017623840753e+02 -1.001423421784454135e-02 -5.774649383173399708e-02 9.982810513841378075e-01 -1.928115736252963563e-01
-9.627919484034525022e-01 2.701774972364445748e-01 5.981978773108733057e-03 8.545406656612571794e+01 -2.700599862957179242e-01 -9.610855580734674053e-01 -5.815628819919387016e-02 -1.254165670864975226e+02 -9.963326986103786947e-03 -5.760789913294566550e-02 9.982895682427523898e-01 -1.957090947442351181e-01
-9.627828522534258582e-01 2.702093878199676169e-01 6.005508657518140309e-03 8.545630984599243618e+01 -2.700917541446508086e-01 -9.610679992557110696e-01 -5.829875763863481830e-02 -1.254120832814446089e+02 -9.981169421626955376e-03 -5.775108253024383714e-02 9.982811170772503129e-01 -1.956323118866122313e-01
-9.627946651835420644e-01 2.701647794788104018e-01 6.117566248780305881e-03 8.545280916579773134e+01 -2.700539440461937057e-01 -9.610801336889451818e-01 -5.827387001077161816e-02 -1.254148389830864403e+02 -9.864075852027606381e-03 -5.775784405966817581e-02 9.982818897719230034e-01 -1.950393636508067907e-01
-9.627935422424980239e-01 2.701706030657270996e-01 6.036575915966047555e-03 8.545031539701163581e+01 -2.700552774502393283e-01 -9.610809574659524568e-01 -5.825410122969673643e-02 -1.254146622157670521e+02 -9.936907498565733868e-03 -5.771688165718229929e-02 9.982835365919691117e-01 -1.952521097285848939e-01
-9.627833227163404839e-01 2.702073753501018083e-01 6.020614524331034841e-03 8.545091853464502663e+01 -2.700923184355977780e-01 -9.610781835940948037e-01 -5.812800129039407543e-02 -1.254166067581100208e+02 -9.920333391279054225e-03 -5.759079196076526824e-02 9.982909834593158838e-01 -1.935296825208599747e-01
-9.628091028745991986e-01 2.701171839805029951e-01 5.944605438956990923e-03 8.545469538713757629e+01 -2.699974768621390964e-01 -9.611022120320867890e-01 -5.817130312744358406e-02 -1.254133590495192152e+02 -9.999695151640248386e-03 -5.761288864689917411e-02 9.982889166709512097e-01 -1.933158128369347195e-01
-9.627932625724375804e-01 2.701707827304323795e-01 6.073030341843682796e-03 8.545144352108280827e+01 -2.700588996458586633e-01 -9.610881263048414169e-01 -5.811887980968254847e-02 -1.254113047251685771e+02 -9.865305896780075107e-03 -5.759654180091654946e-02 9.982911970470147445e-01 -1.952741122644225114e-01
-9.627928076408192037e-01 2.701734909359601033e-01 6.024478748040349059e-03 8.545531296863281057e+01 -2.700575790174816193e-01 -9.610810222759609278e-01 -5.824236111803894611e-02 -1.254160236296326190e+02 -9.945529829184066722e-03 -5.770228253027150089e-02 9.982842946859541433e-01 -1.946080854301120711e-01
-9.627960975306245617e-01 2.701601275339473029e-01 6.097545756751273846e-03 8.545081286628322914e+01 -2.700463619363956957e-01 -9.610713587002986946e-01 -5.845345056753002699e-02 -1.254145747378106677e+02 -9.931615074361341278e-03 -5.792537414223902781e-02 9.982715131876256365e-01 -1.966213329331223947e-01
-9.627677324983698881e-01 2.702634238105413589e-01 5.997916619936212446e-03 8.545901238826252211e+01 -2.701478762110718357e-01 -9.610681296932971351e-01 -5.803598072596383162e-02 -1.254160492495793875e+02 -9.920596346639115257e-03 -5.749549400369351887e-02 9.982964739629250905e-01 -1.947058293248938865e-01
-9.627871810409013298e-01 2.701920615239821188e-01 6.090476695452819514e-03 8.545533773418669909e+01 -2.700789417114676239e-01 -9.610690024004925336e-01 -5.834156203995984752e-02 -1.254100641005446022e+02 -9.910058557678850383e-03 -5.781541755467807520e-02 9.982781016439096211e-01 -1.957462351937910017e-01
-9.627768486880605714e-01 2.702304982730461824e-01 6.018091644883566405e-03 8.545608913110882554e+01 -2.701139388134033981e-01 -9.610641041525054273e-01 -5.826017302201944026e-02 -1.254123857901442705e+02 -9.959903729231374056e-03 -5.771711622477909004e-02 9.982832938609174089e-01 -1.935375527100632320e-01
-9.627908091786795408e-01 2.701803325094412900e-01 6.037025743196419020e-03 8.545469993338092252e+01 -2.700638599942324913e-01 -9.610715134418654770e-01 -5.837000572092194278e-02 -1.254140363288347544e+02 -9.968414085969682856e-03 -5.782848751518484404e-02 9.982767635990112964e-01 -1.950809330600365710e-01
-9.627823765193684880e-01 2.702132529670686623e-01 5.907061736603895843e-03 8.545659783482174987e+01 -2.700906928649079441e-01 -9.610728920379411067e-01 -5.822296634355650369e-02 -1.254108023610173888e+02 -1.005550022585428860e-02 -5.765148830177581341e-02 9.982861277215033802e-01 -1.944212870424053829e-01
-9.627731658514886437e-01 2.702445936868146936e-01 5.974168816956578094e-03 8.545271878846510560e+01 -2.701271914403579055e-01 -9.610707755581353595e-01 -5.808842229624983089e-02 -1.254151023271439129e+02 -9.956483022543689484e-03 -5.753975967748040099e-02 9.982935662877286953e-01 -1.955871729017460980e-01
-9.627590281364198921e-01 2.702971833547768155e-01 5.872512750884444771e-03 8.545766972023891128e+01 -2.701761301841775209e-01 -9.610707703028267268e-01 -5.786046267055502956e-02 -1.254144586611612056e+02 -9.995619733762591344e-03 -5.729229557800683686e-02 9.983074077872651220e-01 -1.926471162664473158e-01
-9.627640627736828716e-01 2.702786607782832196e-01 5.899572284898632960e-03 8.545237917507294867e+01 -2.701572668198621296e-01 -9.610644863227681967e-01 -5.805259947470589599e-02 -1.254160836668751671e+02 -1.002050943262382428e-02 -5.748476884902804784e-02 9.982960937169244042e-01 -1.940145540996008611e-01
-9.627647842104269937e-01 2.702731096968825630e-01 6.034604608233274346e-03 8.545440116654287976e+01 -2.701555135632477955e-01 -9.610407847772519663e-01 -5.845176197750490826e-02 -1.254117388103239534e+02 -9.998438327816662821e-03 -5.790557971437770846e-02 9.982719945277087614e-01 -1.951923049832586243e-01
-9.627817871751310763e-01 2.702139862375517176e-01 5.969247795110455349e-03 8.545467542178012366e+01 -2.700938357506210696e-01 -9.610649068176073673e-01 -5.834007855095663803e-02 -1.254133026275511469e+02 -1.002747060609788902e-02 -5.778102212505490526e-02 9.982789205952453671e-01 -1.931660727851233772e-01
-9.627757933372786958e-01 2.702322340383369603e-01 6.108309439208995696e-03 8.545511002471411643e+01 -2.701195436246998094e-01 -9.610543472969775847e-01 -5.839497996997169288e-02 -1.254116687612530114e+02 -9.909788552132118775e-03 -5.787124692584522806e-02 9.982748693919313299e-01 -1.944828388037139477e-01
-9.627617235488494796e-01 2.702863432049070758e-01 5.929278199414589508e-03 8.545794707660016343e+01 -2.701668087124785012e-01 -9.610628021242547669e-01 -5.803607356892232644e-02 -1.254123628978493201e+02 -9.987949377421230859e-03 -5.747680438663253788e-02 9.982968785957959668e-01 -1.928459938227876092e-01
-9.627980146799069994e-01 2.701563954910989329e-01 5.958598618806432157e-03 8.545331148885587425e+01 -2.700376956542029361e-01 -9.610925500261571219e-01 -5.814424478889759773e-02 -1.254143658225546574e+02 -9.981274848998820948e-03 -5.759020968847231026e-02 9.982904095952229717e-01 -1.927562728607010167e-01
-9.627773419861445081e-01 2.702279319768727261e-01 6.054298590729237720e-03 8.545410323353497972e+01 -2.701135450109607428e-01 -9.610646911836717710e-01 -5.825231457811076013e-02 -1.254131770185902042e+02 -9.922829895284262722e-03 -5.771935664926313575e-02 9.982835335235341612e-01 -1.945576853924465277e-01
-9.627810431600295482e-01 2.702144387373155432e-01 6.067950511257685399e-03 8.545184343094263113e+01 -2.700988558260008499e-01 -9.610565709260386891e-01 -5.845404651013594299e-02 -1.254158280393860991e+02 -9.963483658170691967e-03 -5.791739436656930667e-02 9.982716586243176593e-01 -1.959485856172051843e-01
-9.627665403023989432e-01 2.702690726383187858e-01 5.934411784944963741e-03 8.545574262397181542e+01 -2.701497294407179672e-01 -9.610667925578338933e-01 -5.804949541316316297e-02 -1.254138926703144676e+02 -9.985617191971038475e-03 -5.749129160364105373e-02 9.982960677215965140e-01 -1.904685979142993757e-01
-9.627583984511139947e-01 2.702956512077507867e-01 6.043769014634811643e-03 8.545729668904806431e+01 -2.701811315585989082e-01 -9.610493201331500313e-01 -5.819244292279143749e-02 -1.254130235139944745e+02 -9.920804152035691409e-03 -5.765817550187866958e-02 9.982870891843339534e-01 -1.941459466227646036e-01
-9.627950521909910409e-01 2.701647969289856510e-01 6.055573528788628195e-03 8.545156290318990955e+01 -2.700508577815006750e-01 -9.610839058161999571e-01 -5.822594082133085436e-02 -1.254134910523171698e+02 -9.910685218394516688e-03 -5.769496055807570717e-02 9.982850644149992014e-01 -1.956046997973769630e-01
-9.627763285824840755e-01 2.702325812446346731e-01 6.007757402599592407e-03 8.545449738843005605e+01 -2.701158405663344753e-01 -9.610661128407922416e-01 -5.821820519551232365e-02 -1.254156973641143935e+02 -9.958603811011910306e-03 -5.767390029584643085e-02 9.982858044789333363e-01 -1.949264062205150472e-01
-9.627581571410382955e-01 2.702979488302101330e-01 5.979106162706420043e-03 8.545784118959359432e+01 -2.701794629827570793e-01 -9.610483690364746145e-01 -5.821589256049237299e-02 -1.254117183879279764e+02 -9.989426121861433305e-03 -5.766325713034783917e-02 9.982861113589741597e-01 -1.928954645469713736e-01
-9.627669127363145396e-01 2.702675909192589487e-01 5.941467229219836443e-03 8.545910763365080243e+01 -2.701467977904287721e-01 -9.610563986959795857e-01 -5.823492217736899595e-02 -1.254113092970207788e+02 -1.002892702536894477e-02 -5.767172458462935247e-02 9.982852261731099963e-01 -1.928863106725603183e-01
-9.628060624900279807e-01 2.701270659894005610e-01 5.987841545559679721e-03 8.544919653037173646e+01 -2.700105757829672770e-01 -9.611030440864040125e-01 -5.809670907280223978e-02 -1.254180154553020685e+02 -9.938560827935630573e-03 -5.755264424976351545e-02 9.982930021481007943e-01 -1.936299155226069435e-01
-9.627855919507986027e-01 2.701983855313763727e-01 6.061054543123896299e-03 8.545017453578822142e+01 -2.700863482606239985e-01 -9.610839854575523589e-01 -5.805977413096554546e-02 -1.254160525639418609e+02 -9.862474777525460229e-03 -5.753612209371154057e-02 9.982947091089959812e-01 -1.935072966252033011e-01
