0.0000 -0.0000 0.0000 -0.0000 -0.0000 -0.0000 0.0000 1.0000
0.1000 -0.0000 0.0000 -0.0000 -0.0000 -0.0000 0.0000 1.0000
0.2000 -0.0047 -0.0075 -0.0068 0.0001 -0.0001 -0.0002 1.0000
0.3000 0.0026 -0.0070 -0.0063 0.0003 -0.0000 -0.0002 1.0000
0.4000 -0.0248 -0.0078 -0.0113 0.0002 -0.0000 -0.0002 1.0000
0.5000 -0.0175 -0.0137 -0.0165 0.0002 -0.0000 -0.0002 1.0000
0.6000 -0.0096 -0.0178 -0.0034 0.0003 0.0000 -0.0001 1.0000
0.7000 -0.0069 -0.0061 -0.0038 0.0001 -0.0001 -0.0002 1.0000
0.8000 -0.0015 -0.0116 -0.0092 0.0002 0.0000 -0.0002 1.0000
0.9000 -0.0050 -0.0218 -0.0075 0.0002 0.0000 -0.0002 1.0000
1.0000 -0.0102 -0.0177 -0.0091 0.0003 -0.0001 -0.0001 1.0000
1.1000 -0.0097 -0.0173 -0.0131 0.0002 0.0000 -0.0001 1.0000
1.2000 -0.0167 -0.0332 -0.0137 0.0001 -0.0001 -0.0001 1.0000
1.3000 -0.0047 -0.0086 -0.0180 0.0003 -0.0001 -0.0002 1.0000
1.4000 -0.0042 -0.0266 -0.0153 0.0000 -0.0002 -0.0002 1.0000
1.5000 0.0016 -0.0148 -0.0131 0.0003 0.0001 -0.0002 1.0000
1.6000 -0.0162 -0.0182 -0.0114 0.0001 -0.0000 -0.0002 1.0000
1.7000 -0.0064 -0.0127 -0.0182 0.0003 0.0001 -0.0002 1.0000
1.8000 -0.0116 -0.0354 -0.0132 0.0001 -0.0000 -0.0002 1.0000
1.9000 -0.0059 -0.0207 -0.0148 0.0003 0.0000 -0.0003 1.0000
2.0000 -0.0106 -0.0178 -0.0186 0.0000 0.0000 -0.0002 1.0000
2.1000 0.0037 -0.0199 -0.0100 0.0003 -0.0000 -0.0002 1.0000
2.2000 -0.0252 -0.0135 -0.0258 0.0001 -0.0001 -0.0002 1.0000
2.3000 0.0047 -0.0204 -0.0080 0.0002 0.0000 -0.0002 1.0000
2.4000 -0.0187 0.0008 -0.0062 0.0003 -0.0001 -0.0001 1.0000
2.5000 0.0026 -0.0250 -0.0076 0.0000 0.0001 -0.0003 1.0000
2.6000 -0.0227 -0.0123 -0.0225 0.0004 -0.0002 -0.0001 1.0000
2.7000 0.0075 -0.0295 -0.0045 0.0002 0.0001 -0.0002 1.0000
2.8000 -0.0133 -0.0129 -0.0118 0.0001 -0.0000 -0.0001 1.0000
2.9000 -0.0066 -0.0055 -0.0061 0.0004 -0.0000 -0.0002 1.0000
3.0000 -0.0048 -0.0228 -0.0088 0.0002 -0.0000 -0.0002 1.0000
3.1000 -0.0287 -0.0151 -0.0191 0.0002 -0.0000 -0.0002 1.0000
3.2000 -0.0118 -0.0417 -0.0075 0.0002 -0.0000 -0.0001 1.0000
3.3000 -0.0298 -0.0252 -0.0227 0.0001 -0.0001 -0.0002 1.0000
3.4000 -0.0135 -0.0358 -0.0154 0.0001 -0.0000 -0.0002 1.0000
3.5000 -0.0191 -0.0294 -0.0163 0.0002 -0.0000 -0.0002 1.0000
3.6000 -0.0154 -0.0427 -0.0137 0.0002 0.0000 -0.0002 1.0000
3.7000 -0.0156 -0.0250 -0.0211 0.0002 -0.0001 -0.0002 1.0000
3.8000 -0.0212 -0.0414 -0.0137 0.0003 -0.0001 -0.0001 1.0000
3.9000 -0.0248 -0.0266 -0.0177 0.0002 -0.0001 -0.0001 1.0000
4.0000 -0.0375 -0.0495 -0.0129 0.0001 0.0000 -0.0002 1.0000
4.1000 -0.0291 -0.0397 -0.0097 0.0003 -0.0000 -0.0001 1.0000
4.2000 -0.0364 -0.0404 -0.0076 0.0003 0.0000 -0.0001 1.0000
4.3000 -0.0311 -0.0403 -0.0098 0.0002 -0.0001 -0.0001 1.0000
4.4000 -0.0366 -0.0366 -0.0124 0.0002 -0.0000 -0.0001 1.0000
4.5000 -0.0312 -0.0421 -0.0091 0.0002 -0.0001 -0.0001 1.0000
4.6000 -0.0352 -0.0406 -0.0092 0.0002 -0.0000 -0.0001 1.0000
4.7000 -0.0336 -0.0410 -0.0101 0.0003 -0.0000 -0.0001 1.0000
4.8000 -0.0380 -0.0433 -0.0078 0.0003 -0.0001 -0.0001 1.0000
4.9000 -0.0372 -0.0439 -0.0091 0.0002 -0.0000 -0.0001 1.0000
5.0000 -0.0407 -0.0437 -0.0075 0.0003 -0.0000 -0.0001 1.0000
5.1000 -0.0388 -0.0461 -0.0073 0.0002 -0.0000 -0.0000 1.0000
5.2000 -0.0388 -0.0467 -0.0058 0.0002 -0.0001 -0.0001 1.0000
5.3000 -0.0465 -0.0495 -0.0073 0.0001 0.0000 -0.0001 1.0000
5.4000 -0.0422 -0.0464 -0.0052 0.0002 -0.0000 -0.0001 1.0000
5.5000 -0.0480 -0.0466 -0.0078 0.0003 0.0000 -0.0001 1.0000
5.6000 -0.0506 -0.0493 -0.0081 0.0001 -0.0000 -0.0001 1.0000
5.7000 -0.0507 -0.0496 -0.0089 0.0003 -0.0001 -0.0001 1.0000
5.8000 -0.0500 -0.0526 -0.0060 0.0002 0.0000 -0.0001 1.0000
5.9000 -0.0486 -0.0513 -0.0066 0.0003 -0.0001 -0.0000 1.0000
6.0000 -0.0512 -0.0557 -0.0066 0.0002 0.0000 -0.0000 1.0000
6.1000 -0.0525 -0.0543 -0.0053 0.0002 -0.0000 -0.0001 1.0000
6.2000 -0.0524 -0.0547 -0.0079 0.0002 -0.0000 -0.0001 1.0000
6.3000 -0.0585 -0.0570 -0.0087 0.0002 0.0000 -0.0001 1.0000
6.4000 -0.0602 -0.0530 -0.0054 0.0003 0.0000 -0.0001 1.0000
6.5000 -0.0607 -0.0557 -0.0060 0.0003 -0.0000 -0.0001 1.0000
6.6000 -0.0613 -0.0595 -0.0014 0.0004 0.0000 0.0000 1.0000
6.7000 -0.0648 -0.0591 -0.0055 0.0003 -0.0000 -0.0000 1.0000
6.8000 -0.0683 -0.0603 -0.0043 0.0004 0.0000 -0.0000 1.0000
6.9000 -0.0646 -0.0606 -0.0057 0.0003 -0.0000 -0.0000 1.0000
7.0000 -0.0635 -0.0637 -0.0051 0.0003 -0.0000 0.0000 1.0000
7.1000 -0.0666 -0.0638 -0.0058 0.0002 -0.0000 -0.0000 1.0000
7.2000 -0.0693 -0.0643 -0.0049 0.0003 -0.0000 0.0000 1.0000
7.3000 -0.0715 -0.0665 -0.0060 0.0002 0.0000 -0.0001 1.0000
7.4000 -0.0681 -0.0676 -0.0026 0.0003 -0.0001 0.0001 1.0000
7.5000 -0.0740 -0.0674 -0.0055 0.0002 0.0000 -0.0000 1.0000
7.6000 -0.0728 -0.0684 -0.0031 0.0003 0.0000 0.0000 1.0000
7.7000 -0.0738 -0.0701 -0.0039 0.0004 -0.0000 0.0001 1.0000
7.8000 -0.0763 -0.0694 -0.0004 0.0004 0.0000 0.0001 1.0000
7.9000 -0.0780 -0.0684 -0.0022 0.0003 0.0000 0.0000 1.0000
8.0000 -0.0786 -0.0709 -0.0048 0.0003 0.0000 -0.0000 1.0000
8.1000 -0.0793 -0.0743 -0.0056 0.0002 0.0000 0.0000 1.0000
8.2000 -0.0767 -0.0752 -0.0025 0.0003 -0.0000 0.0001 1.0000
8.3000 -0.0821 -0.0721 -0.0037 0.0004 0.0000 0.0000 1.0000
8.4000 -0.0834 -0.0777 -0.0052 0.0002 -0.0000 0.0000 1.0000
8.5000 -0.0835 -0.0777 -0.0024 0.0003 -0.0001 0.0001 1.0000
8.6000 -0.0866 -0.0774 -0.0026 0.0003 0.0000 0.0000 1.0000
8.7000 -0.0838 -0.0751 -0.0040 0.0003 -0.0000 0.0001 1.0000
8.8000 -0.0849 -0.0777 0.0002 0.0003 -0.0000 0.0001 1.0000
8.9000 -0.0873 -0.0815 -0.0029 0.0003 -0.0000 0.0001 1.0000
9.0000 -0.0842 -0.0803 -0.0034 0.0003 -0.0001 0.0001 1.0000
9.1000 -0.0898 -0.0819 -0.0012 0.0003 0.0000 0.0001 1.0000
9.2000 -0.0897 -0.0841 -0.0018 0.0003 -0.0000 0.0001 1.0000
9.3000 -0.0998 -0.0844 0.0030 0.0004 0.0001 0.0001 1.0000
9.4000 -0.0966 -0.0830 -0.0023 0.0003 0.0001 0.0001 1.0000
9.5000 -0.0991 -0.0826 -0.0028 0.0003 0.0000 0.0000 1.0000
9.6000 -0.0921 -0.0881 -0.0030 0.0003 -0.0001 0.0001 1.0000
9.7000 -0.1011 -0.0877 0.0019 0.0004 0.0000 0.0001 1.0000
9.8000 -0.1026 -0.0871 -0.0019 0.0003 0.0000 0.0001 1.0000
9.9000 -0.1055 -0.0888 0.0017 0.0005 0.0000 0.0001 1.0000
10.0000 -0.1050 -0.0890 0.0044 0.0004 0.0001 0.0001 1.0000
10.1000 -0.1066 -0.0901 -0.0009 0.0002 0.0000 0.0001 1.0000
10.2000 -0.1053 -0.0908 0.0027 0.0004 -0.0000 0.0002 1.0000
10.3000 -0.1116 -0.0930 0.0029 0.0004 0.0000 0.0001 1.0000
10.4000 -0.1126 -0.0937 0.0037 0.0003 0.0001 0.0001 1.0000
10.5000 -0.1109 -0.0933 0.0029 0.0005 -0.0000 0.0002 1.0000
10.6000 -0.1082 -0.0969 0.0029 0.0005 -0.0001 0.0002 1.0000
10.7000 -0.1132 -0.0939 0.0033 0.0004 -0.0000 0.0002 1.0000
10.8000 -0.1107 -0.0965 0.0038 0.0005 -0.0000 0.0002 1.0000
10.9000 -0.1145 -0.0974 0.0020 0.0004 -0.0000 0.0002 1.0000
11.0000 -0.1126 -0.1008 0.0046 0.0003 0.0000 0.0002 1.0000
11.1000 -0.1179 -0.0995 0.0025 0.0004 0.0000 0.0001 1.0000
11.2000 -0.1210 -0.1042 0.0024 0.0002 0.0000 0.0002 1.0000
11.3000 -0.1185 -0.1008 0.0037 0.0004 0.0000 0.0002 1.0000
11.4000 -0.1234 -0.1001 0.0035 0.0004 0.0001 0.0002 1.0000
11.5000 -0.1248 -0.1029 0.0028 0.0004 0.0000 0.0002 1.0000
11.6000 -0.1211 -0.1019 0.0037 0.0003 0.0000 0.0002 1.0000
11.7000 -0.1262 -0.1062 0.0039 0.0005 0.0000 0.0002 1.0000
11.8000 -0.1258 -0.1052 0.0021 0.0003 0.0000 0.0002 1.0000
11.9000 -0.1306 -0.1064 0.0051 0.0005 0.0000 0.0002 1.0000
12.0000 -0.1316 -0.1089 0.0029 0.0002 0.0000 0.0002 1.0000
12.1000 -0.1328 -0.1093 0.0044 0.0005 0.0000 0.0002 1.0000
12.2000 -0.1313 -0.1092 0.0034 0.0003 0.0001 0.0002 1.0000
12.3000 -0.1330 -0.1117 0.0025 0.0004 0.0000 0.0002 1.0000
12.4000 -0.1315 -0.1137 0.0089 0.0003 0.0000 0.0002 1.0000
12.5000 -0.1324 -0.1085 0.0049 0.0005 -0.0000 0.0002 1.0000
12.6000 -0.1376 -0.1140 0.0027 0.0004 0.0001 0.0002 1.0000
12.7000 -0.1378 -0.1173 0.0043 0.0003 0.0000 0.0003 1.0000
12.8000 -0.1407 -0.1148 0.0030 0.0004 0.0000 0.0003 1.0000
12.9000 -0.1351 -0.1159 0.0073 0.0004 -0.0000 0.0003 1.0000
13.0000 -0.1434 -0.1191 0.0036 0.0003 0.0000 0.0003 1.0000
13.1000 -0.1508 -0.1175 0.0063 0.0004 0.0001 0.0002 1.0000
13.2000 -0.1439 -0.1208 0.0062 0.0004 0.0000 0.0003 1.0000
13.3000 -0.1438 -0.1193 0.0059 0.0004 0.0000 0.0003 1.0000
13.4000 -0.1435 -0.1209 0.0045 0.0004 0.0000 0.0003 1.0000
13.5000 -0.1485 -0.1229 0.0064 0.0004 -0.0000 0.0003 1.0000
13.6000 -0.1503 -0.1220 0.0092 0.0005 0.0000 0.0003 1.0000
13.7000 -0.1481 -0.1230 0.0074 0.0004 0.0000 0.0003 1.0000
13.8000 -0.1517 -0.1261 0.0079 0.0006 0.0000 0.0004 1.0000
13.9000 -0.1491 -0.1236 0.0078 0.0004 0.0000 0.0003 1.0000
14.0000 -0.1480 -0.1228 0.0067 0.0005 -0.0000 0.0003 1.0000
14.1000 -0.1559 -0.1288 0.0081 0.0004 0.0001 0.0003 1.0000
14.2000 -0.1558 -0.1262 0.0071 0.0004 0.0000 0.0003 1.0000
14.3000 -0.1563 -0.1294 0.0089 0.0005 0.0000 0.0004 1.0000
14.4000 -0.1598 -0.1294 0.0087 0.0004 0.0000 0.0003 1.0000
14.5000 -0.1600 -0.1288 0.0098 0.0005 0.0001 0.0003 1.0000
14.6000 -0.1634 -0.1315 0.0090 0.0004 0.0001 0.0003 1.0000
14.7000 -0.1637 -0.1325 0.0083 0.0004 0.0000 0.0003 1.0000
14.8000 -0.1642 -0.1323 0.0091 0.0005 0.0000 0.0003 1.0000
14.9000 -0.1652 -0.1319 0.0116 0.0006 0.0000 0.0004 1.0000
15.0000 -0.1663 -0.1365 0.0087 0.0005 0.0000 0.0004 1.0000
15.1000 -0.1739 -0.1388 0.0074 0.0003 0.0001 0.0004 1.0000
15.2000 -0.1695 -0.1349 0.0119 0.0005 0.0001 0.0004 1.0000
15.3000 -0.1679 -0.1382 0.0086 0.0004 0.0000 0.0003 1.0000
15.4000 -0.1743 -0.1389 0.0096 0.0004 0.0000 0.0003 1.0000
15.5000 -0.1717 -0.1391 0.0099 0.0004 0.0000 0.0004 1.0000
15.6000 -0.1719 -0.1440 0.0093 0.0003 -0.0000 0.0004 1.0000
15.7000 -0.1746 -0.1439 0.0094 0.0004 0.0001 0.0004 1.0000
15.8000 -0.1803 -0.1419 0.0104 0.0006 0.0001 0.0004 1.0000
15.9000 -0.1755 -0.1439 0.0093 0.0004 0.0000 0.0004 1.0000
16.0000 -0.1776 -0.1444 0.0094 0.0003 0.0001 0.0004 1.0000
16.1000 -0.1800 -0.1479 0.0098 0.0004 0.0000 0.0003 1.0000
16.2000 -0.1838 -0.1464 0.0101 0.0005 0.0001 0.0004 1.0000
16.3000 -0.1861 -0.1467 0.0123 0.0005 0.0001 0.0004 1.0000
16.4000 -0.1832 -0.1464 0.0092 0.0005 0.0000 0.0004 1.0000
16.5000 -0.1850 -0.1449 0.0155 0.0007 0.0001 0.0004 1.0000
16.6000 -0.1896 -0.1454 0.0128 0.0006 0.0001 0.0004 1.0000
16.7000 -0.1886 -0.1505 0.0111 0.0004 0.0001 0.0004 1.0000
16.8000 -0.1891 -0.1520 0.0127 0.0005 0.0001 0.0005 1.0000
16.9000 -0.1921 -0.1536 0.0168 0.0005 0.0001 0.0004 1.0000
17.0000 -0.1947 -0.1514 0.0173 0.0007 0.0001 0.0005 1.0000
17.1000 -0.2021 -0.1541 0.0146 0.0007 0.0001 0.0004 1.0000
17.2000 -0.1928 -0.1544 0.0156 0.0007 0.0000 0.0005 1.0000
17.3000 -0.1993 -0.1571 0.0146 0.0004 0.0001 0.0005 1.0000
17.4000 -0.1992 -0.1597 0.0159 0.0006 0.0001 0.0005 1.0000
17.5000 -0.1978 -0.1577 0.0130 0.0004 0.0001 0.0005 1.0000
17.6000 -0.1973 -0.1589 0.0159 0.0005 0.0000 0.0005 1.0000
17.7000 -0.1982 -0.1579 0.0147 0.0006 -0.0000 0.0005 1.0000
17.8000 -0.2031 -0.1632 0.0150 0.0004 0.0001 0.0005 1.0000
17.9000 -0.2049 -0.1614 0.0160 0.0006 0.0001 0.0005 1.0000
18.0000 -0.2038 -0.1634 0.0151 0.0006 0.0001 0.0005 1.0000
18.1000 -0.2109 -0.1650 0.0149 0.0006 0.0001 0.0005 1.0000
18.2000 -0.2038 -0.1646 0.0164 0.0005 0.0000 0.0006 1.0000
18.3000 -0.2081 -0.1675 0.0146 0.0005 0.0001 0.0005 1.0000
18.4000 -0.2131 -0.1666 0.0166 0.0004 0.0000 0.0005 1.0000
18.5000 -0.2148 -0.1650 0.0156 0.0005 0.0001 0.0005 1.0000
18.6000 -0.2113 -0.1678 0.0160 0.0005 0.0001 0.0005 1.0000
18.7000 -0.2157 -0.1709 0.0197 0.0005 0.0000 0.0006 1.0000
18.8000 -0.2165 -0.1654 0.0153 0.0006 0.0001 0.0005 1.0000
18.9000 -0.2150 -0.1714 0.0163 0.0004 0.0000 0.0005 1.0000
19.0000 -0.2140 -0.1714 0.0190 0.0007 0.0000 0.0006 1.0000
19.1000 -0.2202 -0.1737 0.0155 0.0005 0.0001 0.0005 1.0000
19.2000 -0.2230 -0.1761 0.0158 0.0005 0.0001 0.0006 1.0000
19.3000 -0.2196 -0.1733 0.0199 0.0006 0.0001 0.0006 1.0000
19.4000 -0.2190 -0.1750 0.0140 0.0006 0.0000 0.0006 1.0000
19.5000 -0.2250 -0.1776 0.0185 0.0007 0.0001 0.0005 1.0000
19.6000 -0.2263 -0.1743 0.0167 0.0005 0.0000 0.0006 1.0000
19.7000 -0.2251 -0.1782 0.0170 0.0005 0.0001 0.0006 1.0000
19.8000 -0.2306 -0.1781 0.0150 0.0005 0.0001 0.0006 1.0000
19.9000 -0.2295 -0.1805 0.0145 0.0006 0.0001 0.0006 1.0000
20.0000 -0.2305 -0.1797 0.0206 0.0005 0.0001 0.0006 1.0000
20.1000 -0.2297 -0.1798 0.0198 0.0005 0.0001 0.0006 1.0000
20.2000 -0.2322 -0.1834 0.0189 0.0006 0.0001 0.0006 1.0000
20.3000 -0.2326 -0.1843 0.0225 0.0006 0.0001 0.0006 1.0000
20.4000 -0.2391 -0.1871 0.0181 0.0004 0.0001 0.0006 1.0000
20.5000 -0.2354 -0.1840 0.0184 0.0006 0.0001 0.0006 1.0000
20.6000 -0.2365 -0.1872 0.0190 0.0003 0.0001 0.0006 1.0000
20.7000 -0.2374 -0.1869 0.0218 0.0006 0.0001 0.0006 1.0000
20.8000 -0.2369 -0.1853 0.0201 0.0007 0.0000 0.0006 1.0000
20.9000 -0.2418 -0.1882 0.0214 0.0006 0.0001 0.0006 1.0000
21.0000 -0.2445 -0.1893 0.0179 0.0006 0.0001 0.0006 1.0000
21.1000 -0.2441 -0.1906 0.0197 0.0006 0.0001 0.0006 1.0000
21.2000 -0.2463 -0.1923 0.0221 0.0007 0.0000 0.0006 1.0000
21.3000 -0.2457 -0.1948 0.0201 0.0006 0.0001 0.0007 1.0000
21.4000 -0.2492 -0.1927 0.0224 0.0007 0.0001 0.0007 1.0000
21.5000 -0.2507 -0.1972 0.0223 0.0005 0.0001 0.0007 1.0000
21.6000 -0.2466 -0.1958 0.0199 0.0006 0.0001 0.0007 1.0000
21.7000 -0.2519 -0.2007 0.0199 0.0005 0.0001 0.0007 1.0000
21.8000 -0.2600 -0.1983 0.0202 0.0007 0.0001 0.0007 1.0000
21.9000 -0.2546 -0.1989 0.0218 0.0006 0.0001 0.0007 1.0000
22.0000 -0.2564 -0.1982 0.0233 0.0006 0.0001 0.0006 1.0000
22.1000 -0.2568 -0.1980 0.0222 0.0006 0.0001 0.0007 1.0000
22.2000 -0.2598 -0.2007 0.0245 0.0006 0.0002 0.0007 1.0000
22.3000 -0.2560 -0.1975 0.0218 0.0007 0.0001 0.0006 1.0000
22.4000 -0.2586 -0.2011 0.0223 0.0006 0.0001 0.0008 1.0000
22.5000 -0.2606 -0.2033 0.0211 0.0006 0.0001 0.0006 1.0000
22.6000 -0.2640 -0.2056 0.0215 0.0005 0.0002 0.0007 1.0000
22.7000 -0.2668 -0.2055 0.0234 0.0005 0.0001 0.0007 1.0000
22.8000 -0.2621 -0.2064 0.0236 0.0005 0.0001 0.0007 1.0000
22.9000 -0.2701 -0.2089 0.0241 0.0006 0.0001 0.0007 1.0000
23.0000 -0.2674 -0.2056 0.0266 0.0008 0.0001 0.0007 1.0000
23.1000 -0.2703 -0.2094 0.0255 0.0006 0.0001 0.0008 1.0000
23.2000 -0.2703 -0.2077 0.0265 0.0008 0.0001 0.0008 1.0000
23.3000 -0.2740 -0.2104 0.0244 0.0006 0.0001 0.0007 1.0000
23.4000 -0.2766 -0.2127 0.0236 0.0006 0.0001 0.0007 1.0000
23.5000 -0.2756 -0.2144 0.0223 0.0006 0.0001 0.0008 1.0000
23.6000 -0.2763 -0.2138 0.0238 0.0006 0.0001 0.0008 1.0000
23.7000 -0.2770 -0.2148 0.0278 0.0006 0.0001 0.0007 1.0000
23.8000 -0.2743 -0.2140 0.0284 0.0007 0.0001 0.0008 1.0000
23.9000 -0.2777 -0.2162 0.0215 0.0005 0.0001 0.0008 1.0000
24.0000 -0.2790 -0.2183 0.0269 0.0006 0.0001 0.0008 1.0000
24.1000 -0.2831 -0.2163 0.0263 0.0006 0.0001 0.0008 1.0000
24.2000 -0.2844 -0.2187 0.0258 0.0006 0.0001 0.0008 1.0000
24.3000 -0.2865 -0.2169 0.0232 0.0005 0.0002 0.0008 1.0000
24.4000 -0.2866 -0.2215 0.0254 0.0005 0.0002 0.0008 1.0000
24.5000 -0.2890 -0.2236 0.0238 0.0005 0.0002 0.0008 1.0000
24.6000 -0.2854 -0.2211 0.0274 0.0006 0.0001 0.0007 1.0000
24.7000 -0.2854 -0.2244 0.0286 0.0006 0.0001 0.0008 1.0000
24.8000 -0.2893 -0.2234 0.0274 0.0007 0.0001 0.0008 1.0000
24.9000 -0.2931 -0.2241 0.0264 0.0008 0.0001 0.0008 1.0000
25.0000 -0.2949 -0.2256 0.0251 0.0005 0.0002 0.0008 1.0000
25.1000 -0.2892 -0.2303 0.0263 0.0005 0.0001 0.0008 1.0000
25.2000 -0.2946 -0.2271 0.0269 0.0006 0.0001 0.0009 1.0000
25.3000 -0.2976 -0.2276 0.0269 0.0006 0.0001 0.0008 1.0000
25.4000 -0.2963 -0.2305 0.0275 0.0006 0.0001 0.0009 1.0000
25.5000 -0.2987 -0.2310 0.0269 0.0006 0.0002 0.0008 1.0000
25.6000 -0.2961 -0.2300 0.0296 0.0007 0.0001 0.0008 1.0000
25.7000 -0.3002 -0.2317 0.0274 0.0005 0.0002 0.0008 1.0000
25.8000 -0.3010 -0.2298 0.0288 0.0007 0.0002 0.0009 1.0000
25.9000 -0.3050 -0.2354 0.0287 0.0006 0.0002 0.0009 1.0000
26.0000 -0.3058 -0.2364 0.0272 0.0006 0.0002 0.0009 1.0000
26.1000 -0.3094 -0.2375 0.0297 0.0006 0.0001 0.0008 1.0000
26.2000 -0.3086 -0.2346 0.0312 0.0007 0.0001 0.0008 1.0000
26.3000 -0.3099 -0.2380 0.0329 0.0007 0.0002 0.0009 1.0000
26.4000 -0.3117 -0.2388 0.0308 0.0006 0.0002 0.0009 1.0000
26.5000 -0.3113 -0.2399 0.0270 0.0006 0.0002 0.0009 1.0000
26.6000 -0.3072 -0.2424 0.0309 0.0008 0.0002 0.0010 1.0000
26.7000 -0.3135 -0.2410 0.0308 0.0006 0.0002 0.0009 1.0000
26.8000 -0.3205 -0.2445 0.0283 0.0006 0.0002 0.0009 1.0000
26.9000 -0.3167 -0.2440 0.0315 0.0007 0.0002 0.0009 1.0000
27.0000 -0.3201 -0.2447 0.0299 0.0006 0.0001 0.0009 1.0000
27.1000 -0.3154 -0.2457 0.0305 0.0007 0.0001 0.0009 1.0000
27.2000 -0.3203 -0.2425 0.0328 0.0008 0.0002 0.0009 1.0000
27.3000 -0.3231 -0.2456 0.0312 0.0006 0.0002 0.0009 1.0000
27.4000 -0.3207 -0.2463 0.0307 0.0006 0.0002 0.0009 1.0000
27.5000 -0.3246 -0.2458 0.0351 0.0008 0.0002 0.0009 1.0000
27.6000 -0.3224 -0.2468 0.0312 0.0008 0.0002 0.0009 1.0000
27.7000 -0.3365 -0.2497 0.0295 0.0006 0.0003 0.0009 1.0000
27.8000 -0.3259 -0.2527 0.0341 0.0007 0.0002 0.0010 1.0000
27.9000 -0.3259 -0.2508 0.0326 0.0007 0.0001 0.0009 1.0000
28.0000 -0.3292 -0.2523 0.0323 0.0006 0.0002 0.0010 1.0000
28.1000 -0.3344 -0.2540 0.0349 0.0007 0.0002 0.0009 1.0000
28.2000 -0.3355 -0.2540 0.0328 0.0006 0.0002 0.0009 1.0000
28.3000 -0.3330 -0.2528 0.0300 0.0006 0.0002 0.0010 1.0000
28.4000 -0.3307 -0.2583 0.0319 0.0007 0.0001 0.0010 1.0000
28.5000 -0.3392 -0.2561 0.0309 0.0007 0.0001 0.0010 1.0000
28.6000 -0.3377 -0.2559 0.0366 0.0008 0.0002 0.0010 1.0000
28.7000 -0.3392 -0.2579 0.0345 0.0007 0.0002 0.0010 1.0000
28.8000 -0.3396 -0.2583 0.0351 0.0008 0.0001 0.0010 1.0000
28.9000 -0.3467 -0.2608 0.0372 0.0008 0.0002 0.0010 1.0000
29.0000 -0.3474 -0.2595 0.0302 0.0005 0.0001 0.0010 1.0000
29.1000 -0.3413 -0.2601 0.0352 0.0006 0.0001 0.0010 1.0000
29.2000 -0.3434 -0.2638 0.0373 0.0007 0.0002 0.0011 1.0000
29.3000 -0.3455 -0.2632 0.0349 0.0006 0.0001 0.0010 1.0000
29.4000 -0.3506 -0.2710 0.0389 0.0008 0.0002 0.0010 1.0000
29.5000 -0.3494 -0.2697 0.0338 0.0006 0.0002 0.0010 1.0000
29.6000 -0.3510 -0.2649 0.0359 0.0005 0.0002 0.0010 1.0000
29.7000 -0.3531 -0.2678 0.0387 0.0008 0.0002 0.0010 1.0000
29.8000 -0.3592 -0.2730 0.0352 0.0006 0.0003 0.0011 1.0000
29.9000 -0.3522 -0.2682 0.0369 0.0009 0.0002 0.0011 1.0000
30.0000 -0.3463 -0.2702 0.0338 0.0005 0.0002 0.0010 1.0000
30.1000 -0.3455 -0.2714 0.0376 0.0005 0.0005 0.0011 1.0000
30.2000 -0.3584 -0.2734 0.0416 0.0006 0.0009 0.0012 1.0000
30.3000 -0.3717 -0.2785 0.0342 0.0002 0.0017 0.0012 1.0000
30.4000 -0.4044 -0.2799 0.0327 0.0002 0.0017 0.0011 1.0000
30.5000 -0.4279 -0.2774 0.0284 -0.0000 0.0018 0.0011 1.0000
30.6000 -0.4612 -0.2803 0.0255 -0.0000 0.0019 0.0013 1.0000
30.7000 -0.4997 -0.2815 0.0261 0.0002 0.0020 0.0013 1.0000
30.8000 -0.5411 -0.2855 0.0240 0.0001 0.0021 0.0015 1.0000
30.9000 -0.5789 -0.2802 0.0274 0.0004 0.0020 0.0017 1.0000
31.0000 -0.6430 -0.2852 0.0206 0.0001 0.0020 0.0018 1.0000
31.1000 -0.6945 -0.2835 0.0195 0.0003 0.0020 0.0021 1.0000
31.2000 -0.7577 -0.2887 0.0212 0.0001 0.0019 0.0025 1.0000
31.3000 -0.8252 -0.2904 0.0183 -0.0004 0.0017 0.0030 1.0000
31.4000 -0.8988 -0.2897 0.0254 -0.0005 0.0015 0.0038 1.0000
31.5000 -0.9707 -0.3003 0.0275 -0.0010 0.0015 0.0048 1.0000
31.6000 -1.0549 -0.2965 0.0274 -0.0010 0.0014 0.0058 1.0000
31.7000 -1.1312 -0.3007 0.0280 -0.0012 0.0013 0.0071 1.0000
31.8000 -1.2129 -0.3055 0.0304 -0.0012 0.0010 0.0085 1.0000
31.9000 -1.2838 -0.3120 0.0320 -0.0013 0.0006 0.0100 0.9999
32.0000 -1.3773 -0.3091 0.0365 -0.0011 0.0005 0.0114 0.9999
32.1000 -1.4534 -0.3194 0.0337 -0.0013 0.0005 0.0132 0.9999
32.2000 -1.5378 -0.3275 0.0291 -0.0012 0.0005 0.0151 0.9999
32.3000 -1.5942 -0.3249 0.0302 -0.0011 0.0004 0.0171 0.9999
32.4000 -1.6920 -0.3366 0.0292 -0.0016 0.0004 0.0189 0.9998
32.5000 -1.7615 -0.3456 0.0309 -0.0025 0.0005 0.0207 0.9998
32.6000 -1.8508 -0.3515 0.0334 -0.0026 0.0004 0.0229 0.9997
32.7000 -1.9304 -0.3540 0.0295 -0.0029 0.0004 0.0250 0.9997
32.8000 -1.9972 -0.3710 0.0247 -0.0029 0.0004 0.0277 0.9996
32.9000 -2.0856 -0.3750 0.0227 -0.0027 0.0004 0.0303 0.9995
33.0000 -2.1753 -0.3883 0.0293 -0.0028 0.0002 0.0333 0.9994
33.1000 -2.2707 -0.3989 0.0314 -0.0036 -0.0000 0.0366 0.9993
33.2000 -2.3603 -0.4065 0.0260 -0.0045 0.0002 0.0400 0.9992
33.3000 -2.4548 -0.4194 0.0286 -0.0047 0.0003 0.0438 0.9990
33.4000 -2.5550 -0.4411 0.0306 -0.0045 0.0002 0.0482 0.9988
33.5000 -2.6606 -0.4665 0.0250 -0.0048 0.0002 0.0530 0.9986
33.6000 -2.7592 -0.4970 0.0246 -0.0043 0.0003 0.0587 0.9983
33.7000 -2.8655 -0.5176 0.0279 -0.0038 0.0005 0.0651 0.9979
33.8000 -2.9677 -0.5477 0.0224 -0.0039 0.0008 0.0721 0.9974
33.9000 -3.0710 -0.5737 0.0194 -0.0036 0.0009 0.0798 0.9968
34.0000 -3.1812 -0.6188 0.0153 -0.0041 0.0011 0.0882 0.9961
34.1000 -3.2746 -0.6512 0.0117 -0.0042 0.0011 0.0972 0.9953
34.2000 -3.3914 -0.6898 0.0073 -0.0043 0.0011 0.1068 0.9943
34.3000 -3.5076 -0.7244 0.0085 -0.0045 0.0010 0.1169 0.9931
34.4000 -3.6319 -0.7738 0.0059 -0.0052 0.0013 0.1276 0.9918
34.5000 -3.7377 -0.8265 0.0037 -0.0063 0.0016 0.1389 0.9903
34.6000 -3.8460 -0.8839 -0.0011 -0.0065 0.0016 0.1508 0.9885
34.7000 -3.9548 -0.9299 0.0015 -0.0064 0.0014 0.1628 0.9866
34.8000 -4.0719 -0.9768 -0.0024 -0.0066 0.0012 0.1747 0.9846
34.9000 -4.1772 -1.0537 0.0054 -0.0069 0.0008 0.1874 0.9823
35.0000 -4.3093 -1.1189 0.0021 -0.0071 0.0005 0.2000 0.9798
35.1000 -4.4092 -1.1865 0.0098 -0.0072 0.0002 0.2133 0.9770
35.2000 -4.5234 -1.2642 0.0050 -0.0074 -0.0000 0.2268 0.9739
35.3000 -4.6264 -1.3408 -0.0004 -0.0077 -0.0003 0.2405 0.9706
35.4000 -4.7537 -1.4181 0.0005 -0.0083 -0.0001 0.2540 0.9672
35.5000 -4.8622 -1.5019 -0.0110 -0.0083 -0.0001 0.2680 0.9634
35.6000 -4.9792 -1.6016 -0.0079 -0.0079 -0.0005 0.2820 0.9594
35.7000 -5.0781 -1.6948 -0.0087 -0.0070 -0.0008 0.2961 0.9551
35.8000 -5.1798 -1.8004 -0.0063 -0.0068 -0.0008 0.3102 0.9506
35.9000 -5.2907 -1.9064 -0.0132 -0.0068 -0.0008 0.3247 0.9458
36.0000 -5.3904 -2.0140 -0.0232 -0.0068 -0.0017 0.3395 0.9406
36.1000 -5.4926 -2.1259 -0.0238 -0.0072 -0.0025 0.3539 0.9353
36.2000 -5.5859 -2.2367 -0.0180 -0.0077 -0.0028 0.3685 0.9296
36.3000 -5.6781 -2.3671 -0.0217 -0.0074 -0.0028 0.3834 0.9236
36.4000 -5.7768 -2.4954 -0.0266 -0.0073 -0.0028 0.3984 0.9172
36.5000 -5.8759 -2.6244 -0.0320 -0.0069 -0.0029 0.4136 0.9104
36.6000 -5.9629 -2.7649 -0.0348 -0.0066 -0.0033 0.4291 0.9032
36.7000 -6.0411 -2.9191 -0.0336 -0.0064 -0.0037 0.4447 0.8957
36.8000 -6.1326 -3.0823 -0.0330 -0.0061 -0.0039 0.4606 0.8876
36.9000 -6.2246 -3.2521 -0.0355 -0.0057 -0.0042 0.4763 0.8792
37.0000 -6.3167 -3.4347 -0.0446 -0.0051 -0.0040 0.4922 0.8704
37.1000 -6.3891 -3.6278 -0.0597 -0.0049 -0.0046 0.5082 0.8612
37.2000 -6.4998 -3.8370 -0.0612 -0.0045 -0.0052 0.5242 0.8516
37.3000 -6.5633 -4.0496 -0.0805 -0.0044 -0.0065 0.5403 0.8415
37.4000 -6.6452 -4.2856 -0.0899 -0.0042 -0.0072 0.5558 0.8313
37.5000 -6.7205 -4.5251 -0.0985 -0.0034 -0.0078 0.5711 0.8208
37.6000 -6.7909 -4.7747 -0.1007 -0.0034 -0.0091 0.5861 0.8102
37.7000 -6.8646 -5.0442 -0.1075 -0.0031 -0.0098 0.6004 0.7996
37.8000 -6.9233 -5.3348 -0.1156 -0.0030 -0.0109 0.6141 0.7892
37.9000 -6.9755 -5.6307 -0.1215 -0.0026 -0.0121 0.6267 0.7792
38.0000 -7.0032 -5.9395 -0.1178 -0.0021 -0.0123 0.6389 0.7692
38.1000 -7.0398 -6.2686 -0.1258 -0.0030 -0.0117 0.6509 0.7590
38.2000 -7.0908 -6.6073 -0.1470 -0.0036 -0.0113 0.6621 0.7493
38.3000 -7.1356 -6.9707 -0.1795 -0.0031 -0.0117 0.6726 0.7399
38.4000 -7.1424 -7.3579 -0.1907 -0.0017 -0.0130 0.6817 0.7315
38.5000 -7.1625 -7.7424 -0.1982 -0.0003 -0.0142 0.6906 0.7231
38.6000 -7.1684 -8.1545 -0.2077 -0.0002 -0.0148 0.6988 0.7152
38.7000 -7.1933 -8.5798 -0.2317 -0.0007 -0.0157 0.7057 0.7083
38.8000 -7.2037 -9.0241 -0.2527 0.0001 -0.0170 0.7123 0.7017
38.9000 -7.1826 -9.4716 -0.2679 -0.0004 -0.0189 0.7183 0.6955
39.0000 -7.1901 -9.9437 -0.2771 -0.0005 -0.0190 0.7237 0.6899
39.1000 -7.1380 -10.4130 -0.2904 -0.0011 -0.0194 0.7289 0.6844
39.2000 -7.1263 -10.8976 -0.3102 -0.0008 -0.0191 0.7341 0.6788
39.3000 -7.0978 -11.4110 -0.3217 -0.0010 -0.0185 0.7387 0.6738
39.4000 -7.0174 -11.9062 -0.3382 -0.0015 -0.0177 0.7431 0.6690
39.5000 -6.9686 -12.4357 -0.3794 -0.0016 -0.0172 0.7476 0.6639
39.6000 -6.9035 -12.9822 -0.4043 -0.0008 -0.0169 0.7514 0.6596
39.7000 -6.8307 -13.5288 -0.4018 -0.0015 -0.0166 0.7552 0.6552
39.8000 -6.7594 -14.0827 -0.4310 -0.0029 -0.0165 0.7586 0.6513
39.9000 -6.6834 -14.6572 -0.4522 -0.0029 -0.0166 0.7622 0.6471
40.0000 -6.5708 -15.2488 -0.4653 -0.0028 -0.0162 0.7655 0.6433
40.1000 -6.4644 -15.8457 -0.4963 -0.0017 -0.0152 0.7687 0.6394
40.2000 -6.3489 -16.4503 -0.5326 0.0001 -0.0153 0.7721 0.6353
40.3000 -6.2314 -17.0854 -0.5544 0.0016 -0.0169 0.7747 0.6321
40.4000 -6.0993 -17.7129 -0.5622 0.0027 -0.0175 0.7772 0.6290
40.5000 -5.9685 -18.3604 -0.5776 0.0029 -0.0175 0.7795 0.6261
40.6000 -5.8231 -19.0177 -0.5927 0.0030 -0.0167 0.7819 0.6232
40.7000 -5.6775 -19.6837 -0.6220 0.0038 -0.0149 0.7835 0.6212
40.8000 -5.5194 -20.3603 -0.6639 0.0037 -0.0142 0.7844 0.6200
40.9000 -5.3657 -21.0633 -0.6835 0.0044 -0.0128 0.7849 0.6194
41.0000 -5.2158 -21.7619 -0.7133 0.0047 -0.0121 0.7854 0.6188
41.1000 -5.0358 -22.4842 -0.7390 0.0047 -0.0117 0.7858 0.6183
41.2000 -4.8690 -23.2222 -0.7639 0.0042 -0.0114 0.7863 0.6177
41.3000 -4.6845 -23.9607 -0.7999 0.0041 -0.0111 0.7868 0.6171
41.4000 -4.5073 -24.7173 -0.8230 0.0047 -0.0107 0.7872 0.6166
41.5000 -4.3070 -25.4849 -0.8455 0.0051 -0.0100 0.7876 0.6160
41.6000 -4.1181 -26.2433 -0.8743 0.0054 -0.0098 0.7881 0.6155
41.7000 -3.9379 -27.0409 -0.8984 0.0048 -0.0097 0.7887 0.6147
41.8000 -3.7504 -27.8216 -0.9207 0.0041 -0.0088 0.7895 0.6137
41.9000 -3.5499 -28.6206 -0.9505 0.0035 -0.0083 0.7904 0.6125
42.0000 -3.3371 -29.4270 -0.9771 0.0029 -0.0083 0.7916 0.6110
42.1000 -3.1446 -30.2457 -1.0095 0.0028 -0.0083 0.7928 0.6095
42.2000 -2.9172 -31.0689 -1.0392 0.0029 -0.0095 0.7936 0.6083
42.3000 -2.6934 -31.8985 -1.0663 0.0039 -0.0101 0.7949 0.6067
42.4000 -2.4788 -32.7434 -1.0802 0.0038 -0.0113 0.7958 0.6054
42.5000 -2.2522 -33.5803 -1.1055 0.0029 -0.0119 0.7970 0.6039
42.6000 -2.0176 -34.4268 -1.1322 0.0025 -0.0117 0.7980 0.6025
42.7000 -1.7918 -35.2764 -1.1584 0.0017 -0.0113 0.7992 0.6009
42.8000 -1.5526 -36.1379 -1.1845 0.0013 -0.0104 0.8000 0.5999
42.9000 -1.3091 -37.0041 -1.2094 0.0003 -0.0100 0.8006 0.5992
43.0000 -1.0563 -37.8738 -1.2377 -0.0001 -0.0100 0.8008 0.5988
43.1000 -0.8084 -38.7515 -1.2573 0.0008 -0.0089 0.8011 0.5985
43.2000 -0.5408 -39.6513 -1.2963 0.0016 -0.0087 0.8014 0.5981
43.3000 -0.2732 -40.5371 -1.3045 0.0022 -0.0086 0.8015 0.5980
43.4000 -0.0312 -41.4618 -1.3532 0.0040 -0.0082 0.8018 0.5975
43.5000 0.2577 -42.3605 -1.3662 0.0045 -0.0094 0.8016 0.5978
43.6000 0.5120 -43.2817 -1.3655 0.0035 -0.0083 0.8019 0.5974
43.7000 0.7599 -44.1902 -1.3736 0.0008 -0.0066 0.8020 0.5973
43.8000 1.0323 -45.0861 -1.4219 -0.0029 -0.0056 0.8022 0.5970
43.9000 1.3009 -46.0366 -1.4605 -0.0028 -0.0047 0.8022 0.5970
44.0000 1.5643 -46.9715 -1.4791 -0.0013 -0.0057 0.8023 0.5969
44.1000 1.8326 -47.9209 -1.4756 0.0003 -0.0058 0.8026 0.5965
44.2000 2.1170 -48.8525 -1.4860 -0.0005 -0.0049 0.8025 0.5966
44.3000 2.4064 -49.7897 -1.5062 -0.0028 -0.0043 0.8027 0.5964
44.4000 2.6596 -50.7442 -1.5118 -0.0029 -0.0013 0.8029 0.5962
44.5000 2.9420 -51.6907 -1.5433 -0.0011 -0.0000 0.8028 0.5963
44.6000 3.2182 -52.6673 -1.5583 0.0007 -0.0014 0.8029 0.5961
44.7000 3.5078 -53.6280 -1.5629 -0.0021 -0.0050 0.8025 0.5967
44.8000 3.7819 -54.5878 -1.5387 -0.0045 -0.0028 0.8020 0.5973
44.9000 4.0568 -55.5553 -1.5721 -0.0079 0.0002 0.8019 0.5974
45.0000 4.3558 -56.5347 -1.5889 -0.0073 0.0023 0.8020 0.5972
45.1000 4.6420 -57.5292 -1.6028 -0.0066 0.0011 0.8019 0.5974
45.2000 4.9272 -58.5263 -1.5806 -0.0080 -0.0014 0.8023 0.5969
45.3000 5.1983 -59.4907 -1.5669 -0.0096 -0.0003 0.8029 0.5961
45.4000 5.4995 -60.4688 -1.5645 -0.0110 0.0016 0.8033 0.5954
45.5000 5.8005 -61.4480 -1.5840 -0.0105 0.0022 0.8040 0.5945
45.6000 6.0859 -62.4173 -1.5742 -0.0087 0.0018 0.8047 0.5936
45.7000 6.3754 -63.3991 -1.5486 -0.0091 0.0007 0.8054 0.5927
45.8000 6.6668 -64.3558 -1.5357 -0.0102 0.0019 0.8058 0.5920
45.9000 6.9675 -65.3166 -1.5249 -0.0115 0.0045 0.8063 0.5914
46.0000 7.2752 -66.2898 -1.5226 -0.0119 0.0056 0.8066 0.5910
46.1000 7.5567 -67.2522 -1.5215 -0.0106 0.0065 0.8066 0.5910
46.2000 7.8551 -68.2166 -1.5018 -0.0099 0.0054 0.8063 0.5915
46.3000 8.1445 -69.1712 -1.4835 -0.0106 0.0038 0.8064 0.5913
46.4000 8.4500 -70.1222 -1.4672 -0.0120 0.0028 0.8063 0.5914
46.5000 8.7310 -71.0738 -1.4621 -0.0132 0.0033 0.8063 0.5914
46.6000 9.0017 -72.0125 -1.4410 -0.0143 0.0043 0.8062 0.5915
46.7000 9.3053 -72.9656 -1.4159 -0.0144 0.0071 0.8061 0.5916
46.8000 9.6144 -73.9134 -1.3951 -0.0156 0.0095 0.8056 0.5921
46.9000 9.8845 -74.8295 -1.3744 -0.0144 0.0133 0.8050 0.5930
47.0000 10.1617 -75.8016 -1.3695 -0.0124 0.0138 0.8042 0.5941
47.1000 10.4506 -76.7362 -1.3455 -0.0112 0.0111 0.8036 0.5949
47.2000 10.7355 -77.6655 -1.3098 -0.0109 0.0089 0.8030 0.5958
47.3000 11.0117 -78.5986 -1.2815 -0.0123 0.0077 0.8025 0.5965
47.4000 11.2803 -79.5386 -1.2593 -0.0136 0.0074 0.8023 0.5968
47.5000 11.5532 -80.4536 -1.2538 -0.0143 0.0061 0.8023 0.5967
47.6000 11.8017 -81.3510 -1.2358 -0.0137 0.0057 0.8021 0.5970
47.7000 12.1089 -82.2941 -1.2202 -0.0139 0.0052 0.8026 0.5963
47.8000 12.3827 -83.1925 -1.2011 -0.0143 0.0052 0.8033 0.5954
47.9000 12.6521 -84.0900 -1.1817 -0.0139 0.0064 0.8043 0.5940
48.0000 12.9358 -85.0000 -1.1636 -0.0141 0.0061 0.8056 0.5922
48.1000 13.2191 -85.8913 -1.1443 -0.0134 0.0064 0.8074 0.5898
48.2000 13.5310 -86.7993 -1.1255 -0.0131 0.0065 0.8093 0.5872
48.3000 13.8249 -87.6965 -1.1147 -0.0134 0.0053 0.8118 0.5838
48.4000 14.1139 -88.5589 -1.0907 -0.0129 0.0057 0.8141 0.5805
48.5000 14.4284 -89.4616 -1.0772 -0.0127 0.0052 0.8170 0.5764
48.6000 14.7407 -90.3227 -1.0658 -0.0115 0.0052 0.8197 0.5726
48.7000 15.0622 -91.1962 -1.0447 -0.0119 0.0036 0.8230 0.5680
48.8000 15.3830 -92.0397 -1.0198 -0.0134 0.0029 0.8263 0.5631
48.9000 15.6914 -92.9051 -1.0089 -0.0157 0.0032 0.8291 0.5589
49.0000 16.0564 -93.7347 -0.9980 -0.0160 0.0045 0.8322 0.5542
49.1000 16.4061 -94.6256 -0.9979 -0.0159 0.0037 0.8354 0.5494
49.2000 16.7610 -95.4795 -0.9737 -0.0162 0.0016 0.8384 0.5449
49.3000 17.1594 -96.3328 -0.9483 -0.0172 0.0005 0.8416 0.5398
49.4000 17.5163 -97.1729 -0.9364 -0.0177 0.0013 0.8443 0.5356
49.5000 17.9504 -98.0210 -0.9251 -0.0181 0.0016 0.8471 0.5311
49.6000 18.3580 -98.8915 -0.9048 -0.0183 0.0012 0.8503 0.5260
49.7000 18.7593 -99.7524 -0.8819 -0.0183 0.0012 0.8533 0.5211
49.8000 19.1554 -100.5720 -0.8641 -0.0181 0.0010 0.8557 0.5171
49.9000 19.5824 -101.3692 -0.8462 -0.0177 0.0007 0.8584 0.5127
50.0000 20.0137 -102.1936 -0.8306 -0.0178 -0.0008 0.8606 0.5089
50.1000 20.4799 -103.0111 -0.8109 -0.0175 -0.0013 0.8630 0.5049
50.2000 20.9268 -103.8390 -0.7884 -0.0175 -0.0004 0.8652 0.5011
50.3000 21.3745 -104.6360 -0.7775 -0.0177 -0.0003 0.8669 0.4982
50.4000 21.8178 -105.4134 -0.7562 -0.0171 0.0006 0.8689 0.4946
50.5000 22.2585 -106.1513 -0.7430 -0.0162 0.0012 0.8707 0.4916
50.6000 22.7418 -106.9437 -0.7248 -0.0163 0.0010 0.8725 0.4883
50.7000 23.1877 -107.6929 -0.7060 -0.0153 0.0020 0.8744 0.4849
50.8000 23.7170 -108.4889 -0.6986 -0.0147 -0.0001 0.8765 0.4812
50.9000 24.1899 -109.2642 -0.6779 -0.0143 -0.0024 0.8788 0.4771
51.0000 24.6669 -109.9530 -0.6546 -0.0140 -0.0029 0.8809 0.4731
51.1000 25.1536 -110.7085 -0.6326 -0.0156 -0.0045 0.8836 0.4680
51.2000 25.6222 -111.3994 -0.6286 -0.0169 -0.0044 0.8863 0.4627
51.3000 25.9538 -112.0669 -0.6254 -0.0174 -0.0055 0.8886 0.4582
51.4000 26.4834 -112.7743 -0.6168 -0.0170 -0.0062 0.8915 0.4527
51.5000 26.9768 -113.4896 -0.6011 -0.0167 -0.0073 0.8942 0.4473
51.6000 27.5047 -114.1852 -0.5806 -0.0165 -0.0075 0.8972 0.4412
51.7000 28.0421 -114.8407 -0.5634 -0.0168 -0.0079 0.9005 0.4345
51.8000 28.6100 -115.5151 -0.5494 -0.0179 -0.0086 0.9037 0.4278
51.9000 29.1508 -116.1842 -0.5471 -0.0191 -0.0104 0.9072 0.4202
52.0000 29.7138 -116.8440 -0.5351 -0.0193 -0.0116 0.9111 0.4117
52.1000 30.2647 -117.4937 -0.5200 -0.0193 -0.0123 0.9146 0.4038
52.2000 30.8430 -118.1246 -0.4983 -0.0185 -0.0125 0.9186 0.3947
52.3000 31.3934 -118.7298 -0.4775 -0.0182 -0.0129 0.9222 0.3862
52.4000 31.9998 -119.3325 -0.4791 -0.0180 -0.0138 0.9262 0.3764
52.5000 32.6577 -119.9286 -0.4658 -0.0182 -0.0142 0.9302 0.3663
52.6000 33.3264 -120.4839 -0.4635 -0.0187 -0.0139 0.9344 0.3555
52.7000 33.8822 -121.0020 -0.4510 -0.0185 -0.0137 0.9385 0.3446
52.8000 34.5228 -121.5513 -0.4305 -0.0180 -0.0135 0.9427 0.3329
52.9000 35.2347 -122.0653 -0.4129 -0.0194 -0.0148 0.9468 0.3209
53.0000 35.9020 -122.5489 -0.4038 -0.0199 -0.0150 0.9509 0.3086
53.1000 36.5770 -123.0499 -0.3855 -0.0202 -0.0144 0.9547 0.2964
53.2000 37.2642 -123.5321 -0.3825 -0.0205 -0.0151 0.9586 0.2836
53.3000 38.0038 -123.9754 -0.3666 -0.0187 -0.0169 0.9625 0.2701
53.4000 38.7220 -124.3950 -0.3407 -0.0172 -0.0177 0.9662 0.2565
53.5000 39.4692 -124.7902 -0.3313 -0.0163 -0.0185 0.9696 0.2434
53.6000 40.1993 -125.1832 -0.3111 -0.0160 -0.0193 0.9730 0.2296
53.7000 40.9397 -125.5481 -0.3007 -0.0167 -0.0194 0.9760 0.2161
53.8000 41.7099 -125.8877 -0.2895 -0.0173 -0.0199 0.9790 0.2023
53.9000 42.4750 -126.2156 -0.2771 -0.0177 -0.0201 0.9817 0.1887
54.0000 43.2347 -126.5036 -0.2615 -0.0183 -0.0193 0.9841 0.1754
54.1000 44.0613 -126.8020 -0.2504 -0.0186 -0.0208 0.9865 0.1611
54.2000 44.8608 -127.0588 -0.2286 -0.0189 -0.0203 0.9887 0.1473
54.3000 45.6988 -127.3053 -0.2107 -0.0191 -0.0197 0.9907 0.1334
54.4000 46.5485 -127.5121 -0.1966 -0.0192 -0.0201 0.9925 0.1194
54.5000 47.3788 -127.7102 -0.1834 -0.0179 -0.0203 0.9941 0.1052
54.6000 48.2290 -127.8768 -0.1629 -0.0167 -0.0208 0.9955 0.0912
54.7000 49.1436 -128.0368 -0.1423 -0.0168 -0.0210 0.9967 0.0767
54.8000 50.0088 -128.1676 -0.1356 -0.0159 -0.0219 0.9977 0.0627
54.9000 50.9146 -128.2598 -0.1226 -0.0151 -0.0222 0.9984 0.0490
55.0000 51.8250 -128.3548 -0.1038 -0.0140 -0.0223 0.9990 0.0349
55.1000 52.7563 -128.4097 -0.0861 -0.0131 -0.0222 0.9994 0.0213
55.2000 53.6620 -128.4411 -0.0916 -0.0121 -0.0222 0.9996 0.0081
55.3000 54.6154 -128.4636 -0.0804 -0.0103 -0.0223 0.9997 -0.0050
55.4000 55.5506 -128.4596 -0.0676 -0.0081 -0.0225 0.9996 -0.0172
55.5000 56.5013 -128.4180 -0.0550 -0.0069 -0.0229 0.9993 -0.0289
55.6000 57.4445 -128.3856 -0.0604 -0.0057 -0.0236 0.9989 -0.0399
55.7000 58.3891 -128.3105 -0.0684 -0.0037 -0.0251 0.9984 -0.0500
55.8000 59.3880 -128.2156 -0.0463 -0.0023 -0.0261 0.9978 -0.0602
55.9000 60.3483 -128.1122 -0.0355 -0.0029 -0.0272 0.9972 -0.0697
56.0000 61.3034 -128.0080 -0.0464 -0.0039 -0.0275 0.9966 -0.0781
56.1000 62.3030 -127.8495 -0.0630 -0.0039 -0.0276 0.9959 -0.0858
56.2000 63.2666 -127.7038 -0.0644 -0.0027 -0.0282 0.9953 -0.0925
56.3000 64.2492 -127.5364 -0.0546 -0.0026 -0.0276 0.9947 -0.0988
56.4000 65.2534 -127.3652 -0.0505 -0.0033 -0.0275 0.9942 -0.1043
56.5000 66.2310 -127.1632 -0.0559 -0.0034 -0.0280 0.9937 -0.1086
56.6000 67.2188 -126.9727 -0.0616 -0.0030 -0.0276 0.9932 -0.1132
56.7000 68.1965 -126.7695 -0.0606 -0.0028 -0.0278 0.9928 -0.1169
56.8000 69.1808 -126.5499 -0.0578 -0.0027 -0.0272 0.9924 -0.1198
56.9000 70.1637 -126.3344 -0.0660 -0.0021 -0.0258 0.9922 -0.1223
57.0000 71.1829 -126.0988 -0.0683 -0.0012 -0.0257 0.9919 -0.1243
57.1000 72.1830 -125.8691 -0.0637 -0.0004 -0.0242 0.9918 -0.1258
57.2000 73.1627 -125.6234 -0.0562 -0.0005 -0.0237 0.9917 -0.1264
57.3000 74.1449 -125.3793 -0.0646 -0.0006 -0.0234 0.9916 -0.1270
57.4000 75.1192 -125.1269 -0.0667 -0.0011 -0.0230 0.9916 -0.1274
57.5000 76.0909 -124.8878 -0.0772 -0.0008 -0.0226 0.9915 -0.1278
57.6000 77.0539 -124.6590 -0.0839 -0.0000 -0.0233 0.9915 -0.1282
57.7000 78.0436 -124.4201 -0.0818 -0.0004 -0.0230 0.9915 -0.1282
57.8000 79.0266 -124.1810 -0.0754 -0.0011 -0.0231 0.9914 -0.1285
57.9000 80.0003 -123.9361 -0.0845 -0.0014 -0.0231 0.9914 -0.1285
58.0000 80.9646 -123.6984 -0.0841 -0.0015 -0.0231 0.9914 -0.1286
58.1000 81.9206 -123.4583 -0.0945 -0.0014 -0.0234 0.9914 -0.1284
58.2000 82.8868 -123.2274 -0.0942 -0.0010 -0.0239 0.9914 -0.1285
58.3000 83.8751 -122.9743 -0.0898 -0.0008 -0.0230 0.9914 -0.1286
58.4000 84.8368 -122.7406 -0.0944 -0.0003 -0.0227 0.9914 -0.1288
58.5000 85.8026 -122.5072 -0.0968 -0.0003 -0.0231 0.9914 -0.1285
58.6000 86.7585 -122.2554 -0.0969 -0.0006 -0.0233 0.9915 -0.1281
58.7000 87.7431 -122.0072 -0.1031 -0.0007 -0.0232 0.9915 -0.1281
58.8000 88.7165 -121.7658 -0.1140 -0.0000 -0.0225 0.9916 -0.1276
58.9000 89.6976 -121.5091 -0.1159 0.0006 -0.0222 0.9916 -0.1274
59.0000 90.6732 -121.2684 -0.1224 0.0008 -0.0217 0.9916 -0.1272
59.1000 91.6691 -121.0342 -0.1302 0.0008 -0.0210 0.9917 -0.1268
59.2000 92.6566 -120.7847 -0.1505 0.0017 -0.0200 0.9918 -0.1264
59.3000 93.6677 -120.5371 -0.1607 0.0032 -0.0189 0.9918 -0.1262
59.4000 94.6818 -120.2738 -0.1657 0.0041 -0.0194 0.9918 -0.1260
59.5000 95.6940 -120.0251 -0.1778 0.0043 -0.0189 0.9918 -0.1260
59.6000 96.7383 -119.7550 -0.1955 0.0042 -0.0188 0.9918 -0.1264
59.7000 97.7432 -119.5075 -0.2136 0.0044 -0.0194 0.9917 -0.1267
59.8000 98.7830 -119.2468 -0.2286 0.0045 -0.0193 0.9917 -0.1272
59.9000 99.8095 -118.9869 -0.2325 0.0036 -0.0185 0.9916 -0.1278
60.0000 100.8182 -118.7359 -0.2427 0.0022 -0.0186 0.9916 -0.1281
60.1000 101.8399 -118.4999 -0.2628 0.0010 -0.0179 0.9916 -0.1284
60.2000 102.8630 -118.2155 -0.2790 0.0014 -0.0175 0.9915 -0.1289
60.3000 103.8742 -117.9469 -0.2861 0.0018 -0.0176 0.9915 -0.1292
60.4000 104.9078 -117.6998 -0.2905 0.0019 -0.0175 0.9914 -0.1293
60.5000 105.9315 -117.4454 -0.3086 0.0019 -0.0177 0.9914 -0.1296
60.6000 106.9333 -117.1899 -0.3213 0.0022 -0.0177 0.9914 -0.1297
60.7000 107.9670 -116.9132 -0.3280 0.0023 -0.0183 0.9913 -0.1301
60.8000 108.9848 -116.6683 -0.3355 0.0019 -0.0180 0.9913 -0.1304
60.9000 109.9907 -116.4111 -0.3478 0.0014 -0.0178 0.9913 -0.1307
61.0000 111.0045 -116.1374 -0.3602 0.0011 -0.0175 0.9912 -0.1309
61.1000 112.0120 -115.8858 -0.3615 0.0003 -0.0179 0.9912 -0.1310
61.2000 113.0098 -115.6381 -0.3742 0.0000 -0.0178 0.9912 -0.1313
61.3000 114.0264 -115.3735 -0.3751 -0.0003 -0.0177 0.9911 -0.1319
61.4000 115.0505 -115.0927 -0.3839 0.0002 -0.0188 0.9910 -0.1326
61.5000 116.0448 -114.8344 -0.3918 0.0012 -0.0195 0.9908 -0.1336
61.6000 117.0698 -114.5603 -0.4012 0.0023 -0.0209 0.9905 -0.1356
61.7000 118.0767 -114.2644 -0.4006 0.0027 -0.0219 0.9901 -0.1389
61.8000 119.0857 -113.9797 -0.4077 0.0026 -0.0225 0.9895 -0.1429
61.9000 120.0808 -113.7051 -0.4249 0.0030 -0.0230 0.9888 -0.1472
62.0000 121.0743 -113.4086 -0.4365 0.0035 -0.0229 0.9881 -0.1518
62.1000 122.0594 -113.0930 -0.4508 0.0037 -0.0227 0.9874 -0.1563
62.2000 123.0368 -112.7695 -0.4444 0.0032 -0.0223 0.9866 -0.1616
62.3000 124.0193 -112.4440 -0.4663 0.0032 -0.0227 0.9855 -0.1679
62.4000 125.0045 -112.0865 -0.4666 0.0032 -0.0219 0.9843 -0.1752
62.5000 125.9647 -111.7173 -0.4868 0.0033 -0.0221 0.9829 -0.1828
62.6000 126.9341 -111.3325 -0.4873 0.0031 -0.0220 0.9812 -0.1917
62.7000 127.8756 -110.9414 -0.4936 0.0020 -0.0207 0.9794 -0.2008
62.8000 128.8111 -110.5119 -0.5078 0.0020 -0.0205 0.9773 -0.2107
62.9000 129.7482 -110.0726 -0.5078 0.0028 -0.0211 0.9750 -0.2213
63.0000 130.6821 -109.6081 -0.5180 0.0041 -0.0203 0.9723 -0.2330
63.1000 131.5821 -109.1408 -0.5108 0.0037 -0.0200 0.9694 -0.2448
63.2000 132.4747 -108.6397 -0.5219 0.0041 -0.0213 0.9662 -0.2569
63.3000 133.3469 -108.1400 -0.5337 0.0048 -0.0222 0.9628 -0.2693
63.4000 134.2422 -107.5891 -0.5433 0.0060 -0.0234 0.9591 -0.2822
63.5000 135.0625 -107.0507 -0.5500 0.0068 -0.0230 0.9551 -0.2952
63.6000 135.9189 -106.4660 -0.5402 0.0067 -0.0233 0.9509 -0.3085
63.7000 136.7229 -105.8804 -0.5452 0.0060 -0.0241 0.9466 -0.3216
63.8000 137.5288 -105.2630 -0.5582 0.0047 -0.0245 0.9419 -0.3349
63.9000 138.3028 -104.6113 -0.5705 0.0048 -0.0242 0.9370 -0.3484
64.0000 139.0648 -103.9406 -0.5524 0.0033 -0.0216 0.9318 -0.3624
64.1000 139.7729 -103.2566 -0.5655 0.0023 -0.0216 0.9264 -0.3758
64.2000 140.4868 -102.5490 -0.5795 0.0032 -0.0213 0.9208 -0.3895
64.3000 141.1853 -101.8115 -0.5788 0.0046 -0.0183 0.9148 -0.4034
64.4000 141.8386 -101.0524 -0.5653 0.0052 -0.0162 0.9086 -0.4173
64.5000 142.4729 -100.2838 -0.5680 0.0061 -0.0161 0.9019 -0.4315
64.6000 143.0957 -99.5146 -0.5798 0.0075 -0.0179 0.8950 -0.4456
64.7000 143.6736 -98.7219 -0.5902 0.0092 -0.0202 0.8878 -0.4596
64.8000 144.2629 -97.8991 -0.5797 0.0107 -0.0227 0.8802 -0.4739
64.9000 144.7815 -97.1094 -0.6001 0.0113 -0.0249 0.8725 -0.4879
65.0000 145.3135 -96.2485 -0.6004 0.0125 -0.0261 0.8644 -0.5020
65.1000 145.7989 -95.3829 -0.6139 0.0143 -0.0268 0.8563 -0.5156
65.2000 146.2651 -94.5297 -0.5970 0.0139 -0.0268 0.8483 -0.5286
65.3000 146.6890 -93.6318 -0.6074 0.0130 -0.0267 0.8404 -0.5411
65.4000 147.1110 -92.7104 -0.6037 0.0115 -0.0271 0.8325 -0.5532
65.5000 147.4938 -91.7959 -0.5936 0.0094 -0.0282 0.8248 -0.5647
65.6000 147.8765 -90.8594 -0.6048 0.0079 -0.0290 0.8174 -0.5754
65.7000 148.2272 -89.8956 -0.6190 0.0091 -0.0292 0.8102 -0.5854
65.8000 148.5478 -88.9095 -0.6243 0.0120 -0.0278 0.8032 -0.5950
65.9000 148.8633 -87.8896 -0.5928 0.0132 -0.0268 0.7964 -0.6040
66.0000 149.1562 -86.8762 -0.5743 0.0119 -0.0267 0.7900 -0.6125
66.1000 149.4029 -85.8465 -0.5877 0.0100 -0.0271 0.7839 -0.6202
66.2000 149.6745 -84.8229 -0.5900 0.0084 -0.0256 0.7786 -0.6269
66.3000 149.8912 -83.7725 -0.5994 0.0083 -0.0243 0.7736 -0.6332
66.4000 150.1112 -82.6825 -0.5948 0.0089 -0.0230 0.7686 -0.6393
66.5000 150.3031 -81.5914 -0.5794 0.0087 -0.0226 0.7634 -0.6454
66.6000 150.5077 -80.4978 -0.5732 0.0082 -0.0233 0.7583 -0.6514
66.7000 150.6920 -79.3905 -0.5712 0.0071 -0.0231 0.7532 -0.6574
66.8000 150.8519 -78.2678 -0.5731 0.0068 -0.0232 0.7480 -0.6632
66.9000 150.9512 -77.1249 -0.5721 0.0070 -0.0236 0.7424 -0.6695
67.0000 151.0683 -75.9858 -0.5596 0.0069 -0.0232 0.7369 -0.6756
67.1000 151.2004 -74.8414 -0.5522 0.0069 -0.0231 0.7314 -0.6815
67.2000 151.2784 -73.6948 -0.5365 0.0071 -0.0231 0.7258 -0.6875
67.3000 151.3513 -72.5400 -0.5371 0.0076 -0.0233 0.7201 -0.6934
67.4000 151.4197 -71.3490 -0.5272 0.0078 -0.0227 0.7142 -0.6996
67.5000 151.4535 -70.1705 -0.5140 0.0084 -0.0231 0.7083 -0.7055
67.6000 151.4574 -69.0243 -0.5063 -0.0081 0.0222 -0.7025 0.7113
67.7000 151.4609 -67.8513 -0.5037 -0.0080 0.0211 -0.6967 0.7170
67.8000 151.4382 -66.6620 -0.4728 -0.0074 0.0208 -0.6907 0.7228
67.9000 151.3851 -65.4955 -0.4665 -0.0067 0.0209 -0.6847 0.7285
68.0000 151.3303 -64.3371 -0.4669 -0.0076 0.0220 -0.6791 0.7337
68.1000 151.2527 -63.1343 -0.4423 -0.0084 0.0226 -0.6731 0.7391
68.2000 151.1662 -61.9896 -0.4320 -0.0092 0.0241 -0.6675 0.7442
68.3000 151.0327 -60.8123 -0.4145 -0.0095 0.0240 -0.6621 0.7489
68.4000 150.9161 -59.6291 -0.4056 -0.0094 0.0236 -0.6566 0.7538
68.5000 150.7542 -58.5032 -0.3952 -0.0093 0.0216 -0.6521 0.7577
68.6000 150.5720 -57.3417 -0.3930 -0.0107 0.0200 -0.6473 0.7619
68.7000 150.4046 -56.1514 -0.3547 -0.0116 0.0189 -0.6428 0.7657
68.8000 150.2044 -55.0071 -0.3284 -0.0105 0.0191 -0.6389 0.7690
68.9000 150.0145 -53.8522 -0.3233 -0.0097 0.0211 -0.6352 0.7720
69.0000 149.7912 -52.7285 -0.3408 -0.0097 0.0213 -0.6323 0.7744
69.1000 149.6026 -51.5633 -0.3381 -0.0104 0.0207 -0.6295 0.7766
69.2000 149.3671 -50.4205 -0.3035 -0.0101 0.0199 -0.6276 0.7782
69.3000 149.1420 -49.2896 -0.2959 -0.0103 0.0203 -0.6258 0.7797
69.4000 148.9227 -48.1468 -0.2975 -0.0114 0.0208 -0.6241 0.7810
69.5000 148.6812 -47.0073 -0.2923 -0.0133 0.0214 -0.6225 0.7822
69.6000 148.4600 -45.8837 -0.2673 -0.0139 0.0213 -0.6213 0.7832
69.7000 148.1980 -44.7530 -0.2631 -0.0144 0.0218 -0.6201 0.7841
69.8000 147.9377 -43.6311 -0.2493 -0.0148 0.0226 -0.6192 0.7848
69.9000 147.6905 -42.5054 -0.2327 -0.0143 0.0238 -0.6179 0.7857
70.0000 147.4602 -41.3978 -0.2154 -0.0126 0.0246 -0.6172 0.7863
70.1000 147.1949 -40.2812 -0.2172 -0.0118 0.0256 -0.6163 0.7870
70.2000 146.9459 -39.1742 -0.2036 -0.0109 0.0253 -0.6160 0.7872
70.3000 146.6655 -38.0547 -0.1898 -0.0099 0.0247 -0.6160 0.7873
70.4000 146.4134 -36.9357 -0.1752 -0.0098 0.0240 -0.6155 0.7877
70.5000 146.1503 -35.8348 -0.1629 -0.0098 0.0228 -0.6155 0.7877
70.6000 145.8751 -34.7039 -0.1370 -0.0094 0.0221 -0.6151 0.7881
70.7000 145.6204 -33.6180 -0.1120 -0.0083 0.0217 -0.6152 0.7881
70.8000 145.3590 -32.5077 -0.1041 -0.0072 0.0214 -0.6149 0.7883
70.9000 145.0779 -31.3930 -0.0926 -0.0072 0.0212 -0.6148 0.7884
71.0000 144.8295 -30.3175 -0.0748 -0.0076 0.0209 -0.6144 0.7887
71.1000 144.5705 -29.2197 -0.0542 -0.0075 0.0215 -0.6141 0.7889
71.2000 144.2874 -28.1126 -0.0415 -0.0077 0.0225 -0.6142 0.7888
71.3000 144.0355 -27.0038 -0.0255 -0.0078 0.0229 -0.6138 0.7891
71.4000 143.7703 -25.9344 -0.0139 -0.0078 0.0231 -0.6135 0.7893
71.5000 143.4961 -24.8476 0.0199 -0.0073 0.0233 -0.6134 0.7894
71.6000 143.2452 -23.7777 0.0442 -0.0054 0.0237 -0.6133 0.7895
71.7000 142.9631 -22.6828 0.0674 -0.0014 0.0226 -0.6128 0.7899
71.8000 142.6811 -21.5901 0.1020 0.0009 0.0225 -0.6124 0.7902
71.9000 142.4258 -20.5488 0.1154 0.0020 0.0232 -0.6124 0.7902
72.0000 142.1487 -19.4617 0.1546 0.0037 0.0237 -0.6122 0.7903
72.1000 141.9000 -18.3855 0.1820 0.0047 0.0248 -0.6121 0.7904
72.2000 141.6175 -17.3244 0.2210 0.0046 0.0261 -0.6117 0.7906
72.3000 141.3555 -16.2639 0.2428 0.0040 0.0262 -0.6118 0.7905
72.4000 141.1019 -15.1841 0.2773 0.0024 0.0250 -0.6118 0.7906
72.5000 140.8319 -14.1476 0.3138 0.0011 0.0233 -0.6113 0.7910
72.6000 140.5799 -13.0853 0.3656 0.0005 0.0227 -0.6110 0.7913
72.7000 140.3020 -12.0444 0.3940 0.0005 0.0235 -0.6106 0.7916
72.8000 140.0541 -11.0144 0.4313 0.0011 0.0247 -0.6106 0.7915
72.9000 139.7964 -9.9767 0.4613 0.0020 0.0259 -0.6103 0.7918
73.0000 139.5446 -8.9780 0.4817 0.0023 0.0266 -0.6101 0.7919
73.1000 139.2813 -7.9578 0.5139 0.0025 0.0262 -0.6098 0.7921
73.2000 139.0275 -6.9524 0.5620 0.0025 0.0259 -0.6099 0.7920
73.3000 138.8004 -5.9763 0.5896 0.0028 0.0258 -0.6097 0.7922
73.4000 138.5279 -5.0112 0.6381 0.0043 0.0255 -0.6094 0.7924
73.5000 138.2939 -4.0286 0.6619 0.0041 0.0260 -0.6094 0.7924
73.6000 138.0457 -3.0633 0.7034 0.0037 0.0263 -0.6094 0.7924
73.7000 137.7927 -2.1349 0.7348 0.0042 0.0259 -0.6092 0.7926
73.8000 137.5570 -1.1986 0.7734 0.0041 0.0258 -0.6091 0.7926
73.9000 137.3433 -0.2762 0.8027 0.0039 0.0251 -0.6091 0.7927
74.0000 137.1035 0.6365 0.8421 0.0036 0.0244 -0.6089 0.7929
74.1000 136.8836 1.5395 0.8719 0.0021 0.0240 -0.6088 0.7929
74.2000 136.6522 2.4387 0.9056 0.0013 0.0233 -0.6088 0.7930
74.3000 136.4371 3.3224 0.9387 0.0008 0.0231 -0.6087 0.7930
74.4000 136.2067 4.1895 0.9812 0.0008 0.0236 -0.6083 0.7933
74.5000 135.9814 5.0569 1.0037 0.0005 0.0243 -0.6079 0.7936
74.6000 135.7675 5.8921 1.0313 0.0002 0.0248 -0.6069 0.7944
74.7000 135.5496 6.7318 1.0607 -0.0001 0.0248 -0.6058 0.7952
74.8000 135.3261 7.5504 1.0797 -0.0014 0.0254 -0.6044 0.7963
74.9000 135.1143 8.3540 1.1116 -0.0019 0.0254 -0.6022 0.7979
75.0000 134.8949 9.1372 1.1448 -0.0031 0.0268 -0.5994 0.8000
75.1000 134.6496 9.8977 1.1634 -0.0037 0.0276 -0.5955 0.8029
75.2000 134.4410 10.6517 1.2000 -0.0043 0.0283 -0.5915 0.8058
75.3000 134.1990 11.4042 1.2276 -0.0045 0.0292 -0.5868 0.8092
75.4000 133.9555 12.1074 1.2413 -0.0049 0.0297 -0.5813 0.8131
75.5000 133.7097 12.8221 1.2721 -0.0051 0.0295 -0.5752 0.8174
75.6000 133.4742 13.4925 1.3013 -0.0051 0.0296 -0.5685 0.8221
75.7000 133.1917 14.1602 1.3204 -0.0056 0.0296 -0.5604 0.8277
75.8000 132.9181 14.8106 1.3585 -0.0063 0.0304 -0.5521 0.8332
75.9000 132.6465 15.4610 1.3806 -0.0059 0.0298 -0.5434 0.8389
76.0000 132.3605 16.0689 1.4040 -0.0057 0.0289 -0.5334 0.8453
76.1000 132.0599 16.6546 1.4344 -0.0058 0.0278 -0.5230 0.8519
76.2000 131.7377 17.2302 1.4553 -0.0066 0.0273 -0.5114 0.8589
76.3000 131.4220 17.7905 1.4834 -0.0081 0.0277 -0.4990 0.8661
76.4000 131.0840 18.3225 1.5026 -0.0082 0.0277 -0.4849 0.8741
76.5000 130.7292 18.8418 1.5271 -0.0079 0.0266 -0.4705 0.8820
76.6000 130.3552 19.3261 1.5350 -0.0080 0.0258 -0.4548 0.8902
76.7000 129.9708 19.8182 1.5603 -0.0091 0.0252 -0.4377 0.8987
76.8000 129.5837 20.2650 1.5899 -0.0093 0.0243 -0.4201 0.9071
76.9000 129.1813 20.7033 1.6160 -0.0088 0.0235 -0.4013 0.9156
77.0000 128.7448 21.1002 1.6253 -0.0084 0.0225 -0.3807 0.9244
77.1000 128.2897 21.4719 1.6281 -0.0089 0.0211 -0.3596 0.9328
77.2000 127.8712 21.8434 1.6365 -0.0098 0.0192 -0.3373 0.9411
77.3000 127.3869 22.1947 1.6706 -0.0086 0.0173 -0.3156 0.9487
77.4000 126.9398 22.5263 1.6743 -0.0077 0.0161 -0.2933 0.9558
77.5000 126.3784 22.8067 1.6945 -0.0077 0.0148 -0.2715 0.9623
77.6000 125.8717 23.0834 1.7235 -0.0058 0.0143 -0.2490 0.9684
77.7000 125.3384 23.3366 1.7011 -0.0062 0.0156 -0.2270 0.9738
77.8000 124.8093 23.5883 1.6964 -0.0077 0.0154 -0.2036 0.9789
77.9000 124.2367 23.8210 1.7146 -0.0094 0.0152 -0.1815 0.9832
78.0000 123.6811 24.0222 1.7236 -0.0085 0.0137 -0.1593 0.9871
78.1000 123.0438 24.1751 1.7247 -0.0058 0.0111 -0.1370 0.9905
78.2000 122.4246 24.3186 1.7364 -0.0052 0.0093 -0.1149 0.9933
78.3000 121.7581 24.4419 1.7299 -0.0059 0.0099 -0.0946 0.9954
78.4000 121.0857 24.5515 1.7365 -0.0090 0.0100 -0.0744 0.9971
78.5000 120.4239 24.6393 1.7534 -0.0094 0.0100 -0.0542 0.9984
78.6000 119.7262 24.7024 1.7454 -0.0097 0.0101 -0.0343 0.9993
78.7000 119.0378 24.7406 1.7506 -0.0088 0.0093 -0.0157 0.9998
78.8000 118.3162 24.7337 1.7511 -0.0091 0.0089 0.0023 0.9999
78.9000 117.5813 24.7199 1.7287 -0.0098 0.0077 0.0192 0.9997
79.0000 116.8617 24.6971 1.7543 -0.0107 0.0059 0.0349 0.9993
79.1000 116.1199 24.6180 1.7426 -0.0092 0.0030 0.0500 0.9987
79.2000 115.3932 24.5268 1.7644 -0.0074 0.0008 0.0636 0.9980
79.3000 114.6677 24.4391 1.7701 -0.0061 0.0015 0.0765 0.9970
79.4000 113.9485 24.3140 1.7689 -0.0059 0.0022 0.0881 0.9961
79.5000 113.2178 24.1790 1.7612 -0.0055 0.0028 0.0991 0.9951
79.6000 112.5053 24.0301 1.7542 -0.0047 0.0030 0.1087 0.9941
79.7000 111.7713 23.8676 1.7405 -0.0045 0.0028 0.1179 0.9930
79.8000 111.0578 23.7017 1.7472 -0.0046 0.0026 0.1258 0.9920
79.9000 110.3462 23.5113 1.7487 -0.0045 0.0028 0.1334 0.9910
80.0000 109.6374 23.3225 1.7469 -0.0047 0.0036 0.1397 0.9902
80.1000 108.9259 23.1244 1.7399 -0.0047 0.0041 0.1453 0.9894
80.2000 108.2241 22.9102 1.7373 -0.0044 0.0043 0.1499 0.9887
80.3000 107.5153 22.7080 1.7446 -0.0039 0.0047 0.1526 0.9883
80.4000 106.8405 22.4991 1.7396 -0.0039 0.0051 0.1551 0.9879
80.5000 106.1159 22.2667 1.7413 -0.0038 0.0050 0.1569 0.9876
80.6000 105.4010 22.0576 1.7491 -0.0040 0.0056 0.1581 0.9874
80.7000 104.7081 21.8413 1.7531 -0.0044 0.0063 0.1593 0.9872
80.8000 103.9918 21.6152 1.7487 -0.0047 0.0070 0.1596 0.9871
80.9000 103.2880 21.4046 1.7545 -0.0052 0.0071 0.1603 0.9870
81.0000 102.5886 21.1836 1.7534 -0.0062 0.0072 0.1609 0.9869
81.1000 101.8935 20.9577 1.7571 -0.0067 0.0072 0.1612 0.9869
81.2000 101.1957 20.7390 1.7650 -0.0074 0.0068 0.1615 0.9868
81.3000 100.5078 20.5180 1.7748 -0.0080 0.0070 0.1614 0.9868
81.4000 99.8279 20.3044 1.7797 -0.0089 0.0073 0.1614 0.9868
81.5000 99.1652 20.0918 1.7869 -0.0094 0.0076 0.1612 0.9868
81.6000 98.5059 19.8881 1.7879 -0.0096 0.0075 0.1613 0.9868
81.7000 97.8439 19.6802 1.8006 -0.0097 0.0072 0.1610 0.9869
81.8000 97.1963 19.4706 1.8061 -0.0102 0.0071 0.1605 0.9870
81.9000 96.5269 19.2633 1.8120 -0.0097 0.0067 0.1602 0.9870
82.0000 95.9025 19.0675 1.8229 -0.0092 0.0065 0.1598 0.9871
82.1000 95.2720 18.8594 1.8286 -0.0088 0.0069 0.1591 0.9872
82.2000 94.6577 18.6610 1.8345 -0.0082 0.0072 0.1583 0.9873
82.3000 94.0238 18.4633 1.8348 -0.0081 0.0075 0.1577 0.9874
82.4000 93.3979 18.2656 1.8972 -0.0083 0.0094 0.1567 0.9876
82.5000 92.7734 18.0778 1.8324 -0.0088 0.0105 0.1560 0.9877
82.6000 92.1356 17.8806 1.8336 -0.0079 0.0080 0.1551 0.9878
82.7000 91.5278 17.6903 1.8488 -0.0083 0.0064 0.1541 0.9880
82.8000 90.8784 17.5068 1.8617 -0.0084 0.0067 0.1530 0.9882
82.9000 90.2629 17.3088 1.8626 -0.0083 0.0041 0.1520 0.9883
83.0000 89.6412 17.1274 1.9033 -0.0086 0.0046 0.1511 0.9885
83.1000 89.0230 16.9443 1.8921 -0.0087 0.0065 0.1501 0.9886
83.2000 88.4031 16.7541 1.8810 -0.0096 0.0070 0.1494 0.9887
83.3000 87.7772 16.5718 1.8788 -0.0102 0.0068 0.1484 0.9889
83.4000 87.1535 16.3909 1.8866 -0.0095 0.0060 0.1476 0.9890
83.5000 86.5264 16.2025 1.8978 -0.0095 0.0058 0.1467 0.9891
83.6000 85.8937 16.0219 1.8952 -0.0098 0.0062 0.1458 0.9892
83.7000 85.2538 15.8379 1.9087 -0.0101 0.0068 0.1451 0.9893
83.8000 84.6224 15.6503 1.9059 -0.0106 0.0074 0.1440 0.9895
83.9000 83.9708 15.4661 1.9152 -0.0108 0.0086 0.1433 0.9896
84.0000 83.3044 15.2842 1.9180 -0.0103 0.0096 0.1426 0.9897
84.1000 82.6438 15.0941 1.9276 -0.0098 0.0109 0.1417 0.9898
84.2000 81.9488 14.8954 1.9288 -0.0092 0.0122 0.1410 0.9899
84.3000 81.2430 14.6977 1.9288 -0.0089 0.0134 0.1402 0.9900
84.4000 80.5240 14.4958 1.9384 -0.0083 0.0139 0.1395 0.9901
84.5000 79.7819 14.2883 1.9469 -0.0067 0.0145 0.1387 0.9902
84.6000 79.0304 14.0752 1.9432 -0.0057 0.0142 0.1382 0.9903
84.7000 78.2400 13.8571 1.9471 -0.0053 0.0135 0.1374 0.9904
84.8000 77.4524 13.6409 1.9539 -0.0058 0.0123 0.1369 0.9905
84.9000 76.6445 13.4282 1.9770 -0.0052 0.0115 0.1364 0.9906
85.0000 75.8222 13.2005 1.9792 -0.0054 0.0112 0.1356 0.9907
85.1000 74.9892 12.9720 1.9920 -0.0055 0.0115 0.1351 0.9908
85.2000 74.1418 12.7532 1.9811 -0.0049 0.0108 0.1346 0.9908
85.3000 73.2839 12.5277 1.9875 -0.0044 0.0094 0.1342 0.9909
85.4000 72.4012 12.2848 1.9867 -0.0047 0.0079 0.1336 0.9910
85.5000 71.5029 12.0575 2.0128 -0.0044 0.0078 0.1327 0.9911
85.6000 70.6058 11.8210 2.0002 -0.0050 0.0082 0.1320 0.9912
85.7000 69.6994 11.5900 1.9979 -0.0066 0.0078 0.1309 0.9913
85.8000 68.7701 11.3536 1.9939 -0.0076 0.0072 0.1302 0.9914
85.9000 67.8280 11.1165 1.9922 -0.0090 0.0057 0.1294 0.9915
86.0000 66.8898 10.8803 1.9888 -0.0090 0.0046 0.1289 0.9916
86.1000 65.9145 10.6389 2.0039 -0.0075 0.0040 0.1283 0.9917
86.2000 64.9796 10.3998 2.0014 -0.0066 0.0044 0.1276 0.9918
86.3000 64.0008 10.1489 1.9940 -0.0057 0.0053 0.1266 0.9919
86.4000 63.0083 9.8935 1.9874 -0.0042 0.0060 0.1258 0.9920
86.5000 62.0144 9.6409 1.9731 -0.0040 0.0055 0.1248 0.9922
86.6000 61.0026 9.3981 1.9708 -0.0040 0.0046 0.1241 0.9922
86.7000 59.9824 9.1525 1.9519 -0.0050 0.0031 0.1232 0.9924
86.8000 58.9447 8.9047 1.9332 -0.0048 0.0007 0.1222 0.9925
86.9000 57.8881 8.6525 1.9165 -0.0044 -0.0029 0.1213 0.9926
87.0000 56.8769 8.4063 1.9028 -0.0032 -0.0065 0.1205 0.9927
87.1000 55.8151 8.1582 1.9063 -0.0026 -0.0084 0.1197 0.9928
87.2000 54.7809 7.9219 1.8930 -0.0016 -0.0083 0.1186 0.9929
87.3000 53.7444 7.6807 1.8564 -0.0021 -0.0081 0.1174 0.9931
87.4000 52.7060 7.4401 1.8257 -0.0023 -0.0085 0.1162 0.9932
87.5000 51.6376 7.2077 1.7938 -0.0031 -0.0092 0.1152 0.9933
87.6000 50.5717 6.9708 1.7743 -0.0034 -0.0097 0.1141 0.9934
87.7000 49.5292 6.7350 1.7292 -0.0031 -0.0105 0.1133 0.9935
87.8000 48.4632 6.5037 1.6916 -0.0043 -0.0125 0.1120 0.9936
87.9000 47.4038 6.2812 1.6540 -0.0044 -0.0147 0.1109 0.9937
88.0000 46.3354 6.0558 1.6296 -0.0050 -0.0161 0.1096 0.9938
88.1000 45.2486 5.8227 1.5841 -0.0061 -0.0172 0.1087 0.9939
88.2000 44.1628 5.6040 1.5420 -0.0067 -0.0181 0.1076 0.9940
88.3000 43.1137 5.3862 1.4890 -0.0079 -0.0191 0.1065 0.9941
88.4000 42.0324 5.1700 1.4438 -0.0084 -0.0193 0.1053 0.9942
88.5000 40.9297 4.9364 1.4006 -0.0094 -0.0182 0.1042 0.9943
88.6000 39.8547 4.7332 1.3520 -0.0090 -0.0169 0.1031 0.9945
88.7000 38.7682 4.5107 1.2986 -0.0093 -0.0149 0.1018 0.9947
88.8000 37.6784 4.2994 1.2450 -0.0093 -0.0138 0.1003 0.9948
88.9000 36.5953 4.0771 1.1939 -0.0101 -0.0139 0.0991 0.9949
89.0000 35.5002 3.8820 1.1667 -0.0102 -0.0137 0.0971 0.9951
89.1000 34.4192 3.6834 1.1356 -0.0114 -0.0123 0.0954 0.9953
89.2000 33.3211 3.4798 1.1006 -0.0114 -0.0104 0.0940 0.9954
89.3000 32.2364 3.2932 1.0535 -0.0123 -0.0093 0.0925 0.9956
89.4000 31.1842 3.0996 1.0298 -0.0120 -0.0094 0.0912 0.9957
89.5000 30.1033 2.9221 0.9996 -0.0115 -0.0093 0.0894 0.9959
89.6000 29.0406 2.7338 0.9651 -0.0117 -0.0088 0.0878 0.9960
89.7000 27.9850 2.5815 0.9400 -0.0110 -0.0086 0.0862 0.9962
89.8000 26.9380 2.3947 0.9124 -0.0106 -0.0091 0.0850 0.9963
89.9000 25.8945 2.2299 0.8770 -0.0107 -0.0101 0.0834 0.9964
90.0000 24.8532 2.0748 0.8626 -0.0102 -0.0116 0.0821 0.9965
90.1000 23.8118 1.9163 0.8250 -0.0095 -0.0139 0.0809 0.9966
90.2000 22.8016 1.7458 0.7904 -0.0095 -0.0164 0.0799 0.9966
90.3000 21.7716 1.6002 0.7563 -0.0092 -0.0194 0.0788 0.9967
90.4000 20.7715 1.4648 0.7224 -0.0098 -0.0215 0.0778 0.9967
90.5000 19.7685 1.3283 0.6945 -0.0098 -0.0220 0.0769 0.9968
90.6000 18.8262 1.1736 0.6559 -0.0097 -0.0214 0.0767 0.9968
90.7000 17.8819 1.0313 0.6012 -0.0095 -0.0208 0.0766 0.9968
90.8000 16.9288 0.8997 0.5433 -0.0095 -0.0216 0.0761 0.9968
90.9000 15.9823 0.7746 0.5034 -0.0103 -0.0226 0.0758 0.9968
91.0000 15.0760 0.6396 0.4731 -0.0112 -0.0228 0.0760 0.9968
91.1000 14.1811 0.5025 0.4407 -0.0129 -0.0211 0.0770 0.9967
91.2000 13.2968 0.3647 0.3860 -0.0148 -0.0194 0.0792 0.9966
91.3000 12.3972 0.2270 0.3551 -0.0161 -0.0185 0.0823 0.9963
91.4000 11.5571 0.0823 0.3255 -0.0158 -0.0176 0.0870 0.9959
91.5000 10.7036 -0.0737 0.2906 -0.0157 -0.0164 0.0921 0.9955
91.6000 9.8747 -0.2372 0.2447 -0.0168 -0.0155 0.0988 0.9948
91.7000 9.0594 -0.4107 0.2205 -0.0174 -0.0158 0.1069 0.9940
91.8000 8.2668 -0.5925 0.1940 -0.0174 -0.0161 0.1162 0.9929
91.9000 7.4819 -0.7878 0.1817 -0.0182 -0.0154 0.1268 0.9916
92.0000 6.7356 -1.0074 0.1596 -0.0189 -0.0140 0.1390 0.9900
92.1000 6.0010 -1.2329 0.1418 -0.0193 -0.0127 0.1534 0.9879
92.2000 5.2333 -1.5065 0.1201 -0.0197 -0.0116 0.1691 0.9853
92.3000 4.5689 -1.7633 0.0903 -0.0195 -0.0108 0.1866 0.9822
92.4000 3.8375 -2.0659 0.0722 -0.0189 -0.0098 0.2042 0.9787
92.5000 3.1717 -2.3882 0.0480 -0.0183 -0.0097 0.2230 0.9746
92.6000 2.5582 -2.7520 0.0323 -0.0166 -0.0107 0.2430 0.9698
92.7000 1.9331 -3.1465 -0.0018 -0.0135 -0.0119 0.2635 0.9645
92.8000 1.2820 -3.5577 -0.0078 -0.0120 -0.0126 0.2842 0.9586
92.9000 0.6868 -3.9918 -0.0125 -0.0115 -0.0123 0.3061 0.9519
93.0000 0.0842 -4.4469 -0.0255 -0.0096 -0.0114 0.3283 0.9444
93.1000 -0.4402 -4.9624 -0.0584 -0.0092 -0.0106 0.3516 0.9360
93.2000 -0.9976 -5.4795 -0.1066 -0.0086 -0.0118 0.3752 0.9268
93.3000 -1.5132 -6.0086 -0.1080 -0.0064 -0.0139 0.3984 0.9171
93.4000 -2.0267 -6.6168 -0.1301 -0.0056 -0.0141 0.4221 0.9064
93.5000 -2.4871 -7.2263 -0.1446 -0.0054 -0.0142 0.4453 0.8953
93.6000 -2.9116 -7.8398 -0.1707 -0.0051 -0.0141 0.4683 0.8835
93.7000 -3.2824 -8.5323 -0.1981 -0.0030 -0.0144 0.4910 0.8710
93.8000 -3.6706 -9.1804 -0.2520 -0.0014 -0.0155 0.5123 0.8587
93.9000 -4.0291 -9.9135 -0.2742 -0.0012 -0.0178 0.5336 0.8455
94.0000 -4.3337 -10.6123 -0.2730 -0.0003 -0.0180 0.5545 0.8320
94.1000 -4.5846 -11.3438 -0.3017 -0.0008 -0.0164 0.5758 0.8174
94.2000 -4.8239 -12.1235 -0.3416 -0.0029 -0.0156 0.5963 0.8026
94.3000 -5.0005 -12.8996 -0.4025 -0.0065 -0.0189 0.6165 0.7871
94.4000 -5.1787 -13.6881 -0.4138 -0.0059 -0.0199 0.6352 0.7720
94.5000 -5.3208 -14.5069 -0.4272 -0.0049 -0.0176 0.6534 0.7568
94.6000 -5.4489 -15.3351 -0.4473 -0.0062 -0.0181 0.6694 0.7426
94.7000 -5.5018 -16.1949 -0.5051 -0.0075 -0.0197 0.6852 0.7281
94.8000 -5.5621 -17.0610 -0.5580 -0.0043 -0.0212 0.6994 0.7144
94.9000 -5.5385 -17.9432 -0.5817 -0.0017 -0.0236 0.7131 0.7006
95.0000 -5.5141 -18.8227 -0.5777 -0.0009 -0.0233 0.7251 0.6882
95.1000 -5.4393 -19.7249 -0.6176 -0.0010 -0.0212 0.7363 0.6763
95.2000 -5.3653 -20.6301 -0.6615 -0.0014 -0.0199 0.7459 0.6658
95.3000 -5.2553 -21.5582 -0.6964 -0.0012 -0.0185 0.7550 0.6555
95.4000 -5.1618 -22.4898 -0.7345 -0.0006 -0.0175 0.7627 0.6465
95.5000 -5.0375 -23.4370 -0.7638 0.0001 -0.0153 0.7691 0.6390
95.6000 -4.8468 -24.3688 -0.8073 0.0011 -0.0143 0.7746 0.6323
95.7000 -4.6627 -25.3421 -0.8477 0.0021 -0.0137 0.7786 0.6274
95.8000 -4.4520 -26.3029 -0.8687 0.0034 -0.0125 0.7820 0.6231
95.9000 -4.2501 -27.2599 -0.8965 0.0032 -0.0114 0.7848 0.6197
96.0000 -4.0232 -28.2446 -0.9223 0.0028 -0.0094 0.7867 0.6173
96.1000 -3.7581 -29.2069 -0.9685 0.0023 -0.0086 0.7887 0.6147
96.2000 -3.5236 -30.2101 -1.0081 0.0022 -0.0086 0.7903 0.6127
96.3000 -3.2793 -31.2157 -1.0429 0.0028 -0.0100 0.7918 0.6107
96.4000 -3.0428 -32.2288 -1.0731 0.0036 -0.0111 0.7932 0.6089
96.5000 -2.8055 -33.2381 -1.0924 0.0035 -0.0125 0.7941 0.6076
96.6000 -2.5350 -34.2511 -1.1137 0.0029 -0.0127 0.7957 0.6056
96.7000 -2.2128 -35.2741 -1.1551 0.0013 -0.0128 0.7971 0.6037
96.8000 -1.9386 -36.3084 -1.1753 0.0002 -0.0118 0.7982 0.6023
96.9000 -1.7017 -37.3450 -1.2181 -0.0014 -0.0121 0.7993 0.6008
97.0000 -1.3879 -38.3913 -1.2409 -0.0011 -0.0111 0.8007 0.5990
97.1000 -1.0670 -39.4254 -1.2797 -0.0006 -0.0102 0.8019 0.5974
97.2000 -0.7563 -40.4912 -1.3030 0.0009 -0.0100 0.8028 0.5961
97.3000 -0.4486 -41.5389 -1.3548 0.0027 -0.0100 0.8041 0.5944
97.4000 -0.1477 -42.5832 -1.3652 0.0045 -0.0116 0.8048 0.5934
97.5000 0.1889 -43.6261 -1.3688 0.0037 -0.0114 0.8058 0.5921
97.6000 0.5036 -44.6612 -1.3705 -0.0005 -0.0095 0.8067 0.5909
97.7000 0.8324 -45.7287 -1.4249 -0.0042 -0.0071 0.8077 0.5895
97.8000 1.1235 -46.7856 -1.4679 -0.0032 -0.0055 0.8086 0.5884
97.9000 1.4809 -47.8367 -1.4926 -0.0010 -0.0064 0.8091 0.5876
98.0000 1.8165 -48.8850 -1.4828 -0.0001 -0.0059 0.8095 0.5870
98.1000 2.1452 -49.9358 -1.4883 -0.0014 -0.0052 0.8101 0.5862
98.2000 2.4856 -50.9882 -1.5193 -0.0027 -0.0037 0.8103 0.5860
98.3000 2.8265 -52.0221 -1.5540 -0.0012 -0.0028 0.8106 0.5856
98.4000 3.1669 -53.0902 -1.5608 -0.0001 -0.0040 0.8112 0.5847
98.5000 3.4753 -54.1313 -1.5518 -0.0025 -0.0055 0.8116 0.5841
98.6000 3.8049 -55.1711 -1.5318 -0.0055 -0.0018 0.8113 0.5846
98.7000 4.1519 -56.2244 -1.5769 -0.0080 0.0008 0.8109 0.5851
98.8000 4.5067 -57.3011 -1.5871 -0.0074 0.0024 0.8110 0.5851
98.9000 4.8184 -58.3754 -1.5846 -0.0082 0.0002 0.8109 0.5851
99.0000 5.1589 -59.4355 -1.5652 -0.0092 0.0014 0.8104 0.5858
99.1000 5.4997 -60.5119 -1.5606 -0.0105 0.0039 0.8096 0.5868
99.2000 5.8439 -61.6070 -1.5725 -0.0098 0.0055 0.8088 0.5880
99.3000 6.1756 -62.7055 -1.5704 -0.0086 0.0043 0.8080 0.5890
99.4000 6.4939 -63.7626 -1.5471 -0.0091 0.0032 0.8075 0.5898
99.5000 6.8461 -64.8381 -1.5262 -0.0108 0.0046 0.8067 0.5909
99.6000 7.1794 -65.9548 -1.5212 -0.0115 0.0077 0.8057 0.5922
99.7000 7.5116 -67.0656 -1.5156 -0.0110 0.0092 0.8049 0.5933
99.8000 7.8507 -68.1735 -1.5137 -0.0102 0.0072 0.8039 0.5946
99.9000 8.2023 -69.2666 -1.4858 -0.0106 0.0045 0.8032 0.5956
100.0000 8.4883 -70.3697 -1.4692 -0.0125 0.0027 0.8023 0.5968
100.1000 8.8142 -71.4566 -1.4530 -0.0137 0.0038 0.8014 0.5980
100.2000 9.1424 -72.5507 -1.4279 -0.0141 0.0063 0.8007 0.5989
100.3000 9.4609 -73.6265 -1.3990 -0.0158 0.0083 0.8001 0.5996
100.4000 9.7719 -74.7083 -1.3722 -0.0161 0.0115 0.7997 0.6001
100.5000 10.0915 -75.8191 -1.3746 -0.0142 0.0126 0.7998 0.6000
100.6000 10.4052 -76.8984 -1.3493 -0.0129 0.0089 0.8001 0.5997
100.7000 10.7219 -77.9833 -1.3042 -0.0128 0.0057 0.8011 0.5984
100.8000 11.0487 -79.0474 -1.2660 -0.0145 0.0041 0.8026 0.5964
100.9000 11.3645 -80.1285 -1.2512 -0.0162 0.0036 0.8045 0.5938
101.0000 11.6849 -81.1945 -1.2412 -0.0168 0.0021 0.8066 0.5908
101.1000 12.0099 -82.2433 -1.2123 -0.0160 0.0022 0.8091 0.5875
101.2000 12.3686 -83.2944 -1.1927 -0.0159 0.0023 0.8115 0.5841
101.3000 12.7206 -84.3325 -1.1687 -0.0148 0.0047 0.8137 0.5810
101.4000 13.1047 -85.3880 -1.1477 -0.0142 0.0053 0.8160 0.5779
101.5000 13.4586 -86.4362 -1.1265 -0.0138 0.0056 0.8184 0.5745
101.6000 13.8435 -87.4693 -1.1117 -0.0133 0.0055 0.8208 0.5711
101.7000 14.2445 -88.4639 -1.0896 -0.0131 0.0055 0.8230 0.5678
101.8000 14.6262 -89.5112 -1.0725 -0.0125 0.0056 0.8254 0.5643
101.9000 15.0356 -90.5297 -1.0550 -0.0116 0.0055 0.8278 0.5609
102.0000 15.4663 -91.5849 -1.0374 -0.0122 0.0038 0.8303 0.5572
102.1000 15.8554 -92.5770 -1.0000 -0.0142 0.0040 0.8329 0.5532
102.2000 16.2759 -93.5669 -0.9902 -0.0159 0.0053 0.8352 0.5496
102.3000 16.6855 -94.5834 -0.9931 -0.0154 0.0055 0.8377 0.5458
102.4000 17.1630 -95.5994 -0.9734 -0.0151 0.0025 0.8408 0.5412
102.5000 17.6430 -96.5941 -0.9419 -0.0160 0.0002 0.8437 0.5366
102.6000 18.0905 -97.5946 -0.9112 -0.0174 0.0004 0.8464 0.5323
102.7000 18.5317 -98.5636 -0.9025 -0.0185 0.0005 0.8493 0.5277
102.8000 19.0140 -99.5489 -0.8810 -0.0187 0.0004 0.8526 0.5223
102.9000 19.4730 -100.5147 -0.8602 -0.0188 -0.0003 0.8550 0.5182
103.0000 19.9840 -101.4900 -0.8339 -0.0187 -0.0006 0.8577 0.5139
103.1000 20.4745 -102.4642 -0.8216 -0.0184 -0.0015 0.8606 0.5089
103.2000 21.0097 -103.3600 -0.7831 -0.0181 -0.0019 0.8634 0.5042
103.3000 21.5269 -104.3076 -0.7760 -0.0188 -0.0027 0.8662 0.4994
103.4000 22.0411 -105.2065 -0.7532 -0.0189 -0.0022 0.8692 0.4941
103.5000 22.5985 -106.1273 -0.7312 -0.0184 -0.0019 0.8720 0.4892
103.6000 23.1863 -106.9902 -0.7120 -0.0179 -0.0019 0.8751 0.4837
103.7000 23.7003 -107.8498 -0.6908 -0.0173 -0.0017 0.8781 0.4781
103.8000 24.2945 -108.7869 -0.6773 -0.0164 -0.0036 0.8819 0.4712
103.9000 24.8491 -109.5972 -0.6646 -0.0168 -0.0067 0.8852 0.4649
104.0000 25.4276 -110.4418 -0.6375 -0.0170 -0.0070 0.8887 0.4582
104.1000 26.1160 -111.3314 -0.6223 -0.0191 -0.0082 0.8930 0.4496
104.2000 26.6699 -112.1529 -0.6102 -0.0196 -0.0089 0.8968 0.4419
104.3000 27.0569 -112.7572 -0.5858 -0.0186 -0.0083 0.8995 0.4365
104.4000 27.5098 -113.5287 -0.5806 -0.0182 -0.0103 0.9031 0.4288
104.5000 28.2134 -114.3118 -0.5670 -0.0182 -0.0110 0.9078 0.4188
104.6000 28.8658 -115.0941 -0.5483 -0.0186 -0.0114 0.9123 0.4089
104.7000 29.5004 -115.7647 -0.5343 -0.0193 -0.0120 0.9167 0.3990
104.8000 30.1464 -116.4906 -0.5162 -0.0196 -0.0121 0.9212 0.3885
104.9000 30.8091 -117.2141 -0.5057 -0.0192 -0.0118 0.9259 0.3771
105.0000 31.5494 -117.8957 -0.4819 -0.0177 -0.0102 0.9303 0.3661
105.1000 32.3354 -118.5592 -0.4627 -0.0175 -0.0109 0.9347 0.3549
105.2000 33.1418 -119.2054 -0.4417 -0.0168 -0.0095 0.9394 0.3421
105.3000 33.8136 -119.8556 -0.4356 -0.0175 -0.0094 0.9435 0.3307
105.4000 34.5669 -120.4655 -0.4226 -0.0176 -0.0102 0.9477 0.3186
105.5000 35.4045 -121.0299 -0.3993 -0.0177 -0.0097 0.9518 0.3061
105.6000 36.3003 -121.5894 -0.3752 -0.0201 -0.0107 0.9559 0.2929
105.7000 37.1439 -122.0584 -0.3644 -0.0210 -0.0119 0.9597 0.2801
105.8000 37.9370 -122.6821 -0.3548 -0.0202 -0.0123 0.9629 0.2688
105.9000 38.7388 -123.2147 -0.3334 -0.0182 -0.0163 0.9663 0.2564
106.0000 39.5429 -123.7092 -0.3093 -0.0167 -0.0195 0.9697 0.2431
106.1000 40.4147 -124.1587 -0.2970 -0.0162 -0.0211 0.9731 0.2290
106.2000 41.2883 -124.5884 -0.2764 -0.0172 -0.0217 0.9763 0.2147
106.3000 42.1763 -124.9802 -0.2652 -0.0180 -0.0219 0.9793 0.2003
106.4000 43.0573 -125.3544 -0.2541 -0.0175 -0.0203 0.9821 0.1863
106.5000 43.9612 -125.7131 -0.2335 -0.0169 -0.0195 0.9848 0.1720
106.6000 44.8526 -126.0142 -0.2176 -0.0172 -0.0207 0.9870 0.1582
106.7000 45.7443 -126.3080 -0.1935 -0.0171 -0.0198 0.9892 0.1440
106.8000 46.6381 -126.5586 -0.1783 -0.0171 -0.0193 0.9912 0.1301
106.9000 47.5209 -126.7881 -0.1662 -0.0164 -0.0209 0.9929 0.1161
107.0000 48.4614 -127.0189 -0.1458 -0.0152 -0.0217 0.9945 0.1011
107.1000 49.3838 -127.1919 -0.1239 -0.0149 -0.0220 0.9959 0.0864
107.2000 50.2734 -127.3402 -0.1122 -0.0139 -0.0226 0.9971 0.0720
107.3000 51.1812 -127.4624 -0.0972 -0.0131 -0.0228 0.9980 0.0576
107.4000 52.0900 -127.5607 -0.0833 -0.0120 -0.0221 0.9988 0.0431
107.5000 52.9953 -127.6297 -0.0673 -0.0106 -0.0220 0.9993 0.0288
107.6000 53.9235 -127.6792 -0.0637 -0.0092 -0.0225 0.9996 0.0144
107.7000 54.8167 -127.7060 -0.0539 -0.0077 -0.0229 0.9997 0.0003
107.8000 55.6859 -127.6918 -0.0321 -0.0065 -0.0224 0.9996 -0.0130
107.9000 56.6092 -127.6686 -0.0340 -0.0058 -0.0227 0.9994 -0.0259
108.0000 57.5203 -127.6203 -0.0384 -0.0045 -0.0233 0.9990 -0.0380
108.1000 58.3978 -127.5585 -0.0245 -0.0030 -0.0247 0.9985 -0.0497
108.2000 59.2876 -127.4629 -0.0110 -0.0023 -0.0255 0.9978 -0.0614
108.3000 60.1549 -127.3537 -0.0064 -0.0027 -0.0256 0.9970 -0.0724
108.4000 61.0254 -127.2353 -0.0162 -0.0035 -0.0261 0.9962 -0.0826
108.5000 61.9215 -127.0908 -0.0260 -0.0032 -0.0258 0.9954 -0.0927
108.6000 62.8149 -126.9345 -0.0171 -0.0025 -0.0256 0.9944 -0.1022
108.7000 63.6934 -126.7715 -0.0104 -0.0026 -0.0248 0.9936 -0.1105
108.8000 64.5633 -126.5954 -0.0124 -0.0032 -0.0241 0.9928 -0.1173
108.9000 65.4300 -126.4018 -0.0173 -0.0040 -0.0227 0.9922 -0.1227
109.0000 66.3005 -126.2062 -0.0233 -0.0043 -0.0225 0.9917 -0.1269
109.1000 67.1921 -125.9976 -0.0202 -0.0044 -0.0226 0.9912 -0.1304
109.2000 68.0762 -125.7927 -0.0182 -0.0046 -0.0211 0.9909 -0.1327
109.3000 68.9629 -125.5684 -0.0250 -0.0042 -0.0208 0.9907 -0.1341
109.4000 69.8299 -125.3379 -0.0279 -0.0032 -0.0198 0.9907 -0.1345
109.5000 70.7314 -125.1276 -0.0157 -0.0026 -0.0187 0.9907 -0.1347
109.6000 71.6191 -124.8809 -0.0173 -0.0023 -0.0188 0.9907 -0.1345
109.7000 72.5528 -124.6389 -0.0109 -0.0028 -0.0184 0.9907 -0.1345
109.8000 73.4563 -124.4084 -0.0170 -0.0037 -0.0181 0.9908 -0.1342
109.9000 74.3855 -124.1619 -0.0202 -0.0044 -0.0183 0.9908 -0.1338
110.0000 75.3281 -123.9207 -0.0278 -0.0046 -0.0184 0.9909 -0.1332
110.1000 76.2703 -123.6834 -0.0404 -0.0040 -0.0189 0.9910 -0.1326
110.2000 77.2204 -123.4400 -0.0375 -0.0038 -0.0195 0.9911 -0.1319
110.3000 78.2067 -123.1916 -0.0340 -0.0039 -0.0200 0.9911 -0.1318
110.4000 79.1851 -122.9390 -0.0389 -0.0043 -0.0197 0.9912 -0.1312
110.5000 80.1774 -122.6908 -0.0427 -0.0041 -0.0194 0.9912 -0.1307
110.6000 81.1820 -122.4219 -0.0464 -0.0038 -0.0196 0.9913 -0.1300
110.7000 82.1615 -122.1937 -0.0459 -0.0034 -0.0192 0.9914 -0.1292
110.8000 83.1710 -121.9374 -0.0484 -0.0027 -0.0191 0.9915 -0.1288
110.9000 84.1642 -121.6916 -0.0621 -0.0015 -0.0192 0.9915 -0.1285
111.0000 85.1654 -121.4291 -0.0525 -0.0009 -0.0192 0.9916 -0.1279
111.1000 86.1793 -121.1733 -0.0584 -0.0006 -0.0189 0.9917 -0.1272
111.2000 87.1610 -120.9494 -0.0618 -0.0004 -0.0178 0.9918 -0.1266
111.3000 88.1550 -120.6923 -0.0709 0.0002 -0.0170 0.9919 -0.1260
111.4000 89.1511 -120.4480 -0.0787 0.0012 -0.0161 0.9920 -0.1253
111.5000 90.1419 -120.2097 -0.0824 0.0017 -0.0151 0.9921 -0.1248
111.6000 91.1317 -119.9575 -0.0898 0.0021 -0.0148 0.9921 -0.1242
111.7000 92.1180 -119.7377 -0.1041 0.0028 -0.0137 0.9922 -0.1237
111.8000 93.1143 -119.4895 -0.1197 0.0039 -0.0138 0.9923 -0.1232
111.9000 94.1309 -119.2284 -0.1248 0.0049 -0.0135 0.9923 -0.1227
112.0000 95.1033 -119.0030 -0.1412 0.0051 -0.0141 0.9924 -0.1220
112.1000 96.0911 -118.7815 -0.1573 0.0047 -0.0141 0.9925 -0.1215
112.2000 97.0929 -118.5448 -0.1677 0.0042 -0.0142 0.9925 -0.1210
112.3000 98.0752 -118.3166 -0.1911 0.0042 -0.0144 0.9926 -0.1205
112.4000 99.0791 -118.0692 -0.2110 0.0038 -0.0153 0.9926 -0.1201
112.5000 100.0577 -117.8363 -0.2206 0.0030 -0.0142 0.9927 -0.1196
112.6000 101.0311 -117.6377 -0.2267 0.0017 -0.0144 0.9928 -0.1190
112.7000 102.0291 -117.4027 -0.2472 0.0007 -0.0140 0.9929 -0.1185
112.8000 103.0195 -117.1701 -0.2603 0.0006 -0.0137 0.9929 -0.1181
112.9000 104.0032 -116.9415 -0.2751 0.0009 -0.0136 0.9930 -0.1175
113.0000 105.0009 -116.7235 -0.2749 0.0018 -0.0138 0.9930 -0.1169
113.1000 105.9837 -116.4933 -0.2951 0.0021 -0.0149 0.9931 -0.1166
113.2000 106.9692 -116.2698 -0.2988 0.0021 -0.0155 0.9931 -0.1159
113.3000 107.9524 -116.0616 -0.3167 0.0018 -0.0157 0.9932 -0.1154
113.4000 108.9384 -115.8319 -0.3301 0.0020 -0.0165 0.9932 -0.1151
113.5000 109.9143 -115.6136 -0.3412 0.0017 -0.0170 0.9932 -0.1150
113.6000 110.9120 -115.3753 -0.3475 0.0008 -0.0170 0.9931 -0.1157
113.7000 111.8840 -115.1598 -0.3636 -0.0002 -0.0176 0.9930 -0.1165
113.8000 112.8622 -114.9346 -0.3705 -0.0003 -0.0177 0.9929 -0.1178
113.9000 113.8486 -114.7101 -0.3621 -0.0006 -0.0176 0.9927 -0.1194
114.0000 114.7911 -114.4654 -0.3777 0.0003 -0.0183 0.9924 -0.1216
114.1000 115.7785 -114.2141 -0.3909 0.0013 -0.0194 0.9921 -0.1240
114.2000 116.7576 -113.9748 -0.3886 0.0019 -0.0191 0.9918 -0.1266
114.3000 117.7425 -113.7141 -0.3960 0.0025 -0.0202 0.9913 -0.1297
114.4000 118.6968 -113.4603 -0.4121 0.0026 -0.0209 0.9909 -0.1331
114.5000 119.6574 -113.1942 -0.4217 0.0028 -0.0207 0.9903 -0.1372
114.6000 120.6236 -112.9356 -0.4296 0.0031 -0.0210 0.9897 -0.1417
114.7000 121.5905 -112.6487 -0.4236 0.0032 -0.0208 0.9890 -0.1467
114.8000 122.5285 -112.3584 -0.4446 0.0036 -0.0215 0.9880 -0.1526
114.9000 123.4965 -112.0433 -0.4522 0.0034 -0.0219 0.9869 -0.1599
115.0000 124.4373 -111.7249 -0.4550 0.0034 -0.0216 0.9856 -0.1678
115.1000 125.3753 -111.3768 -0.4687 0.0035 -0.0213 0.9841 -0.1766
115.2000 126.2936 -111.0191 -0.4836 0.0036 -0.0211 0.9824 -0.1857
115.3000 127.2231 -110.6507 -0.4781 0.0028 -0.0198 0.9805 -0.1956
115.4000 128.1388 -110.2653 -0.4858 0.0020 -0.0191 0.9785 -0.2056
115.5000 129.0344 -109.8634 -0.4967 0.0025 -0.0193 0.9762 -0.2162
115.6000 129.9316 -109.4374 -0.5062 0.0030 -0.0193 0.9737 -0.2269
115.7000 130.7923 -108.9896 -0.5104 0.0036 -0.0182 0.9711 -0.2380
115.8000 131.6790 -108.5159 -0.5157 0.0037 -0.0183 0.9683 -0.2492
115.9000 132.5239 -108.0404 -0.5212 0.0037 -0.0195 0.9652 -0.2606
116.0000 133.3545 -107.5335 -0.5347 0.0037 -0.0198 0.9620 -0.2724
116.1000 134.2078 -107.0121 -0.5388 0.0041 -0.0194 0.9584 -0.2846
116.2000 135.0014 -106.4738 -0.5474 0.0055 -0.0206 0.9546 -0.2970
116.3000 135.8158 -105.9101 -0.5477 0.0063 -0.0217 0.9506 -0.3097
116.4000 136.6031 -105.3511 -0.5421 0.0052 -0.0217 0.9463 -0.3226
116.5000 137.3697 -104.7441 -0.5503 0.0042 -0.0219 0.9419 -0.3350
116.6000 138.1081 -104.1418 -0.5566 0.0033 -0.0208 0.9374 -0.3476
116.7000 138.8409 -103.4923 -0.5449 0.0020 -0.0190 0.9327 -0.3602
116.8000 139.5409 -102.8380 -0.5562 0.0013 -0.0190 0.9279 -0.3723
116.9000 140.2372 -102.1461 -0.5647 0.0023 -0.0181 0.9226 -0.3853
117.0000 140.8873 -101.4533 -0.5746 0.0039 -0.0162 0.9170 -0.3984
117.1000 141.5310 -100.7079 -0.5838 0.0055 -0.0159 0.9112 -0.4117
117.2000 142.1575 -99.9826 -0.5768 0.0059 -0.0156 0.9049 -0.4253
117.3000 142.7556 -99.2415 -0.5720 0.0058 -0.0168 0.8986 -0.4383
117.4000 143.3443 -98.4653 -0.5952 0.0064 -0.0186 0.8920 -0.4515
117.5000 143.9135 -97.6657 -0.5866 0.0071 -0.0198 0.8852 -0.4648
117.6000 144.4777 -96.8701 -0.5972 0.0076 -0.0215 0.8781 -0.4779
117.7000 145.0136 -96.0353 -0.6037 0.0087 -0.0236 0.8709 -0.4908
117.8000 145.5322 -95.2116 -0.6144 0.0103 -0.0241 0.8636 -0.5035
117.9000 146.0173 -94.3011 -0.6100 0.0110 -0.0250 0.8560 -0.5163
118.0000 146.5053 -93.4381 -0.6030 0.0112 -0.0255 0.8486 -0.5283
118.1000 146.9343 -92.5338 -0.6121 0.0105 -0.0265 0.8415 -0.5394
118.2000 147.3673 -91.6230 -0.6057 0.0089 -0.0278 0.8348 -0.5498
118.3000 147.7711 -90.6999 -0.6181 0.0079 -0.0285 0.8285 -0.5592
118.4000 148.1735 -89.7424 -0.6296 0.0093 -0.0280 0.8223 -0.5682
118.5000 148.5460 -88.7652 -0.6235 0.0121 -0.0263 0.8163 -0.5770
118.6000 148.9230 -87.7730 -0.5929 0.0135 -0.0262 0.8104 -0.5851
118.7000 149.2441 -86.7568 -0.5891 0.0125 -0.0268 0.8041 -0.5937
118.8000 149.5604 -85.7544 -0.5978 0.0108 -0.0277 0.7980 -0.6019
118.9000 149.8580 -84.7489 -0.6086 0.0104 -0.0266 0.7920 -0.6098
119.0000 150.1247 -83.7053 -0.6087 0.0103 -0.0253 0.7864 -0.6171
119.1000 150.3768 -82.6461 -0.6022 0.0107 -0.0241 0.7808 -0.6242
119.2000 150.6225 -81.5937 -0.5894 0.0098 -0.0236 0.7752 -0.6312
119.3000 150.8489 -80.5219 -0.5831 0.0092 -0.0241 0.7692 -0.6385
119.4000 151.0547 -79.4461 -0.5941 0.0084 -0.0244 0.7634 -0.6454
119.5000 151.2420 -78.3642 -0.5819 0.0075 -0.0239 0.7575 -0.6524
119.6000 151.4142 -77.2620 -0.5749 0.0074 -0.0239 0.7514 -0.6594
119.7000 151.5515 -76.1521 -0.5722 0.0075 -0.0239 0.7452 -0.6664
119.8000 151.6744 -75.0366 -0.5609 0.0076 -0.0240 0.7387 -0.6735
119.9000 151.8083 -73.9271 -0.5503 0.0076 -0.0240 0.7325 -0.6804
120.0000 151.8751 -72.7928 -0.5535 0.0086 -0.0241 0.7257 -0.6876
120.1000 151.9699 -71.6321 -0.5389 0.0093 -0.0238 0.7189 -0.6947
120.2000 152.0170 -70.5022 -0.5235 0.0094 -0.0240 0.7124 -0.7013
120.3000 152.0176 -69.3631 -0.5254 -0.0091 0.0240 -0.7055 0.7083
120.4000 152.0475 -68.2210 -0.5316 -0.0091 0.0229 -0.6988 0.7149
120.5000 152.0012 -67.0961 -0.4920 -0.0094 0.0235 -0.6920 0.7214
120.6000 151.9627 -65.9434 -0.4907 -0.0083 0.0226 -0.6852 0.7280
120.7000 151.9157 -64.8117 -0.4994 -0.0088 0.0227 -0.6789 0.7338
120.8000 151.8335 -63.6559 -0.4813 -0.0109 0.0232 -0.6726 0.7396
120.9000 151.7610 -62.5035 -0.4520 -0.0108 0.0235 -0.6664 0.7452
121.0000 151.6211 -61.3501 -0.4353 -0.0105 0.0246 -0.6605 0.7504
121.1000 151.4869 -60.2212 -0.4239 -0.0098 0.0250 -0.6549 0.7553
121.2000 151.3328 -59.0760 -0.4213 -0.0096 0.0250 -0.6491 0.7602
121.3000 151.1589 -57.9527 -0.4254 -0.0095 0.0233 -0.6441 0.7645
121.4000 150.9509 -56.8026 -0.4084 -0.0115 0.0212 -0.6387 0.7691
121.5000 150.7650 -55.6655 -0.3732 -0.0122 0.0202 -0.6344 0.7727
121.6000 150.5573 -54.5226 -0.3428 -0.0114 0.0214 -0.6304 0.7759
121.7000 150.3357 -53.3853 -0.3475 -0.0095 0.0225 -0.6268 0.7788
121.8000 150.1044 -52.2627 -0.3645 -0.0092 0.0222 -0.6241 0.7809
121.9000 149.8628 -51.1102 -0.3534 -0.0097 0.0207 -0.6217 0.7829
122.0000 149.6106 -49.9801 -0.3307 -0.0102 0.0206 -0.6199 0.7844
122.1000 149.3605 -48.8441 -0.3217 -0.0105 0.0207 -0.6182 0.7857
122.2000 149.1394 -47.7089 -0.3232 -0.0118 0.0210 -0.6165 0.7870
122.3000 148.8775 -46.5863 -0.3107 -0.0133 0.0214 -0.6157 0.7876
122.4000 148.6074 -45.4660 -0.2921 -0.0140 0.0217 -0.6149 0.7881
122.5000 148.3483 -44.3352 -0.2817 -0.0145 0.0224 -0.6142 0.7887
122.6000 148.0778 -43.2111 -0.2676 -0.0144 0.0234 -0.6138 0.7890
122.7000 147.8181 -42.0924 -0.2478 -0.0135 0.0245 -0.6133 0.7894
122.8000 147.5356 -40.9921 -0.2451 -0.0122 0.0256 -0.6129 0.7897
122.9000 147.2772 -39.8434 -0.2322 -0.0110 0.0259 -0.6123 0.7901
123.0000 147.0065 -38.7639 -0.2162 -0.0106 0.0259 -0.6118 0.7905
123.1000 146.7258 -37.6403 -0.1990 -0.0097 0.0250 -0.6115 0.7908
123.2000 146.4523 -36.5439 -0.1872 -0.0099 0.0246 -0.6112 0.7910
123.3000 146.1678 -35.4226 -0.1669 -0.0097 0.0229 -0.6108 0.7914
123.4000 145.8962 -34.3205 -0.1398 -0.0092 0.0223 -0.6105 0.7916
123.5000 145.5987 -33.2260 -0.1233 -0.0086 0.0228 -0.6105 0.7917
123.6000 145.3177 -32.1240 -0.1157 -0.0080 0.0227 -0.6099 0.7921
123.7000 145.0536 -31.0153 -0.1034 -0.0077 0.0219 -0.6096 0.7923
123.8000 144.7812 -29.9225 -0.0748 -0.0079 0.0216 -0.6094 0.7925
123.9000 144.4955 -28.8424 -0.0585 -0.0080 0.0225 -0.6093 0.7926
124.0000 144.2093 -27.7513 -0.0442 -0.0081 0.0232 -0.6091 0.7927
124.1000 143.9425 -26.6543 -0.0262 -0.0084 0.0238 -0.6088 0.7929
124.2000 143.6693 -25.5752 -0.0069 -0.0077 0.0235 -0.6084 0.7933
124.3000 143.3912 -24.4992 0.0261 -0.0068 0.0239 -0.6083 0.7933
124.4000 143.1115 -23.4152 0.0534 -0.0038 0.0236 -0.6081 0.7935
124.5000 142.7915 -22.3274 0.0716 -0.0010 0.0234 -0.6076 0.7939
124.6000 142.5273 -21.2727 0.0981 0.0013 0.0229 -0.6074 0.7940
124.7000 142.2167 -20.1951 0.1285 0.0029 0.0234 -0.6072 0.7942
124.8000 141.9634 -19.1455 0.1654 0.0048 0.0240 -0.6075 0.7939
124.9000 141.6854 -18.0744 0.1876 0.0047 0.0258 -0.6074 0.7939
125.0000 141.4267 -17.0247 0.2194 0.0042 0.0272 -0.6074 0.7939
125.1000 141.1641 -15.9637 0.2495 0.0040 0.0263 -0.6072 0.7941
125.2000 140.8727 -14.8979 0.2883 0.0020 0.0250 -0.6075 0.7940
125.3000 140.6099 -13.8656 0.3277 0.0005 0.0237 -0.6071 0.7943
125.4000 140.3422 -12.8098 0.3805 0.0004 0.0231 -0.6073 0.7941
125.5000 140.0692 -11.7729 0.4190 0.0009 0.0239 -0.6072 0.7942
125.6000 139.8071 -10.7498 0.4603 0.0022 0.0251 -0.6072 0.7941
125.7000 139.5347 -9.7345 0.4759 0.0025 0.0266 -0.6072 0.7941
125.8000 139.2662 -8.7266 0.5031 0.0029 0.0270 -0.6072 0.7941
125.9000 139.0105 -7.7292 0.5360 0.0026 0.0267 -0.6071 0.7941
126.0000 138.7624 -6.7331 0.5847 0.0031 0.0264 -0.6070 0.7943
126.1000 138.4948 -5.7364 0.6237 0.0037 0.0260 -0.6070 0.7943
126.2000 138.2563 -4.7687 0.6602 0.0046 0.0260 -0.6071 0.7942
126.3000 137.9874 -3.8121 0.6898 0.0044 0.0263 -0.6070 0.7943
126.4000 137.7255 -2.8307 0.7188 0.0044 0.0264 -0.6068 0.7944
126.5000 137.4887 -1.8967 0.7454 0.0045 0.0262 -0.6068 0.7944
126.6000 137.2397 -0.9612 0.7791 0.0043 0.0259 -0.6069 0.7943
126.7000 137.0014 -0.0293 0.8180 0.0044 0.0251 -0.6066 0.7946
126.8000 136.7574 0.8750 0.8444 0.0031 0.0244 -0.6065 0.7947
126.9000 136.5233 1.7754 0.8836 0.0017 0.0240 -0.6061 0.7951
127.0000 136.2915 2.6532 0.9185 0.0010 0.0235 -0.6057 0.7953
127.1000 136.0756 3.5451 0.9582 0.0006 0.0233 -0.6053 0.7956
127.2000 135.8216 4.3953 0.9893 0.0001 0.0240 -0.6039 0.7967
127.3000 135.6062 5.2237 1.0101 -0.0008 0.0248 -0.6023 0.7979
127.4000 135.3897 6.0495 1.0441 -0.0010 0.0253 -0.6007 0.7991
127.5000 135.1649 6.8577 1.0659 -0.0012 0.0254 -0.5984 0.8008
127.6000 134.9332 7.6471 1.0937 -0.0014 0.0256 -0.5961 0.8025
127.7000 134.7035 8.4147 1.1188 -0.0016 0.0260 -0.5931 0.8047
127.8000 134.4585 9.1701 1.1565 -0.0021 0.0266 -0.5896 0.8072
127.9000 134.2215 9.9082 1.1785 -0.0029 0.0272 -0.5857 0.8101
128.0000 133.9927 10.6463 1.2059 -0.0036 0.0277 -0.5813 0.8132
128.1000 133.7383 11.3538 1.2351 -0.0033 0.0279 -0.5764 0.8167
128.2000 133.4864 12.0503 1.2595 -0.0037 0.0282 -0.5709 0.8205
128.3000 133.2412 12.7297 1.2906 -0.0037 0.0282 -0.5647 0.8248
128.4000 132.9695 13.3882 1.3101 -0.0035 0.0284 -0.5583 0.8291
128.5000 132.7017 14.0303 1.3356 -0.0038 0.0287 -0.5511 0.8339
128.6000 132.4273 14.6397 1.3640 -0.0045 0.0300 -0.5430 0.8392
128.7000 132.1322 15.2664 1.3741 -0.0045 0.0293 -0.5338 0.8451
128.8000 131.8373 15.8600 1.4079 -0.0046 0.0284 -0.5239 0.8513
128.9000 131.5310 16.4324 1.4385 -0.0049 0.0281 -0.5124 0.8583
129.0000 131.2036 16.9743 1.4527 -0.0058 0.0281 -0.5002 0.8654
129.1000 130.8773 17.5077 1.4769 -0.0065 0.0269 -0.4870 0.8730
129.2000 130.5322 18.0427 1.5080 -0.0069 0.0265 -0.4731 0.8806
129.3000 130.1612 18.5268 1.5287 -0.0080 0.0267 -0.4576 0.8887
129.4000 129.7805 19.0079 1.5413 -0.0087 0.0263 -0.4412 0.8970
129.5000 129.3781 19.4925 1.5563 -0.0088 0.0245 -0.4239 0.9053
129.6000 128.9667 19.9368 1.5865 -0.0073 0.0230 -0.4059 0.9136
129.7000 128.5412 20.3775 1.5938 -0.0065 0.0225 -0.3875 0.9216
129.8000 128.1025 20.7585 1.5950 -0.0066 0.0208 -0.3680 0.9296
129.9000 127.6834 21.1548 1.6030 -0.0085 0.0193 -0.3486 0.9370
130.0000 127.2018 21.5412 1.6452 -0.0097 0.0183 -0.3292 0.9440
130.1000 126.7256 21.8749 1.6485 -0.0094 0.0163 -0.3095 0.9507
130.2000 126.2571 22.2242 1.6781 -0.0072 0.0140 -0.2890 0.9572
130.3000 125.7366 22.4921 1.6926 -0.0059 0.0142 -0.2686 0.9631
130.4000 125.2250 22.7680 1.6822 -0.0055 0.0151 -0.2473 0.9688
130.5000 124.7120 23.0325 1.6697 -0.0076 0.0148 -0.2262 0.9739
130.6000 124.1635 23.2733 1.6933 -0.0089 0.0140 -0.2046 0.9787
130.7000 123.6303 23.5132 1.7022 -0.0081 0.0120 -0.1842 0.9828
130.8000 123.0439 23.6898 1.7091 -0.0061 0.0101 -0.1641 0.9864
130.9000 122.4628 23.8467 1.7100 -0.0050 0.0089 -0.1435 0.9896
131.0000 121.8913 24.0093 1.7265 -0.0049 0.0088 -0.1243 0.9922
131.1000 121.2954 24.1335 1.7224 -0.0056 0.0096 -0.1055 0.9944
131.2000 120.6934 24.2532 1.7234 -0.0067 0.0095 -0.0872 0.9961
131.3000 120.0631 24.3407 1.7316 -0.0071 0.0088 -0.0697 0.9975
131.4000 119.4242 24.4094 1.7280 -0.0081 0.0097 -0.0516 0.9986
131.5000 118.8031 24.4690 1.7410 -0.0084 0.0095 -0.0340 0.9993
131.6000 118.1565 24.4841 1.7316 -0.0074 0.0081 -0.0168 0.9998
131.7000 117.5198 24.4798 1.7064 -0.0096 0.0073 0.0004 0.9999
131.8000 116.8506 24.4819 1.7459 -0.0098 0.0060 0.0166 0.9998
131.9000 116.1847 24.4348 1.7299 -0.0088 0.0043 0.0323 0.9994
132.0000 115.5304 24.3821 1.7420 -0.0073 0.0021 0.0475 0.9988
132.1000 114.8687 24.3210 1.7568 -0.0056 0.0019 0.0611 0.9981
132.2000 114.2204 24.2192 1.7519 -0.0054 0.0029 0.0738 0.9973
132.3000 113.5649 24.1199 1.7386 -0.0051 0.0035 0.0852 0.9963
132.4000 112.8990 23.9998 1.7381 -0.0047 0.0038 0.0959 0.9954
132.5000 112.2416 23.8510 1.7308 -0.0034 0.0039 0.1056 0.9944
132.6000 111.5673 23.7519 1.7180 -0.0032 0.0036 0.1138 0.9935
132.7000 110.9054 23.5866 1.7266 -0.0030 0.0036 0.1205 0.9927
132.8000 110.2330 23.4265 1.7248 -0.0031 0.0040 0.1262 0.9920
132.9000 109.6100 23.2525 1.7191 -0.0034 0.0045 0.1310 0.9914
133.0000 108.9357 23.0888 1.7157 -0.0036 0.0051 0.1344 0.9909
133.1000 108.2716 22.9167 1.7182 -0.0036 0.0051 0.1373 0.9905
133.2000 107.6331 22.7483 1.7214 -0.0037 0.0052 0.1402 0.9901
133.3000 106.9773 22.5652 1.7185 -0.0043 0.0055 0.1423 0.9898
133.4000 106.3098 22.3683 1.7229 -0.0045 0.0056 0.1443 0.9895
133.5000 105.6614 22.1773 1.7245 -0.0052 0.0057 0.1465 0.9892
133.6000 105.0200 21.9791 1.7261 -0.0056 0.0061 0.1488 0.9888
133.7000 104.3585 21.7839 1.7328 -0.0059 0.0068 0.1509 0.9885
133.8000 103.7133 21.5988 1.7287 -0.0063 0.0071 0.1532 0.9882
133.9000 103.0646 21.4067 1.7342 -0.0073 0.0075 0.1550 0.9879
134.0000 102.4117 21.2149 1.7392 -0.0074 0.0077 0.1562 0.9877
134.1000 101.7724 21.0098 1.7408 -0.0072 0.0078 0.1567 0.9876
134.2000 101.1272 20.8021 1.7467 -0.0080 0.0076 0.1570 0.9875
134.3000 100.4786 20.6033 1.7508 -0.0088 0.0078 0.1571 0.9875
134.4000 99.8306 20.4053 1.7569 -0.0100 0.0083 0.1570 0.9875
134.5000 99.1909 20.2016 1.7623 -0.0106 0.0086 0.1570 0.9875
134.6000 98.5347 20.0072 1.7651 -0.0109 0.0085 0.1566 0.9876
134.7000 97.9048 19.8142 1.7809 -0.0110 0.0084 0.1560 0.9877
134.8000 97.2459 19.6089 1.7831 -0.0113 0.0085 0.1558 0.9877
134.9000 96.6060 19.4026 1.7857 -0.0111 0.0079 0.1551 0.9878
135.0000 95.9663 19.2115 1.8040 -0.0110 0.0077 0.1544 0.9879
135.1000 95.3216 19.0202 1.8108 -0.0109 0.0081 0.1541 0.9880
135.2000 94.6761 18.8167 1.8073 -0.0100 0.0078 0.1534 0.9881
135.3000 94.0423 18.6230 1.8152 -0.0099 0.0078 0.1525 0.9882
135.4000 93.4011 18.4256 1.8854 -0.0100 0.0098 0.1518 0.9883
135.5000 92.7640 18.2372 1.8230 -0.0105 0.0110 0.1512 0.9884
135.6000 92.1188 18.0412 1.8152 -0.0101 0.0082 0.1502 0.9886
135.7000 91.4511 17.8735 1.8214 -0.0099 0.0067 0.1496 0.9887
135.8000 90.8085 17.6836 1.8309 -0.0104 0.0065 0.1489 0.9888
135.9000 90.1603 17.4908 1.8403 -0.0107 0.0038 0.1482 0.9889
136.0000 89.5361 17.3077 1.8790 -0.0117 0.0045 0.1473 0.9890
136.1000 88.9019 17.1373 1.8717 -0.0116 0.0064 0.1467 0.9891
136.2000 88.2661 16.9473 1.8556 -0.0122 0.0067 0.1460 0.9892
136.3000 87.6269 16.7560 1.8557 -0.0121 0.0067 0.1453 0.9893
136.4000 86.9881 16.5810 1.8609 -0.0119 0.0062 0.1448 0.9894
136.5000 86.3519 16.3932 1.8735 -0.0122 0.0058 0.1441 0.9895
136.6000 85.7236 16.2176 1.8761 -0.0124 0.0061 0.1432 0.9896
136.7000 85.0502 16.0332 1.8807 -0.0127 0.0067 0.1425 0.9897
136.8000 84.4300 15.8516 1.8867 -0.0128 0.0069 0.1419 0.9898
136.9000 83.7615 15.6684 1.8949 -0.0128 0.0079 0.1410 0.9899
137.0000 83.1117 15.4797 1.9046 -0.0128 0.0093 0.1405 0.9899
137.1000 82.4309 15.2972 1.9079 -0.0118 0.0107 0.1400 0.9900
137.2000 81.7652 15.1075 1.9200 -0.0112 0.0122 0.1393 0.9901
137.3000 81.0697 14.9029 1.9150 -0.0110 0.0134 0.1387 0.9902
137.4000 80.3587 14.7144 1.9182 -0.0106 0.0138 0.1382 0.9903
137.5000 79.6326 14.5056 1.9288 -0.0091 0.0138 0.1375 0.9904
137.6000 78.9014 14.3051 1.9381 -0.0075 0.0137 0.1367 0.9905
137.7000 78.1483 14.0984 1.9394 -0.0068 0.0132 0.1362 0.9906
137.8000 77.3727 13.8886 1.9469 -0.0071 0.0120 0.1355 0.9907
137.9000 76.5862 13.6830 1.9605 -0.0069 0.0114 0.1349 0.9908
138.0000 75.8027 13.4747 1.9676 -0.0067 0.0109 0.1343 0.9909
138.1000 75.0126 13.2617 1.9835 -0.0061 0.0110 0.1335 0.9910
138.2000 74.1709 13.0354 1.9736 -0.0060 0.0108 0.1329 0.9911
138.3000 73.3566 12.8230 1.9831 -0.0056 0.0101 0.1323 0.9911
138.4000 72.5093 12.6015 1.9796 -0.0056 0.0094 0.1318 0.9912
138.5000 71.6412 12.3798 1.9967 -0.0056 0.0084 0.1312 0.9913
138.6000 70.7639 12.1537 1.9924 -0.0059 0.0085 0.1303 0.9914
138.7000 69.8809 11.9273 1.9957 -0.0067 0.0078 0.1294 0.9915
138.8000 68.9644 11.7141 1.9881 -0.0080 0.0074 0.1287 0.9916
138.9000 68.0517 11.4872 1.9811 -0.0086 0.0066 0.1278 0.9917
139.0000 67.1253 11.2587 1.9780 -0.0095 0.0058 0.1270 0.9918
139.1000 66.1816 11.0322 1.9840 -0.0093 0.0052 0.1259 0.9920
139.2000 65.2298 10.7942 1.9819 -0.0083 0.0052 0.1249 0.9921
139.3000 64.2664 10.5521 1.9840 -0.0076 0.0059 0.1240 0.9922
139.4000 63.2930 10.3147 1.9743 -0.0063 0.0062 0.1230 0.9924
139.5000 62.2891 10.0715 1.9665 -0.0057 0.0061 0.1219 0.9925
139.6000 61.2988 9.8376 1.9532 -0.0054 0.0056 0.1209 0.9926
139.7000 60.2906 9.5982 1.9438 -0.0061 0.0041 0.1197 0.9928
139.8000 59.2393 9.3607 1.9325 -0.0066 0.0022 0.1188 0.9929
139.9000 58.1947 9.1227 1.9182 -0.0067 -0.0016 0.1178 0.9930
140.0000 57.1472 8.8729 1.9096 -0.0061 -0.0053 0.1170 0.9931
140.1000 56.1344 8.6520 1.9009 -0.0047 -0.0074 0.1167 0.9931
140.2000 55.0658 8.4088 1.8936 -0.0041 -0.0076 0.1163 0.9932
140.3000 54.0188 8.1662 1.8569 -0.0042 -0.0077 0.1155 0.9933
140.4000 52.9753 7.9240 1.8284 -0.0040 -0.0082 0.1149 0.9933
140.5000 51.9134 7.6916 1.8000 -0.0041 -0.0092 0.1144 0.9934
140.6000 50.8664 7.4606 1.7713 -0.0046 -0.0102 0.1138 0.9934
140.7000 49.8191 7.2313 1.7413 -0.0043 -0.0104 0.1134 0.9935
140.8000 48.7522 6.9946 1.6973 -0.0053 -0.0119 0.1128 0.9935
140.9000 47.6805 6.7646 1.6594 -0.0056 -0.0142 0.1119 0.9936
141.0000 46.6006 6.5420 1.6261 -0.0061 -0.0163 0.1111 0.9937
141.1000 45.5300 6.3196 1.5908 -0.0069 -0.0175 0.1103 0.9937
141.2000 44.4567 6.0780 1.5474 -0.0076 -0.0181 0.1098 0.9938
141.3000 43.3843 5.8545 1.4928 -0.0087 -0.0188 0.1089 0.9938
141.4000 42.2734 5.6333 1.4486 -0.0092 -0.0193 0.1078 0.9939
141.5000 41.2190 5.4163 1.4058 -0.0091 -0.0190 0.1065 0.9941
141.6000 40.1141 5.1883 1.3620 -0.0092 -0.0176 0.1054 0.9942
141.7000 39.0739 4.9798 1.3107 -0.0098 -0.0157 0.1043 0.9944
141.8000 37.9850 4.7568 1.2567 -0.0096 -0.0144 0.1034 0.9945
141.9000 36.8767 4.5526 1.2068 -0.0101 -0.0144 0.1025 0.9946
142.0000 35.7928 4.3415 1.1753 -0.0116 -0.0148 0.1015 0.9947
142.1000 34.7479 4.1378 1.1476 -0.0128 -0.0139 0.1003 0.9948
142.2000 33.6886 3.9373 1.1183 -0.0127 -0.0114 0.0994 0.9949
142.3000 32.6650 3.7359 1.0677 -0.0137 -0.0096 0.0985 0.9950
142.4000 31.6180 3.5527 1.0310 -0.0136 -0.0095 0.0975 0.9951
142.5000 30.5516 3.3586 1.0066 -0.0127 -0.0094 0.0963 0.9952
142.6000 29.5406 3.1811 0.9774 -0.0123 -0.0093 0.0951 0.9953
142.7000 28.5197 2.9933 0.9524 -0.0122 -0.0090 0.0943 0.9954
142.8000 27.5087 2.8057 0.9327 -0.0123 -0.0088 0.0933 0.9955
142.9000 26.5060 2.6383 0.9045 -0.0118 -0.0093 0.0927 0.9956
143.0000 25.4996 2.4577 0.8629 -0.0118 -0.0106 0.0918 0.9957
143.1000 24.4982 2.2867 0.8470 -0.0115 -0.0123 0.0915 0.9957
143.2000 23.5401 2.1104 0.8162 -0.0112 -0.0146 0.0911 0.9957
143.3000 22.5545 1.9389 0.7759 -0.0111 -0.0171 0.0907 0.9957
143.4000 21.6063 1.7754 0.7441 -0.0112 -0.0199 0.0904 0.9956
143.5000 20.6740 1.6107 0.7218 -0.0112 -0.0216 0.0904 0.9956
143.6000 19.7453 1.4600 0.6879 -0.0109 -0.0220 0.0900 0.9956
143.7000 18.8379 1.3097 0.6538 -0.0110 -0.0211 0.0900 0.9957
143.8000 17.9290 1.1414 0.6063 -0.0107 -0.0206 0.0902 0.9956
143.9000 17.0326 0.9876 0.5496 -0.0108 -0.0215 0.0905 0.9956
144.0000 16.1525 0.8535 0.5071 -0.0114 -0.0225 0.0908 0.9956
144.1000 15.2762 0.6909 0.4832 -0.0118 -0.0228 0.0913 0.9955
144.2000 14.4443 0.5384 0.4566 -0.0123 -0.0216 0.0923 0.9954
144.3000 13.6183 0.3795 0.4084 -0.0132 -0.0199 0.0936 0.9953
144.4000 12.7956 0.2293 0.3672 -0.0146 -0.0190 0.0955 0.9951
144.5000 12.0031 0.0790 0.3390 -0.0149 -0.0182 0.0984 0.9949
144.6000 11.2384 -0.0884 0.3093 -0.0145 -0.0172 0.1024 0.9945
144.7000 10.4590 -0.2621 0.2742 -0.0155 -0.0159 0.1073 0.9940
144.8000 9.7138 -0.4373 0.2400 -0.0167 -0.0151 0.1140 0.9932
144.9000 8.9629 -0.6123 0.2080 -0.0177 -0.0155 0.1219 0.9923
145.0000 8.2291 -0.7997 0.1853 -0.0179 -0.0161 0.1321 0.9909
145.1000 7.5076 -1.0112 0.1738 -0.0182 -0.0157 0.1431 0.9894
145.2000 6.8171 -1.2248 0.1578 -0.0175 -0.0143 0.1553 0.9876
145.3000 6.1691 -1.4770 0.1339 -0.0186 -0.0131 0.1689 0.9854
145.4000 5.5008 -1.7164 0.1113 -0.0183 -0.0123 0.1828 0.9829
145.5000 4.8421 -1.9833 0.1022 -0.0174 -0.0112 0.1972 0.9802
145.6000 4.2427 -2.2774 0.0759 -0.0165 -0.0103 0.2123 0.9770
145.7000 3.6237 -2.5929 0.0575 -0.0158 -0.0107 0.2280 0.9735
145.8000 3.0234 -2.9150 0.0372 -0.0132 -0.0116 0.2441 0.9696
145.9000 2.4214 -3.2609 0.0142 -0.0111 -0.0127 0.2607 0.9653
146.0000 1.9021 -3.6221 0.0073 -0.0085 -0.0135 0.2780 0.9605
146.1000 1.3822 -3.9911 0.0077 -0.0073 -0.0133 0.2957 0.9552
146.2000 0.8376 -4.3846 -0.0042 -0.0067 -0.0123 0.3134 0.9495
146.3000 0.3803 -4.7790 -0.0433 -0.0060 -0.0120 0.3317 0.9433
146.4000 -0.0961 -5.1883 -0.0529 -0.0037 -0.0120 0.3497 0.9368
146.5000 -0.5516 -5.6200 -0.0683 -0.0015 -0.0120 0.3672 0.9301
146.6000 -0.9649 -6.0795 -0.0940 -0.0004 -0.0119 0.3847 0.9229
146.7000 -1.3644 -6.5249 -0.1127 0.0000 -0.0127 0.4022 0.9155
146.8000 -1.7556 -6.9879 -0.1251 0.0005 -0.0130 0.4193 0.9077
146.9000 -2.1229 -7.4468 -0.1332 0.0006 -0.0126 0.4358 0.9000
147.0000 -2.4773 -7.9369 -0.1483 0.0022 -0.0117 0.4525 0.8917
147.1000 -2.8076 -8.4394 -0.1791 0.0043 -0.0114 0.4690 0.8831
147.2000 -3.1186 -8.9604 -0.2085 0.0060 -0.0114 0.4854 0.8742
147.3000 -3.3983 -9.4903 -0.2508 0.0059 -0.0126 0.5018 0.8649
147.4000 -3.7004 -10.0345 -0.2536 0.0056 -0.0140 0.5178 0.8553
147.5000 -3.9513 -10.5737 -0.2525 0.0061 -0.0138 0.5339 0.8454
147.6000 -4.1733 -11.1337 -0.2849 0.0060 -0.0123 0.5498 0.8352
147.7000 -4.3963 -11.6875 -0.3069 0.0057 -0.0108 0.5654 0.8247
147.8000 -4.5611 -12.2654 -0.3535 0.0034 -0.0111 0.5811 0.8137
147.9000 -4.7703 -12.8305 -0.3982 0.0004 -0.0144 0.5960 0.8028
148.0000 -4.9524 -13.4416 -0.3956 -0.0004 -0.0160 0.6111 0.7914
148.1000 -5.0507 -14.0195 -0.3995 0.0005 -0.0140 0.6257 0.7800
148.2000 -5.1501 -14.6437 -0.4401 0.0004 -0.0127 0.6397 0.7685
148.3000 -5.2474 -15.2496 -0.4572 -0.0000 -0.0139 0.6532 0.7571
148.4000 -5.3718 -15.8536 -0.4745 -0.0012 -0.0155 0.6666 0.7453
148.5000 -5.4088 -16.4859 -0.5128 -0.0012 -0.0178 0.6793 0.7336
148.6000 -5.4609 -17.1161 -0.5458 0.0018 -0.0188 0.6906 0.7230
148.7000 -5.4700 -17.7638 -0.5499 0.0044 -0.0192 0.7012 0.7127
148.8000 -5.4587 -18.3812 -0.5580 0.0049 -0.0189 0.7111 0.7028
148.9000 -5.4496 -19.0081 -0.5707 0.0040 -0.0186 0.7208 0.6929
149.0000 -5.4247 -19.6519 -0.6119 0.0028 -0.0188 0.7302 0.6829
149.1000 -5.3696 -20.2792 -0.6330 0.0028 -0.0184 0.7383 0.6742
149.2000 -5.2931 -20.9227 -0.6618 0.0029 -0.0177 0.7458 0.6660
149.3000 -5.2522 -21.5701 -0.6852 0.0033 -0.0162 0.7526 0.6583
149.4000 -5.1574 -22.2201 -0.7094 0.0041 -0.0147 0.7578 0.6523
149.5000 -5.0956 -22.8712 -0.7258 0.0049 -0.0127 0.7623 0.6470
149.6000 -4.9536 -23.5160 -0.7596 0.0045 -0.0120 0.7661 0.6426
149.7000 -4.8369 -24.1793 -0.7837 0.0046 -0.0117 0.7690 0.6391
149.8000 -4.7293 -24.8499 -0.8092 0.0051 -0.0112 0.7715 0.6362
149.9000 -4.6037 -25.5332 -0.8355 0.0052 -0.0108 0.7735 0.6337
150.0000 -4.4772 -26.2345 -0.8556 0.0054 -0.0104 0.7754 0.6313
150.1000 -4.3344 -26.9208 -0.8691 0.0049 -0.0093 0.7770 0.6294
150.2000 -4.1846 -27.6259 -0.9015 0.0039 -0.0084 0.7786 0.6275
150.3000 -4.0541 -28.3507 -0.9282 0.0033 -0.0081 0.7801 0.6256
150.4000 -3.8787 -29.0753 -0.9540 0.0028 -0.0075 0.7818 0.6235
150.5000 -3.7274 -29.8131 -0.9765 0.0028 -0.0073 0.7836 0.6213
150.6000 -3.5496 -30.5605 -1.0037 0.0029 -0.0079 0.7850 0.6195
150.7000 -3.3685 -31.3148 -1.0321 0.0027 -0.0094 0.7868 0.6171
150.8000 -3.1854 -32.1016 -1.0521 0.0032 -0.0102 0.7884 0.6151
150.9000 -2.9994 -32.8859 -1.0741 0.0033 -0.0111 0.7905 0.6124
151.0000 -2.7916 -33.6809 -1.0859 0.0027 -0.0116 0.7920 0.6104
151.1000 -2.5786 -34.4819 -1.1133 0.0016 -0.0118 0.7938 0.6080
151.2000 -2.3731 -35.2749 -1.1450 0.0006 -0.0118 0.7956 0.6057
151.3000 -2.1613 -36.1218 -1.1593 -0.0006 -0.0110 0.7974 0.6034
151.4000 -1.9437 -36.9571 -1.1887 -0.0022 -0.0111 0.7989 0.6013
151.5000 -1.6869 -37.8086 -1.2229 -0.0027 -0.0114 0.8005 0.5993
151.6000 -1.4476 -38.6761 -1.2359 -0.0023 -0.0096 0.8019 0.5973
151.7000 -1.1887 -39.5511 -1.2729 -0.0022 -0.0090 0.8036 0.5951
151.8000 -0.9413 -40.4417 -1.2935 -0.0006 -0.0083 0.8049 0.5933
151.9000 -0.6375 -41.3479 -1.3347 0.0004 -0.0081 0.8060 0.5919
152.0000 -0.3779 -42.2666 -1.3550 0.0031 -0.0092 0.8067 0.5908
152.1000 -0.0689 -43.1821 -1.3508 0.0031 -0.0085 0.8070 0.5905
152.2000 0.1953 -44.0974 -1.3538 0.0008 -0.0064 0.8067 0.5909
152.3000 0.4851 -45.0523 -1.3893 -0.0034 -0.0040 0.8065 0.5913
152.4000 0.7612 -46.0143 -1.4443 -0.0042 -0.0025 0.8064 0.5914
152.5000 1.0535 -46.9997 -1.4714 -0.0033 -0.0037 0.8063 0.5915
152.6000 1.3708 -47.9886 -1.4644 -0.0014 -0.0040 0.8063 0.5915
152.7000 1.6847 -48.9636 -1.4729 -0.0019 -0.0035 0.8061 0.5918
152.8000 1.9516 -49.9824 -1.4790 -0.0031 -0.0018 0.8057 0.5923
152.9000 2.2660 -50.9939 -1.5062 -0.0034 -0.0003 0.8056 0.5924
153.0000 2.5906 -52.0350 -1.5495 -0.0021 -0.0007 0.8056 0.5924
153.1000 2.8855 -53.0708 -1.5519 -0.0011 -0.0028 0.8055 0.5926
153.2000 3.2041 -54.1091 -1.5525 -0.0029 -0.0054 0.8056 0.5924
153.3000 3.5098 -55.1458 -1.5360 -0.0050 -0.0028 0.8058 0.5922
153.4000 3.8295 -56.1701 -1.5630 -0.0073 -0.0007 0.8057 0.5922
153.5000 4.1407 -57.2272 -1.5802 -0.0074 0.0009 0.8057 0.5923
153.6000 4.4531 -58.2782 -1.5831 -0.0078 -0.0005 0.8060 0.5919
153.7000 4.7480 -59.3149 -1.5715 -0.0094 -0.0009 0.8063 0.5915
153.8000 5.0749 -60.3386 -1.5567 -0.0106 0.0015 0.8059 0.5919
153.9000 5.3774 -61.3849 -1.5684 -0.0108 0.0018 0.8058 0.5921
154.0000 5.6960 -62.4246 -1.5684 -0.0096 0.0010 0.8061 0.5917
154.1000 6.0280 -63.4855 -1.5438 -0.0096 -0.0001 0.8066 0.5910
154.2000 6.3214 -64.4752 -1.5174 -0.0109 0.0017 0.8069 0.5905
154.3000 6.6578 -65.5081 -1.5190 -0.0124 0.0041 0.8071 0.5903
154.4000 6.9449 -66.5399 -1.5191 -0.0127 0.0050 0.8072 0.5902
154.5000 7.2616 -67.5761 -1.5142 -0.0109 0.0051 0.8074 0.5899
154.6000 7.5659 -68.5891 -1.4798 -0.0101 0.0045 0.8076 0.5896
154.7000 7.8650 -69.5929 -1.4757 -0.0116 0.0020 0.8081 0.5889
154.8000 8.1496 -70.6266 -1.4481 -0.0131 0.0024 0.8083 0.5886
154.9000 8.4781 -71.6293 -1.4412 -0.0148 0.0031 0.8088 0.5879
155.0000 8.7690 -72.6257 -1.4175 -0.0151 0.0060 0.8091 0.5874
155.1000 9.0909 -73.6283 -1.4027 -0.0160 0.0088 0.8094 0.5870
155.2000 9.3883 -74.6121 -1.3763 -0.0160 0.0117 0.8094 0.5870
155.3000 9.6846 -75.6427 -1.3714 -0.0130 0.0142 0.8091 0.5873
155.4000 9.9817 -76.6467 -1.3555 -0.0126 0.0100 0.8090 0.5876
155.5000 10.2947 -77.6357 -1.3160 -0.0115 0.0079 0.8089 0.5878
155.6000 10.5816 -78.6232 -1.2744 -0.0120 0.0078 0.8083 0.5886
155.7000 10.8669 -79.5988 -1.2624 -0.0136 0.0077 0.8077 0.5893
155.8000 11.1578 -80.5957 -1.2401 -0.0137 0.0075 0.8070 0.5904
155.9000 11.4490 -81.6153 -1.2221 -0.0132 0.0070 0.8065 0.5911
156.0000 11.7319 -82.5596 -1.2045 -0.0136 0.0063 0.8061 0.5916
156.1000 12.0284 -83.5293 -1.1885 -0.0141 0.0061 0.8063 0.5914
156.2000 12.3359 -84.4967 -1.1675 -0.0141 0.0069 0.8069 0.5904
156.3000 12.6207 -85.4747 -1.1451 -0.0138 0.0073 0.8079 0.5891
156.4000 12.9340 -86.4154 -1.1374 -0.0145 0.0060 0.8096 0.5868
156.5000 13.2449 -87.3968 -1.1124 -0.0144 0.0055 0.8118 0.5837
156.6000 13.5474 -88.3259 -1.0923 -0.0144 0.0045 0.8146 0.5798
156.7000 13.8843 -89.2687 -1.0736 -0.0142 0.0040 0.8178 0.5754
156.8000 14.1921 -90.2279 -1.0597 -0.0133 0.0036 0.8211 0.5707
156.9000 14.5485 -91.1590 -1.0447 -0.0133 0.0018 0.8248 0.5653
157.0000 14.8854 -92.0647 -1.0188 -0.0143 0.0009 0.8285 0.5599
157.1000 15.2115 -92.9802 -0.9979 -0.0162 0.0013 0.8318 0.5548
157.2000 15.5841 -93.9254 -0.9820 -0.0169 0.0022 0.8355 0.5492
157.3000 15.9766 -94.8263 -0.9852 -0.0168 0.0009 0.8393 0.5435
157.4000 16.3500 -95.7292 -0.9614 -0.0171 -0.0013 0.8427 0.5381
157.5000 16.7446 -96.5899 -0.9451 -0.0174 -0.0021 0.8462 0.5325
157.6000 17.1677 -97.4997 -0.9172 -0.0175 -0.0007 0.8494 0.5274
157.7000 17.5532 -98.3542 -0.9081 -0.0180 -0.0002 0.8525 0.5224
157.8000 17.9856 -99.2132 -0.8880 -0.0189 -0.0002 0.8555 0.5174
157.9000 18.4029 -100.0801 -0.8776 -0.0189 0.0001 0.8584 0.5127
158.0000 19.0057 -100.8393 -0.8606 -0.0187 -0.0004 0.8605 0.5092
158.1000 19.3741 -101.4871 -0.8370 -0.0184 -0.0010 0.8612 0.5079
158.2000 19.8082 -102.2672 -0.8256 -0.0182 -0.0022 0.8640 0.5031
158.3000 20.2586 -103.0835 -0.7975 -0.0180 -0.0020 0.8668 0.4983
158.4000 20.6957 -103.8987 -0.7840 -0.0187 -0.0022 0.8694 0.4938
158.5000 21.1572 -104.7018 -0.7592 -0.0186 -0.0011 0.8722 0.4887
158.6000 21.6516 -105.5075 -0.7482 -0.0180 -0.0006 0.8748 0.4841
158.7000 22.1625 -106.2857 -0.7225 -0.0170 0.0002 0.8772 0.4799
158.8000 22.6510 -107.0710 -0.7024 -0.0162 0.0016 0.8794 0.4758
158.9000 23.1130 -107.8527 -0.6979 -0.0154 0.0014 0.8810 0.4728
159.0000 23.6208 -108.6420 -0.6808 -0.0147 -0.0006 0.8827 0.4697
159.1000 24.1768 -109.3961 -0.6512 -0.0142 -0.0019 0.8845 0.4663
159.2000 24.6450 -110.1360 -0.6417 -0.0147 -0.0028 0.8861 0.4633
159.3000 25.1301 -110.9179 -0.6197 -0.0162 -0.0028 0.8878 0.4600
159.4000 25.6658 -111.6415 -0.6138 -0.0169 -0.0030 0.8896 0.4565
159.5000 26.2538 -112.3940 -0.5925 -0.0171 -0.0039 0.8916 0.4525
159.6000 26.7294 -113.1219 -0.5789 -0.0164 -0.0046 0.8936 0.4485
159.7000 27.2652 -113.8407 -0.5550 -0.0162 -0.0055 0.8956 0.4445
159.8000 27.8249 -114.5535 -0.5440 -0.0167 -0.0068 0.8980 0.4396
159.9000 28.3585 -115.2787 -0.5395 -0.0182 -0.0083 0.9004 0.4347
160.0000 28.9088 -115.9784 -0.5318 -0.0187 -0.0083 0.9029 0.4295
160.1000 29.4751 -116.6850 -0.5153 -0.0192 -0.0092 0.9055 0.4239
160.2000 29.9921 -117.3453 -0.4938 -0.0188 -0.0091 0.9078 0.4189
160.3000 30.5591 -117.9968 -0.4857 -0.0182 -0.0102 0.9105 0.4130
160.4000 31.1755 -118.6788 -0.4701 -0.0181 -0.0116 0.9137 0.4059
160.5000 31.6774 -119.3331 -0.4674 -0.0188 -0.0136 0.9167 0.3988
160.6000 32.3843 -119.9560 -0.4441 -0.0199 -0.0145 0.9204 0.3901
160.7000 32.9451 -120.5840 -0.4447 -0.0199 -0.0139 0.9242 0.3812
160.8000 33.5521 -121.1632 -0.4206 -0.0195 -0.0138 0.9277 0.3726
160.9000 34.1878 -121.7281 -0.4032 -0.0188 -0.0146 0.9314 0.3632
161.0000 34.8116 -122.3397 -0.3821 -0.0194 -0.0166 0.9353 0.3530
161.1000 35.4709 -122.8827 -0.3748 -0.0201 -0.0179 0.9391 0.3427
161.2000 36.1164 -123.4264 -0.3741 -0.0209 -0.0187 0.9428 0.3322
161.3000 36.7510 -123.9606 -0.3514 -0.0211 -0.0183 0.9468 0.3207
161.4000 37.4094 -124.4778 -0.3463 -0.0204 -0.0190 0.9506 0.3092
161.5000 38.1175 -124.9759 -0.3280 -0.0183 -0.0174 0.9545 0.2971
161.6000 38.8520 -125.4268 -0.3199 -0.0165 -0.0174 0.9581 0.2854
161.7000 39.5650 -125.8572 -0.3088 -0.0146 -0.0184 0.9616 0.2733
161.8000 40.2046 -126.3297 -0.2930 -0.0148 -0.0183 0.9646 0.2628
161.9000 40.9357 -126.7480 -0.2821 -0.0159 -0.0189 0.9677 0.2509
162.0000 41.6767 -127.1565 -0.2726 -0.0167 -0.0198 0.9707 0.2388
162.1000 42.4830 -127.4208 -0.2742 -0.0176 -0.0206 0.9739 0.2255
162.2000 43.1376 -127.7617 -0.2580 -0.0171 -0.0202 0.9764 0.2145
162.3000 43.9386 -128.0926 -0.2424 -0.0168 -0.0210 0.9790 0.2023
162.4000 44.6617 -128.4154 -0.2319 -0.0176 -0.0211 0.9813 0.1907
162.5000 45.4198 -128.6968 -0.2271 -0.0177 -0.0205 0.9835 0.1788
162.6000 46.1879 -128.9601 -0.2031 -0.0176 -0.0201 0.9855 0.1675
162.7000 46.9282 -129.2337 -0.1908 -0.0173 -0.0204 0.9875 0.1554
162.8000 47.6969 -129.4725 -0.1940 -0.0156 -0.0208 0.9893 0.1437
162.9000 48.4208 -129.6735 -0.1677 -0.0141 -0.0216 0.9908 0.1326
163.0000 49.1905 -129.8811 -0.1606 -0.0130 -0.0232 0.9923 0.1207
163.1000 49.9749 -130.0657 -0.1410 -0.0111 -0.0239 0.9937 0.1085
163.2000 50.7181 -130.2166 -0.1294 -0.0105 -0.0251 0.9949 0.0971
163.3000 51.4742 -130.3756 -0.1224 -0.0103 -0.0254 0.9960 0.0856
163.4000 52.2501 -130.5332 -0.1030 -0.0104 -0.0251 0.9968 0.0752
163.5000 53.0173 -130.6351 -0.1088 -0.0108 -0.0263 0.9975 0.0653
163.6000 53.7710 -130.7314 -0.1195 -0.0093 -0.0262 0.9981 0.0557
163.7000 54.5416 -130.8101 -0.1165 -0.0068 -0.0260 0.9986 0.0461
163.8000 55.3072 -130.8658 -0.0984 -0.0047 -0.0260 0.9990 0.0360
163.9000 56.0658 -130.9191 -0.1005 -0.0026 -0.0271 0.9993 0.0259
164.0000 56.8062 -130.9523 -0.1119 -0.0007 -0.0274 0.9995 0.0159
164.1000 57.5582 -130.9734 -0.0990 0.0000 -0.0266 0.9996 0.0063
164.2000 58.3164 -130.9747 -0.1068 0.0004 -0.0260 0.9997 -0.0034
164.3000 59.0441 -130.9644 -0.1190 0.0010 -0.0260 0.9996 -0.0124
164.4000 59.7812 -130.9533 -0.1175 0.0010 -0.0262 0.9994 -0.0208
164.5000 60.5308 -130.9231 -0.1251 0.0015 -0.0263 0.9992 -0.0290
164.6000 61.2376 -130.8818 -0.1273 0.0018 -0.0267 0.9990 -0.0365
164.7000 61.9693 -130.8235 -0.1290 0.0014 -0.0269 0.9987 -0.0443
164.8000 62.6652 -130.7688 -0.1475 0.0012 -0.0282 0.9983 -0.0511
164.9000 63.4212 -130.7052 -0.1406 0.0010 -0.0278 0.9979 -0.0580
165.0000 64.1294 -130.6200 -0.1511 0.0007 -0.0286 0.9975 -0.0644
165.1000 64.8415 -130.5498 -0.1588 0.0005 -0.0291 0.9971 -0.0705
165.2000 65.5331 -130.4617 -0.1631 0.0004 -0.0294 0.9967 -0.0757
165.3000 66.2386 -130.3397 -0.1650 0.0003 -0.0301 0.9963 -0.0808
165.4000 66.9474 -130.2255 -0.1668 -0.0003 -0.0294 0.9958 -0.0863
165.5000 67.6323 -130.1072 -0.1812 -0.0005 -0.0299 0.9954 -0.0914
165.6000 68.3207 -129.9842 -0.1864 -0.0004 -0.0303 0.9949 -0.0966
165.7000 69.0160 -129.8504 -0.1817 -0.0002 -0.0318 0.9943 -0.1016
165.8000 69.6948 -129.7112 -0.1948 -0.0000 -0.0312 0.9939 -0.1060
165.9000 70.3574 -129.5626 -0.1829 0.0001 -0.0307 0.9934 -0.1106
166.0000 71.0054 -129.4285 -0.1878 0.0001 -0.0311 0.9928 -0.1154
166.1000 71.6721 -129.2756 -0.1991 0.0004 -0.0323 0.9923 -0.1198
166.2000 72.3207 -129.1228 -0.1963 0.0011 -0.0319 0.9918 -0.1238
166.3000 72.9622 -128.9693 -0.1845 0.0007 -0.0314 0.9914 -0.1271
166.4000 73.5729 -128.8121 -0.1953 0.0004 -0.0318 0.9910 -0.1299
166.5000 74.2056 -128.6534 -0.1778 -0.0006 -0.0306 0.9907 -0.1328
166.6000 74.8221 -128.5143 -0.2052 -0.0012 -0.0303 0.9904 -0.1351
166.7000 75.4079 -128.3332 -0.2098 0.0002 -0.0304 0.9901 -0.1370
166.8000 76.0036 -128.1723 -0.2052 0.0009 -0.0303 0.9898 -0.1393
166.9000 76.5893 -127.9961 -0.2021 0.0017 -0.0312 0.9893 -0.1422
167.0000 77.1617 -127.8238 -0.1967 0.0023 -0.0307 0.9888 -0.1458
167.1000 77.7122 -127.6364 -0.1781 0.0016 -0.0305 0.9883 -0.1497
167.2000 78.2535 -127.4837 -0.1900 0.0006 -0.0288 0.9878 -0.1532
167.3000 78.7768 -127.3374 -0.1942 0.0005 -0.0280 0.9875 -0.1552
167.4000 79.7634 -127.0671 -0.1968 0.0000 -0.0252 0.9877 -0.1545
167.5000 80.2556 -126.9179 -0.1999 0.0004 -0.0258 0.9879 -0.1529
167.6000 80.7211 -126.7799 -0.2003 0.0011 -0.0260 0.9881 -0.1514
167.7000 81.1569 -126.6505 -0.1933 0.0016 -0.0270 0.9883 -0.1499
167.8000 81.6063 -126.5272 -0.1958 0.0017 -0.0275 0.9885 -0.1488
167.9000 82.0112 -126.4016 -0.1946 0.0018 -0.0278 0.9887 -0.1474
168.0000 82.4163 -126.2882 -0.1993 0.0022 -0.0275 0.9889 -0.1461
168.1000 82.7875 -126.1810 -0.1874 0.0023 -0.0274 0.9890 -0.1451
168.2000 83.1454 -126.0741 -0.1926 0.0025 -0.0278 0.9892 -0.1439
168.3000 83.4605 -125.9909 -0.1909 0.0025 -0.0279 0.9894 -0.1427
168.4000 83.7779 -125.8969 -0.1964 0.0024 -0.0286 0.9895 -0.1419
168.5000 84.0616 -125.8113 -0.1929 0.0026 -0.0285 0.9896 -0.1410
168.6000 84.3136 -125.7439 -0.1945 0.0026 -0.0291 0.9897 -0.1403
168.7000 84.5326 -125.6862 -0.1979 0.0026 -0.0289 0.9898 -0.1395
168.8000 84.7375 -125.6155 -0.2003 0.0025 -0.0294 0.9899 -0.1388
168.9000 84.9031 -125.5691 -0.1985 0.0023 -0.0290 0.9900 -0.1381
169.0000 85.0692 -125.5212 -0.1933 0.0023 -0.0287 0.9900 -0.1380
169.1000 85.1746 -125.4989 -0.1957 0.0022 -0.0288 0.9901 -0.1373
169.2000 85.2844 -125.4589 -0.1963 0.0020 -0.0290 0.9901 -0.1370
169.3000 85.3523 -125.4387 -0.1981 0.0020 -0.0291 0.9902 -0.1367
169.4000 85.4091 -125.4217 -0.1930 0.0019 -0.0289 0.9902 -0.1367
169.5000 85.4404 -125.4108 -0.1962 0.0015 -0.0289 0.9902 -0.1366
169.6000 85.4568 -125.4110 -0.1982 0.0012 -0.0289 0.9902 -0.1364
169.7000 85.4504 -125.4155 -0.1993 0.0010 -0.0289 0.9902 -0.1363
169.8000 85.4660 -125.4026 -0.1967 0.0009 -0.0293 0.9902 -0.1364
169.9000 85.4493 -125.4149 -0.1891 -0.0001 -0.0292 0.9902 -0.1363
170.0000 85.4438 -125.4175 -0.1835 -0.0012 -0.0290 0.9902 -0.1363
170.1000 85.4478 -125.4136 -0.1966 -0.0013 -0.0292 0.9902 -0.1363
170.2000 85.4642 -125.4098 -0.1952 -0.0010 -0.0292 0.9902 -0.1364
170.3000 85.4528 -125.4102 -0.1937 -0.0009 -0.0295 0.9902 -0.1364
170.4000 85.4620 -125.4160 -0.1854 -0.0012 -0.0291 0.9902 -0.1365
170.5000 85.4522 -125.4133 -0.2006 -0.0010 -0.0295 0.9902 -0.1364
170.6000 85.4565 -125.4137 -0.1947 -0.0009 -0.0293 0.9902 -0.1364
170.7000 85.4535 -125.4137 -0.1904 -0.0010 -0.0292 0.9902 -0.1363
170.8000 85.4560 -125.4061 -0.1937 -0.0011 -0.0294 0.9902 -0.1364
170.9000 85.4555 -125.4171 -0.1940 -0.0010 -0.0293 0.9902 -0.1364
171.0000 85.4599 -125.4132 -0.1912 -0.0010 -0.0293 0.9902 -0.1364
171.1000 85.4518 -125.4150 -0.1927 -0.0009 -0.0293 0.9902 -0.1364
171.2000 85.4565 -125.4123 -0.1910 -0.0011 -0.0292 0.9902 -0.1364
171.3000 85.4612 -125.4099 -0.1928 -0.0010 -0.0294 0.9902 -0.1364
171.4000 85.4575 -125.4121 -0.1937 -0.0010 -0.0292 0.9902 -0.1364
171.5000 85.4560 -125.4153 -0.1939 -0.0010 -0.0292 0.9902 -0.1364
171.6000 85.4473 -125.4143 -0.1955 -0.0010 -0.0293 0.9902 -0.1364
171.7000 85.4509 -125.4113 -0.1959 -0.0010 -0.0293 0.9902 -0.1364
171.8000 85.4544 -125.4104 -0.1945 -0.0010 -0.0294 0.9902 -0.1364
171.9000 85.4563 -125.4089 -0.1951 -0.0010 -0.0294 0.9902 -0.1364
172.0000 85.4546 -125.4157 -0.1932 -0.0010 -0.0293 0.9902 -0.1364
172.1000 85.4582 -125.4116 -0.1937 -0.0010 -0.0293 0.9902 -0.1364
172.2000 85.4549 -125.4168 -0.1927 -0.0010 -0.0294 0.9902 -0.1365
172.3000 85.4565 -125.4151 -0.1938 -0.0011 -0.0295 0.9902 -0.1364
172.4000 85.4554 -125.4131 -0.1970 -0.0010 -0.0294 0.9902 -0.1364
172.5000 85.4537 -125.4135 -0.1949 -0.0010 -0.0293 0.9902 -0.1364
172.6000 85.4517 -125.4133 -0.1937 -0.0010 -0.0293 0.9902 -0.1364
172.7000 85.4539 -125.4121 -0.1929 -0.0010 -0.0292 0.9902 -0.1364
172.8000 85.4563 -125.4104 -0.1950 -0.0010 -0.0293 0.9902 -0.1364
172.9000 85.4506 -125.4121 -0.1960 -0.0010 -0.0293 0.9902 -0.1364
173.0000 85.4519 -125.4159 -0.1942 -0.0010 -0.0294 0.9902 -0.1364
173.1000 85.4523 -125.4138 -0.1917 -0.0010 -0.0293 0.9902 -0.1364
173.2000 85.4528 -125.4136 -0.1920 -0.0011 -0.0292 0.9902 -0.1364
173.3000 85.4520 -125.4143 -0.1901 -0.0011 -0.0292 0.9902 -0.1364
173.4000 85.4511 -125.4167 -0.1926 -0.0010 -0.0293 0.9902 -0.1364
173.5000 85.4579 -125.4116 -0.1954 -0.0010 -0.0294 0.9902 -0.1364
173.6000 85.4528 -125.4147 -0.1934 -0.0010 -0.0293 0.9902 -0.1364
173.7000 85.4558 -125.4109 -0.1935 -0.0010 -0.0294 0.9902 -0.1364
173.8000 85.4522 -125.4102 -0.1940 -0.0010 -0.0293 0.9902 -0.1364
173.9000 85.4597 -125.4136 -0.1943 -0.0010 -0.0293 0.9902 -0.1365
174.0000 85.4519 -125.4158 -0.1937 -0.0010 -0.0293 0.9902 -0.1364
174.1000 85.4517 -125.4146 -0.1934 -0.0010 -0.0293 0.9902 -0.1364
174.2000 85.4525 -125.4175 -0.1926 -0.0010 -0.0293 0.9902 -0.1364
174.3000 85.4567 -125.4130 -0.1931 -0.0010 -0.0292 0.9902 -0.1365
174.4000 85.4498 -125.4159 -0.1914 -0.0010 -0.0293 0.9902 -0.1364
174.5000 85.4528 -125.4150 -0.1938 -0.0010 -0.0293 0.9902 -0.1364
174.6000 85.4540 -125.4133 -0.1939 -0.0010 -0.0292 0.9902 -0.1364
174.7000 85.4559 -125.4130 -0.1953 -0.0010 -0.0292 0.9902 -0.1364
174.8000 85.4546 -125.4139 -0.1929 -0.0010 -0.0293 0.9902 -0.1364
174.9000 85.4543 -125.4139 -0.1951 -0.0010 -0.0294 0.9902 -0.1364
175.0000 85.4541 -125.4113 -0.1956 -0.0010 -0.0293 0.9902 -0.1364
175.1000 85.4552 -125.4147 -0.1931 -0.0010 -0.0292 0.9902 -0.1364
175.2000 85.4558 -125.4119 -0.1955 -0.0009 -0.0294 0.9902 -0.1364
175.3000 85.4547 -125.4164 -0.1922 -0.0010 -0.0293 0.9902 -0.1364
175.4000 85.4516 -125.4157 -0.1909 -0.0010 -0.0293 0.9902 -0.1364
175.5000 85.4551 -125.4151 -0.1938 -0.0010 -0.0294 0.9902 -0.1364
175.6000 85.4514 -125.4130 -0.1958 -0.0010 -0.0293 0.9902 -0.1364
175.7000 85.4520 -125.4116 -0.1949 -0.0010 -0.0293 0.9902 -0.1364
175.8000 85.4500 -125.4132 -0.1928 -0.0010 -0.0294 0.9902 -0.1364
175.9000 85.4550 -125.4132 -0.1936 -0.0010 -0.0293 0.9902 -0.1364
176.0000 85.4574 -125.4141 -0.1952 -0.0011 -0.0292 0.9902 -0.1364
176.1000 85.4546 -125.4136 -0.1958 -0.0010 -0.0293 0.9902 -0.1364
176.2000 85.4490 -125.4178 -0.1911 -0.0010 -0.0292 0.9902 -0.1364
176.3000 85.4527 -125.4134 -0.1937 -0.0010 -0.0294 0.9902 -0.1364
176.4000 85.4556 -125.4129 -0.1938 -0.0010 -0.0292 0.9902 -0.1364
176.5000 85.4541 -125.4116 -0.1949 -0.0010 -0.0292 0.9902 -0.1364
176.6000 85.4512 -125.4146 -0.1958 -0.0009 -0.0294 0.9902 -0.1364
176.7000 85.4516 -125.4153 -0.1928 -0.0010 -0.0293 0.9902 -0.1364
176.8000 85.4541 -125.4166 -0.1957 -0.0010 -0.0292 0.9902 -0.1364
176.9000 85.4563 -125.4121 -0.1956 -0.0010 -0.0293 0.9902 -0.1364
177.0000 85.4528 -125.4148 -0.1950 -0.0009 -0.0293 0.9902 -0.1364
177.1000 85.4503 -125.4147 -0.1953 -0.0010 -0.0293 0.9902 -0.1364
177.2000 85.4509 -125.4166 -0.1935 -0.0010 -0.0292 0.9902 -0.1364
177.3000 85.4547 -125.4134 -0.1933 -0.0010 -0.0292 0.9902 -0.1364
177.4000 85.4514 -125.4113 -0.1953 -0.0010 -0.0292 0.9902 -0.1364
177.5000 85.4553 -125.4160 -0.1946 -0.0010 -0.0293 0.9902 -0.1364
177.6000 85.4508 -125.4146 -0.1966 -0.0010 -0.0294 0.9902 -0.1364
177.7000 85.4590 -125.4160 -0.1947 -0.0010 -0.0292 0.9902 -0.1364
177.8000 85.4553 -125.4101 -0.1957 -0.0010 -0.0293 0.9902 -0.1364
177.9000 85.4561 -125.4124 -0.1935 -0.0010 -0.0293 0.9902 -0.1364
178.0000 85.4547 -125.4140 -0.1951 -0.0010 -0.0293 0.9902 -0.1364
178.1000 85.4566 -125.4108 -0.1944 -0.0010 -0.0293 0.9902 -0.1364
178.2000 85.4527 -125.4151 -0.1956 -0.0010 -0.0292 0.9902 -0.1364
178.3000 85.4577 -125.4145 -0.1926 -0.0010 -0.0291 0.9902 -0.1365
178.4000 85.4524 -125.4161 -0.1940 -0.0010 -0.0292 0.9902 -0.1364
178.5000 85.4544 -125.4117 -0.1952 -0.0010 -0.0294 0.9902 -0.1364
178.6000 85.4547 -125.4133 -0.1932 -0.0010 -0.0293 0.9902 -0.1364
178.7000 85.4551 -125.4117 -0.1945 -0.0010 -0.0294 0.9902 -0.1364
178.8000 85.4579 -125.4124 -0.1928 -0.0010 -0.0292 0.9902 -0.1364
178.9000 85.4533 -125.4144 -0.1928 -0.0010 -0.0292 0.9902 -0.1364
179.0000 85.4541 -125.4132 -0.1946 -0.0010 -0.0293 0.9902 -0.1364
179.1000 85.4518 -125.4158 -0.1959 -0.0010 -0.0294 0.9902 -0.1364
179.2000 85.4557 -125.4139 -0.1905 -0.0010 -0.0292 0.9902 -0.1364
179.3000 85.4573 -125.4130 -0.1941 -0.0010 -0.0292 0.9902 -0.1365
179.4000 85.4516 -125.4135 -0.1956 -0.0010 -0.0293 0.9902 -0.1364
179.5000 85.4545 -125.4157 -0.1949 -0.0010 -0.0293 0.9902 -0.1364
179.6000 85.4578 -125.4117 -0.1929 -0.0010 -0.0293 0.9902 -0.1365
179.7000 85.4591 -125.4113 -0.1929 -0.0010 -0.0293 0.9902 -0.1364
179.8000 85.4492 -125.4180 -0.1936 -0.0010 -0.0292 0.9902 -0.1364
179.9000 85.4502 -125.4161 -0.1935 -0.0010 -0.0292 0.9902 -0.1364
